Z3,X3,ZW_int,W3,Y3
0.5603541620544346,1.7873285227463636,0.6904335791218985,1.2321378618667735,2.1674099321434643
0.35233536467566756,0.035811345,-0.147173013,-0.417707185,0.11053066298242803
-0.45911281,-0.125720281,-0.222680188,0.485022816,-0.550160821
-1.042234399,3.8665181630866057,-2.082372278,1.997988436904641,5.568672796233353
-0.770318042,0.4020824584760614,0.2756509756185425,-0.357840477,1.360915680878331
0.10057151674650511,-0.113575942,0.024531776942854803,0.24392370460801754,0.39722799023703526
-0.975992197,-2.376394644,0.9864509862386525,-1.010716058,-2.846744166
0.9345402768095638,1.5208721824280724,-0.530005768,-0.567129937,0.7349693662588692
0.45956817589804905,1.8557721196103307,0.8056759757326301,1.7531152459768273,3.055559908205985
0.6079932514713345,0.075693867,-1.178953874,-1.939090395,-2.797210314
0.6041878180755833,-1.070126326,0.085175208,0.14097471865429734,-2.373296475
-0.260178857,0.8769382102902659,-0.264065179,1.014937118,2.966160865393992
1.3050278420237056,3.331629916,-0.977551679,-0.749065765,1.8730356094411493
-1.086613103,-2.095970807,1.1434154136137307,-1.052274641,-2.09132553
-0.6473316,-1.6363156,0.1582341669120199,-0.244440665,-2.209914745
-0.131573308,3.4757120346246912,-0.140630829,1.0688401140307535,5.586943910585256
0.16393296276017552,-0.662978739,-0.01463741,-0.089288999,-1.040474623
-0.547546479,0.15482338712696764,-0.497417489,0.9084479733668135,1.097111454320276
-1.574736764,0.49210105,-1.807778867,1.147987973740948,2.339343285
0.5450683295866595,0.9977945856404182,-0.433181798,-0.794729347,-1.131703891
0.614650165,-0.552820395,0.5715845006675707,0.9299346732426751,1.2178188187314447
-1.540902939,-4.579491554,1.535270582844093,-0.996344769,-5.09470537
0.9873909787583739,1.1857519751110988,-1.301018214,-1.317632268,-0.858004334
-1.285600259,-1.626707445,0.5496097226209975,-0.427512144,-1.989378495
-0.557489517,-2.379385015,0.10335982190420331,-0.18540227,-0.734452803
0.3903602500529227,1.501239033655208,0.037626643482645876,0.096389536,2.643909333124638
-0.860785088,0.518989708,-0.760477691,0.8834698714308672,1.1384765288258396
0.16656828781115232,-2.227986425,-0.151553551,-0.909858371,-3.122017656
-0.137358529,-1.49165396,0.082389909,-0.599816474,-2.120880263
1.4296864702995524,2.222498599195405,0.7739276415327042,0.541326828,2.911633441400472
2.252346909124643,2.859692341099944,0.6202677994498896,0.2753873290731009,2.353929751
1.9082994900487371,2.165229822127299,-1.522233221,-0.797690944,2.9348617089637115
-0.392455625,0.3220703130693646,-0.115095905,0.2932711310742933,-1.151496228
0.5243366293014684,-0.650888312,-0.363805766,-0.693840074,-1.576849677
1.384212894057449,0.5019825308926482,-1.408721758,-1.017705993,0.8175049584308032
0.7317531497588097,0.8695393449274385,0.24323115939720802,0.33239509727751565,1.4464741370798713
0.7322865321563488,1.4461495850183796,1.138563249060047,1.554805665628376,3.169019971184141
-0.720068677,-1.251931118,0.49906061908882976,-0.693073641,-2.825068637
-0.639800606,1.201713775265043,-0.12584963,0.19670133035645698,1.8899353832409944
0.13243250462146727,1.3784823406497444,0.011524951903981931,0.0870251,1.8519117743952704
-1.109697006,-0.402919155,-1.066527301,0.9610977547569088,-0.287590335
1.1749961444037922,0.828101499,0.3613450400585904,0.30752870277880057,2.4033136660516297
-1.426313927,-2.560281429,0.3037372070023546,-0.212952563,-2.930566188
-0.342551299,-0.520647654,0.14619311126716938,-0.426777279,-2.102454636
-0.132376218,-0.027840101,-0.013591588,0.10267394364093296,-0.080405975
-0.525338331,-0.451078792,-0.356258254,0.6781501246445222,1.570898995607199
0.9457645859916193,0.6276915340631338,0.28562686382007474,0.3020063005643201,1.3728262528622441
0.076657879,-1.330563545,-0.090787244,-1.184317193,-3.588230406
0.2959816805869802,-0.67547818,-0.132044471,-0.446123796,-1.739370174
0.6499085911590206,2.4502728509240645,-0.153266106,-0.235827173,1.9810454025144097
-0.421288638,-3.019278105,0.6024568372067735,-1.430033433,-1.821873909
0.8237569734995018,0.6400160073644967,-0.516677813,-0.62722117,0.8046454227159562
0.4020872329027073,0.3111779382677602,-0.212474058,-0.528427766,-1.629228681
-0.566056926,-2.169355732,0.1426809979424809,-0.252061218,-3.882399507
-0.625631125,-1.224374703,0.000795284,-0.001271171,-1.538908768
-0.53636832,-2.541712575,1.1408787031584497,-2.127043414,-4.904035469
0.34019553200253794,1.493572342312092,0.7180129213634874,2.1105889226026955,3.1888700704471864
0.1505596562015551,0.8632752287185936,0.078153965,0.5190896893381617,3.4078526463889287
1.0912250055093773,1.4701380649777458,1.2788067532642988,1.1719001551539405,4.286531987589204
0.20371107506160135,-0.815877222,-0.01631789,-0.080103107,0.6690139333483608
-0.401612169,0.21174150848932494,-0.289509698,0.7208688387245403,1.496299813196554
0.2826693247387337,0.5504014359501196,-0.114757821,-0.405979038,-0.356621136
-0.636804678,-4.831525786,1.8964404883874315,-2.978056777,-7.121086802
0.4940651318041307,0.4162366307501678,0.20811665726115294,0.4212332420650555,0.11364377564284067
0.22522330480014022,0.6702013675739497,0.16197618454399687,0.7191803916017133,1.5056836893525627
1.0834786219932422,0.1613820557154837,-0.085359105,-0.078782454,-1.369784604
-0.55885397,-1.168677045,0.20512940311959027,-0.367053674,-1.927158161
0.12762007147073623,1.6975654717954485,0.044451106,0.3483081114814463,2.466142467079839
1.4209431748562678,3.1511152995574223,-1.958479908,-1.378295729,0.7594170721338218
1.1790548396465417,1.7990660088875532,1.8370186029227833,1.5580433930227424,3.5560668725942333
-1.26684299,0.095322249,-0.854203566,0.6742773750287364,-0.384930679
0.6666408058171392,0.7943556699318978,0.493839197,0.7407875309573279,2.240637376472142
-0.462812664,0.094927116,-0.57464645,1.2416394247681237,2.595711820848975
-0.75509333,-1.123694536,0.7689392744507756,-1.018336733,-2.145803578
0.4869608033102755,2.7564183149530392,0.7206515890276822,1.479896501173846,4.62461937
-1.596681936,1.4135309523321076,-1.587471455,0.9942314866668011,3.8967087648148047
0.081004512,-0.05040749,-0.047094678,-0.581383392,-0.176213835
-1.933081919,3.1313221965151086,-2.769929172,1.4329083232583473,3.8349494164874303
-0.658120116,-1.560911395,0.891895281,-1.355216562,-2.267158317
-1.653923766,0.4471994782468961,-1.826244404,1.1041889852647155,1.1917275615000886
-0.037629349,-0.499415182,-0.002460047,0.065375744,-0.145543282
-1.143850408,-3.592134467,1.1470365324863094,-1.002785438,-5.051870801
-0.538429214,0.740866554,0.008503404,-0.015792984,0.5320113853636365
-0.613887082,-1.773504442,0.17542159033051805,-0.285755468,-1.986396683
-0.994887839,0.3414066229422128,-0.127443556,0.12809841601292385,1.230830830667241
0.5550720565226276,0.7356630311171541,-1.194169865,-2.151378097,-1.615559515
0.12134986214216269,0.12698153871526938,-0.02779024,-0.229009244,-1.864648387
0.6524958962754476,2.1343058449439027,0.3276874533648545,0.5022061521541326,2.975013774887114
-2.118793838,-3.480696283,0.4153693635860059,-0.196040481,-3.395405712
-1.311871451,-4.429961593,1.1277175686457193,-0.859625055,-4.41756791
-0.58282295,0.5007705805931837,-0.911443992,1.563843689756999,2.6317309711951333
0.072851005,-0.254761496,-0.088414245,-1.213631087,-2.341954184
-1.628983181,-1.505794017,-0.18434896,0.11316811734955158,-1.578724818
2.797957399277457,4.711211326143275,0.26165051308337905,0.093514831,4.4379272084515575
-1.654330443,-9.72354001,5.705038924263972,-3.448548594,-13.0646407
-0.99473193,-6.78192205,3.0740556418015976,-3.090335748,-9.55779625
0.26116514078914294,-0.779367301,0.0661961,0.25346453237142863,0.30342452165199796
1.1056546811073298,1.4006293281575872,0.26491015638366916,0.2395957444130365,3.508079729863406
0.43216382408164267,-1.269788419,-0.199041566,-0.460569708,-1.303745268
1.3401337533026756,2.2392071698015648,-0.870561374,-0.649607826,0.5976714082464392
1.7750854996663061,-0.423570748,2.6012943341828656,1.4654473458725659,-0.039280694
-0.769262206,2.812652341235456,-0.921102069,1.1973837549694948,5.424055153569512
0.024208446780799968,0.16652356848353356,0.036844561,1.5219712948396702,0.9625131784362502
0.2007800782571284,0.569070758,0.053009971,0.2640200734864614,0.9600946394191366
-1.400186483,-4.106497795,1.5531019810237625,-1.109210808,-4.230396972
1.0762599564179556,0.47024672099573706,0.6411905306627814,0.5957580478946863,-0.512344083
0.3505138728236826,-1.316020981,-0.033779233,-0.096370604,-1.709999937
2.7066933720021553,1.692381375805676,-0.670386428,-0.247677271,1.1820389452076827
-0.217330895,0.5012005426264446,-0.123627016,0.5688423478735435,0.11322287525904196
0.34214387101059446,0.10295034571970287,-0.06393088,-0.186853792,1.299434274224607
2.575586677288128,3.106733803150038,-0.014106345,-0.005476944,3.2115528334234953
-0.038841976,-3.41860798,0.043275074,-1.114131641,-3.724299325
-1.347576016,-2.42001331,0.26492180463775056,-0.196591362,-2.327464103
1.441676378212678,1.074912481512038,-1.106075063,-0.767214529,-0.115463739
-0.214870372,-0.430581395,0.14505933391808323,-0.67510161,-2.473711404
-1.318920805,-2.746893342,0.016940134,-0.012843936,-2.901370954
0.6967100346441042,0.4235976911303592,-0.405652955,-0.582240724,1.2255472895889445
-0.335006807,-1.948248672,0.14788691023442174,-0.441444493,-0.687295538
0.7264061382067465,0.43619871299296126,-0.21678893,-0.298440388,-0.242903456
-0.006577025,0.7782797837207296,0.005352329,-0.813791742,1.1322802355354615
0.17845972098421925,-0.239475842,0.11845717900424188,0.6637754354368668,0.11602189155440423
-1.78950932,0.9642871591352724,-2.52931192,1.413410867341697,3.2336304679894017
-0.125019843,-0.08180173,-0.163027932,1.3040164581238063,1.7313904873880532
0.12628493164390717,-0.745778211,-0.350842518,-2.778181951,-4.050680991
1.670180460679123,2.9098934981635547,-0.945711338,-0.566233027,1.7227069803789792
0.24050010961305626,0.6558128749736661,0.012967105704576966,0.053917255,1.7731825262718899
1.0491084255653491,1.4116055691220781,-0.290685417,-0.277078527,-0.137595046
-0.617100099,-2.450259743,0.729232421,-1.181708482,-3.418652138
-0.445830606,-1.984124128,0.4951616949454191,-1.110649848,-2.285078431
-0.71812218,1.1813785177780498,-0.174438346,0.24290900768140394,0.8677847615907088
-1.662027059,0.30619111051801995,-0.404135511,0.2431582015104927,-0.683583999
-0.321806684,-1.44199748,-0.006661955,0.02070173,-0.596756648
0.2567521998579196,0.1241965034602455,0.031658113,0.123302208,0.18937968958005233
-1.393439815,-1.224137006,-0.370090904,0.2655951839280556,-0.519528883
0.44750037271103604,0.8177302511062754,0.7116879882560796,1.590362894995033,0.7917748953217794
0.926352606,0.3262762499204438,1.1966431554304315,1.2917793371796338,3.258219841748428
-1.949735957,-2.272919547,-0.191570971,0.098254828,-2.059346455
-0.501321868,-0.759512446,0.3927413919233692,-0.783411651,0.3529270898194923
1.659282680523647,2.875543804597903,1.631838387859697,0.9834601463716304,5.040735281744994
-1.372357541,-3.579600285,0.6887344487467352,-0.501862254,-3.694002146
-1.461873347,4.2309868010090925,-4.542370617,3.107225825945622,8.630860001521752
0.6594467394327904,-0.431765744,-1.939835408,-2.941610432,-3.315312996
1.6462537132187518,2.4330811717043432,-2.020324021,-1.227225187,-0.59139414
-0.50276582,2.8400830089702045,-1.108305306,2.2044165742380595,5.469416038303217
1.8280795152467415,3.928729528434559,-0.902000905,-0.493414481,3.6281977202823787
0.8718040846654975,2.7197970568818715,0.9750340165704433,1.1184095529267382,4.010517199980819
-0.287065924,0.6473567525665439,-0.084358082,0.2938630984152997,0.19841589011891803
-0.74641252,0.13014494886857594,-0.237308374,0.31793193122931185,0.8787873843227894
-0.038720012,-0.676878047,0.040291106,-1.040575757,-2.799425301
0.9050405509518886,0.787985383,-2.148853121,-2.37431695,-1.811656434
-0.071614024,-2.105208071,0.11512735646579347,-1.607609093,-2.340303111
-0.307254088,2.0224523115196273,-0.07087509,0.23067257064193952,1.5019445579616906
-0.529095304,1.0307969108460218,-0.766471674,1.4486457705458715,2.545099485304509
-1.042524874,-1.356044265,0.4602684840677493,-0.441494007,-0.705945087
0.5790473755482897,2.3068907333513504,0.5418924873539261,0.9358344588658531,2.790469132365727
-0.118984093,0.31740303771175293,-0.166731021,1.4012883248856407,4.184143353930343
0.44867965493931256,3.2923469149059645,0.5264394458239585,1.1733080384381671,4.262981085630519
1.2689844738880436,1.661109868073265,-1.758221103,-1.385533976,-0.357605146
-0.337640426,0.8367539788636659,-0.011813609,0.034988729,-0.186757388
1.4485593722999432,2.253982305269103,-0.932653594,-0.643849062,0.9816984074087366
0.12404385651002914,-0.306646421,0.019089345,0.15389190531942634,-1.272470181
-0.869498875,3.403074849434003,-1.155105142,1.3284722668347757,4.425817418396318
-2.24446966,-5.839895474,3.4601795888037143,-1.541646853,-8.856296914
-0.257769633,-4.295558252,0.7465945805551379,-2.896363593,-6.958520523
1.3297637103069024,1.674071962575408,1.7995272806406566,1.3532684541566675,2.8059308834750993
-2.066144927,-0.202248932,-0.957581865,0.4634630669938261,0.28313831375054127
-0.209245962,1.3532432608646288,-0.401198231,1.9173523247763435,3.0551105314163656
-2.164773469,-5.950301974,2.7172305612635816,-1.255203189,-5.406484488
-0.181318978,0.8298119718427988,-0.143725881,0.7926687092124687,0.522901834
-1.087053053,3.0786828748526376,-2.146433645,1.9745435960892679,4.934936041042691
-0.514381999,3.8440752575437607,-0.917027964,1.7827761590768845,5.704190273551708
1.8053342655648235,1.4295599685043054,-1.789357313,-0.991150141,1.2010203385814031
0.7352540660903106,0.7562359781392043,-0.505242573,-0.68716733,-2.563692525
0.348148641,1.0826245586669423,0.18112347682931165,0.5202475476377755,1.2212541973329543
-0.485591909,-2.769938887,0.3258014259340086,-0.670936685,-2.036006522
0.49058523695618556,-0.735849086,-0.199914896,-0.407502878,-1.9535717
1.734715090781877,3.0812221503507335,-1.033489008,-0.595768731,3.272838337136463
0.35666638607825973,0.27790229534940214,0.29817445571725154,0.836003805,1.7938237618302753
0.6379010976802635,2.935842027882476,1.3215695580890987,2.071746800397437,4.659507784619313
0.1513518152488449,-0.016157043,-0.130717071,-0.863663712,-0.617424991
-0.67203477,-2.058359738,-0.247926318,0.3689188855737761,-2.258307598
0.16169863227841236,-1.543316403,-0.149452775,-0.924267402,-2.00608685
-0.530701823,1.7703907654777848,-0.398290335,0.7504973932346631,2.4293299030864133
-0.869753862,-1.60790225,0.5019519943939714,-0.577119592,-1.993930359
-2.257743147,1.8211695284929212,-2.607012695,1.1546985307794966,4.156394036605885
2.6925643395686762,7.029891877996982,-3.573163755,-1.327048607,5.733334078093391
0.16684540782062002,-2.792388476,-0.23057514,-1.381968752,-5.075829849
0.8415184103328882,-0.114645606,-0.571684257,-0.679348485,-0.298634466
0.5145398647871574,0.039255823553074914,-0.726452146,-1.411848129,-2.173431942
-0.062286309,-0.753402855,0.051442614106084944,-0.825905642,-1.934820941
-0.84711882,-0.989380512,0.18634520260295886,-0.219975283,-1.230014205
-0.791774044,-1.446748718,-0.176832103,0.22333657513340838,-0.096526711
1.474077827972329,0.6789701827737766,-1.017532244,-0.690283936,-1.91704692
-0.565048883,-2.857072473,0.5744523019332876,-1.01664178,-3.492290002
1.41963934,1.7787436730188944,0.6045780568840862,0.42586735917152474,2.5988679656004012
0.6496100910203062,-1.120492693,-0.479784147,-0.738572498,-2.35838343
-0.332523382,-0.695336656,-0.327056928,0.9835606909383543,0.7178093524703393
0.040266362264143034,0.1966733072835318,0.012958205134379628,0.32181216295068293,-0.085274291
-1.18753646,2.894780113,-2.369969633,1.9957026275381966,4.989330698154624
0.6877655379665876,1.2099561285045946,0.3777091441300969,0.5491830039155675,0.8244660764357971
1.1718810267944708,0.8510865465635061,-1.713366654,-1.462065359,-2.254714807
-0.689009862,1.1234201651279578,-0.492234862,0.7144090215321932,1.1362834563403534
-0.476811787,-1.982720245,0.11298840334505003,-0.236966465,-3.883988594
0.8466651886171467,0.5883772430831706,-0.443435904,-0.523744108,-0.322472078
0.5470734483096912,1.5090121521667021,0.006943014,0.012691190954499687,0.4570784887729189
-0.882709707,0.005259535,-0.813863315,0.9220056242530784,2.294931361513501
0.4438062877560009,-1.24498837,-0.462279623,-1.041624772,-2.851460578
0.928939202,1.231689141347571,0.5214254720530906,0.5613128083816192,1.9760934219184392
-0.04844885,0.4036636524566013,-0.044157642,0.9114280764206805,1.1056046656212513
0.6700886996410603,1.431487165129056,0.14216831904421467,0.21216343316991995,1.3588875907907942
1.423388426188242,2.460250758719383,-0.484473339,-0.340366221,3.2565206591855524
0.857648914,3.1370665482908815,-0.552298568,-0.643968131,3.1080849407012723
-0.509293325,-1.613749029,-0.063035964,0.123771431,-2.666132426
0.8034984350933528,1.4150993095161177,0.3577143508437967,0.44519607658257154,2.0209965533541743
0.6629462326065564,1.6574299793490384,0.8648405927743471,1.3045410777492275,1.7796697240616897
1.3044116323479225,-0.032859,-0.045121038,-0.034591104,1.2746477638502554
2.2530022992517984,0.8926441758879106,1.526979834616872,0.6777533405642631,3.4868190810702453
-0.199474375,0.8137218369700436,0.042694441,-0.214034714,-0.689673043
-1.028401829,-1.805182587,0.6975428067569903,-0.678278458,-1.833602908
0.6340925015040919,0.21181089449701523,0.030942972,0.04879883,-1.763918172
0.5234088699640541,1.0762046493847388,-0.481672093,-0.920259707,0.504178235
-1.244941644,-1.511100615,-0.363669911,0.29211803850270374,-0.300063335
6.14814992311994e-05,0.11952172624013574,-2.35E-05,-0.382900093,0.23930007162063605
0.6404033407053978,2.4536429677602225,0.077834313,0.12153951699158545,2.9917578333451535
-0.69692351,-0.451893167,-0.65262569,0.9364380456433724,0.562819253
-0.23928379,1.619920076931416,-0.206260493,0.8619910817451557,2.2585820055011334
1.2393188160069937,0.7470173998818332,-0.186339676,-0.150356529,2.014958628652977
-0.449667912,-0.611034073,0.054412313,-0.121005549,-0.031207976
-1.8447579,-2.477097871,0.9414350419987373,-0.510329861,-1.918867605
1.433323020318188,1.747612019,1.265050409620163,0.8825996594538266,4.018543075117685
-0.051906879,1.1193950891171383,-0.004282431,0.082502181,0.6835473629777598
-0.818690571,1.6239342167677329,-0.897638995,1.0964325560429458,1.8603312378642038
0.28110400941975866,0.26397014914524775,0.080110289,0.2849845135916718,0.45673743626955143
-0.183029341,-1.636990433,0.22203078028613019,-1.213088456,-3.508449082
1.7616956897215115,0.48099496617121307,1.5763889316989461,0.8948134123823289,0.13685345356820222
0.6628093722761099,-0.539027794,-0.025522988,-0.038507283,-0.142885074
-0.771820282,-0.5696045,0.16879468850362986,-0.218696881,0.9504612462095774
-0.638700568,-2.861855041,0.2519053791779178,-0.394402936,-2.671299377
-1.218750785,-4.317071806,1.2734065549258147,-1.044845731,-3.392787576
-0.103129165,-0.560060397,-0.035758249,0.3467326583341305,0.7288062065616646
-1.89593125,-5.244691661,0.8677918785649034,-0.457712735,-4.777491905
-2.882193998,-0.332619578,-1.959681662,0.6799270497964282,0.45283049795237523
0.7343061749723314,0.21708134362286546,0.46201330303571875,0.6291834643132714,0.066446924
0.23889563888068252,1.765115080501373,0.1544203310114271,0.646392424,1.9780906989880842
-1.358131693,-0.100846264,-0.494148962,0.36384465804563104,1.0016482947225303
-1.362612402,0.4818099744041313,0.011564112415300053,-0.008486722,2.491641404918892
0.49488463902399465,-0.9526263,0.42840901540709425,0.8656745059858741,-0.652215204
-1.411569387,-3.307733393,1.4433427649160573,-1.022509257,-3.265999173
1.5531117025332237,0.054470996,0.061101185,0.039341139997888075,0.3415423552041612
-1.281584177,-2.662414921,0.5987437011496659,-0.467190304,-3.109898999
1.7699252778534236,2.126842904445895,-0.6698809,-0.378479763,0.8359166415446502
-0.147988123,0.5724262756468147,-0.05014771,0.33886307063004073,1.0437006685325538
-1.487193921,-1.964799741,0.38562892677970834,-0.259299693,-2.124732796
-0.360469696,-0.635970796,-0.082568098,0.22905697456652346,-2.365777805
-1.978632881,-4.843358389,1.9093654535847964,-0.964992279,-6.301064042
1.7393419794980234,1.9877862075634496,-1.677542647,-0.964469706,0.025119761638125127
-1.6413587,-2.691451569,0.8096042623916831,-0.493252488,-4.252858795
0.5088409657314248,1.310712666387792,-0.249407051,-0.49014735,0.6151098564804145
1.297798617394493,1.9986971704441614,-1.611619015,-1.241809779,1.7248003844879838
-0.568233926,-3.002850772,0.7452125523536536,-1.311453819,-3.517641481
0.9026804879303489,0.48708191227606623,0.20850307929484027,0.23098214936814765,1.304860002238988
-0.378933062,-1.367639347,0.008219386,-0.021690866,-2.497761591
-1.3912252,3.377003094449763,-2.203338613,1.5837397233291814,5.463360265587603
-0.73824277,1.2425012213571207,-1.383481821,1.8740201430426455,3.8668086543067157
-0.685727006,0.5307560558910401,-0.164964563,0.2405688587907794,0.8860082421255779
1.2717523512062878,0.6550349582746464,1.1668307206318753,0.9174983789297564,2.6364859144213812
-0.510516316,-2.47271856,0.18630569930535276,-0.364935838,-3.907275586
-2.688741467,2.085555656,-3.587517433,1.3342738513135135,2.5741678505989247
1.2065788536581756,1.5107499157913622,0.32979874011438237,0.27333376439880364,2.7784249349844035
-0.126345139,-1.804679026,0.010773759,-0.085272445,-0.670641394
-0.126756106,-1.626214876,0.075047764,-0.592064294,-1.650185953
3.561798484425767,4.4676249267696635,-0.369488295,-0.10373644,5.6636124401368875
-1.825690405,4.731581080620823,-2.890969331,1.5834937414842356,4.714892637820347
0.3221663630334267,-0.284149665,-0.102556842,-0.31833504,-1.196902304
0.9977792492585126,0.8665689638567535,-0.927737433,-0.929802292,1.6724330278524762
1.9000835910208829,2.4849630862092806,-1.831793104,-0.964059219,1.0640139853896389
2.0682150385098366,2.8361867959288474,-1.860344666,-0.899492863,1.779394122416292
-0.790380839,-2.529765468,1.1481986529974197,-1.4527157,-6.398167488
0.3900476951305373,0.6765485676366811,0.44819371768970595,1.1490741344842685,2.2348506356868048
0.23551036324439362,-0.502215885,-0.020249216,-0.085980147,-2.096930997
0.3095977865720539,0.9838319323165763,0.040874915,0.13202586387855575,2.001419800929118
0.37970165499162256,0.087435987,0.2517514247904013,0.6630243020561913,0.2816930424666596
-0.338660608,-0.308567243,0.3092074190476003,-0.913030366,-2.401709095
1.059411760761465,0.4158419469583098,-0.920135816,-0.868534644,-0.364409491
-1.275908615,-6.171851356,2.0553660890727277,-1.610903841,-8.829354479
0.2605737515608596,0.22512267477971348,0.1763200704529543,0.6766609046259711,2.4546935640299985
1.8350798609470458,2.3410972532502354,-1.9963813,-1.087898866,0.6576394583523721
0.5924499122313754,-1.520373415,-0.94499022,-1.595055043,-2.501350394
0.3653876986833203,1.4338462576078532,0.18701134133032693,0.5118161941527449,1.2589930279009525
-1.283409064,-3.469479859,0.6806567225878354,-0.530350565,-4.89022917
0.6671986901414965,0.7409560048172902,0.612164466,0.9175144899181501,0.8662963684801912
-1.308706948,3.1936894326641743,-2.040019743,1.5588056180800252,6.263461310677007
1.4702038068378755,0.088788308,0.22223553001111862,0.15115967526237353,0.3152533860496029
-0.741260988,-1.582640086,0.40662306910705726,-0.548555874,-1.957306945
-0.383675186,0.9717570231143321,-0.624087701,1.6266042854496647,2.1360812640917364
1.711753134403661,1.145091889726265,2.400094906488402,1.4021267776585933,1.658820292926889
-0.996900037,1.1998918720819651,-1.144286404,1.1478446793129833,1.9259355877220483
-1.437384545,-5.288848915,3.224727899667416,-2.243469161,-8.431856429
0.4662335264175541,-0.090529028,0.4663410619067286,1.0002306472681206,1.0498619894720451
-1.959436033,-5.500769771,3.525513329,-1.799249003,-5.844026737
-1.023591169,0.41079457865214475,0.37712776017376126,-0.368435926,0.5472488523842874
0.2619653405429578,3.2275531065718206,0.44906754014681405,1.7142250162409356,5.7477670491006405
1.0270367414330444,-0.050248099,1.1796602094454323,1.1486056553336441,-1.083814769
0.3016718445929047,0.090489783,0.2560688129349364,0.8488323240125111,4.231632995414616
-0.328304484,-1.115082571,0.35600009264686255,-1.08435952,-1.860282423
0.065676578,0.6386853925536691,0.054833776,0.8349060942498803,1.0782913792716387
0.47338625680681373,1.677894441354425,0.2730223647241524,0.5767433270365754,2.4340058947687835
0.6355844120000571,2.2451971623239184,0.3579123503984883,0.5631232353106485,2.428315612393469
-0.68040556,-0.668210079,-0.127173994,0.18690910455803067,-3.09359764
0.8992337824717302,0.7486217663378428,-0.672031113,-0.747337484,-2.431352055
-1.450910655,-5.527058141,1.2556755911692434,-0.865439637,-7.772803148
-0.181874531,0.6920792342502823,0.074561135,-0.409959189,0.6790014311517949
0.9782753422343391,-0.406247721,0.8812301961880497,0.9007997627491637,0.7741639783416034
0.5067183208760839,-1.987562711,-0.878493818,-1.733692629,-3.802968931
0.31522552309661245,0.8512787631742756,0.5639233717358303,1.788952132416623,3.4674270466916903
-0.131487911,1.0148118269992317,-0.076189906,0.5794441920986219,2.888545431789167
-0.832385031,1.4085067199891068,-1.155091243,1.3876886300451934,3.982601623125405
0.5619608107535458,1.8541423671088326,0.16855775165505638,0.2999457407519815,4.435910622311656
0.7929658391415836,2.127565758354552,0.19818458797514246,0.24992827962133274,2.882753383
-1.465814823,-1.10344322,0.4837370615362949,-0.330012396,-1.110653024
-1.095046813,-0.660398412,-0.162421807,0.14832407673266015,-0.422362312
-1.661948884,-4.102985753,1.3153168816756189,-0.791430407,-5.202284126
0.2991809447904027,1.4742819162658125,0.048507438,0.162134116,1.5321219962675139
-0.147927308,-1.356721303,0.19596149994708373,-1.324714841,-1.494100508
-0.096023408,0.25230135558162337,-0.151335549,1.5760276809336131,0.26093380338721417
-0.229367817,-0.740228414,-0.043555468,0.18989354656958166,-0.12119062
0.5465988630181497,-0.266443979,0.5664671000460014,1.0363488444124187,0.3672014878414154
-0.850412427,-0.441928338,-0.287816091,0.33844295029747234,-0.991879676
-1.32334788,-2.751982611,1.131031450669336,-0.854674321,-5.239524473
-0.839614705,-3.7656639,1.240607964712285,-1.477591993,-4.575170931
0.6471025452735849,0.39472550691869324,0.2883179766493659,0.445552222,0.8280830262272242
0.004026423,-0.573350508,-0.003415577,-0.84829069,-2.474801309
-0.189773641,0.7114448420458208,-0.009516819,0.050148264,0.97120234
0.1354762864657402,1.3349396204142407,0.016651318,0.1229094684085022,-0.000336331
-0.249662507,-0.176943179,-0.106975013,0.4284784837943285,0.49006308087456457
-2.442312586,-6.321083997,2.1440316631512872,-0.877869473,-8.423017776
-0.818605686,-1.299084742,0.5480830222761339,-0.669532391,-1.293837224
0.8480024475297863,1.552519173618295,0.001466013,0.001728784,1.0051320549723854
0.9011534232732349,-1.008714268,0.8917052178853723,0.9895154308424595,-0.671008469
1.2293331557228144,0.8592547427887663,-0.030943864,-0.02517126,0.49558466857884254
1.7044908318540373,-1.277130948,4.073396239450397,2.3898023757743623,3.6164583688203233
-0.292576451,-1.619697319,0.17324343325759792,-0.592130476,-3.732183732
1.2383959852849937,1.4559320894412435,0.7465729564916628,0.602854794,1.3069068368759753
0.18635323767120643,-1.37008724,-0.002990207,-0.016045909,-2.879186526
0.6988109779899697,-0.514236144,-1.897366662,-2.71513574,-4.282051941
-1.74704156,1.2911584124914968,-1.874704247,1.07307364,1.3140491629853936
1.4497149915722023,1.638775191977512,-3.588158881,-2.475078827,-0.430516677
-1.680487246,-3.969373982,1.254409105734779,-0.746455594,-4.280836794
-0.313621881,2.2386152939456276,-0.432896457,1.3803133096587392,3.031890300908398
-1.276680951,-1.533162953,-0.166380884,0.13032299368143715,-1.697705272
0.7524390448007359,-0.539912795,0.078200459,0.10392929426976295,-1.451592822
1.1638150951500317,2.5588682016843234,1.5658335450225715,1.3454315479734469,5.341788822993454
0.5600138926324846,1.300246970214033,0.20083120756572215,0.3586182596679256,0.3393050525337833
0.15821095445125002,0.5417534478939798,0.1962747737402872,1.2405890250840115,2.8045209924637238
0.44036686788541674,-1.440057889,-0.122860924,-0.278996747,-0.488317067
0.3063793329135182,-0.975385939,-0.096353377,-0.31449046,-1.587557445
-0.419106702,1.5138886307278558,-0.778213489,1.8568385700651575,4.727342974159253
2.148165401,1.0161349599856808,2.4468812012041594,1.1390562385867138,2.9828653973065906
0.8485865659728414,1.0568138223758239,-0.534599997,-0.629988758,0.12208007699928586
-0.614705049,-2.284957019,0.21815394465235075,-0.354892066,-2.230433545
-0.009600102,-0.891603116,0.011541789812444988,-1.202256984,-3.890373747
-0.431385895,-0.399423847,-0.103962869,0.24099737559616774,-0.74772458
-0.631231821,0.034232716,-0.45935365,0.7277099069586338,1.9678267392195652
-0.327607733,-0.073142544,-0.185173121,0.5652281765879655,-0.033618647
0.7551306324160599,1.084774262598777,0.24972016439288205,0.3306979662497546,1.669409128423339
-0.896338118,1.3826225315756404,-0.480748007,0.5363467176191792,2.490400302232036
1.4526171134363903,1.683865641553428,1.1296169499210178,0.777642601,3.105461419845768
0.5954999244376459,0.8121396788018822,-0.481169247,-0.808008914,-0.371979732
1.6212855940587325,1.0043532395993866,-1.371600131,-0.845995385,-0.721745565
-1.079388168,-0.817979907,0.24691545548608065,-0.228755014,-0.679051636
0.5817658683346774,0.8771082830914867,0.053149216,0.09135843,-0.07103622
3.1921041232379492,7.1739359136836525,-6.520454583,-2.042682297,5.811171039190402
0.039366498,1.7529592399707608,0.040545988015523414,1.0299617644753343,1.433779644398522
0.14881775462341637,3.177995275176106,0.17721672329126165,1.1908305144081022,4.802855584767873
0.7155843689885045,0.5458924314329945,0.19935045741554225,0.2785841419332969,-0.06258532
0.1814309885718018,2.0946604854388635,0.3619279774520869,1.9948520387896853,2.7262526945848906
0.14069797387933755,0.37277401780721386,0.016265580496823417,0.11560635912762159,0.24877585905323973
1.0512828630807618,-1.178367275,0.060361826,0.057417302736560996,0.10655355310219239
0.6651102529862817,-0.075473417,-1.042793564,-1.567850683,-2.92373205
-1.700577566,-3.150340521,1.7319128623938806,-1.018426267,-4.448857703
0.067307101,0.011927888608760373,0.079791738,1.1854876613496863,2.1227951399200204
0.5914992236291609,1.7485655291970488,0.46515252951218977,0.7863958411614351,1.1557140522214497
0.15652866911599794,-0.657759583,-0.094547703,-0.604028029,-1.820601035
-0.954834052,0.29718356351515274,-0.934231719,0.9784231266858937,-0.045233652
-0.103074513,-0.439047015,0.092975221,-0.902019507,0.5057786192969564
0.7949713029564125,-1.84731874,-1.103812447,-1.38849345,-3.77715829
0.31778969522962425,-0.069601377,-0.006907413,-0.021735798,0.8466828266080663
0.45326531546228904,2.5301207146119884,0.2803404294552459,0.6184908041536873,3.7511008845355733
-0.54748355,-3.757538719,0.808157385,-1.4761309,-4.044257182
-0.407622047,-4.570376732,0.9849327973627131,-2.416289315,-6.921747401
0.4318842210977994,-0.753909371,0.3008199771487789,0.6965292142049773,-0.609988808
1.5600027506894627,2.1384994695792865,0.9619688637687126,0.6166456202359634,2.263237263136638
0.4958669735796504,2.1632403235305526,0.20398347216287957,0.41136732839924456,2.709773486593929
0.5595581953175052,-0.381711212,-0.513206498,-0.91716376,0.13161005616036214
-1.262998745,1.9815367077721875,-0.962945216,0.7624276905652927,3.739435650326919
-0.808962504,1.1640956406233645,-1.086477663,1.3430507077942524,1.338018394589114
1.6776933533646594,2.422875748488027,-1.33215819,-0.794041526,1.7359515289460439
-1.091628621,-2.835152225,1.3376486571599977,-1.22536972,-2.86101655
-1.793292583,-2.693340321,-0.191147667,0.10659034053576268,-3.364657899
0.7183757695482557,-0.613448442,1.1398641930061932,1.5867241648795962,-0.276882963
-0.093166365,-0.932495906,0.044304171,-0.475538258,-1.847131914
-2.318450999,1.216255584725788,-3.31180185,1.4284545379364055,1.7448613210898811
0.8250117932414565,0.2845078709444906,-0.186091157,-0.225561814,0.6569647685103153
0.7732930601027755,1.3890030605658548,-0.388458223,-0.502342828,0.058680256
-0.958423989,-2.554275117,0.5804505165479349,-0.605630205,-1.378830405
1.3535310710330872,2.7054784710441746,-1.590313691,-1.174936967,0.5168637788566142
-1.792070597,-3.933202166,1.4793344643618525,-0.825488944,-4.331398191
-0.587174567,-0.799477208,-0.142192628,0.24216414639931752,-1.592419895
1.1699065694514226,2.342220839,-0.913351182,-0.780704379,1.7351923714253688
-1.467138937,0.9106653589376328,-0.738881446,0.5036206371755112,-0.456755337
1.1491265218424187,0.7697960733471008,1.625081348655102,1.4141883576488816,2.7206252161585454
1.054357985852657,1.042258068755117,-1.073767882,-1.018409209,2.1074685118853527
-0.711461701,0.28219191923613174,-0.876064159,1.2313581428875258,0.2561384586954272
0.8301128304981729,0.8196562319587253,-1.376435643,-1.658130789,1.1142499139379487
0.9832705676921941,3.0914874845313136,1.2302493639582803,1.2511809103019966,4.743470283243423
-0.882681058,1.216439984,-0.960623137,1.0883015193275196,2.4692980307777534
0.2716213636082819,-1.842878589,0.035744932,0.1315983835585414,-1.540140876
0.16819070396126476,-0.259606334,-0.027406791,-0.162950686,0.8668268248704007
-1.363914398,4.898526730470068,-3.893412552,2.854587177200934,7.366841697019277
-1.092096561,1.7428008180228796,-0.925713456,0.8476479910502704,1.4064472810685689
-0.838059555,2.0907065414897903,-0.968433514,1.1555664604117448,4.002845272730334
-0.151844245,-0.788895562,-3.87E-05,0.000255072,0.641686103
0.4700281874103177,-2.032954537,-0.23305261,-0.495826881,-3.524779506
-1.433256751,1.3809449119001982,-1.428485495,0.9966710389687712,2.836856627964821
-0.053789979,-1.231250858,0.094229401,-1.751802146,-4.528094645
0.6697579251348276,-1.118734827,-0.206972274,-0.309025495,0.3672483759995431
0.5737786621582542,1.647693513,0.15261135131418793,0.2659759962842538,1.9867053117174986
1.4257475983183043,0.7248519087328333,0.912889892,0.6402885707968027,1.5061452702947933
0.007358466,-1.187717238,0.002994254,0.4069127780026677,-1.835021958
1.186789513817729,0.080567124,0.343295393,0.28926392473298634,0.00402317
-0.529647626,1.3206432243839532,0.3358809932877477,-0.634159348,0.9677151100217578
-1.571662686,-6.093307758,2.6261332060319176,-1.670926738,-8.707611754
-2.206830121,3.8035672510406053,-3.867862524,1.7526779643148052,5.975224830255365
0.7659009524859555,0.27096202851694196,0.066217946,0.086457585,2.2635905163104173
-0.077024752,0.2434680533008624,0.06791961,-0.881789402,-0.302986733
-1.376476431,-1.894004973,0.8868784498172065,-0.644310669,-1.503591103
0.9241703297107748,-1.014626177,-0.411293706,-0.44504102,-0.182317371
-0.067788257,0.19914262661268323,-0.079271032,1.1693918025338947,0.15306316171763745
-0.395967439,-2.421274599,0.5677613000347037,-1.433858554,-4.296602132
-0.010975855,0.5457961120151418,-0.005594041,0.5096679366436144,3.807817774438386
-0.777176971,2.864272176573132,-1.034363931,1.330924576949415,4.450518089113634
-0.527809222,-0.594705694,-0.292036997,0.5533002932817076,1.9992603097935064
0.758789626,-0.005765033,0.14229250201179633,0.18752562915348975,0.701792341
-0.018101289,-0.874619391,0.016286210307822162,-0.899726564,-2.658363527
-0.929640235,-3.7077517,1.344507711672662,-1.446266696,-4.489941197
1.439400007168356,2.0810953769999148,-2.17346746,-1.509981555,-1.124434467
0.3362400455983729,1.0614790694693124,0.813162509,2.418398758,3.2594914202171235
-1.242457037,-5.112326387,1.6135244930390877,-1.298656166,-9.246504641
0.13149193966735165,0.8524602008642139,0.2745127304990652,2.087677246175907,3.0879620257499654
2.3832320602427113,-0.99106859,5.485815535,2.3018385941687347,1.563481225997989
0.2770206734019954,1.9056874757070914,0.12833457170241871,0.4632671277792595,2.722961434671684
0.7323373616439954,1.4039966583929404,-0.599450446,-0.818544126,0.9037169521571046
-1.2391185,-3.483682343,0.6403595737539024,-0.516786388,-3.315399438
-1.524777109,-10.70632772,4.375314246697515,-2.86947792,-13.46511148
-0.367398721,1.5482345634453343,-0.160441787,0.43669664076507325,2.7119008632729553
0.7959167157973881,1.0443343709596111,-0.370336717,-0.465295815,0.15732988580151108
-0.960509434,2.420211752494987,-1.425743889,1.4843621927949195,3.4958994703660413
-1.141388923,-0.166737171,-0.724274425,0.63455533,0.8474023097642314
0.13816713604119324,-0.174950916,0.037792591,0.2735280775037896,-1.150780823
-0.156189847,0.23068967209891023,0.14810978598196012,-0.948267691,-1.380254677
-0.94669551,-1.394658713,1.2001527555916365,-1.26772837,-1.68996769
-0.971116361,-6.323240651,2.432460115647832,-2.504808089,-11.15231752
0.4259901160952014,-1.322088712,-0.343416112,-0.806159811,-2.503540943
-0.525679831,-2.932072107,0.5743491171818859,-1.092583515,-2.652774808
-2.427799806,-1.281532154,-1.052653998,0.43358352478925083,0.724580569
0.5365219383925711,-0.707449172,0.3611138273666571,0.6730644201587735,0.41511520581851097
2.421869457228415,0.781922835,2.694849093305394,1.112714430277087,2.3906813826701394
0.35284581781770286,1.942018652,0.17101133275226682,0.48466305711073926,3.6347159329274312
1.9068314963363695,-0.057742669,4.088593432040613,2.144181821989045,2.5855600053931758
-0.533303318,0.9785743747457584,-0.124650046,0.23373199133926517,1.0192954068219617
1.0137070671382744,0.7899764208805282,0.9764857334470595,0.9632819629083854,2.100832130335686
-1.527895701,-3.551147697,1.035104781207175,-0.677470838,-3.696219024
0.3450405289761847,-0.710013383,0.08704034,0.25226120545509045,-0.032756387
0.5230846196002908,1.151293578230835,0.7178229549221219,1.372288398520756,3.9720033624398714
0.1658859148140293,-0.848475488,-0.154598364,-0.931955939,-1.107886522
-0.255544246,1.2489188416414507,-0.055567028,0.21744582002222815,1.6884370014236108
1.0542680629206902,0.5739709400776023,-1.400553803,-1.328460808,1.9395882659983734
-0.102485052,1.290763283676301,-0.080351239,0.7840288634492812,0.5581154484388888
0.6163231399404759,1.4555210455891257,0.2145493076981454,0.3481117189902466,1.121580655122059
-2.44712567,-4.583725415,1.5013159323168677,-0.613501771,-5.18121521
-0.682959078,-0.142579085,0.10395421698113637,-0.152211487,0.4819243219492712
1.4799177468915834,1.2296926533924903,2.0265948144696164,1.369396926772635,0.7529480842048724
1.6994958842076013,1.2566549833235097,2.4243946746531506,1.4265375380909129,2.1721179218973568
1.3486240318277056,1.6924716430891222,-0.592913871,-0.43964356,2.729149856231871
-0.138844728,-2.291917366,0.12927732033641437,-0.931092757,-2.471723374
1.971566543996563,1.819279042666252,-0.955963506,-0.48487509,2.255276519052585
0.4355915646012522,0.35548917989704626,-0.333888289,-0.766516885,-0.341045601
0.44620359764109535,0.8234904497661106,-0.152557046,-0.34190008,0.10649241144235433
0.4559637570446817,0.093346976,0.16730045643804214,0.366916128,1.114937932222653
-0.336195708,0.6590931594282026,0.39631192736424603,-1.178813167,-2.869441934
0.6408212669142594,0.6205515282141902,0.5459708637981247,0.8519861808381187,0.639607931
-0.134172434,1.3033440655976387,-0.015383047,0.11465132070621266,0.6565128238098208
-0.96645219,2.5288648109218608,-1.132275709,1.17157964,4.845604204770988
0.088502894,-0.487656678,-0.092756011,-1.048056239,-2.324559138
-0.774712141,-2.039938921,0.37714929288814597,-0.486825071,-1.516820916
0.6779861019680574,0.087237582,0.3667089093679501,0.5408796851491023,1.007611018
-0.235328939,-1.325653551,0.13280761685296605,-0.564348853,-3.109239595
0.088987138,1.009647864686718,-0.0656158,-0.737362741,-0.465117144
0.45670563880162374,0.3088674913319161,0.278046602,0.6088092169586443,0.3782988403023354
-0.440913716,-1.517329412,-0.120409462,0.2730907599797662,0.6951428141003142
0.22473326603173327,0.7059802764165012,-0.052746663,-0.234707856,-2.175109061
-0.021666956,-1.120862825,0.036979866,-1.706740266,-4.148793772
-0.542311443,-1.402164499,-0.072514797,0.13371430411558907,-0.332064197
1.137943504060531,1.5290949513187164,0.7995672362134032,0.7026422958260251,2.2705769140241423
-0.007686741,-1.79509142,-6.87E-05,0.008939904,-1.716878459
-1.074294253,0.12013433148474273,-1.204610104,1.1213036839116852,1.836268842522828
-0.330699143,-0.066974486,0.31093665618252114,-0.940240284,-1.640994515
0.9989823819370519,0.4530839523176322,-1.329173674,-1.330527643,-0.616878676
0.090550296,-0.425291366,-0.019797292,-0.218633101,-2.005732228
1.5159928232690338,3.012641174608864,-2.583071956,-1.703881388,0.9897303566204485
-1.360645718,-1.050452546,-0.367849881,0.27034949398511693,-0.635111832
0.6829605073721209,-0.372782581,-0.5736469,-0.83994154,-2.483776569
0.6886405291418148,1.1069406596784925,0.5254923927172046,0.7630866475025427,1.0171973295474603
-2.039205814,0.7311669288005403,-1.860312122,0.912272861,2.4740840020725856
-0.219608996,1.5557621275158717,0.008613224,-0.039220725,1.0338334429179392
-0.122773629,0.707472899,-0.111406736,0.9074158410453774,1.2789875048593322
-1.356091207,-0.387806794,-0.046552552,0.034328481,-1.288210331
1.1060930360558072,-0.142201932,0.21360584556748424,0.1931174309976461,0.7046556619739955
0.19516565867104713,1.8101252131997632,0.20048551960082217,1.0272581814136763,1.499995729373151
-0.278675088,1.3608842624365969,-0.607175025,2.178791902034554,3.8439227412264954
0.24252113064314995,0.5633840079663289,0.052862064,0.2179688992358172,0.8143718863692859
-0.154380054,-0.173920795,0.044782362,-0.290078677,-0.973294496
0.9099454519952295,1.7472078170896035,-0.368888433,-0.405396205,1.1586616355831818
-1.065667248,-1.782707095,0.17934728489973717,-0.168295765,-2.375751885
1.8847404602216904,2.426203848714554,-1.842925041,-0.977813699,1.025734027767978
1.0098148143567631,0.9556755940088191,-0.464249567,-0.459737331,0.8022582751393696
-0.647832834,0.30532521444847666,-0.570880504,0.8812157613525315,-0.155296261
0.2661393575613773,-0.141662742,-0.055729261,-0.209398794,0.024987991
0.28385542119969726,-0.107305649,-0.133300639,-0.469607514,-0.506544023
-0.46675099,0.15658877654685344,-0.599626077,1.2846808879778377,1.068283521251197
-0.051057552,0.722977444,-0.00205138,0.040177796,0.47154603729262906
-0.492936447,0.41042867897719715,-0.24299211,0.49294815088743593,0.070372341
-1.171951543,0.10198017043596591,-0.87694651,0.7482788132858597,1.0883866905866084
1.259241233812342,3.300349621948797,-0.048060979,-0.038166618,3.9637717535161894
1.0616179948335334,2.6636673796457995,0.5938672457600711,0.5593982474394589,4.721998014683846
-1.183509521,-4.926094055,1.8538148908540417,-1.566370914,-7.267884477
-2.017781847,-2.799207769,0.11526883220908389,-0.057126509,-2.865253579
-0.123894257,0.33398834699638247,-0.025440703,0.20534206622551446,1.311663209255106
-0.704647492,2.237087398236139,-0.636572915,0.9033920107015623,4.4783857351646255
1.7366847060168749,4.0285654738282854,0.15336569689295076,0.088309465,4.651257115776216
-1.230627778,-6.037952439,2.091754029417399,-1.699745502,-9.174097655
2.195057558254266,2.049541329857629,-1.182094839,-0.538525669,0.9734055888308485
0.8436172073736629,0.494182126,-1.01190086,-1.199478686,-0.201984125
-1.60921494,-0.228809338,-1.58267889,0.9835099403780095,-0.025760761
0.4949337690521626,1.0077856506060305,0.12423763083468205,0.2510186990728213,0.9771345808902543
0.6390533338752078,1.4590796920792943,0.7106696702944919,1.1120662902812883,2.2944817762576672
0.024568159,0.045226835,-0.000530285,-0.021584248,-1.654294688
0.5879585307886565,-0.458932646,-0.52698255,-0.896292038,-0.52743295
-0.429981876,-2.491806027,0.5825226525411196,-1.354760944,-2.875608015
-0.069845353,-1.587572242,-0.02236534,0.320212279,-0.945998081
0.667289032,1.426200862946962,1.1737216039520975,1.758940350958897,3.390233978839946
-0.713592907,-1.071534979,0.265958541,-0.372703454,-1.85563081
-0.520335645,-1.923355428,-0.333081943,0.6401290138371787,-0.572689873
1.136549991448506,1.5496685434769548,1.6299436719779246,1.434115247232196,3.982101482966164
0.885671197,1.8093740186580192,1.7875489476945237,2.018298612845704,3.616107807
0.8489940506374708,-0.348731472,0.6246003698176701,0.7356946369043296,2.142406022738741
-0.31051146,-3.612813479,0.5849981,-1.883982318,-3.210247067
1.046147722,2.462654892678861,0.4671204704133013,0.44651482822842314,2.5748096827051095
-0.504103324,-0.074462991,-0.61971912,1.2293494014525956,1.0693892403373682
2.0037111534299825,1.776978389633501,0.7870986911794787,0.3928204371334219,2.0715214208238946
1.1904382603801094,1.0125325580526199,-1.21548395,-1.02103905,-0.2839399
-0.226776627,-2.875438006,0.1833970872161245,-0.808712475,-3.353718969
1.1626495949662072,1.496728875857377,0.037102734,0.031912223509634366,1.0174691687850446
-2.105394411,-5.36147842,2.869972511130835,-1.363151957,-5.46794248
-0.816051343,-2.605141236,-0.056217188,0.068889279,-3.47580749
-0.657898821,-1.220381065,0.267427004,-0.406486523,-1.382304929
1.759831742498217,3.3372703963901107,0.10835032605563955,0.061568571,4.600119306192575
-1.320947202,-0.912265009,-0.598467442,0.453059321,1.0592526752926823
-1.885962795,-3.45421984,1.3839480704374336,-0.73381515,-5.077641096
-0.228096084,-2.375774239,0.3092558729991508,-1.355814041,-5.117385712
1.312626118690536,1.6812891277470179,-1.31028096,-0.998213384,2.237119336479725
2.442540727438508,4.707143939089643,-4.153514572,-1.700489382,3.6671075581416446
0.16464043714214951,-1.834322083,-0.159288378,-0.967492436,-3.131367696
-0.211894991,-1.162599215,-0.187704029,0.8858351425390406,-0.248036579
0.40892722105915347,1.0272272522130912,0.5982370799369218,1.4629426683492504,3.0751722820398606
1.8562689798037728,2.1908768292154512,-1.820761502,-0.980871588,0.6980661575075228
-1.232531701,-0.785822566,-0.821368704,0.6664077712654096,0.3633045788479814
1.1378611411046125,0.9269189359257912,-0.298383969,-0.262232321,1.2183105875366134
1.2084606587019515,0.3997406558632166,0.19679286024229609,0.16284589723729853,1.6181468674701052
0.14124528800010952,0.075791102,-0.015611535,-0.11052783,0.4009078017304265
-1.095365413,-5.883982265,2.064787402545372,-1.885021544,-6.650830036
0.41992677542012435,-1.466479282,-1.005580165,-2.394655982,-4.039410462
-1.394252497,0.5622205535759317,-1.362237793,0.9770380873773147,1.7817151470032124
-1.581411632,-0.996741598,0.9197310913155742,-0.581588672,-2.216259805
0.4985756028689436,1.3985306242213786,0.46118761337790654,0.9250103910502318,2.8457677445395406
-0.506175856,-1.702380405,0.6666820114711715,-1.317095638,-4.250370357
-0.032785849,1.5387532559183374,-0.039634568,1.2088925201476495,2.8650784147185835
-1.387799001,0.5345104920493433,-0.77111557,0.5556392315042038,-0.469626615
0.090193156,-0.692658868,-0.004299176,-0.047666322,-0.269733332
-0.351713198,2.9791946713759754,-0.70122407,1.9937382895503608,4.940871436287458
-0.621081158,-0.912176532,0.4614369380037555,-0.742957554,-1.368860397
0.024176228493292155,2.072717113,0.046556792,1.9257260146546598,4.032333994218107
0.13644568968227194,0.6992348317347219,0.018640244005233866,0.13661291938675105,2.4873095458653522
0.290113444,-0.774437819,-0.107098606,-0.369161128,-0.486016701
-0.664404444,-4.633269316,0.9033801361265451,-1.359684067,-6.905594727
1.0640808333404197,-0.033186442,-0.168046521,-0.157926462,-0.474388505
0.666756558,-0.326573281,-0.024371855,-0.036552854,-0.841488666
-0.205247435,-1.101652872,-0.014194867,0.06915978,-1.86545333
-2.351795973,-1.814118765,-0.096024424,0.040830253,1.0806633255340952
-0.453748013,0.31777300697396393,-0.097785968,0.21550720855178412,0.7767373975659678
-0.321637347,-1.945532897,0.7698579921537356,-2.393559078,-4.450009907
-0.675379567,2.614647307014344,-0.43157713,0.6390141943923648,4.186944257
0.9412897803415907,1.2994623660626046,-1.420529889,-1.50913132,-2.486587776
0.6078288772708449,-1.463722748,0.13682686772055977,0.2251075472671078,-1.434355563
-0.609784296,-1.244457638,-0.038897133,0.063788348,0.4320117625577853
-0.564785319,-1.089866566,0.08106778,-0.143537336,-0.936094449
0.3893029212440229,2.142524686015647,0.12787437816586178,0.328470122,2.524808680295141
-0.146929477,-0.926935531,0.15768262302849903,-1.073185761,-1.555068064
0.8979795149605011,0.16618799898414682,-0.436078155,-0.485621496,0.7686261888765915
-1.011536536,1.6158081811377387,-1.684534801,1.6653227451906667,3.5349032167652648
1.3720965413099444,2.5170809203038638,1.7184221374339073,1.2524061432246778,3.0679400214702843
0.6012197637743657,0.7140005642780148,0.9692320456751187,1.612109421670419,1.5515431893176228
1.649114105245219,2.274487070054304,0.19347736071652402,0.11732199736885668,2.957643423
-0.23857849,-1.2927865,0.12307653319239743,-0.515874391,-1.556323578
-1.042808116,-0.114965404,-0.215739868,0.20688357171898397,0.695334183
1.3414936383796072,1.6940584230066167,-0.760193901,-0.566677232,2.0573408286834614
-1.396023012,-3.021673438,-0.229777766,0.1645945407681486,-4.23738719
-0.231937967,-1.455554202,0.1908177593308506,-0.822710322,-2.059372769
-0.239744378,-2.133153341,0.21349161940572622,-0.890496874,-3.44369377
-0.185384442,-0.464858606,0.090590718,-0.488664081,-2.107091912
-1.29637204,-1.638519555,-0.819503075,0.6321511498699892,-0.809575771
-0.877255581,-1.806481991,0.17450403989402774,-0.19892041,-1.895419517
0.066552117,-3.271156877,-0.088776586,-1.333940827,-4.662036796
0.7235580749806759,0.9556903101182683,0.4930302095727249,0.681396873,1.912066224
1.3258359011008327,-0.662751256,3.0674059434802463,2.313563798456053,1.2599402187787792
0.2688290205691403,-1.292020473,-0.136492355,-0.507729243,-1.897451134
0.6653880724166751,0.7027676444115682,-0.107286769,-0.161239394,-0.375572198
1.2017727454194533,1.086503998544211,1.5653362279502638,1.3025226557321503,3.5212204704563987
0.005497574,1.261937437071507,0.000668569,0.12161161078363314,1.3584402997155784
-2.385668148,-3.252051777,1.6163702271980336,-0.677533557,-3.229095004
-0.401124131,2.3356915813937436,-0.481457514,1.200270631581205,4.7994724717983575
1.7181362224522552,1.6687674865318605,2.2487922358838404,1.308855611386967,2.6486666839632025
0.21015381116018267,-0.782761867,0.19922496713949658,0.9479959751367253,-0.081659007
0.179936608,0.31653600562219963,-0.104473799,-0.580614477,-1.818384692
-0.205044116,-1.671294316,0.18458949535780725,-0.90024283,-1.197056184
1.7544771534919734,2.199795769077525,0.37725266776525584,0.21502284427836624,1.8942531999339818
-0.185730985,-0.577201232,-0.022454251,0.12089663259933654,0.8589248365671864
-0.780728318,-2.037169985,0.5417693933947367,-0.693928196,-2.79987606
-1.089383378,-1.233179023,0.9600539551167969,-0.881281993,-2.004666538
0.12402314185963852,0.013564172970888522,0.10408599850723552,0.8392465869396649,1.7872666255365217
-0.716931346,0.8637651379958494,-0.653426785,0.911421699,-0.444729035
-0.983657049,-4.765370439,1.1257708001331803,-1.144474898,-5.501196276
-0.870362768,0.2270660120450788,-0.412497842,0.4739378311252704,0.7632641030513727
-0.834242003,-2.249614522,0.26870453077364637,-0.322094224,-3.450035074
1.1441470635223294,0.4324856956065145,1.2352474039586177,1.0796229290278734,0.018644082192909917
-0.042221382,-0.137297002,-0.0179816,0.4258884749696319,1.400793897
0.4845231061189155,0.030967112,0.12403058499770446,0.2559848713742537,0.7059800137127386
0.8754656862378594,1.4110712982182574,0.5566121214394852,0.6357897633103312,1.4976646173034927
-0.20064972,-2.477893208,0.3234469460137391,-1.611997994,-5.224458958
-0.24344638,-0.184479229,0.091679075,-0.376588367,-0.259818396
-0.959582994,-4.904536561,0.9696050236310904,-1.010444151,-8.454239196
-0.103092022,-0.963227188,0.10871561373424429,-1.054549238,-1.840837951
0.09840975,-0.314516849,0.065743004,0.6680537620559076,0.9730406601992794
-0.344651101,-0.630159794,0.002835336,-0.008226685,0.10083071184612502
0.3741483264331443,-1.3362235,-0.580845891,-1.552448188,-1.220476422
-0.910088799,0.6055853744242576,-0.843610367,0.9269539060363898,1.7599710350280835
-0.463884862,1.222384694610837,-0.296926043,0.64008565,2.702748924767974
0.6165786236870714,1.9064159912991618,0.5755212880966846,0.9334110298134105,1.918553641894249
-1.391008605,-4.679149827,2.035472182540175,-1.463306679,-5.027924715
-0.017291996,-0.757346037,0.019566324708330442,-1.131524944,-1.546085498
-1.751983512,0.28051949489220585,-2.200173204,1.255818442071775,3.0920029128659685
0.8140549175187556,1.5989945726615256,-0.367761175,-0.451764577,0.9900015427528366
-0.933698614,-0.4330668,0.014698801289731743,-0.015742554,0.828946645
-0.570097916,-2.50717913,0.5890117247559654,-1.033176422,-3.292305598
-0.400408728,-0.237377631,0.10039969321433063,-0.250743019,-0.101341956
0.00112439,-0.941976315,0.000293759,0.2612610582277254,-0.264139333
0.400581461,-0.304901965,-0.256086701,-0.639287451,-0.490907111
-0.230072678,0.25501026569259305,-0.007025485,0.030535939452727406,-1.02759767
1.6855660761288702,1.7194230790446512,-0.760550967,-0.451213974,0.4822305448886427
-0.08704936,-2.779665587,0.13161132262464595,-1.511916035,-3.751011419
0.6845911691713604,0.7919658925223363,-0.234029765,-0.341853322,-1.817693479
1.9668710047313784,1.323502895369217,3.002262372353769,1.5264154919828092,3.4926823693600055
0.7312142349460717,2.6638790714386484,1.359534174017721,1.859282969399507,4.522508841750237
0.1327833081295378,-1.148677353,-0.026250035,-0.197690772,-2.226275412
-1.526575602,-3.377943482,0.7201158300374358,-0.471719729,-4.869381341
-0.411879455,-0.33457013,0.4519917644880839,-1.09738847,-1.498689332
-0.25875404,0.8589729476080052,-0.086725428,0.33516550468876505,0.2276564795881716
0.4706391691838923,-0.277858808,-1.193904888,-2.536773321,-2.705211934
-0.051703319,-0.435558593,-0.015869903,0.30694166199962375,-1.181873304
1.3250246353478512,1.9600522894955175,0.5013250117092324,0.37835146482210297,4.086745536
-0.55419981,-0.099235246,-0.423339694,0.7638755658270391,1.5298855139575718
0.077864018,-1.431150031,-0.074622172,-0.958365286,-3.635126477
0.7202729627284881,0.62728734,-1.170509721,-1.625091849,-2.13975087
-0.783271631,-0.720869364,-0.584744527,0.7465411794115502,0.027152270889076673
-0.830202258,1.6619750998495233,-0.546534371,0.658314725,2.9018359071032855
-0.461354677,0.8405590306842503,0.22153557463231585,-0.480184954,0.012633650594358392
0.5583824232646035,1.2205282917101792,0.36522506005981503,0.6540769280030578,1.5599086138269547
-0.016190366,-2.104778786,0.023937093,-1.478477551,-4.235183431
0.525621881,1.5846032309401128,1.1628644852964074,2.212359352287843,3.8963094563606453
0.5252713791466388,-1.294841758,-0.015110534,-0.028767099,-0.066903562
-1.202059294,-3.634943247,0.6043468286567562,-0.502759582,-2.523068948
-1.05215932,-2.810476888,1.0689283180910087,-1.015937699,-2.365269053
1.4454512801555657,0.5569271035809915,-0.502079866,-0.347351635,-0.615348206
-0.268346016,0.056618147,-0.36209828,1.3493708051488422,1.4664107311818897
-0.671261285,0.24941633078989844,0.14857397771144892,-0.221335538,1.2025280568316097
1.0241874334161272,0.5531398055405305,-0.682746847,-0.666622949,0.11319209151069992
1.782331752,-0.685637382,3.093374683168297,1.7355773862920372,-1.467691809
0.7006485039528116,2.5391411232449106,-0.276860093,-0.395148339,3.7822297350545315
0.6236747942111093,1.4597822055150909,1.2705286821951554,2.037165352821828,3.066334143444418
-0.704295734,-2.372925735,0.5497991859194917,-0.780636825,-1.581473571
0.0449867,-1.740604777,-0.046325237,-1.029754079,-1.084218488
-0.374995887,0.9326042474185461,-0.375805003,1.0021576657542244,0.4489838842084606
-2.818936516,-0.147404796,-2.293479236,0.8135973347218305,-0.419173975
0.8731238464650277,-0.738241037,0.8400001807557838,0.9620630385444745,1.3616450119941708
-0.395378849,-0.391671298,-0.15823114,0.4002013263946879,-0.465321012
1.3110163459749142,0.6499305514111106,-0.765511258,-0.583906722,-1.355982323
0.3212343578143552,1.327065473148107,0.520444502,1.6201395929376132,3.2718888505068904
1.4992556517135405,2.9308215315917785,-2.337092949,-1.55883551,0.19516180635127744
-1.235644264,-2.615795158,0.8547325639413729,-0.691730289,-3.5574577
-1.135923271,-2.081467097,-0.252668789,0.22243473262348204,-1.455054437
-0.08841404,-0.889272294,0.13737061024476507,-1.553719406,-1.596156872
-0.816797942,2.6397387110042856,-1.16486124,1.4261314575151052,6.120911629382755
-2.27677341,-1.139326051,-1.913454741,0.8404238789862696,0.41849325592620346
-0.680317614,-1.591847415,0.3092272937863431,-0.454533717,-0.36538621
0.24279439433832278,-0.175911162,0.029176605,0.12017001175787888,2.2465854431328163
-0.717785371,-5.41240017,1.513675547744102,-2.108813595,-8.00108184
0.049674059403600944,0.9387026542784097,0.033844365163541536,0.6813287573007997,2.3185156585415765
-0.183925938,-2.636530454,0.1872861014940933,-1.018269111,-3.589753378
0.8556754991428666,0.9000175058988111,0.040091689,0.046853847,1.5881412465136417
0.39242943935861896,0.4483326948514702,0.6400129617097755,1.6308994624761168,1.5376672755285115
-1.74292099,-3.825466798,1.941236447495721,-1.11378339,-5.139376254
-0.148215657,-1.270317141,0.07802997,-0.526462398,-2.713676459
1.5371143140022456,1.446721426885369,-3.168815443,-2.061535316,-0.271392498
0.3649084992485515,2.9843403980311427,0.3886629193180025,1.065096921881425,4.153088522624339
0.7861905819018395,1.0609705621346928,0.6846665756014231,0.8708659088044223,2.5332302000492035
-1.103528995,2.438766286159341,-0.986343046,0.8938080020932635,2.8800134494061145
0.040116749,1.6483234891822929,0.00929142,0.23160948637114578,2.4838260518260897
1.3605657562806868,-0.007125571,0.022282789081605935,0.016377591,0.38192652403341304
2.1720649571045705,1.3348396754710694,-0.291790663,-0.134337908,2.0915196160265164
-0.056171013,-1.397543373,0.034748731,-0.618623892,-3.131163762
0.7008805950210616,2.761346821867852,0.3339933080075904,0.47653382099636227,2.133202876884763
0.034084618923262325,-1.565688332,-0.02471942,-0.725236805,-0.95818406
-1.25019572,-5.541979887,2.7846156743698836,-2.227343791,-8.202769061
0.3136400599348234,0.5374571085490006,0.15305594439460377,0.48799870917767924,0.5930320619063518
-1.515680402,3.4884999718637366,-2.828964353,1.866464953974396,7.097121260871132
-0.428040854,0.5068074286140494,0.012589342917949964,-0.029411545,1.4516042834635359
0.42250145761638624,1.2672820739786004,0.1079328497838006,0.2554614850152757,2.3769152199653187
-0.379961337,-2.309049887,0.47983515530050286,-1.262852582,-4.292629142
-0.597121247,-2.525609673,-0.068048177,0.1139604011909397,-0.582856545
-1.140376249,-3.277468193,1.2154590590650332,-1.065840384,-5.975590011
-0.859222402,2.4508096125642522,-1.259825097,1.4662386527951732,3.325037549
0.3237850113273353,2.9280539820391374,0.2799391419988921,0.8645833877587478,2.3746816371399047
1.0382052854232342,1.950350200904436,-1.579470851,-1.521347341,1.1805093152121802
-0.285992905,-0.56332569,-0.192430721,0.6728513822649121,1.0241508017935832
-0.530262939,-1.60933436,-0.447381737,0.8436979172278832,0.8034689191354115
1.3149252956019055,3.1995894524208275,-0.300859236,-0.228803292,2.571941864577152
-0.289244069,0.6500175276393269,0.019071709494901414,-0.065936389,1.4934676514489138
-2.119444029,-7.044579789,2.420832974629131,-1.14220189,-8.619077433
0.065032473,-2.3517355,-0.181026018,-2.783625009,-6.787929172
-0.482332918,0.9104649366010806,-0.429774502,0.8910329061525796,1.153353769924412
-1.190452342,-3.819879954,1.1949598877547856,-1.003786414,-3.786345568
-0.67943738,0.8996062908588869,-0.303496022,0.44668725994767144,-0.279937913
0.51418619,0.13759911017855322,-0.552554744,-1.074619962,0.061146778
1.4579337965892434,1.8931158521305587,-0.57622618,-0.395234805,3.8794872272452228
0.32125969267085785,-0.23714976,-0.14681997,-0.457013355,-0.048271167
0.501083543,1.7986259842266388,0.10754756091378896,0.2146300003581483,1.760624984801915
-0.766076426,0.5060999122800852,0.067937593,-0.088682527,-0.620561894
-2.633902071,-5.141777555,2.3384257889733875,-0.887818046,-5.621728279
-1.393732985,-0.408787411,-1.714307726,1.2300115910511074,0.9133618342166773
0.5526873261262887,1.834134966944557,0.7741517732832873,1.4007047686604526,4.262037563856824
0.37514968161535034,0.034305479389018956,-0.504766879,-1.345507949,-1.568309066
0.024329482,-0.012708852,0.003814874,0.15680045400222842,-0.138848177
-0.214997836,-1.779369443,0.3491503363904213,-1.6239714,-3.094719707
1.2339609203297313,1.6812221138089267,-1.514529755,-1.227372545,2.6958954030312294
-0.756249346,-3.820752076,0.6473252884612363,-0.855968063,-5.351844376
-0.78857679,-1.998286571,0.49054676703883454,-0.622065946,-1.308861986
0.1521638715098644,1.5338984664363835,0.056559447513966035,0.37170089688667934,1.0824648561052643
1.1488192691521555,1.5266105556027332,0.8594051901820585,0.7480769284243565,1.3133031302721498
2.423801331981385,2.5056680348602183,1.1761100360284793,0.48523367840013704,3.6856036186280776
0.6759317306035629,-0.99789978,-1.505980641,-2.22800702,-3.484983996
0.3290888813655255,-1.302669986,-0.449849604,-1.366954732,-3.713561015
-2.454946049,-0.990317139,0.17458847112650136,-0.07111703,-1.85921337
-0.085642759,0.088400233,0.033924993,-0.39612214,-1.302786797
0.828337679,0.555681591,0.27517412582148276,0.3322004213153476,1.813090154735292
-0.493127901,-3.84337692,0.7266433115763508,-1.473539237,-5.435033745
-0.600568919,0.1532453393135731,-0.441755199,0.7355612060313208,2.383525683385554
0.17221463645240362,-0.527999832,-0.225346717,-1.308522445,-0.310498763
0.5414996125473194,1.6322861339039096,-0.458142333,-0.846062162,0.6131827524818014
0.8847661153031698,1.5435238842142214,-0.19209554,-0.217114486,1.7583981153012656
1.0277831349650743,1.6029112800837226,1.1175666026049933,1.0873564320969034,2.9347554450069038
-0.763965306,-2.311476769,-0.222971202,0.2918603771035041,-1.401790281
-0.026636573,-0.697915958,0.004582945,-0.172054592,-1.276193755
-0.993176551,-1.144505326,0.13475209376030975,-0.135677885,-0.624665556
-0.298596669,0.049225134,-0.05534338,0.18534493502850932,0.35601200884160034
-0.417319681,-1.539647295,0.15102280806803994,-0.361887577,-3.371909707
-1.354175391,-3.869347862,1.5079255529669937,-1.113537849,-6.290217259
0.8754676630896597,2.0121303863953854,0.19434325427410695,0.22198792995761807,2.756982339444283
-0.112473839,3.1577020879812343,-0.176641885,1.5705153017558484,6.640356063076489
-0.264933427,0.2355610375460595,0.07697221,-0.290534158,3.703220224035496
-0.968699553,-2.684055837,0.063940031,-0.066006049,-4.725745564
-0.569409738,-2.211116742,0.40594846654348665,-0.712928563,-3.613607339
-0.501807002,0.5523114457558527,-0.121927144,0.24297617166227545,-0.298662195
-0.049067822,3.193054734075073,-0.047145302,0.960819133,4.435581020357662
0.049279031,2.2567499149790544,0.068706953,1.3942431770180763,4.151816201673098
0.9159837021277506,1.0663931300608016,-0.216522882,-0.236382898,1.2584290351757148
-0.287439293,-1.608011199,0.13947774155417764,-0.485242432,-2.508398686
1.4819455131089234,2.5730694563151633,-0.052288518,-0.035283698,3.441459207392937
0.3705293412611107,0.5236463500342972,-0.197478667,-0.532963642,-0.208442725
1.0307437747976071,2.2107614407671825,-0.853010584,-0.82756802,1.1133426730965414
-0.485006538,-2.260934759,0.8728388643030217,-1.799643503,-2.296880954
0.3600995035113871,1.6252914283831736,0.4500364423090482,1.249755797829966,2.490149177110423
-1.188359947,-5.303803333,2.2046461137116005,-1.855200623,-6.834741565
-0.16790018,-1.973094282,0.10414102236070835,-0.620255573,-0.503510806
0.8508410814841332,-0.432775092,0.1089082756180658,0.1280007253858684,0.22502336083250551
1.1431484051773915,1.6255217007154377,-0.096762584,-0.084645689,2.153299285091445
-1.810867418,-2.796878348,0.9428479338019257,-0.520660941,-3.682024663
0.426162289,2.7377263501786473,0.2798222711474658,0.6566096498221093,0.2911116324984704
-0.805317362,-2.10319862,0.5151697577402412,-0.639710234,-0.296155307
-0.002208949,1.5041478373917723,-0.000161121,0.072940105,1.136508772731223
0.4451003369483917,0.2155972178418002,-0.55001027,-1.235699514,-1.090820744
0.8643716362591859,2.417486596319142,-0.755584976,-0.874143648,0.29487916400498615
1.6170073483017096,1.4194569368454901,-0.31973843,-0.197734679,0.43313489148956585
-0.172851493,-0.126719372,-0.020473836,0.11844754850898533,0.8104955600727396
-0.634009794,-1.203643815,-0.271184946,0.42772990028809355,-3.001030619
1.3881753376686727,4.004036624891767,-1.917241208,-1.381123231,2.1900771649137907
-1.358658611,-1.731567841,-0.482786962,0.3553408915721102,-1.746353942
-0.274109071,0.4303879145235805,0.21595052229298678,-0.787826982,-0.820862949
-1.506660925,-0.707346008,-0.116030997,0.077012017,-0.652104191
-1.133024776,3.405436324805462,-1.929855288,1.703277217604235,5.805154519941868
-0.37716963,-0.010259674,-0.442783136,1.1739628584912378,0.6529787898753987
0.3370818645053165,0.4641392180098486,0.35591133645915296,1.0558602343720556,2.0251891071418258
0.2775056149115204,-0.618046678,0.076644462,0.27619067272981557,-1.845959159
-0.419200798,0.27380408481426116,-0.08446252,0.2014846368205782,0.3770068094498734
0.4777716895642017,0.6689907874444205,0.096371117,0.20170955991792486,-1.033984094
0.5179812167954887,-0.159040246,-0.603596767,-1.165286979,-1.936998462
0.9834797571010725,1.0980574499787792,1.1853151958200576,1.2052258190996425,2.3122789343116215
-0.170667832,-0.822422758,0.021774721,-0.127585383,-0.031931966
0.8223290208267017,-0.676620606,0.7791921779239532,0.9475430857841035,-1.382934945
-0.481795203,0.5123207681428225,-0.203177083,0.4217083968133451,1.5670832129775276
0.33767833368919203,0.767394629,-0.705761234,-2.090040029,0.38400103515841977
-2.028656485,1.598718823,-1.662175823,0.8193480933152129,5.3812163652786245
-0.348910683,-5.28936811,1.195050909037678,-3.425091197,-8.259511178
-2.086609198,-0.136664179,-1.541079764,0.7385569685840618,1.4224734844850468
-1.359029122,-0.7251781,0.35484036680814574,-0.261098428,-2.363676577
-0.73639331,-4.311129627,1.4774189837916858,-2.006290612,-7.513377454
-0.41956237,-2.297839409,0.5021329527655143,-1.196801689,-3.285522139
0.46746268252135653,-1.847242701,-0.181893979,-0.389109091,-0.877964592
-1.851254553,-3.060637863,0.24979630820126836,-0.134933528,-3.647337779
-0.988833948,-2.4674899,1.0433637046134636,-1.055145514,-4.542185402
0.6113950842911835,-2.986741359,-0.855160317,-1.398703292,-2.855843286
-0.529633972,1.4738601039667065,-0.925651105,1.7477185274836073,5.091619550285337
-0.19085644,-0.966381225,-0.095668477,0.5012588368195038,-2.694536996
-0.639604863,0.32925694132147143,0.14816461192391583,-0.231650227,1.215318805437576
-0.611137727,1.8536449926635408,-0.276311954,0.4521271422985961,3.6091336736173036
2.458104533330859,3.7524052918405166,0.33518366570778735,0.13635858897082628,3.8546372283985177
-0.943375041,-2.382042994,1.4140746093765526,-1.498952747,-3.560677982
-1.753799039,-3.372461274,0.8635421990896541,-0.492383779,-3.479990159
-0.086418273,-1.868908978,0.040600309,-0.46981163,-2.898970717
-0.82461445,1.2003294282042187,-0.593865557,0.7201736005798829,2.264657788816498
3.2179529209399966,-0.977493915,6.576939013462622,2.0438269841254955,-0.234267987
-1.217989906,0.4113993961297252,-0.334865758,0.27493311446164737,2.5495429813126527
-0.629963965,-0.768490933,-0.157006935,0.24923161247787465,-0.145000001
-0.235173019,1.8871058431248298,-0.36075207,1.5339857915269377,4.061205983575972
0.8821385315266191,1.551247655957066,0.7978979672350396,0.9045041552081465,1.4500614727931838
-1.285231553,-0.953402499,-0.498760129,0.3880702490171862,-0.490609881
0.5248271862499091,3.1761041579791995,0.34845527607539994,0.6639428848289017,3.277396022782107
0.12389805695788252,0.5562095037350037,-0.0496816,-0.400987728,1.5732787556803096
-1.973458516,1.3406590415455923,-1.848760837,0.9368126171076101,3.0802595410117157
1.369022938429716,0.040127737,0.27270819909937266,0.19919914520363838,-0.794597683
0.14645158542708964,0.254309915,0.16402171321288547,1.1199722606932314,2.892230532762601
-1.382954632,2.161767233407784,-3.144216548,2.2735500324789393,4.824584894478359
1.3914346167207015,0.23204842538156456,1.602746836588758,1.151866439,1.916639392955223
-0.603584209,0.7689668356252541,-0.665495507,1.1025727601220516,2.2967659498767548
-1.513042925,-1.635064614,0.39134414214801894,-0.258647085,0.059127654
-0.676239016,-2.66153366,0.8589576828434511,-1.270198351,-2.848565758
-0.586910938,2.4467494989766783,-0.764405883,1.3024222817647828,4.555433109062778
1.6135382103588278,-0.255297208,0.878745402,0.5446077425034059,-0.582680545
-2.159205978,-1.017146562,-0.191579451,0.088726806,-1.149761208
-0.065481854,1.2050193598827827,-0.013223702,0.20194452087155157,0.30645686669851613
-1.254356481,0.958731346,-0.758583881,0.6047594060112961,2.1194771854529337
-1.005280346,-3.270677233,1.697308482403107,-1.688393183,-3.905416042
1.6741975139977163,1.6355296571233624,1.2663306238662884,0.7563806619462079,2.863690380968123
-1.136376185,-0.935884762,-0.030155966,0.026536957369231628,-2.156109167
-0.030319377,2.923291792632006,-0.054791398,1.8071412907432756,5.206214904005607
-0.863809528,2.435184499087062,-0.652186565,0.7550120063273438,1.2965652821091596
-1.196473411,-1.651914396,0.47169829549905307,-0.394240516,-1.868788238
1.3813614674339707,1.0041689566889627,0.098195347,0.071085917,2.3192269327540287
-0.509408407,-0.693035054,-0.105962539,0.2080109742115425,-0.810938873
0.3233886316840637,0.099779593,0.3075296300240357,0.950959928,-0.191727345
-0.178332103,-1.719122658,0.090053715,-0.504977589,-2.462181629
0.053818114898827804,-1.576422799,0.029659468630973726,0.5511056767174082,-2.428043884
-0.277064475,-1.218974258,0.3833203652710659,-1.383506004,-1.715904765
-0.518883086,-1.311331921,0.39195638559437146,-0.755384779,-3.085481749
-2.5058871,-1.848653897,-0.52325286,0.20880943118121054,-0.845335308
0.13357995970271108,0.8707332582837832,0.026995890827084874,0.20209536585551896,2.795122434534326
1.8528804926565983,2.542667908927944,1.253011707759907,0.6762506879023701,3.0588831030075068
1.2932570550245015,1.5543212079309294,-0.817924352,-0.632453037,-0.337177661
-0.608425125,-1.540949382,0.2769804525998539,-0.455241642,-1.87885236
-0.160239922,-1.223230449,-0.0613645,0.38295387936156494,-0.335887876
-0.059458806,0.49307816820608846,0.017508681005547585,-0.294467418,-0.600499831
-0.55611448,1.639183138952471,-0.985866093,1.772775442080032,3.1647186254466932
0.060966087208006225,0.071910494,0.034298949945727436,0.5625906387711103,0.8349533486438661
0.23674354172199777,-1.073643964,-0.158845992,-0.670962304,-2.54356423
-1.400176463,-6.94536106,3.155128616389096,-2.25337927,-9.891803479
-1.408600523,0.2658936015460429,-1.350753447,0.9589329440301118,1.0169983732386392
0.9208293976503356,1.3461465604186735,0.49368950912081494,0.5361356950381405,3.7173039976281768
-1.055739997,-0.324157743,0.10127209714085059,-0.095925225,0.44586065984519546
-0.785300752,1.450480463611859,-0.556568315,0.7087326910042152,2.814543633278707
0.7974474909523775,2.098365468325056,-0.71682616,-0.898900766,0.48375820524503965
-0.527151668,-0.242496059,-0.071041634,0.13476507492378148,-0.589904636
-0.093557393,0.2507091657018702,-0.104704534,1.119147615226677,0.20930560045560642
-1.184768065,-1.765039109,0.6223274464097395,-0.52527365,-5.335290094
-0.495705112,0.11627827754121345,-0.624088565,1.2589915846720725,0.9444863759243073
-0.975506183,-5.666928914,1.6969604468680843,-1.739569135,-7.577973271
0.8422535293069042,-0.238316995,-0.591488001,-0.702268356,0.28263673924161725
1.3200688346974112,2.1825021823150736,-2.473864759,-1.874042243,-0.250256135
0.006452872,-0.440918723,-1.82E-05,-0.002821656,-0.723731399
0.25886377456439263,-0.085586398,0.1621161401672929,0.6262604353973303,1.5142093178081673
-0.817077252,-1.914489103,0.20976707649998166,-0.256728573,-3.000666088
1.9892488522267022,3.1284497153123345,-1.611896327,-0.810304013,2.7959110469258106
0.6457783518879545,0.5433176006926184,-0.573841683,-0.888604706,0.091875283
-0.750922744,-2.651918746,1.0623023749167853,-1.41466267,-3.303677152
-0.864785159,-1.606092018,0.27290665083613064,-0.315577399,-2.180048142
0.5634148760747363,-0.153518769,-0.385575247,-0.684354041,-1.611700286
0.7485856369753109,1.9882226885826713,-0.870333632,-1.162637365,2.1335680930616343
-0.847793764,0.7347407994486859,-0.292800696,0.3453678337097348,2.0585484268723278
-1.106532385,3.177936354,-1.320461033,1.1933324780383618,4.627259254
-0.866117635,-2.371591784,0.6446258809371037,-0.744270587,-2.827916811
-1.794241073,0.28099805052311344,-0.90572287,0.5047944135366681,2.1669336950641913
0.3369022719521547,0.8696795790043531,0.3644811654771006,1.0818602182916193,1.6712936746973424
-1.346477901,-2.038458279,0.098585801,-0.073217541,-1.458358151
0.3536475849525424,1.1216948866262002,0.2521445556519066,0.7129825464119683,0.6681726470397398
0.561100053,2.1040873409849894,-0.380406834,-0.677966136,2.9880596728025997
-0.712468732,1.0078632789484316,-0.704836119,0.9892870908915751,1.7635713576061167
-1.337668237,1.3558431386636074,-1.980110448,1.480270214875109,2.4155695042672405
-0.338200919,-1.468918452,0.1758442503300278,-0.519940191,-1.057560648
0.7994580461089922,0.7366958396986714,-0.770930984,-0.964316999,1.0362096010455026
-0.610577069,-0.947658423,0.5725035405767823,-0.93764337,-3.646038506
1.4973979810664237,1.620064667021973,1.319105596192745,0.8809318650565418,1.476365240322862
0.12549024068495856,0.665771933,0.012825744245684468,0.10220511312814606,-0.487939486
0.21657292603652653,1.84165578,-0.22716424,-1.048904145,1.691259163432286
-1.797951138,-3.18730593,-0.34760929,0.1933363388368977,-3.669834919
-0.034773339,0.21853256519232567,0.021032199557062387,-0.604836934,0.006501638
0.4977908889222936,0.9024940724700816,-0.331968498,-0.666883435,-1.084827214
0.5117251437465308,-0.186703736,-0.383282286,-0.7490003,-1.246473353
0.6783336048129237,2.865678392723268,0.6960974609673316,1.0261874924496877,4.611101415186929
1.6802869856931855,1.7198162027079233,-0.368487378,-0.219300263,1.9177750071899726
0.4142466478145947,0.18281985867811623,-0.355033987,-0.857059408,-2.288169225
-1.17365702,-1.270032391,-0.709893919,0.6048563652612178,0.046283972
-0.084278633,-1.448309247,0.086588217,-1.027404142,-3.302410304
-0.286058205,1.9587201255179254,-0.249458257,0.8720541908199677,2.8259466532571254
-0.859275567,-2.260341862,0.9656493113877139,-1.123794681,-2.851024483
0.059256342,0.4359850098577365,0.025348785569288643,0.4277818160532982,1.2290885065920882
-1.154031199,1.3380928762873323,-1.553029612,1.3457431764027175,1.8077059202579897
0.38192763489990844,1.1514690449991878,0.2879501895444125,0.7539391320030441,3.7206366753949016
0.6418455756376331,-0.178384023,-0.027676665,-0.043120442,-0.587708701
-1.983103165,-2.099929068,0.22276513971934928,-0.112331594,-2.885813268
0.8610314661503536,1.3401921762888138,-0.401977836,-0.466856151,1.156129507038064
0.24730012336868565,-0.178486205,-0.302559921,-1.223452367,-2.064082152
0.5701893316402697,0.089479527,0.5620900815407085,0.9857955074742244,-0.257132099
-0.262612541,2.0727107090232666,-0.516118722,1.9653239719615336,5.100236724271798
-0.802467907,0.005635902,-0.725628703,0.904246383,-0.212088257
0.1282694893202251,-0.166992854,-0.169597016,-1.322192966,-2.865529135
1.1960435151107935,2.039528488245351,0.4447627269641445,0.37186166000234916,2.263712391713592
0.7308767624670083,0.7519981297992354,-0.517989011,-0.70872278,-0.538230071
0.6516978139263286,-0.221229128,0.3793632077250196,0.5821152068002867,1.3013972747567863
0.5209309279431734,-0.316675109,-1.200338523,-2.304218195,-2.323681286
-1.142041473,-0.91068199,-0.330539228,0.2894283927451449,-0.427535268
-1.201894502,-0.718021151,-0.343223632,0.285568851,-1.409796308
-0.370242552,2.6368733403962477,-0.421204884,1.137645799700352,4.123278901778341
-0.242990856,-1.302641459,0.1680516303317951,-0.691596519,-2.123226464
-0.324008848,-0.584181689,0.11546549867117414,-0.356365264,-0.339366724
0.5642683531641933,0.1736639350679785,0.8331173468786076,1.4764559135858244,0.69920639
-1.379309977,0.18320383863484702,-0.869158999,0.6301404421006153,-0.206554376
-0.726324942,0.7002725957668312,-0.308764655,0.4251054007688873,0.9139958568714177
-0.410145339,-2.15202099,0.4916967408084887,-1.198835374,-4.606750355
-1.27464991,-2.09835746,0.13609123146195207,-0.106767537,0.10660340911190369
0.5986575303803949,-0.022659955,0.064594126,0.10789829365866935,0.10254857020161953
-0.107891912,-1.35393752,0.18316728771191298,-1.697692481,-3.067452315
-0.301033945,2.574553250694251,-0.186418118,0.6192594588272747,2.0735282655683083
2.8905660415532233,0.9380706038452657,3.4448704035529767,1.1917632581409219,2.205968773948495
0.3041040994496765,1.6916142540977377,0.39417308538448886,1.296178138005394,1.6977245929891076
-1.791986466,1.7759998828618786,-2.042905117,1.1400226257953774,0.9087092484438215
0.15490629555847885,0.9251830822468134,0.11236825759960543,0.7253950344270235,0.1621771216721295
-1.121610973,0.28916633516998785,-0.705286396,0.6288155278162163,0.5247743026482952
-1.762651726,-5.162224485,2.9988542974026013,-1.701331155,-7.484996129
-1.272312773,-4.407590764,1.849911795239388,-1.453975654,-5.845459789
-0.414551595,0.17526738461297203,-0.035387635,0.085363645,1.3964952445327787
-0.611383886,0.9045793254715074,0.053645886,-0.087745011,-1.220977337
0.24912985902113927,-0.722124886,-0.176898878,-0.710066946,-0.841578291
-0.75433191,-0.971496393,0.001528112,-0.002025781,-0.881146992
-1.43482897,3.3506489339667502,-2.962584687,2.064765034578288,2.399279056969657
1.5160584751769426,3.8640605087542674,-0.258976527,-0.170822255,4.404094697530463
0.47718375408255065,1.1283651647673154,-0.679909814,-1.424838562,0.055745138
-0.694460946,-2.188886777,0.4105215201300819,-0.591136943,-3.790146239
-2.025755803,2.499763818333479,-2.293408671,1.132124942143826,4.455933245313459
-0.642845983,-2.051214136,0.7190891959431492,-1.118602613,-3.349551063
-0.653579622,-1.629809385,0.7507412064093062,-1.148660669,-1.251744412
-0.201463328,0.5196474188433435,0.060454639,-0.300077633,-1.54726567
-0.448302357,-1.786892591,-0.124349334,0.2773782747530837,-1.629706731
-0.500155715,1.2095793521058644,-0.674051865,1.3476840204025853,2.444060307463364
2.8187949444261573,4.950814230773228,-1.52586175,-0.541317045,3.1748239060908334
-0.158704298,0.046394199,-0.13824144,0.8710629874738282,0.7147914306207527
1.2573862219007732,1.3537444811551764,1.1838324189346159,0.9415026173461905,2.639649024
-0.181935498,-1.568387112,0.2629392191827206,-1.445233188,-2.793813483
-0.133669117,2.397100170386553,-0.10894958,0.8150691990152273,4.291326544422046
-0.579253559,0.27023960567245264,-0.15683862,0.27075987266504253,-0.044323403
0.03078719,3.0669331927266907,0.073071339,2.3734331594868685,6.003342311437515
-0.563287905,-0.513012514,0.4219916140221378,-0.749157954,-2.054921616
0.5911649557385095,0.8545847276947289,-0.266828592,-0.451360639,-1.207027609
0.2397443292194961,2.280813872013434,0.15349978431167155,0.6402645051559739,2.564985398447433
-0.578798707,3.5903714710976606,-1.467101172,2.534734708253063,6.261874262402727
1.1197191558564208,1.7669893575466056,-1.014789838,-0.90628961,-0.762541205
0.9242551216267122,0.9561567623645213,0.23361439254018915,0.25275964078946295,1.155313739775805
1.3791744030754571,0.5133861815231249,-1.05850344,-0.767490636,-2.593600347
-1.24163843,0.1614913372366935,-0.947428883,0.763047326,0.33632945462216746
-1.623151935,-3.708590038,1.715260488920882,-1.056746723,-4.692865626
-1.460336806,-0.82459869,-0.240113868,0.16442362268657043,0.48310018907363717
-1.614988766,-3.651935929,1.1605962498347318,-0.718640448,-4.325242246
0.084313877,-1.159168526,-0.006790019,-0.080532644,-2.136882165
0.024330213,0.31793820552064067,0.003157496,0.12977676156350232,-1.040044911
0.8085700677356409,0.16784959008654998,-0.537367405,-0.664589783,0.6234807941285161
-1.623311981,-0.097889305,-0.372089889,0.22921649923275705,0.28182973196403904
0.27942459539031017,-0.41156686,0.046334356923288404,0.16582061023857594,-0.908781344
-0.102238896,1.916241158727369,-0.111741894,1.0929489531996963,2.708463324791005
0.4927972241324394,0.7199200651234308,0.5364754454823193,1.088633253620238,2.796095730506857
-0.843272882,2.0846087458086453,-1.17534516,1.3937898213371924,1.8345325956518714
-0.494580557,0.2651081187100185,-0.168138979,0.3399627759994954,0.22311452079393174
-0.46702133,1.2827519356652368,-0.646406619,1.3841051314589536,3.994034419431168
0.2077499702432203,2.3009612701789686,0.3817774414867139,1.837677478556331,4.279226386591548
1.355639747419764,-0.132273223,2.2354667469637257,1.6490123952315259,1.3127069401225293
-2.209394607,1.0903880251187033,-1.298651412,0.5877860878953658,1.1043360453034061
0.5142947603325012,0.6470323726165348,0.4934945726293216,0.9595559019700456,3.0479331655403312
-0.02609051,-1.674535556,0.051033995,-1.956036678,-2.873403238
1.2053233841203153,1.4305862585398075,0.6026644618331829,0.5000022979501284,2.7643762582493387
1.4815846769268959,3.188939707584697,-0.149771902,-0.101088992,2.997530711162753
-0.006193834,0.053443925,0.003810832,-0.615262299,-0.883298911
-1.431518109,0.1904775907514603,-0.53512888,0.3738191484191499,2.070074074645394
-0.462580643,-0.031537921,-0.139227737,0.3009804658010647,0.7262549581851877
-0.851060018,-0.630478503,0.7327899507001862,-0.861032049,-1.950468281
-0.06620881,2.112238116992326,-0.074121168,1.1195061237554216,3.378056842
-0.231555369,0.4940160193648126,-0.07884202,0.3404888426961303,1.6406664792371952
-0.487906348,-0.864722353,-0.165538086,0.33928250046109787,0.3103407824859583
1.102261728997529,0.18931229410140404,-1.652641268,-1.499318378,-3.094039593
-1.2656564,-3.457758367,1.6007933316362633,-1.264792981,-4.560046306
-0.703303225,-1.9921632,-0.491672419,0.699090238,-1.893728658
0.45744025117277376,-0.453039108,-0.013848004,-0.030272816,-1.288968279
0.742298564,1.4548091121774707,0.8316120859058563,1.120320214025795,4.799471399863064
0.1629355230977297,-0.375788187,0.085829189,0.5267678099387557,-1.013066537
1.7827195501793727,2.235352068930819,-1.275616902,-0.715545472,0.43726636409894515
0.1332070526145847,0.9608228201746846,-0.020946595,-0.157248396,2.8933986426523663
0.9338535742112499,0.5869850753142181,1.3685528237896485,1.4654897315626314,2.7915254714487516
0.9080863987240486,0.42002946967151655,0.8171671681338359,0.8998782156433978,1.1156972217169485
1.3847573513828486,1.7480135783559274,0.6630897355487483,0.4788490452038926,1.091312471775345
-0.847582838,-2.630031921,0.8263111553346828,-0.974903122,-5.007900037
0.33883725767243067,0.009276374,0.11188611852070841,0.3302060679197026,-0.938871031
-0.557228566,-0.916387482,-0.317663059,0.5700767671429262,-1.529750846
0.9947657877552744,1.0947391791488532,0.5657551213677828,0.5687319852891505,0.8905117061437728
1.573617330829245,0.8308255713728022,1.417311037712685,0.9006707094194294,0.4792578790874644
-1.588416033,-0.74071885,-0.779269559,0.49059537492683114,0.082339695
0.48419384,-0.230471462,0.3598291791406251,0.7431510878421592,-0.159375698
-0.292689981,1.7236537548529227,-0.231720258,0.7916918012331139,0.4455396088303214
1.476749082474946,1.493808081035221,0.9452460858683054,0.6400857783396267,2.1753858484609574
-1.341293859,1.1671148004552665,0.16360280215264492,-0.12197387,0.47086451557594955
0.4951976779331108,-0.069136908,-0.631666334,-1.2755842,-1.252051286
-0.626574766,-2.701404016,0.7778046221458523,-1.241359634,-3.872224698
1.2502855909909276,1.0083305191062821,0.7254571488422752,0.5802331515852359,1.427784552882987
0.7803713838658037,-0.390983345,0.2884561957340913,0.36963963786721266,0.5175087325971737
-1.138988317,1.123116314728072,-0.660876285,0.5802309606254662,1.5242179387130719
-1.132006602,0.7913543127743076,-1.485298618,1.3120935998781709,1.5476392196722766
-0.122953032,-0.09888992,-0.154578987,1.2572198111573396,-0.322662867
-0.27894481,0.7707787115662653,0.012491086386615908,-0.044779777,0.4659201844385476
-1.415200714,-7.797799364,2.934655205928437,-2.073667132,-11.49279787
0.14474593977975422,1.3039703436549503,0.067082517,0.4634500755068295,1.1344520808026715
-1.162066937,-3.396704085,0.8152190599969485,-0.701525045,-4.814594297
0.095403699,-1.231357127,-0.182684825,-1.914861031,-2.922853207
-0.127526644,0.1862103792138292,0.10103434619649102,-0.792260682,-1.110800249
-1.359683431,-2.2817939,0.079517989,-0.058482723,-2.881760283
-0.908986714,2.5274355362808976,-1.152078469,1.2674315811335972,5.742432632352937
1.376434446608772,1.0890735282161397,-1.36110932,-0.988866069,1.494218566274113
0.2730094519244141,1.490740705371642,0.36308334476957554,1.329929576467922,2.8578598579245407
0.7463838484869068,2.110588221,0.4213553819265115,0.5645290727829878,2.2010355680288907
-0.409048247,-1.583980066,0.46858785033676553,-1.145556432,-3.746262124
1.1122075251650145,0.879782011,0.19005169345723488,0.1708779064671744,1.6860203606950193
-0.900039642,1.0662986276810238,-0.466054622,0.5178156611820798,1.6102712130268377
0.7636195413949253,-0.162053328,-0.851931039,-1.115648556,-1.330914487
-0.334779962,-0.435169936,0.2738334016889252,-0.817950394,0.2135560828090377
-0.715066465,1.6560745506399295,-0.770482672,1.0774979805678138,0.83567951
-0.363431238,-0.473881175,0.007872477,-0.021661531,0.5431584306166986
0.6598760829886271,0.082001136,0.4328043526041321,0.6558873154546373,1.1087035776182976
1.6736875318183915,2.8608401574355145,0.6569671189568684,0.3925267449672049,3.368143264738321
-0.660651223,-1.192625525,0.10639954932277808,-0.161052528,0.5299937376085175
0.9159086398540426,0.41125452880221885,-0.97581632,-1.065407921,-4.438108291
0.1824370168652574,0.4793646892145132,0.016368807468546957,0.08972306,1.0006725239910512
-1.010281259,1.799649947750512,-0.683189434,0.6762368673892221,2.3893289479404842
-0.178289844,-1.26128507,-0.138155466,0.7748925182033097,-1.398779862
-0.902580188,2.918337714959379,-1.498784757,1.660555789747285,4.539006730561582
-1.503183462,0.20323175154938666,-0.975497759,0.6489545578927729,0.792349405
1.5655382238755249,2.7517997034559665,-2.211689796,-1.412734459,1.5834762954913304
1.9339689001900526,-0.825214036,4.361196440731938,2.2550499340001586,0.30558634744378455
-0.338999297,-0.044756573,-0.291789631,0.8607381611345885,-0.128696523
-0.205617965,0.8319741158186986,-0.079744463,0.38782828349753085,0.3298849580266463
1.6034939781563038,0.073170736,2.2115066578317557,1.3791798958762194,0.9859900476756955
0.045593593308206455,-0.385985755,-0.057897479,-1.269859965,-1.765325507
-0.39200729,0.080363864,-0.095155941,0.2427402332051868,0.9208707013931852
0.4713772888775265,1.5752793909542582,0.6805295909282624,1.4437046650015375,4.920587184585994
1.4842763327247137,1.3298286855985961,0.24657880790814116,0.16612729211648336,3.306317350791039
-1.218674147,-4.226598541,1.6495087357893934,-1.353527306,-4.421114637
-0.496060334,-3.59551152,0.7886216623233611,-1.589769648,-5.462358759
-0.462178293,0.25868359349484116,0.14668554315608792,-0.317378694,0.20176914035467247
0.9516062636235965,1.8496234894759511,-0.250490559,-0.263229203,1.5973521178441157
-0.499899782,-0.227052289,0.020565597,-0.04113944,-0.105346205
-0.039058465,0.6183331523121478,-0.043757056,1.1202963686253826,2.1556691150877882
-0.871739262,-4.641415742,0.6185132585512721,-0.709516349,-5.4730043
2.498930002788807,1.927598146501165,2.6706092573778366,1.0687011058322704,1.6270928103159952
-2.650298767,-6.158980693,2.0422076118326973,-0.770557508,-7.791341142
-1.079180862,-0.071880728,1.1631492622002344,-1.077807533,-0.516298437
1.364743065133474,1.8201103939605563,0.6151657483492515,0.4507557239641202,0.7383108254564117
1.2244271392587283,2.4930363288760717,-2.142651331,-1.749921463,-0.116136677
-0.846569324,0.6178980487829819,-0.795872701,0.9401152138923239,3.8448060256791545
0.6368706739891172,0.3012317143007769,0.3510214078305421,0.5511659151015333,1.4521536251890703
-1.059905311,-2.321017293,0.010834354,-0.010222002,-2.801862889
-0.596188129,-0.840933469,0.18360232092065934,-0.307960377,-0.836630492
-0.399846518,1.091650630239986,-0.154899401,0.38739714885832616,0.5412808286043096
-1.292421364,-0.211804991,-1.074531134,0.8314092941254977,0.7803165471892431
1.3021001872164952,0.8447285268183728,-0.125663536,-0.096508346,-0.679398085
0.3082402521482415,0.7542085841166426,-0.00774063,-0.025112327,0.6404901993770216
-0.986962039,-6.118047177,1.8884938880780382,-1.913441261,-7.73662597
-0.418088833,1.4459646398358679,0.10308891934681205,-0.246571808,0.8200950620379661
0.6263785586928621,0.7327077405868172,-0.031646454,-0.050522888,1.510484216002099
0.6000330006314087,1.820037389396405,0.935598305,1.5592447479124985,3.350368799838694
-0.014182995,-0.242807852,0.001848102,-0.130304102,-0.70883261
-0.066009561,1.9174325873974074,-0.131333884,1.989619123339692,3.9370247099354994
0.6139752788302577,-0.116388661,0.8382121211466007,1.3652212882960986,0.6330210844295084
-1.838093868,-2.801478127,1.7642914975219917,-0.959848421,-5.027439302
1.0578793926038403,0.7667864933709897,0.2203260108346822,0.20827138932385927,0.5335414966588815
-0.337795955,-0.570416459,-0.023544125,0.069699251,0.191080519
0.9327141812472206,1.5019293986613382,1.5527360043071452,1.6647500762032315,1.9332054114647252
0.6931823253943111,0.8119010745850674,0.043534982945130425,0.06280452,0.4515049753456462
-1.427909013,-3.115431085,1.3969240866100807,-0.97830049,-2.219812863
1.356074870984696,2.1460296920438826,-1.597645909,-1.178139897,-0.429106175
0.8047812588478296,0.8941972570091739,-1.16938167,-1.453042869,-1.98390711
0.3497715603313685,0.4102811396600416,-0.427083567,-1.221035714,0.7772668140614176
0.073710323,0.23608676994227618,-0.050470673,-0.684716481,-0.666341622
-0.04263925,-1.770458673,0.039854286729847824,-0.934685456,-1.43294137
-0.045106533,1.1609020902447515,-0.030767189,0.6821005081133481,3.0705791164352902
-0.393131437,1.1611683536145119,-0.377034224,0.9590538657372146,2.9844513565734543
0.538779651,0.7782732677699377,0.035568039381632444,0.066015929,-0.130871995
0.039586406,-0.278395176,-0.003090025,-0.07805774,0.006535622
1.2678324284270375,1.0672575357337246,-0.724478838,-0.571431068,-1.790878439
1.1360007262714904,-0.042928724,1.290395358745814,1.1359106811322803,0.43058376994123393
0.3127660125592154,0.089209349,0.4418749551570837,1.4127972267236817,1.4330732998584181
-0.219594584,0.034510442654100415,-0.175860432,0.8008413886476704,-0.187471754
1.015003403583797,0.6294935217485251,-0.561704272,-0.553401368,-0.299665637
-1.8905908,-3.806517421,1.018748550782496,-0.538851956,-5.088315308
0.03319223,1.0120530913181882,-0.001048365,-0.031584641,0.8719344063704475
-0.626043278,-1.059456456,0.13319824719870654,-0.212762043,-0.289710456
-0.68547463,1.4365987512048735,-1.055801356,1.5402486251663787,1.1525088241548835
0.46157483411447076,2.498491007,0.3926828710264491,0.8507458422853781,2.150896153489245
0.016562617109538977,0.6077419914897071,0.002993644,0.18074703372965045,1.4734304178864948
0.8323461236441752,-0.245560753,-1.20483554,-1.447517452,-2.384131007
-1.198791052,0.092984266,-0.926208146,0.7726185007058848,2.1815313817349704
0.934905489,0.6877738019299238,-1.124469476,-1.202762727,-1.799248946
0.4179362552371914,-1.557729627,-0.002134652,-0.005107603,-2.250433843
-0.69116301,-1.752310468,0.14247032739607624,-0.206131296,-2.036634401
-0.549465209,-1.681499286,-0.091010209,0.1656341620373107,-1.009094183
0.041558315,0.9025757463854598,0.019986658,0.4809304366179939,1.4875305175769153
0.002177119,1.010367171275608,-0.000641015,-0.294432778,0.4434466564295117
0.30088994212967113,0.087165337,-0.159646772,-0.53058195,-3.15064158
0.047979349,-0.323177404,-0.034372006,-0.716391682,-1.844276216
0.3908545712177902,-0.164490644,0.3569034960511468,0.9131362975726198,0.2890599530206995
1.397318302765871,3.6514104289331395,-0.524960022,-0.37569108,5.317986422483484
0.13728408405975015,2.2366395557710352,0.21935848695181678,1.5978435406710758,4.749307505721797
-1.234504153,-2.312957711,0.8911226482644008,-0.721846618,-3.595374907
0.9950958921414668,-0.33965691,-1.241279424,-1.247396792,-1.565860358
1.0211803726341102,1.6255724443493498,-0.841692972,-0.82423536,2.0710423856832274
-0.080350672,-2.074290744,0.054694366,-0.680695816,-1.759464333
-0.071955852,0.9935443034938567,-0.068912655,0.9577074476973664,3.881783457908348
1.0460874184377429,1.504009683464557,-1.279299822,-1.222937777,1.176070617676134
1.5895571627778535,3.986848044073654,-1.682821787,-1.058673337,1.6559131566166907
-0.63905206,0.55008426,-0.596675173,0.9336878952186958,1.7730779844185514
1.521197616,0.49208869239865294,-0.525485974,-0.345442281,-0.29649594
-0.301199135,-1.159250502,-0.085124333,0.2826181174888759,-0.635895914
-1.682852021,0.34821872394822617,-1.758933891,1.0452100773461364,1.7997949140835712
0.510612037,2.343049715018789,0.5570504740381914,1.0909466157022163,4.668064570873746
0.075966151,-0.600447597,0.067362837,0.8867480484493422,-0.53872776
-0.720168032,-0.27922173,-0.124763321,0.17324195946443138,0.7041689045158821
-0.273096878,0.49266379934427107,-0.38280217,1.401708333515353,0.32583968344148384
0.5537098758157049,0.8776476296016027,-0.045390355,-0.081974977,0.9060527102523999
2.3106123513978374,2.657376470795722,0.883288457,0.38227461929348394,3.518382976300618
-0.276903419,-0.791405515,0.5443479047710207,-1.965840316,-2.08407471
-0.071054892,0.6326182180671513,0.044671959,-0.628696459,-0.112663204
-0.257793657,0.21892662350568426,-0.218534892,0.8477124496149102,0.7635802522568618
2.2986665695860293,3.779653375334916,-2.371621956,-1.031738134,2.174940013898856
0.7307236329962061,0.43629820456591767,-0.968072344,-1.324813241,-3.414711617
1.5388528606830598,0.5560638692525618,1.1316241412556223,0.7353686438567761,0.5393041487531816
0.6772049161846008,2.583181941680378,-0.150214917,-0.221816046,0.5264300095941488
-0.232682055,-1.452628802,-0.112870132,0.48508309601524685,-1.226740569
-1.201529824,-5.537794272,1.4025198610537275,-1.167278442,-5.898980664
1.444199363,2.090079844,0.46356450803734817,0.32098373664335594,1.5573706045389293
0.7354267401315717,1.385740009494203,1.0946157661762903,1.4884089827634739,2.5318034527337314
1.2860354910992653,0.9747833091977943,-1.280581583,-0.995759131,-0.296892257
0.31565998667595513,-1.849023545,-0.139457067,-0.441795201,-1.977668982
0.21598920510406278,-0.134433765,-0.138895985,-0.643069105,-2.172151241
-0.962617466,-1.723899221,0.04152721,-0.043139888,0.26710430301695487
1.5986683683243283,-0.037265355,2.9958198627350776,1.8739470437356545,1.385128550271581
-0.765193874,-0.339658404,-0.493626408,0.6450997908246016,-0.170579818
-0.080633578,-0.066477829,-0.092298715,1.1446684795032527,1.373622815
0.011790012417289929,0.541029659,-0.001072014,-0.090925577,1.2213262251138928
1.1197276940104854,1.5481017639382262,-1.41691649,-1.265411669,-0.121605546
-0.283940432,1.756930335936759,-0.332018963,1.1693261168168576,4.556035701822905
0.21703797639304429,-0.584151511,-0.185860342,-0.856349405,-2.127446764
0.4622832916060906,1.2617667312744913,0.4794659306680158,1.0371690679155379,0.11548708355772996
1.551857925058169,-0.529786412,3.6009827965306367,2.3204332937860013,2.1363642959623195
0.023175522371902773,-0.369180357,0.003992854,0.1722875568513581,1.8775053849250312
0.3407852903914045,1.5002641001876196,0.6272686953525668,1.8406566041395904,4.600383584152135
-0.14440262,0.18480909789002986,0.23996036466365686,-1.66174523,-1.773898886
-1.092572155,-0.695230358,-0.30329687,0.2775989383011952,-0.925688696
0.42150167473913713,0.6398362670788902,0.317185384,0.752512748,2.324922527430852
-0.416216544,1.1305888507761863,-0.530037458,1.2734656176577936,2.0179981334219494
-1.425935203,1.8351535257842408,-1.379872635,0.9676965909989466,2.9006452280460584
-0.831382739,2.0358704615959047,-0.908343973,1.092570162019521,2.9142349385878425
-0.931845502,-3.517592043,0.5026219703860415,-0.539383373,-4.405029714
-0.046591336,-0.387374272,-0.006271855,0.13461418258987587,-0.953521212
0.26705981142179197,-0.096382931,0.012928225226135948,0.048409474856241926,0.4770582211165933
0.6663709671885709,-0.384939999,0.3909412658592257,0.5866721167469416,-0.353709809
-0.065080032,-1.043797729,0.051336056,-0.788814236,-0.968911042
0.5075551193486658,-1.299941449,-0.886617663,-1.746840155,-3.240051535
-0.025297226,-1.726200208,0.038661848,-1.52830384,-2.604497046
0.9508522870586393,1.157704244,-0.682766762,-0.718057654,0.9705515731875992
-0.133757399,0.505211555,-0.135936954,1.0162948352695125,1.6016002555279174
-0.976603248,-3.432533181,1.3255832825070892,-1.357340644,-5.49676904
-0.498161509,-0.399398363,-0.21737925,0.4363629984847082,0.5376799755746655
0.9014304541808158,0.3547890501768448,1.6443143215041807,1.824116673535806,2.332282064007279
-0.193467541,-1.560153367,0.2052528491344658,-1.060916205,-1.526052761
1.4164319146085316,0.6201798256721722,0.11168924899466413,0.078852536,-1.192497233
1.664983821296967,2.8704087007629626,-1.051543787,-0.631563967,2.418726373798509
-0.745348565,-1.204431826,0.4978033575775229,-0.667879943,-2.568408215
0.43904619854769306,0.7778128133488074,-0.21795708,-0.496433134,-0.265258159
0.663992076,1.0432844636856027,-0.888351202,-1.337894284,-0.520054955
0.6211306582460696,0.710116553,0.5059157038834416,0.8145077000578774,2.887982390195309
0.8511967520075219,-0.226574363,0.25186504366266216,0.2958952123215297,-0.653687691
-0.102498228,-0.831415496,0.020976222222276842,-0.204649608,-1.628478326
-0.614285493,0.5504500195355299,-0.458317276,0.746098161,2.798072038
1.1842575312598913,0.2194585470935656,0.852584669,0.7199318107234456,0.7511654223272242
-0.363889461,-0.87241379,0.13925759077633923,-0.382692014,0.096597198
-1.069513861,-2.749687093,1.046660076365588,-0.978631614,-2.37999996
-0.275565959,-1.836878462,0.16826827211260753,-0.610627934,-3.363214917
0.33328096170759175,0.13704217563234644,0.060707842,0.18215214483938197,0.6045812968060489
0.705581972,3.180723876752926,-0.009823025,-0.013921876,3.8998916541789743
0.8377012634427102,0.028017506,0.6526275690303317,0.7790695770807613,1.5916055022231452
0.17007471822393583,0.776432543,0.053312817232944405,0.31346703254711794,1.8234707007867144
-0.19468029,-0.425596386,0.05821835,-0.299045938,-0.210862377
1.498494210824311,2.8682281738473927,-1.529567845,-1.020736573,1.7633735207989252
0.4500434069672317,-0.855487643,-0.202683564,-0.450364478,-2.302086374
-1.172962705,-0.719307139,-0.613390529,0.5229412039737521,1.7041986281484318
1.996411350763649,5.7375299524048575,-3.361170486,-1.683606179,3.671018847
0.6241013958798932,-0.077632054,0.4592302644715932,0.7358263697265803,0.18347652346006926
0.8903186511133272,1.5673549455818252,-0.688965792,-0.773841805,-0.09996151
-0.777468583,-1.841673023,0.308938092,-0.397364085,-2.026588651
-0.390992856,3.4385500871918246,-0.697715369,1.7844708892126866,7.302932108910387
-1.387118689,0.068800418,0.192247832,-0.138595084,0.1436940615260379
0.549000441,1.2737491214182046,0.00407081,0.007414949,1.0005103493998035
-0.527704344,1.2859972057150741,-0.605420449,1.1472720577374398,2.0960108720720414
0.5221254706666922,-0.706768256,-0.32905231,-0.630216928,-2.58116454
-1.367308063,-0.120279184,-1.185096373,0.8667369156670767,1.4511344883735944
0.7726972928971351,-1.159246177,-0.130116774,-0.168392946,-0.178381687
0.43125249633692053,-0.429963785,-0.659378336,-1.528984393,-2.829675542
0.7360366517313829,0.6898100231672074,0.952693708,1.2943563422168156,2.459761532577564
0.47963512418892645,0.11544796839689522,-0.344327434,-0.717894533,1.0844525338012165
1.561833582833111,1.8056428259952875,0.39953706243744624,0.2558128259175348,0.7059498220980234
-0.973944684,-0.676561205,0.14554523965321073,-0.149438918,-0.15114239
2.8572213799766115,0.054258528,3.0681602481121795,1.073826574872296,1.1919917186132356
0.827724803,-0.043120278,-0.207676288,-0.250900163,-0.504248651
1.282308600685323,1.121403586002375,-0.873321722,-0.68105425,0.9311059439018514
3.4573205708391814,6.836600156,-6.360742002,-1.839789476,3.5256184543099773
1.4949142543187137,-0.190774837,2.123158534780254,1.4202543916124835,0.7539931225382294
-2.623895606,0.3432305718323643,-2.438790594,0.9294541249108372,3.5902369692625813
-0.896413694,-3.921766353,1.9430091917526016,-2.167536266,-4.964546721
1.7257862236344998,2.562587023568301,-0.175561548,-0.101728444,1.793294927548302
-0.528908904,1.342918447690485,-0.788688859,1.4911620002941763,1.4029148297892593
-0.775224254,-1.002727474,0.4999278179882199,-0.644881549,-1.638467411
-1.589634072,5.943902751445454,-4.874963307,3.066720443794872,7.052697471
-0.007088461,0.046327789,0.008222195,-1.159940878,-1.627340078
0.7074390330437261,0.8448694588369932,-0.344086447,-0.48638318,0.46811781130070446
0.21530010652118897,0.4318422344228334,-0.032244164,-0.149763808,-0.119896546
0.33575560454039516,1.7849677133534925,-0.487984891,-1.453393135,1.884131032317024
-0.026329812,0.066074151,-0.009496204,0.3606635584058689,2.268840337434798
0.5115987398221493,-0.177984839,-0.578584256,-1.1309337,-1.437938107
1.4700191824058688,0.3112127816840915,-1.302905811,-0.886318918,0.2571173127280503
-0.362947607,-3.719288808,0.24814366847228517,-0.683690053,-4.382913699
-0.741249601,-0.221479605,-0.362219706,0.4886609113072317,-0.136294133
0.034592968,2.4127532999559684,0.079590964,2.3007844633631653,5.9557586919633625
-0.328530626,-1.665197162,0.23509823656956833,-0.715605238,-4.976806143
-0.267862824,-1.363803559,0.1353109649594008,-0.505150223,-1.024931449
-1.200346203,-3.199748455,0.796318945,-0.663407726,-6.009959571
0.1836865247365494,1.5826688198328576,0.083408692,0.45408171647044504,2.3510252728600447
-1.299508744,-8.286655066,4.090262287195775,-3.147545029,-11.04785158
-0.141013524,2.0780963326392135,-0.163171538,1.1571339678723158,2.9147149420255545
0.3360701181319832,1.8801840247180306,0.3132195850935001,0.9320066503814866,3.384679565207332
1.1066474980388945,2.043222894746307,1.306444071526185,1.180542199608595,2.552968631031537
0.31894948617483626,1.6035175048289443,0.4155827205687705,1.3029734756837434,3.1245055899040923
-0.306987185,0.6720937505187999,-0.228437643,0.7441276180629607,2.8767643287016575
0.4391964732473187,2.111014740032675,0.6022388160354758,1.3712287158925915,2.7652792387171017
-0.306237952,-1.389182617,0.1721259762081618,-0.562066116,-2.932070507
-0.331459846,-3.054809278,0.573045843,-1.728854493,-4.106937308
0.7774288956094024,0.7202585421557695,-0.489903054,-0.630158021,-0.443266407
0.40919967632139265,1.352494551317541,0.3598834213096947,0.8794811974069987,2.9041699885269376
0.47723778592662525,1.6774749781562344,0.8291895153202079,1.7374766621008815,4.567781836164494
-1.003315463,2.7161199891765726,-3.119109529,3.1088024081492995,5.0764229540294235
-1.179005693,-0.018533973,-0.614404739,0.5211210959951743,0.6787790065093484
0.5860131595603496,1.6159603132848424,0.18817794774022448,0.32111556655383483,1.7209187812951607
0.073849093,0.013021391928484088,0.004754809,0.06438547,0.095178986
-0.604817786,1.1398858454126808,-0.7433009,1.2289666707634073,3.2179430445761508
-1.469550851,-4.985523914,1.7668534415658055,-1.202308475,-5.63365885
0.5574257343524116,0.5671933846742526,-0.152707086,-0.273950549,0.7385984243422065
0.07292206,-0.136125419,-0.001451786,-0.019908738,-1.772299061
2.0028034072434333,1.3961414549337987,-1.690403814,-0.844018843,0.8458313777005662
-2.227812735,-3.930183365,1.7177024775094356,-0.77102642,-5.211238379
-0.027305655,0.19603977654509142,0.002405807,-0.08810656,0.8872582250995036
0.6849683164926913,0.6333595944131489,-0.501567954,-0.73224986,1.8320495527320932
1.1015090744336071,1.5773394847761029,-1.283537601,-1.165253769,-0.048708744
0.7306836645740787,1.221450174240396,0.2111826745533948,0.28902065940737137,2.225950788
1.3040750592468617,1.4580578573845904,0.4663288349625567,0.3575935538801533,2.1365745745313323
-0.091267363,0.23283713411906937,-0.001760646,0.019291085020207217,2.4810365335332905
0.5980955210164278,1.8408957613274457,-0.112003459,-0.187266841,1.008439570107818
-1.452769336,-0.283580034,-0.561738409,0.38666730854443976,1.6974546142185132
-1.080830364,-4.411798015,1.109510912536343,-1.026535662,-6.504646529
1.0202366232032252,-0.061188047,0.40997180811004186,0.4018399249606019,-0.592932738
-1.470128524,-2.679408608,0.7621869569328519,-0.5184492,-2.471035197
0.20495710200053152,2.1670213967736247,0.28628590680840355,1.3968089127629308,2.060842177967662
0.1591743028771238,-1.441173567,-0.021023034,-0.132075554,-2.37339295
-0.706353692,4.454551453629059,-1.938843929,2.7448627385679605,9.852165051074131
0.9064325379161557,0.8881916154063451,-0.493604245,-0.544557068,1.0278258358756025
-1.404159538,-2.91162384,1.1008702445474667,-0.784006528,-1.763443986
0.9430281122785581,0.4814240998323399,-0.413468634,-0.438447835,-0.223287682
0.47077937279333476,0.6748041941644032,0.32240111984573416,0.6848242265432974,1.4111914768284384
-1.00661043,0.48840476578027536,-0.95387417,0.9476100598776074,1.4053525879034947
1.0986887014088171,2.5128594486583147,-0.116461924,-0.106000839,1.3138464304470086
-0.245003579,-2.687643873,0.24670423457460955,-1.006941348,-3.12063858
0.5341835726414748,1.552588088097152,-0.472451897,-0.884437338,0.8815606184098076
-0.761078826,0.3924827181475584,-0.241547367,0.31737496657724007,-0.753198768
2.7861999245686824,3.503868232612863,-2.158423412,-0.774683609,3.7947045201199323
0.3964722443882303,0.9038675384289712,0.36428160329365766,0.9188073274984384,1.022907236047891
-1.795700914,3.724091400133611,-3.729920161,2.077138866759936,6.690879172550211
0.21785286486601288,-0.675747432,-0.200634326,-0.920962534,-2.39670029
-1.960288717,-0.34621121,-0.902174943,0.4602255448799097,-0.427802062
1.363308481421698,0.8782571917960196,0.516920352,0.3791660939483691,1.581448088216568
0.062809749,-2.024018543,-0.089665524,-1.427573342,-5.121986128
-0.10849431,-1.14795261,0.10376073175704582,-0.956370264,-1.564070301
-0.982506686,-3.281667379,0.733108352,-0.746161184,-3.623502831
1.1761105541162635,0.7549477748606664,-1.995194186,-1.696434216,-1.083753256
-1.205811107,2.563029770924583,-2.391921951,1.9836622311779675,5.010317741818046
1.2055290812500155,-0.030699253,-0.425202969,-0.352710669,0.004368811
-0.615109931,-0.893457916,-0.648988167,1.0550767189950547,1.9531189722784414
-0.125395069,-0.032327303,-0.159065087,1.2685114994359397,-0.469929151
0.16794203022453014,2.6311791314380706,0.3569042133021313,2.1251631460270435,5.060983722642531
0.352525522,-1.161870346,-0.333019698,-0.944668334,-3.294547271
-0.824825863,-3.48191701,1.9027812572170952,-2.306888451,-6.023906826
0.2950150646802252,-0.726077365,-0.169854517,-0.575748623,-1.407283056
-0.280024013,2.3246886343803324,-0.414456212,1.4800738277424341,2.6347497876681887
0.7025153122480101,0.5087727749310258,-0.555201023,-0.790304514,-0.593093378
-1.046302906,0.020897018259744993,0.35274749809794587,-0.337137072,0.47655488523208167
-0.46227458,-1.480301875,0.27036562250270985,-0.584859377,-3.734312377
-0.790960031,3.0663702177316745,-1.279690026,1.617894678401821,4.052286040240966
0.3991061276681157,1.1187365961819489,0.10171237160391015,0.2548504383989088,1.2709529496246057
1.9808293866925908,2.427143478,2.7773663536069386,1.4021229552961818,4.7023542238223035
-0.359773381,-0.056041763,0.016965616,-0.047156397,-2.522414622
-0.933550629,-2.092642818,0.4998591067195922,-0.53543867,-3.423527187
0.12284529394592246,-2.169752385,-0.030623047,-0.249281397,-2.490515843
0.46135888863156554,1.0309181519711426,0.15916759827416718,0.3449973593145099,-0.084363459
-1.120616092,-1.762571081,0.17992111032691346,-0.16055553,-2.002178877
1.1953174098674546,1.8903458654670668,1.6094286070588935,1.3464445458360375,2.1775998522349513
0.34506762828289483,0.9535468309471848,-0.436005133,-1.263535311,-1.282930359
-0.304713691,0.758870474,0.2718814836494012,-0.892252275,0.6320810020517751
-2.157732188,4.899745691232677,-5.515351119,2.5560869646861963,6.835642350921759
-0.958738722,-2.64742675,-0.016497552,0.017207558,-0.846664378
0.29683217183677524,-0.700829716,0.051756235332893905,0.17436194672777616,0.3365732037389121
1.3012219138378116,0.7742708576300571,1.6685657116295618,1.2823068024640853,2.820605425
-1.676035375,-2.327383534,1.0588638789797824,-0.631767023,-2.965531684
1.3876743967512255,-0.02389447,1.9274849168246708,1.3890037326747764,1.6228784463354586
-0.912847307,0.9846284019396441,-0.765941223,0.839068284,2.923694171880177
1.3921794133131264,1.158966152553831,0.9361048302219872,0.6724024369777405,3.340190920035491
-1.546651373,2.179699568287102,-1.859215214,1.202090689143379,4.0254567020975225
-0.492401468,-1.802990726,0.23810501837958364,-0.48355871,-2.686865787
0.88931199,1.293518604,-0.214259416,-0.240927165,1.526350421794917
1.6019776788170035,3.030199017,0.10267323207417553,0.06409155,1.0673302778320362
0.12988235180681687,1.9949446949881595,0.2054295643912576,1.581658797623309,2.562503899626279
0.6920738749017993,2.618515194224867,0.5279399966921522,0.7628376331458305,3.876515433706928
0.4067409448641143,0.6089245097587641,0.6323739945380469,1.5547340451532683,2.7436832317805924
-0.609181819,-2.562969673,0.5933128645048765,-0.97395038,-2.610934529
0.6391342258252477,2.1003618446671335,0.8395972654895475,1.3136477934747786,5.076067598818161
1.7843853528770048,1.2881969216273839,-0.152062846,-0.085218613,1.8615950115265667
-0.970770142,-3.982644223,1.5566661551680134,-1.603537324,-5.165108726
-0.1603423,0.5253401378751626,-0.109015437,0.6798919404230002,0.7379221186827274
0.36173211318595555,-0.315370464,-0.625638578,-1.729563275,-1.449180083
1.6546116424930337,1.9232325764916824,0.5387591396181481,0.3256106301817083,3.105343145124272
-0.312881878,-4.561714636,0.43498221427597333,-1.390244194,-6.17971209
-1.422526151,1.2733746757525508,-0.155165514,0.10907744238945895,1.9946277681299183
-0.367126344,-1.973574001,0.14299520133559232,-0.389498612,-1.535683163
1.6362081058367393,4.865802509048112,-1.351213145,-0.825819858,5.010694704227557
-1.374747138,-0.948427293,0.825482036,-0.600460996,-3.062079283
1.0637811099500483,1.6706748416578425,0.3293104748246171,0.3095660110378163,1.598322072921561
-0.610590745,-0.824948287,0.087532659,-0.143357331,-2.124815517
0.19804247644396702,0.18634223844328934,0.14781319440128274,0.7463711677181746,1.101362010496991
1.0929659511931404,0.011285044936393263,1.8074521503213077,1.6537131356637373,2.934041491135482
-0.208437754,-0.655689623,0.1327101832260334,-0.636689758,-1.719848872
0.9730304351035164,0.7246447685725222,-1.841720176,-1.892767286,-0.332439925
1.2532797382375234,0.747886671,-1.131193117,-0.902586296,-0.767528717
-1.122378436,4.421459224532019,-2.577800992,2.2967306832398866,7.346376043
-0.710937386,-3.469279614,1.1560070294628115,-1.626032125,-4.260931715
-1.787886934,4.231380132743761,-3.965694271,2.2180900793566947,8.088586525058385
1.3550065327910443,1.4274832068173269,-0.730036594,-0.538769797,2.224457783603193
-1.171940772,-2.675281513,0.3957470577954561,-0.337685203,-2.728824163
0.2775905590473856,1.2874056139757821,0.37336937337421305,1.345036281693131,3.2655868851733962
-1.676413127,-1.064974819,-0.18592956,0.11090915316043905,0.040663451
1.3319586400167875,1.2768497758866273,1.193256220365541,0.8958658208414803,1.5588285500780668
-1.389353438,-0.387004934,-1.284421576,0.9244743205602278,1.7366493575538193
0.006727576,1.4681048459983637,-0.005300231,-0.787836736,-0.64937136
0.7176552910573935,-0.378563386,0.4022840942418444,0.5605533732624182,-0.523105214
-1.627005079,-2.718790605,1.084793985086391,-0.666742839,-4.929934941
0.1822535749346472,1.2433705051520778,0.23165545793701148,1.271061256384567,1.093034774426178
-0.026062934,1.110643884962829,0.004218247,-0.161848512,1.6024611018143076
-0.586081602,0.019423273,0.2811011055900202,-0.47962793,0.474256173
-0.107276124,0.519243311,-0.093731338,0.8737390499140795,1.2512588501763418
0.5558825956266074,0.4858379920184418,0.9172553203474999,1.6500882156843613,1.6217179385941884
0.38018586664847565,-0.355715433,0.033036460503343475,0.086895551,-0.495134818
-0.120736865,-0.04429222,0.001060012,-0.008779525,-1.547648661
0.1567614408568175,-0.847165147,-0.10132014,-0.646333304,-3.021311501
0.11918816133215308,1.355453337354228,0.022180107259027866,0.18609320767367518,1.1118521949850515
-0.511289932,-0.702004482,0.22948432347845277,-0.448834035,-0.14385245
0.093569623,-1.138810023,-0.025820814,-0.275952953,-2.095403635
1.6982472947245093,1.596740248765066,0.32369776174119924,0.1906069644549086,2.230713943089605
1.3370057603387677,2.3214075240288503,0.11111664647752095,0.083108577,2.6493267696328666
0.7259813653254373,1.096371972547741,-0.413014007,-0.568904419,0.2118002166393479
0.2467431499357106,0.7452586867871164,0.005751491,0.023309626288179165,-0.235988552
-0.670950468,-0.617132684,-0.149404356,0.2226756856266409,-2.177639065
-1.107379194,2.031091108678085,-0.571669958,0.5162368596992619,2.1703861831876274
0.4315935329314722,-1.228495745,-0.756067131,-1.751803661,-4.18609567
-0.299755284,-1.191344971,0.34044509922204885,-1.135743444,-3.755349155
0.2273547147253766,1.7424946812831013,0.2693615460868277,1.1847634055541425,3.5142683944193265
-0.978288804,-0.265241305,0.5329687683227737,-0.544796962,-1.621195315
-0.601159307,2.4593941363908574,-0.668633093,1.1122394442076888,3.2387130194027285
-1.462821463,-0.683339896,-0.473042321,0.32337666152157835,-1.676257058
0.7109461728203936,0.6936102222760502,-0.306415349,-0.430996552,1.3501374352256692
-0.809193881,3.8715352612864837,-2.097850361,2.5925188139025814,6.406365396924094
-1.18934186,0.45477693377546763,-0.857484214,0.72097371,1.0046789005737873
-0.815449819,-2.410079933,0.9040799995896466,-1.108688699,-3.918093977
-0.257463318,1.648205496097639,-0.16048791,0.6233428162333501,2.8613278983598387
0.5609530341889623,1.6778506371978934,0.3415310399565504,0.6088407034830343,2.457519408089964
-0.161920586,0.050452584018319035,0.026549197,-0.163964308,-1.60088402
1.335246008474079,1.2986867893073177,-0.809060636,-0.605926272,0.2639654719427589
-1.389661661,-2.956785496,0.41398392039115306,-0.297902671,-3.393279777
1.9632762540352289,3.6369778434236157,-0.246681708,-0.125647987,2.180251223897516
-0.086923002,-2.085241415,0.1360846732539296,-1.565577232,-3.45137462
-1.996411559,1.324554060396284,-2.508035525,1.2562717910390804,2.6363335506619556
-1.111195047,-0.821423572,-0.96479166,0.8682469041563733,0.38938042652665444
0.7385134770905183,2.3821966455036927,0.20587372101278298,0.2787677238116934,3.3951198715612554
-0.982901015,4.095200963786182,-1.45221326,1.477476610428662,5.873266158554707
0.6117941463280111,2.155624719484786,0.094439771,0.1543652734813644,4.004330229132753
1.0838306839273952,1.1310151994999575,1.693830286316835,1.5628181702505695,3.2302584117346895
0.45755305451133343,0.9498643135722691,-0.132364964,-0.289288778,0.7801847876993799
1.2200032334391198,0.076205316,0.4435436515572573,0.36355940656561453,-0.585472549
-0.068694136,-0.770190744,0.022114993355158395,-0.321934224,0.031527309932414926
-0.944520457,-1.417783896,0.44187768450809123,-0.467832836,-3.456221753
1.2225157954982362,3.486497025400456,0.14780565102937998,0.12090285587610082,4.475067168976909
1.2568449117206693,0.26104517849745623,0.5236881025812424,0.416668833,0.7343731608711702
-0.196526179,0.9935498386115172,-0.014988147,0.076265398,1.0173334070322908
-1.686233258,0.7642537073234182,-0.596229172,0.3535864146767107,0.20470188029452563
-0.910764825,0.15811217104694092,-0.24404738,0.2679587230478957,0.6046259173720281
0.14764773488406768,-1.214345586,0.085867144,0.5815676356422731,0.22253146492563092
-1.584393894,-5.075124054,1.940698283564894,-1.224883718,-8.373307748
-0.660157243,2.7948021307947313,-0.984452805,1.491239874258763,4.011192933956245
-1.338875158,-4.706784513,1.6699365022884052,-1.24726827,-4.877600944
-1.877017415,-1.212796949,-0.789339208,0.4205284414924652,-1.344663742
0.790272662,0.9292941011915109,-0.343438007,-0.434581662,-0.433890574
-1.296933358,-0.031923278,-1.011756158,0.7801142226728232,1.558028536972182
-0.575468232,-0.316633832,0.7829150813421022,-1.360483583,-1.154810661
0.9975356057321834,0.5375030797069703,1.1106889873725392,1.113432925090731,0.02307234
0.5926857747447658,4.347674517356948,0.9320272848779779,1.5725487679864532,7.469239837336747
-0.871855262,-2.198441454,0.062548214,-0.071741512,-0.118140292
-1.71938155,-1.404906759,-0.214833542,0.12494814869581587,-2.743002473
0.10345108979748464,-1.331221047,0.16190023021452343,1.5649929887781613,-0.22871835
0.26927996689441897,0.37228614470414145,-0.138843735,-0.515611081,-0.210141519
-0.94154612,-1.337919823,-0.80717095,0.8572824347162522,0.032587495271749756
0.028385187,0.8496301620678244,-0.000981965,-0.034594294,1.0125556929597699
1.4704013808710215,3.122954344369796,2.4711074166764737,1.6805665778228964,4.886692238664254
1.1223765249540432,0.8430573121315945,-0.254428459,-0.22668726,-0.999726637
-1.20994547,-6.195392869,1.8810548099318867,-1.554660814,-9.379069786
-1.517201595,1.4900674390105009,-1.623142646,1.0698266148038549,2.497413293190988
-0.022830194,-0.358980271,0.000322475,-0.014124927,-0.349328466
-2.399937716,-6.160151054,2.0447008574618506,-0.851980801,-7.258217041
-0.456862566,-3.033477957,0.11768136650702801,-0.257585924,-1.612663501
-1.012185836,-0.758955631,-0.225781602,0.2230633884845859,-2.912920881
-0.021083954,1.8781413549384542,-0.008892844,0.421782551,3.1635496126296703
-0.484904222,0.21778976951014073,-0.21196206,0.4371214985842964,-0.280611276
0.8049314538534468,1.964493159659147,0.4180028349079466,0.5193023988649499,2.9825917854697535
-0.643063843,0.41234848508015015,-0.53483305,0.8316951046118886,1.973289153546756
-0.377178051,-2.555694777,0.47855974048627536,-1.268790003,-1.838524413
-0.198650985,0.8650302410221206,-0.170420433,0.8578886851441906,1.768766986261392
0.8597280107836969,0.020140019324690228,-0.115040036,-0.133809803,0.8961917840616195
-0.906728182,-1.955424474,-0.126669184,0.13969918051779362,-2.578318816
-1.401204037,0.12885458205098574,-0.998043135,0.7122753776839063,1.4177279294359353
0.3123570911942155,2.9216669722251174,0.4724313181702724,1.5124718839071494,4.293275163034482
-0.816600778,-0.618965934,0.5329748617162058,-0.652674937,-0.398559623
-0.318340026,1.1183208159181155,0.003099586,-0.009736715,0.7548300351995656
-1.786182831,1.2903243827866637,-1.977750666,1.1072498467258607,1.9875270972015815
0.090338967,-0.603722153,-0.08719916,-0.965244153,-2.022305513
-1.510539491,-2.023958167,-0.611538686,0.4048478639632003,-2.026594736
-0.79191183,1.6692015038114578,-0.671256489,0.8476404356585908,0.887097599
-0.608081356,1.7580307906524548,-0.948967057,1.56059226,3.723045239109592
-0.003730357,1.3712801932653813,0.000786215,-0.21076133,3.334533428469976
1.5031323473781042,1.4904718172866456,-1.002637098,-0.667031815,-1.067225519
0.4952776265603734,3.757096966755446,0.30631320334371015,0.6184676773530192,3.396655825560771
-0.996204955,-4.903060987,0.7868663270212071,-0.789863896,-5.851425491
-0.402017933,-2.826888186,0.34824053033085967,-0.866231333,-4.694788991
-0.372641082,-2.18774613,0.7491274247991928,-2.010318938,-3.837665381
1.1444353487062433,0.5589400064111407,2.6391548181349114,2.3060759361535035,2.0215527011927725
0.9233405702791593,0.9840333009417771,0.41122492848618514,0.4453664679348563,2.0112374309514505
0.11751996259240434,-1.557167061,-0.015825082,-0.134658668,-1.211818307
0.16155996344024262,-1.432162015,-0.127557509,-0.789536628,-1.740375346
0.29467254767586143,0.13188394964002703,0.33137019557124997,1.1245370435245152,0.6379057963624128
-0.310290751,1.4345120545064396,-0.120070391,0.3869609094376289,2.914980893986315
-0.489700569,-0.365210009,0.4116871093295154,-0.840691507,-1.179322311
1.0044252148415818,1.1454933764334088,0.7053845506935693,0.7022768248652765,0.6016891762789551
-1.164187243,-3.416589302,0.4947921441670413,-0.425010794,-3.801300461
0.7962452628870772,0.7828301410013448,0.17000232158999576,0.21350497078449224,1.6111771968472555
0.47679301810726094,2.3931829862913903,0.9379191862831999,1.9671411926426374,5.111640156108496
2.104587354408753,2.3373075907813265,0.25682416106654565,0.12203064915720542,3.1672697039511593
0.279403375,1.6841721546549024,0.002111424,0.007556902,0.7332986787445136
-0.240252726,2.368403753175963,-0.241757675,1.006264023949044,3.6144752566265774
1.2331012114991984,1.370690011294888,0.940461954,0.7626802609591243,1.4926957115321078
-0.207640519,1.1972439251958322,-0.341001163,1.642266957237226,2.910078985957741
0.6965852913612602,1.1388471243816127,0.9619063272699067,1.3808880824775365,2.2981445984895905
-0.831499943,-3.793295117,1.3907137759815147,-1.672536224,-5.660113426
0.7090154400637683,1.4849812740419175,0.5869931282334623,0.827898936,1.710976786610367
0.005944967,-1.962601236,-0.004295964,-0.722621893,-1.128249232
-0.590141984,0.2629905453464363,-0.579161071,0.9813927607159217,0.9789102783607269
-0.235370518,0.4693341754999649,0.072867386,-0.309585868,-0.590407231
-0.590406782,-2.565500789,0.4775280909852393,-0.808812001,-3.821514632
1.2552339403984447,2.0539125155619886,0.6120126118278969,0.4875685656122617,3.496479218426351
-0.875109998,-1.544694822,-0.385439851,0.4404473175479439,-0.97216453
1.143684784544182,1.3681598135545454,0.25083393908128054,0.21932086748994475,0.8533428663288704
-1.456787721,2.3117709545767267,-2.337405172,1.6044926376237632,3.336809741810013
-1.426627617,3.0140644002954433,-1.907514261,1.337079304398866,4.7306422589187465
1.1370161338603575,2.6401543955095965,-1.022274079,-0.899084937,1.8114885592584984
-1.686805062,-0.480880127,-0.414585589,0.24578156579520272,-0.709113505
2.1674839156594836,2.3602181653197185,-0.334079668,-0.154132478,3.023667324903514
0.8781364383340027,1.2232995924088743,1.351095330768578,1.538593858298229,1.8463871257263569
-0.284009829,-1.721164716,-0.043015641,0.1514582832118499,-3.758909688
-0.14434195,-0.135454456,0.13909837955768853,-0.96367258,-3.194790973
0.6208380527273415,1.3099649526395627,0.4153093929590958,0.6689496417538224,2.674178299621666
-0.218681665,0.5895046879870705,-0.179571678,0.8211556198183717,0.795474697
0.9448787617169733,0.9209212184669606,0.14211775967770607,0.15040846025521704,-0.602322693
-0.352483511,-1.829167805,0.4943254905816468,-1.402407417,-2.530155619
-0.730337333,-2.134780466,0.6453520455209226,-0.88363557,-4.909898766
-0.553343924,0.47255187956271555,-0.105295096,0.19028869975724644,0.7143161028427386
0.9584103541262302,0.8761746918027153,1.7878958755240486,1.8654805510256085,2.9525843677913617
0.588474034,0.9162432351362255,0.15950337614694207,0.27104573347022143,1.4801427534004339
-0.109786921,-0.884895643,-0.100405631,0.9145500161137579,-0.44862136
1.8983540123797478,3.0489458095055424,-1.629270119,-0.858254102,1.369612702015011
0.4185408620145072,-1.360689824,-1.090061624,-2.604432978,-4.083525204
-0.361688022,-2.205924066,0.36267071924974886,-1.002716975,-2.985006192
-0.102948268,-1.561622922,0.032816393,-0.318765863,-1.624516819
1.4229289976524635,2.621033653695924,-0.968489186,-0.680630718,1.5006697137488136
0.28823536884309403,1.848565632707893,0.2519549769725292,0.8741292853261369,2.8842466219321357
0.7729106394914609,1.8394398759089268,0.453718995,0.5870264579371541,3.2892029018643116
0.9919566226834711,2.013995681910461,0.3475138571905807,0.3503317072983249,1.869466909842453
0.26663624706745487,-1.531428669,-0.184130051,-0.690566468,-3.978368344
0.8842076895856633,3.0062464980807384,0.179645117,0.2031707241913052,4.1021862704374605
1.432326993179843,1.937170260730171,0.019219881,0.013418640479034141,1.7949750045219919
0.6754705952634051,0.9683934492887388,0.1487295650916988,0.2201865871506968,2.2111077912113655
1.750998948759756,2.952794886291746,0.052940608,0.030234517234217176,3.430491872676544
-0.683553099,-1.575790914,0.4293293814342799,-0.628084902,-2.516683768
-0.154075987,2.588312036681005,-0.361925276,2.349005072666992,4.976297373973427
-0.193800143,-1.148470215,0.075836619,-0.391313535,0.026605437376634455
0.3641905212412133,-1.386008183,-0.245848886,-0.675055696,-1.65013479
0.3647982855488218,1.5652911265705272,-0.136488541,-0.374147977,0.38778287690406166
0.2338559964296921,-2.018726107,0.031259064,0.13366800342831345,-0.805434283
0.24854876479247645,1.5913556369677635,0.459317497,1.8479975058253215,3.4708815558703283
0.19433422829751026,1.136074603062745,0.11059633842531713,0.5691037517899468,0.22776387496245531
-1.523179911,-2.723209766,0.19821396491540735,-0.130131683,-2.49198301
0.51326329,-0.640365754,-0.208344676,-0.405921639,-0.341785225
-1.23849348,-0.991801703,-0.063725533,0.051454072135085585,-0.996603248
0.9756799788652597,0.5951868417641659,-0.70130506,-0.71878595,-0.728766396
-2.176536063,-4.199421078,1.3550648927526843,-0.622578654,-5.896731908
1.7029049160004919,2.0596338331705044,-0.943005481,-0.553762851,1.1283786623903742
-0.038898627,2.1153414266820336,-0.038794268,0.9973171504810733,3.927368263503751
1.7407702655364732,-1.13743489,3.9630015784491706,2.2765793148631515,0.41243321444523107
0.290178516,0.6725081544094831,0.5213453248595845,1.7966365370550599,3.794733531345588
0.6255297658685375,-1.21154168,-0.381190964,-0.609389009,-2.181572361
-1.765798588,1.8368912498951846,-1.539636906,0.8719210202106079,2.9572086425724855
0.35820391797529755,0.42291381396820016,0.088871623,0.24810343562610698,0.8559712520192478
1.2774977503743328,1.6973931716367343,-1.133611049,-0.887368333,-0.267881645
0.8505042237977465,-0.438258525,-1.373948354,-1.615451536,-2.667943263
1.1334932037889165,2.539976457724419,0.13104146068277606,0.11560851026256273,3.5670455483290016
0.3308785512203744,0.042247754732380405,-0.232165019,-0.701662341,-2.856645373
1.0801211852159565,-0.398220499,0.046412491,0.042969707,-0.095300645
-1.145480922,0.20351342523194016,-0.33422708,0.291778827,3.1098909599797206
-0.648369208,-1.88111538,0.010686405,-0.016481975,-0.099589348
-1.803159485,-5.919789786,1.9395273784060754,-1.075627195,-6.734990359
-0.984547298,-1.443740508,-0.168873591,0.17152410225825832,-0.589456711
0.1356748671681149,0.536732901,-0.003757302,-0.027693425,0.030866686
-0.255672518,0.01726255,-0.213999207,0.8370051203330473,0.7040032973991138
-1.464874527,-4.058724352,1.315027705767091,-0.897706719,-4.861151663
-0.241294446,-1.567753997,0.23048787730515158,-0.955214184,-2.58881127
0.16668237535457742,2.3800199051024062,0.22122990218838037,1.3272543165872575,4.275129563220495
1.8375222267749112,1.442410667643633,-0.670963757,-0.365145927,2.230198413881756
-2.422966608,0.16726544518783396,-1.948489004,0.80417493,1.0235186887149195
0.5151285137325547,-0.593768868,-0.030253371,-0.058729754,0.026185611244270768
0.9290392068894583,2.9115427699383303,-0.578673123,-0.622872661,3.6211781909494034
-1.231293546,1.2341194949831475,-1.480753017,1.2025995115176946,0.22864044179213128
1.3497515514457534,1.3430460701979208,-0.257929907,-0.191094358,-0.148391572
-0.703339095,0.1327424944539093,-0.013205629,0.018775622662694703,0.45143302
-1.051772669,-1.803948543,-0.056074104,0.053313901,-0.67566841
0.42908724622024297,-1.466736623,-0.026672718,-0.062161527,-3.408063663
0.11694658127391322,-0.781184851,-0.040041966,-0.342395355,-0.268626655
1.5462981788324532,2.2124091215924704,1.5087578556635641,0.9757224552917508,2.4871443490739606
0.8922013859088596,2.5915972073834124,2.2583711490589256,2.5312347466916214,5.234943511766196
-0.625874367,-2.664630987,0.3359047099433428,-0.536696704,-2.708796271
-0.853661116,-1.05288178,0.13777287911454603,-0.161390599,-1.936200947
-0.653508956,2.913186450065642,-1.244265534,1.9039762528642006,4.354953828338277
-0.375829335,0.3060505208183981,-0.55632384,1.4802565647986212,1.7014036780746267
0.5655233191149055,-0.600251728,-0.906623633,-1.603158708,-2.181893072
-0.444283007,0.000403949,0.050638271946928305,-0.113977512,0.38030374506524767
-0.580370534,0.6682403183812027,-0.287496649,0.49536741094790243,1.3617365456777273
-1.549925138,2.6332016456442084,-2.08621972,1.3460132168230683,3.8261742816145565
-0.281291309,0.15628579252083324,0.012486274777146528,-0.044389124,-0.120418902
-1.004331919,-0.379839435,0.3528773542239398,-0.351355311,-1.466263839
0.8134739836140648,0.3764285318268703,1.1982888313894522,1.4730512044967312,0.7832861057161677
1.8493100643687213,0.4786986438936549,0.42317683663213074,0.22882957530249856,2.1640298063712815
1.0138915225046652,0.49050146044627196,-0.33062705,-0.326097065,-1.150358398
0.9770151444278747,0.086889093,-0.144259146,-0.147652927,-0.164851975
-0.079552236,-2.596392063,0.16379964025126498,-2.059019945,-4.581591334
1.2755578083474546,0.9609955375139649,-0.2984457,-0.233972697,0.8344664720754993
-0.872315016,-0.929492604,-0.536534991,0.615070222,0.5769274359991101
0.34416294509902534,0.5709414034222384,0.1391620782393303,0.40434939385845114,3.066778950451177
-0.599179685,1.3631731177495743,-0.318281584,0.5311955531615363,0.22225213124960752
-0.392677429,-2.532563836,0.42093640490393086,-1.071964859,-2.921016365
1.069728810662385,1.925024166354345,1.4060053994398587,1.3143568588839338,2.9066448878924054
-0.515520017,0.094890519,-0.149545029,0.29008578436949006,0.4203378936345673
-1.266861707,3.084381184123417,-1.695880288,1.338646736011275,5.302260403027593
1.046748162983343,0.3223143826858482,2.4932578195717885,2.3819079963472207,3.3574549882749807
1.2153317270541937,0.9443881712545633,1.7238333064386913,1.4184055826609903,4.472408679
-0.451922009,-2.038590094,0.10058374581393191,-0.222568814,-2.23167057
-1.631356549,1.3802252801113601,-2.488581743,1.5254677122227802,3.7578386022064736
-2.089091038,-5.052078064,1.3218359133247373,-0.632732557,-5.592158222
-1.219229092,1.1798840521831524,-1.414537154,1.160189797428154,2.079647671092221
1.3459415884221269,0.46655831178862806,-1.579519156,-1.173542128,0.03898946
1.7362348993863397,2.030855136765097,1.9788110310823592,1.1397138899706234,1.8476223364064719
-1.117595359,-2.525945487,0.6358669717932127,-0.568959925,-2.736301827
-0.019636235,-2.73082387,0.032789935,-1.669868777,-4.607728864
-1.506242007,-2.768110398,0.9569950989640791,-0.635352815,-5.08933842
0.35536824374830905,0.3799927913175055,-0.53029081,-1.49222903,-0.465581458
-0.305872304,0.4256240697888045,0.25000336915687305,-0.817345559,0.920670436
-1.321575661,1.8702671437346652,-1.41367087,1.0696859144039381,3.709114347344903
-0.446022809,-0.298125513,0.3168370829010175,-0.710360719,-3.10776549
0.8842581341385667,1.6830188476118888,-0.972405689,-1.09968532,1.8031226007458947
-0.11472562,2.289380324251155,-0.132015599,1.15070722,2.9215797113041444
0.47845842715987763,0.2966419594389659,-0.185182691,-0.387040296,0.065944803
0.44123470577983775,0.1784714971736942,0.18342417605128913,0.41570659254263653,0.2226420092429982
-0.657981212,-1.370620662,0.33820327039472486,-0.514001409,-2.212043417
-1.005859897,-0.243795412,-0.988436398,0.9826780062383607,0.8634624281626743
1.5804819949172273,-0.417964294,1.976506783517535,1.2505721608179714,0.9876829784363068
0.8467560805789175,0.7971564644534888,-0.317063157,-0.374444499,1.2500528877471708
-2.067365484,-1.400204134,-0.594937694,0.2877757700047352,-2.69622196
-1.230847123,-4.239260685,1.1643891429726378,-0.946006308,-3.611468334
0.8196355806667338,0.8222081028426327,-0.998371138,-1.218067104,-0.352680387
0.5190365302100104,2.2698055979054517,-0.044955856,-0.086614051,1.9782352275255002
-0.946663632,1.6898039743860727,-0.94200643,0.9950804040748358,1.5507382354957349
0.32343329322527425,0.3101698304278311,0.12790955722528238,0.3954743061537336,1.365267742530344
-1.560683557,-0.960912618,1.167084414645118,-0.747803364,-1.771605446
-0.706746004,-3.806351671,0.9627141741840868,-1.362178447,-5.120696758
-1.398080854,-0.071183395,-0.558881333,0.39974893515554094,2.5484733870263376
0.6965301693677194,2.627052717685168,0.6807152474122551,0.977294706,6.153863129037411
1.207647554374997,2.1810446350776007,-0.301897378,-0.249987984,1.319734509
0.18044940684560712,2.037517431435561,0.021390557204783642,0.11854046837120083,2.8533224287103662
1.0681852185698866,0.9057875142697603,0.5014175950701404,0.46941072236653014,1.5327129594164348
-1.245898092,3.3699835771494255,-2.551814728,2.048172916467379,5.324203707210036
-0.244239724,2.011319612653816,-0.040921556,0.16754668376326737,4.298726608876155
-1.29572901,-3.682035401,1.6623974281174438,-1.282982333,-5.833151237
-1.838391161,0.8202046621111242,-1.383521533,0.7525719024566635,2.081407166598636
0.3810326266378409,1.1870507431201844,-0.05860033,-0.153793469,1.458378628572309
-1.888508397,1.3580724932130654,-2.335127299,1.2364929392829973,1.6456670956921715
1.195075191419877,2.0548635837747034,-1.468727099,-1.228983004,-0.071229294
0.22564721134999902,0.3368764523329145,0.21235057718054978,0.9410733503423405,1.8637836885987977
-1.434452258,-1.269796304,0.17995831781569696,-0.125454379,-2.408698041
0.312224248,0.032177546161592685,0.033913534,0.1086191548726283,0.6746772202592843
-0.869524358,-4.738392603,1.0762889905966453,-1.237790501,-5.908821599
0.10663289591160621,1.4298027850687602,0.075574705,0.7087372505688427,2.1329489736243854
-1.823832857,-0.866384139,0.608086846,-0.333411499,-1.77963788
0.9669287278824238,0.7835684414403313,0.5130067951775954,0.5305528529502702,0.9740195365356106
0.2872759056753332,-0.603294424,0.15353390230963404,0.5344475442474157,1.9649241905388024
1.0627677611186201,0.13110238637352478,-0.166396762,-0.15656926,-0.699913316
1.1610714112357279,0.24509807963000219,1.069048137800693,0.9207427962272412,2.8342316920510404
-0.016315074,1.341169041,-0.00502215,0.3078226927518712,2.6432615357654896
0.7088132245921048,0.35406970164020724,0.086187724,0.12159440805834018,-0.658770064
0.7450194400506549,1.25941635,0.15261767605714685,0.20485059563918245,2.194903461165965
0.9515243826496618,0.8263459093297737,0.9094001639919465,0.9557297538288886,1.6710800774388734
-1.203412063,-3.448150019,0.5098782025177627,-0.423693777,-3.839447408
0.5897657255202212,0.027627458699064578,0.31827033,0.5396555212146615,1.0655889638745921
0.6601585588043468,-0.532647265,-1.004025201,-1.520884926,-2.10279019
-0.461773285,-0.832528332,0.1150046909532112,-0.249050118,-0.513242003
-1.490625454,-6.582392848,4.600765683686824,-3.086466604,-10.13523167
-0.720410118,-1.661997874,0.5099304522278423,-0.707833552,-3.483926605
1.4120547932634926,1.9235128517671127,0.1519370079698466,0.10759993783151645,1.7780928466620534
1.0031976644779073,1.769076949108484,-1.403533109,-1.399059387,0.4778377704253929
1.6643124594766996,-0.861739143,2.824969689434752,1.6973794033381153,0.4997585039438408
0.822444018,1.179675753999833,1.530093158694205,1.8604222606642349,1.8782006770168733
-0.432682161,-2.965998536,0.44658287468972846,-1.032126847,-3.143992067
2.428571444986176,-1.299250383,3.3420105961458173,1.376122000876462,0.7405316428445912
0.14247313130401804,2.021077822545261,0.2672475601724901,1.8757751565256229,3.862990764687699
0.3333995205982982,-0.951318513,-0.226733102,-0.68006427,-1.648268445
0.036958182,1.1445972732951337,0.033452412,0.90514225,3.346730815094989
-1.615245853,-1.610981731,-0.639439195,0.3958773176021818,-1.054516382
-0.375735616,2.4805814413340928,-0.335216988,0.8921618664641731,3.6250989523509585
0.11282738634856566,2.256802292,0.12184935070102475,1.0799625396318842,2.983179958310455
0.4442810818980789,0.027141426641051236,0.11520440779026915,0.2593052292438097,-1.386667917
-0.424164629,-4.992160364,0.787064613,-1.855563996,-6.706108863
-0.325391729,-0.774830711,-0.119058871,0.3658939693820727,1.3703583795551408
0.5867193443217891,2.8362185460463527,0.6913442578971313,1.178321909082923,3.9042482650032837
-0.638676301,2.257730430013548,-1.546273031,2.4210590403089456,5.846469484280917
-1.643735112,-2.623163789,1.217183657816357,-0.740498666,-3.791710276
0.23752492948155043,-1.830953838,-0.08171551,-0.344029195,-0.866775236
-0.652036996,-4.100030784,0.9046117813290513,-1.387362661,-4.213810151
-0.653059178,2.290088681,-0.998143547,1.5284120966738441,4.961513204
-0.137012541,-1.694256043,0.2861176938505769,-2.088259155,-4.811246271
0.7214589291934789,0.6741209954158411,0.7964846773091112,1.1039917105184405,1.1073301646954907
0.6831339151516679,0.6688494089934285,0.5676792858859865,0.8309926842966823,0.4911221323496979
-0.117254498,-2.300043163,0.1313430207716034,-1.120153369,-2.09350573
1.5412915784735743,0.752903894,-0.728307846,-0.472530867,0.4451336015078212
0.17995156414252936,-0.330517694,-0.307390242,-1.70818322,-2.914994544
-0.302634124,-0.233765525,0.10502390974624431,-0.347032609,-0.83192108
-0.113047919,1.0574198606845602,-0.105307984,0.9315340279239104,1.682736642896556
0.49654215725869216,1.155345062878475,0.23331675572142976,0.4698830750031859,1.5389771987912333
-0.059397044,0.49564029342392857,-0.127925295,2.153731680006334,1.2406926194172663
0.055609589,0.9476394814100088,0.080846706,1.4538267071870103,1.7986410452562756
-1.231303372,-0.771552768,0.7933916442656347,-0.644351069,-2.559576772
0.16858862377016307,-0.388524984,0.090577333,0.5372683575657188,0.13567726252205473
0.22225635685708667,0.652804251,0.6302643336550044,2.8357539130377787,2.461228873063787
-0.826745742,1.5343951984432014,-0.776065378,0.9386989716917475,1.4654278466940514
2.0921593840679336,1.625610343,0.5924354763116179,0.28316938031733685,2.5211854173813384
0.3992593769571979,-0.74669164,-0.428031338,-1.072063332,-0.121945553
0.00615196,0.6287418295267886,0.001892923,0.30769425600416467,0.5000816158558359
1.5940136246038417,1.5690843562525592,0.58403037,0.36638982315996915,3.2389801053657394
-1.119750038,1.5648805241205404,-1.967042969,1.7566804215787164,3.4286705491547504
0.6069230704659884,-0.665429482,-0.731209762,-1.204781623,-2.678034704
-0.812429914,-2.355297975,1.3061061381468202,-1.607653923,-3.830876847
0.537912789,2.1258557995694574,0.071719573,0.13332936968648143,3.7427133067940686
0.077724441,0.5162881404524129,0.029130059182702735,0.37478634308796555,1.3319180472193684
-1.01424672,-1.702220722,1.2541554203922582,-1.236538798,-3.540384853
-0.865546257,0.050565017,-0.700808056,0.8096714069552927,0.5371554279602847
0.18890460805631565,-0.530201959,-0.079459964,-0.420635393,-1.00618193
0.6808564412685749,-0.743797257,-1.053772084,-1.547715525,-3.541649133
0.30283147970076496,-1.050197809,0.09501859,0.3137672139989247,0.3481862028041116
-0.288964098,2.3797557295106664,-0.367213588,1.270793121544384,3.3724671133692867
0.8559843382866952,-0.188185131,-0.120515622,-0.140791854,-0.525475677
0.26085588903112444,0.9573328288174586,-0.054776032,-0.209985798,3.3057140743471596
-0.746391926,3.922087696836144,-1.065995532,1.428198103065714,4.884456658484166
-1.048855142,-2.700343176,1.1412361868380396,-1.088077983,-3.172037507
0.8411726692994519,0.43924385427727575,-0.852214321,-1.013126499,-0.54100309
1.0229207562053315,0.275423333,0.8661082320713323,0.8467012002809314,0.7801031978831309
-1.741746219,0.6552321671436891,-1.548409385,0.8889982756132137,-1.028624094
1.0185206276142358,0.2701905635142178,0.9694836743369791,0.9518547273881729,2.4172746817658806
-0.005090042,-2.331218535,0.004526948,-0.889373466,-4.095212031
1.9533579815994533,-0.694006457,0.9813883628939509,0.5024109109229268,-0.238126031
1.1036844696605985,0.512830586,-0.430646732,-0.39019008,-1.197476016
-0.765847179,-1.832782002,0.35280789323401096,-0.460676624,-2.199586273
-0.048632508,0.052150142,0.010170759047227288,-0.209134991,-0.202886825
0.6742236167986456,-0.946517191,-1.393086042,-2.066207721,-3.832623169
0.4830278417393073,1.5240660816041163,-0.286556457,-0.593250392,1.8411817751790482
-0.123821906,-0.197979576,-0.014576386,0.11772057623508397,-0.186611395
0.5811241708487078,-0.155794422,0.2881118828124406,0.49578368490793473,0.031607293709349726
1.3681306827748336,-0.522333839,-0.007933926,-0.005799099,0.9621006086363333
-0.078779573,3.7353800708300846,-0.183415211,2.328207745915548,5.081105742467875
0.032963572,-0.318527632,0.00472063,0.14320747811075218,-1.898122012
-0.634216371,-0.153262377,-0.574998837,0.9066288145350764,0.6125948349929032
1.2753201051094394,2.298564066048876,1.6455482713249172,1.2903021482467003,2.899813419458628
0.089106003,-0.315027965,0.027030251,0.3033493773683247,-0.279625879
-1.036571171,-1.506671391,-0.030227832,0.029161367063531247,-1.763987964
1.8784714192133845,1.4260665253615483,-2.206026156,-1.174373021,1.6064297500461453
0.8622873218403583,0.2527722794180043,-0.18548879,-0.21511251,0.4218215473507815
1.3913006058061619,0.3634256084707962,1.4676477526694058,1.0548746593975686,3.05567712
1.4007784969406796,1.6918132100705179,0.44169941806421453,0.3153242422188036,1.975504682763481
1.4299292051235704,1.224839530946541,1.8405434366105882,1.287157035478224,2.739083403803409
-0.830359257,-0.633549895,-0.438496865,0.528080901,-0.826628439
2.4249340560228765,9.249092925185913,-8.133868127,-3.354263637,7.236432675104719
2.269851258141497,3.0362200293210124,-1.976494336,-0.870759407,1.9685757769064178
0.9455830563416187,1.427760000375651,-0.581772887,-0.615253079,0.8556699189587378
0.6613623976831049,0.7146477710295965,-0.623342745,-0.942513132,1.5066896767306628
0.23884027794095708,0.3051643152330489,0.1331869451899061,0.5576402202263003,1.0314093499898658
0.49130032384667327,1.8049160145557674,0.9895103764778751,2.0140641649295654,1.6548372843517507
0.2867563385189225,1.0418833936000296,0.061115902,0.2131283399535394,0.026029203
0.43662434594154353,1.348698967799644,-0.603213518,-1.381538899,0.49775611915465634
0.4880001979589815,0.46524628353944186,0.12914722265325818,0.26464584070540387,1.7180059266506262
-0.261310958,0.9261215856519177,-0.165406961,0.6329889977597425,3.1621578983451597
2.5412343034748446,0.5401095626085235,0.8234683062183941,0.32404265324625764,1.4266247740779225
1.0110414200594968,0.29143384210613066,1.4701779622601554,1.4541223861764632,0.9906346724696189
0.36777421513746555,1.9600979059159465,0.18336560639757563,0.49858200724876206,1.846916451513343
1.4845279478926299,2.8493704407814273,0.7143411050274321,0.48119074217597524,3.037715871714964
0.8777587243568106,1.2788824768854248,0.7776861806961352,0.8859908299584206,2.566293630035025
-1.500213257,-2.269529902,0.5150353813267401,-0.343308112,-2.467557102
-1.405941817,-2.663455605,0.6128825772113159,-0.435923144,-2.774605215
1.4853857283124627,1.1885458464074816,-0.182098878,-0.122593663,1.7628768855726142
1.2389281232144342,1.3427701769596891,0.611490376,0.49356404530028175,0.4106280612386022
0.7562274022342049,1.3003173949952924,1.1161156070239153,1.4758994499887912,2.488983195294591
-1.087881604,0.021535901780676103,-0.26738589,0.2457858368710027,0.9843752625631677
-0.282838957,2.132770049151423,-0.096866569,0.3424795873567823,3.100360623570035
-1.204713576,-2.338125782,0.028605974371969056,-0.023745042,-0.999760175
-0.144296761,2.189258044167287,0.030703411763574225,-0.212779632,2.224257303519021
-0.469584425,2.259430865966947,-0.80674161,1.7179905591881124,3.857948077
-0.486322434,2.3773597701840417,-0.464897987,0.9559460038080899,4.897250401996502
0.7527713628433196,-0.275787679,-1.527315742,-2.028923811,-2.422887999
-0.482740553,1.111318682,-0.588684713,1.2194639721722447,3.5715143337002173
0.9797690536615393,0.5382352049533912,1.2242289134773994,1.2495076353986463,1.8507422657675443
0.7118430027244895,1.205243286158404,0.099306581,0.1395062970451729,2.3579826291292285
-0.237984528,1.5031380140259065,-0.229062788,0.9625112607484384,4.121552100670488
-1.126331432,1.841727664574225,-1.152381893,1.0231285931030016,1.6095727807771611
0.3211331905882515,2.4063837128933625,0.39674746814235917,1.2354607987283952,4.058033036438624
-1.19475546,-2.279189941,0.7529632627809432,-0.630223747,-3.556202898
0.42948616237060805,2.4059573392011897,0.294417079,0.6855100459441821,3.705078992640817
-0.130894484,1.8993173664390153,0.077263216,-0.590270988,0.5466197392434978
-0.865582327,-2.461478702,0.4862641054949424,-0.561776841,-3.31022555
0.8479709474085662,1.532495683006025,2.1283860605600258,2.509975214439198,2.352348062475352
-0.967910159,-0.233877029,-1.027223784,1.0612800940803628,2.2198010184183694
1.99845033,-1.432822823,3.6709309783615227,1.8368887746389566,1.2896080453938095
-0.771617935,-1.584718528,-0.076763197,0.099483428,-0.311376618
0.5763775896054806,0.4001104015905661,-1.012930851,-1.757408458,-3.135786704
-0.347315898,2.1155456910300097,-0.800994574,2.3062421840279574,2.833241207282815
-0.553499662,-3.290888118,1.0318869397064108,-1.864295518,-6.482322723
-1.071866089,-0.825787142,0.23089150117647808,-0.215410771,-1.464719025
0.14700231560017588,0.23172273343337446,-0.039690824,-0.270001354,-0.211590321
1.4716831830381039,0.5552633948562381,1.096406434477305,0.7450016736713078,1.0142717625715738
-1.042130791,1.8195008746581611,-0.805111941,0.7725632403442118,4.838591239072901
-0.288623742,-2.049908259,0.5829862018509805,-2.01988304,-4.021385899
-0.699999213,0.2259627247113993,-0.29826991,0.42610034995655766,0.3961658747884299
0.4853602708357532,-0.871622676,-0.760520035,-1.566918599,-2.414384139
2.5620346335354203,-0.270496882,5.034261268723423,1.964946610333878,2.549265117303681
0.9319721589609147,2.096113469380703,-0.512753165,-0.550180775,0.36597238915629116
1.350850629670511,0.532339919,0.618741825,0.45803866946583555,0.7585017803059052
0.3937569711413099,-0.666210179,0.24436000558850052,0.6205858524363892,0.098947827
-0.606534875,2.377812901,-1.397862607,2.304669796724055,2.4490877823518065
0.7067658184268634,1.485638317218811,0.11286675601323863,0.15969470094699856,-0.191773032
0.069205971,-0.315077538,0.030836624821356105,0.4455775175387452,1.0276183898219944
-1.313352376,-7.627887592,3.658539620087046,-2.785649675,-10.22417034
1.2650390584453122,0.7809081614679632,-2.128540298,-1.6825886,0.36203747526819874
0.9679994279316549,1.7008880847577499,-0.318104173,-0.328620208,2.4137284924546933
-0.054284836,1.095173964377898,0.008434259,-0.15537045,-0.245552819
-0.134469138,-2.367858172,0.2825892332504429,-2.101517406,-5.303349693
0.8215758371108172,-0.415762602,1.0698454219349123,1.302187057614996,0.7776316045449878
0.802812556,1.1844764407452404,0.31989237446499663,0.3984645883477809,3.1869569624576446
0.44025088393863016,1.405203954624573,0.36305904100745334,0.8246639683250763,0.5441802485572567
0.5961970537561236,-0.795385809,0.031827696,0.053384524,-0.181180743
0.7859650790195776,-0.328532396,0.11258240986178915,0.1432409821594438,-0.536484234
0.006843823,-1.431528091,-0.004370084,-0.638544334,-0.830810935
0.8918831069117755,0.718175373,0.4436129361580898,0.4973891003431369,0.7832806062579949
-1.388870192,-2.479658488,0.976989514,-0.70344192,-4.897541382
-1.071669286,-1.518999092,0.6933620865906619,-0.646992589,-2.844789166
-1.888981897,-3.058631296,1.2145277207688752,-0.642953605,-2.575033379
-1.320900287,3.330205718505729,-1.72325437,1.304605947096653,3.9964984891670445
2.0319129126257534,3.157941018926056,-1.482795677,-0.729753558,3.192396237555058
0.7518456532109707,1.3279731610814731,-0.837243302,-1.113584017,0.20386608882254326
-0.308011474,2.5423404672030063,-0.278637203,0.9046325412152036,3.9910640523602345
1.021497845859373,1.2888921557325224,0.7125466156599618,0.6975507765858335,1.298009406
0.1498727561716413,-0.833162211,-0.206043599,-1.374790218,-2.337397192
-0.487096033,3.4851319535813805,-0.646006398,1.3262403179245568,3.8359382753372206
0.8488225306278955,1.4044339284632656,1.526451452485482,1.7983163705095424,3.0446617403612817
-0.511173491,0.8000751014750944,-0.819027427,1.6022494157131395,3.853580043374656
-0.151552015,-0.919025211,0.21794580651582846,-1.438092433,-1.77923039
0.6665261159145637,-1.053108237,-0.625992547,-0.939186825,-1.045976906
-0.620583658,0.4620665227649351,-0.609527558,0.9821843515144003,2.602626357419264
0.1915079335440952,1.0296101960008777,0.12408800985084359,0.64795232,1.228184930126486
-1.154303833,-4.18331,1.7256277904360056,-1.494951105,-6.002876745
-0.74073763,2.353070823566349,-0.782123309,1.0558709017800003,1.880844130249086
-0.899860199,4.369759878099904,-2.499955706,2.778160105448938,7.715439040066692
-0.765335601,0.35342270843486007,-0.482404652,0.6303177998111285,0.9186399560264301
-0.917487099,-3.366738459,0.23157852997424574,-0.252405217,-1.715784379
-1.99666996,-4.591608341,1.200103264778637,-0.601052397,-4.497582921
-0.298366655,1.1503927882089506,-0.098618708,0.3305285828650944,1.0552816277258812
1.1968948950766818,0.6143870757382067,1.1327906207538572,0.9464411832763998,0.36680017536828924
0.8668523641739758,1.4238847422305945,0.074362153,0.085784104,-0.268244068
-2.542258471,-0.603221493,-1.834208497,0.7214878102724706,1.283877306973065
-0.086403489,1.4103890584702623,-0.14847179,1.7183541194651997,5.199019209637925
-1.233828409,-1.43859859,-1.011188202,0.8195533465876064,-2.614150288
0.14621917017641342,0.898707994,-0.026493288,-0.181188885,1.750275442703526
-0.850727863,-1.813286144,0.4628854200374839,-0.54410516,-2.750377155
-0.091164087,-1.083792032,0.005799677,-0.063618006,-0.367973402
1.1272317559134732,0.37335518096051956,-0.371341155,-0.329427514,-1.127247234
-0.36142004,0.056707808749197605,-0.105688895,0.29242677,0.7291820110503349
0.858426618,3.117828844622181,-0.48996618,-0.570772352,2.5903605032317643
-0.288361491,-1.501630399,0.085297566,-0.295800823,-1.835310478
-1.181561099,-1.923721774,0.7212250012232503,-0.61040009,-0.494626913
-1.196348324,-1.626201992,-0.612756769,0.5121892648389663,0.30423617361792354
-0.108313954,-3.448799845,0.1683093104072447,-1.553902381,-5.738264989
-0.182957949,-1.922932318,0.20079674777120354,-1.09750218,-2.356954718
-0.402253355,0.19520849145842023,-0.359157631,0.8928642290297196,1.4452684341335313
-0.254270624,-2.378009462,0.2651152356803124,-1.042649882,-3.5410786
0.4877673219788294,-0.783559719,0.4299006585730169,0.8813642062550389,0.2396265488195743
1.2270097706217884,0.6876875855004536,1.744078923563818,1.4214058969391943,2.068961863055144
0.7129652438771273,1.8011354726724007,0.2623945079359671,0.3680326778750918,0.23034323450521366
1.0660847099479058,2.613771916715191,0.2788181548717746,0.26153470945606094,2.4649647991313164
-0.785917456,-0.628356972,0.6982430931728917,-0.888443294,-0.360334692
-0.287176217,0.23716820429701557,0.15880981280377388,-0.553004753,-1.014955597
0.35473137890234874,-0.043483297,0.19477351356886585,0.549073257,1.6426165602473983
-1.26155989,1.3141755827147017,-0.760276767,0.6026481762639789,1.2248750588834887
0.3970761082166356,0.42752033605875406,0.6745738431513946,1.6988527619580744,2.727421696565949
0.5320764100451909,0.24780111557409915,-0.406674235,-0.764315476,-0.77080441
0.5970425600188154,-0.255533457,-0.584116622,-0.978350055,-1.255327649
0.14425588921671592,1.004676358373198,0.089537794,0.6206872679006094,2.514255893100364
-0.267565992,-1.044208937,-0.056949509,0.21284285419372775,-0.320792709
-0.119246855,1.720865553488843,-0.054795056,0.4595094469323289,0.9877933848358442
0.6115669654174707,1.662967054396596,0.046396978,0.075865736,-0.404323124
-1.019791573,-1.694860035,0.6617350713087813,-0.648892469,-4.168912878
-1.76772811,-1.741099801,-0.412208308,0.23318535573632296,-2.515321302
-2.012607947,-2.463719277,0.48657310850946356,-0.24176249,-3.394754618
-0.989051167,-2.514902026,0.31601799488849314,-0.319516326,-1.499759669
-0.626186952,-1.219302901,0.001682193,-0.002686407,-0.620320246
-0.340901827,0.096786806,-0.18253722,0.5354539203329187,-0.236373561
-0.0340324,1.6815771766101537,-0.050155835,1.473767193169903,3.473083522454918
0.14789543240570688,-1.997730929,-0.280399841,-1.895933067,-2.261035902
-0.955490663,-3.545921282,0.7188541526905615,-0.752340321,-4.488976467
1.0483465170981898,0.4564971983645594,0.6112553836621065,0.5830661653305759,0.9752734910629591
-1.234535249,-2.431456423,0.2559257046720403,-0.207305304,-0.914265544
-1.117639454,1.844825199619906,-0.943052072,0.8437891743362654,2.0488496344235596
2.1104133065768442,2.327357459495643,1.2122356007666293,0.5744067273404909,1.9900077803029526
-0.538099865,4.685575964897807,-1.23430846,2.293827858322329,8.158229552205885
-0.520335459,-0.154765695,-0.110613533,0.21258119384840082,0.040915641
-0.045390629,0.8556125833942528,0.006195041,-0.136482815,0.3746727782339542
-0.028759776,-0.984551404,0.081760041,-2.842860895,-3.837457274
0.22410109015189678,1.2231777855028576,0.25843938489803536,1.1532268081465553,2.0256520586847335
-0.734834217,1.8745070947656033,-0.608940817,0.8286778199867278,0.5525582886495233
0.397735742,-0.599101785,-0.163076755,-0.410012826,-2.683327232
-0.535336801,-0.047811342,-0.079841366,0.14914230770130815,0.3519306727991253
-0.666614793,-0.391101391,0.42559594193637457,-0.63844359,-2.22693577
-0.245131544,0.20504699726056086,0.25093243968594797,-1.02366442,-0.635189565
0.12677582386922684,-0.196791041,0.011393389,0.089870359,2.2675162798923427
0.3567529204226114,0.6119374099958855,-0.260544081,-0.730320808,-0.661508897
-1.494205939,-1.148839961,0.3176925305624382,-0.212616295,-3.064151801
0.5325932029377238,-1.266043258,-0.110483208,-0.207443893,-1.85019718
0.17106309314525323,-1.365112263,-0.422428517,-2.469431068,-2.21755859
0.5388367776280457,-1.048383109,-0.384701244,-0.713947637,-2.545639596
0.9819769677416554,1.0429767381133774,2.4878547693573285,2.533516417476554,2.9938308885785037
-0.143670767,-2.342968731,0.3025926748900225,-2.106153406,-4.270473845
1.222823149316197,3.2889617499609596,0.6114474580870016,0.5000293447412434,2.4213760710818324
0.4903059637488284,1.0276351554572187,1.714879642,3.4975704333619126,4.062558475843439
-0.691436304,-0.26579464,-0.164894735,0.23848145400946777,1.901660445783516
-0.341050562,-1.567888,0.3244997277459074,-0.951471025,-2.416460405
0.49567880748200377,-0.155572491,-0.377751467,-0.762089202,-1.267471638
0.22886059158005218,0.519762262,-0.022876304,-0.099957376,-1.054751416
-0.576328341,-1.278809163,0.4417136398567424,-0.766427067,-0.008009516
1.2191085804958637,-1.600875404,-1.704543305,-1.39818826,-2.906686599
-2.727118774,-2.617567645,-0.309264194,0.11340327251704259,-4.211583933
-0.330741842,-4.195214083,0.40735316806625854,-1.231634816,-5.277700014
3.6420072087880984,3.7902785675486683,0.062670338,0.017207637095136247,4.118336170367861
0.9679567720064549,2.1282375898349617,0.7614625817316429,0.7866700288208377,3.127710793766017
1.8050660591019114,0.7238736290099181,2.7863791196493515,1.5436438492648188,1.585484616711336
-0.792028258,-2.428664449,0.7095026539755453,-0.895804722,-4.190797774
-0.364858006,-0.151273647,0.10004244990554437,-0.274195573,-0.024405969
0.21196433438859444,-0.089288977,-0.259141676,-1.222572072,-0.003059396
0.39629562173495647,1.3365413272919584,0.20893727620594774,0.5272258000006004,2.760471025850175
0.39960688524720317,1.2440366854320173,-0.612379617,-1.532455118,-0.179242851
-0.674699526,-1.473319761,-0.104013899,0.15416329064886986,-1.168391375
1.3751457791761643,1.1649860734881226,-0.135804034,-0.0987561,0.3400848411135422
0.025905212074601985,-0.30076946,-0.039562426,-1.527199476,-3.038476748
0.7637835262686843,1.5608735438111885,1.818293150682316,2.3806393934224177,2.697472922356494
0.008728951,-2.746269389,-0.022201074,-2.543383781,-6.042525572
1.4417203849268099,0.088372342,1.1409775225353829,0.7914000068697825,2.897852754057656
-0.997150597,-1.094841437,-0.400499482,0.401643927,0.4265312265175841
-1.11046479,-5.413363932,2.3720263210050843,-2.136066215,-7.113528355
0.6013629808825147,1.3882006709785393,0.3067691114654105,0.5101230391921023,2.4260423234220347
0.5089600527742855,1.3763606805430284,0.4316404089889581,0.8480830796761623,2.740998919473234
-0.527674435,-3.162633635,1.0766090527157774,-2.040290342,-4.884546844
0.6945160679209228,0.8633839391285296,0.085335466,0.1228703978988988,2.2343491489640264
0.4965356688271606,2.3954405810221044,1.4260442792256278,2.8719875907283923,6.810344442418498
-0.626481258,-1.785853617,0.6623563246215453,-1.057264389,-3.157302654
-2.068208591,0.8527371791809237,-0.735348205,0.3555483757678791,3.308028602793527
-1.24272465,-1.888937019,0.719673287,-0.579109207,-2.685358502
0.3398303950250848,0.2706607697260159,-0.258554102,-0.760832774,1.167243655616221
-0.989490462,-2.141380316,0.20821121210118232,-0.210422657,-3.636707681
0.8637967798277383,3.372271165706092,0.35262987962586106,0.40823245450878376,3.9359714473750396
1.778620715610729,-0.136726042,1.0433036503296598,0.5865801748358802,0.5555118433578716
1.5198100238631107,3.3914262203422343,-1.390391734,-0.914845745,1.9126390101744994
0.7378937088640559,-0.258950603,-1.967867395,-2.666871084,-0.775039284
0.11408772270335456,-1.779941561,-0.05911988,-0.518196686,-1.978362022
-0.929683992,2.7482177035912985,-1.402064545,1.5081087310161145,5.189958078043219
0.015518672036614835,-0.09582625,-0.007678646,-0.494800456,-1.45391501
-0.160009857,0.9642531368717715,-0.0762802,0.47672188350252825,-0.033259431
0.36505924664667067,0.713639426,-0.155413301,-0.425720762,0.5741462525036733
0.6869286299161778,1.1064760796208133,-0.357231032,-0.520040971,1.874217632205101
-1.624718101,-3.611325722,0.9253631189659489,-0.569553031,-4.826658127
0.743734457,0.6598939030124262,-0.159051083,-0.213854665,-0.087288366
-0.348795674,2.419727067291265,-0.464005356,1.3303070843671516,3.627154303812621
-0.160765556,1.0104636753900773,-0.068639532,0.4269542128471373,1.8803750375477977
1.343775685174535,3.2239632029363645,-2.150309254,-1.600199555,3.2978290474625176
-0.620605816,-0.649959909,0.2692536856666109,-0.433856207,-1.218473131
-0.415599872,-0.915751493,-0.16729241,0.4025323915249821,-0.396876358
-1.625617218,0.32355966963834715,-0.877498942,0.5397943208871088,2.151653106650239
-0.257530482,-1.472504498,0.2048903813090037,-0.795596621,-4.911552
0.10308532336690862,-0.555194561,-0.036220245,-0.351361804,-1.047076471
0.5527116130809452,-0.129435135,-0.370034612,-0.669489482,0.1641638373522889
-1.14102624,-0.713312673,-0.685603564,0.6008657292665818,-1.293007175
-1.458494849,-1.493715167,-0.600097306,0.41144972621756687,-1.039049987
-1.095771837,-2.261831009,0.3607330462001448,-0.329204524,-1.601422898
0.334166229,0.1933725944963013,-0.253675845,-0.759130706,0.1461442491435514
0.4053932029618714,0.34740658402013685,-0.089198512,-0.22002962,1.2422333913208181
-1.117768842,-5.547645474,2.1204076932890183,-1.897000179,-7.074535204
0.2328852447509352,-0.044967143,0.042907569,0.18424340056705532,0.2622170603651054
1.7711156398135794,1.4694969861827807,0.763298795,0.4309706143285956,1.396224635520613
0.093711084,4.029998501218229,0.16306095583251604,1.7400391529749704,5.147404745331257
-0.048739225,-0.50062679,-0.036917222,0.7574437590184859,0.8842821145093928
0.7316342809528662,-0.111642973,-1.119815513,-1.530567309,-2.774671408
1.3874113147083862,2.678378097450919,1.6092026114781965,1.1598598010687462,2.860540202277169
0.24219645924820907,0.2684337,-0.094576469,-0.390494846,-2.000323471
-0.631486595,0.9311222635287619,-0.453363994,0.7179313021979233,-0.194816966
-1.457181853,-3.073026038,1.1939330627033735,-0.8193439,-3.945959501
-0.717899207,0.8047941980981324,-0.296590721,0.41313699507945956,1.2463729027369144
-0.524818747,2.887871293034656,-0.664333806,1.2658347474173428,3.717457261068565
-0.878540525,-0.700474117,0.5756049254882609,-0.655183124,-2.762523778
-0.410085535,2.1198847452955447,-0.608799157,1.4845662793892267,4.317389312071155
0.10500829908817964,0.42986340166500614,-0.078571446,-0.748240345,1.0633063029673893
-0.387379585,-2.327503794,-0.043531313,0.1123737935551892,-1.624264274
0.13649154219072826,2.1020340569064095,0.14066540577370332,1.030579649962066,5.815321056394378
1.0341587009810862,-0.03593432,0.2124870262307196,0.20546848953563637,-0.703795926
-0.089421316,0.7726046346410295,-0.15028444,1.680633288721808,1.5689473376885688
0.3580562725595034,-0.853208574,0.16380543461393196,0.45748516969971537,-2.355607996
-0.927853097,-1.786885549,0.14097271165302938,-0.151934301,-1.9544148
-2.197899166,4.570816966756735,-4.164061563,1.894564421997929,6.637673916541248
-0.982418538,0.40789524039392067,-0.607071759,0.617935977,1.6226775382436818
-1.516517185,3.0076189296296776,-1.029794513,0.6790523199418735,3.938688704833308
0.3249380378678013,-0.665383403,-0.009736042,-0.029962766,-1.730278002
0.8341011530189937,0.33037917784818005,-0.380939271,-0.456706323,-0.492037955
0.7483797352764772,1.737993763424961,0.4261222064990835,0.5693930319233715,1.3146404174654498
0.14341950225947603,0.6935628490312831,0.029774634,0.2076051984118818,0.9480788657235764
-0.68454274,-0.755363077,0.4345074835433735,-0.634741205,-3.04261666
0.1153290542105259,-0.734274484,-0.032261523,-0.279734568,-2.049125975
-0.472265018,-2.951373172,0.6350222716669284,-1.344631186,-4.051457204
0.009395581,-0.099842912,-0.000175582,-0.018687695,-0.225238473
0.22794152913311577,0.081311009,0.020263716260959058,0.088898747,1.7347668808181886
-0.09447767,-0.224101498,0.014421182604806923,-0.152641175,-1.688345849
1.110075393500611,1.3027711161827167,-0.272986281,-0.245916884,0.14044035663222398
-1.394172578,-4.728484586,2.2917692771489473,-1.643820366,-6.499629728
0.2884956774602197,2.7889101258976203,0.5156885664700003,1.7875088147242966,5.725338226078627
-0.75514837,-0.420302225,-0.150665418,0.19951763694988334,0.914802789
1.2339036951281395,1.308112202725442,-0.080501617,-0.06524141,2.660750272027153
-0.445282185,0.5288574129949907,0.13438942533788314,-0.301807326,-0.866076572
-1.201668411,0.9658333536417317,-0.688593518,0.5730312218011505,2.3846707398704106
0.3958894748318495,0.49922298127701803,-0.005246115,-0.013251463,-0.281993603
-0.205091275,-0.177121471,-0.0290927,0.1418524487514688,1.5430167931994072
-0.404230224,-0.638800167,0.2863628066558497,-0.708415131,-0.170656603
0.041566122168569294,0.7658272508219707,-0.006750573,-0.16240565,-0.043181483
0.15067264679795092,0.7301534970674151,0.16104261320641372,1.0688244789538257,2.0118507963126144
-0.498818964,1.552333700947928,-0.04686703,0.09395599,1.5509233419766086
0.4849827989144013,-1.869413327,-1.034970851,-2.134036203,-4.082504128
-0.049656766,-0.569099672,-0.036622287,0.7375085052006171,0.8233174155222318
-1.989997207,-4.256823127,2.829762430471077,-1.421993167,-7.33425173
-0.135058511,1.7676362763283406,-0.225001614,1.6659565693149958,2.7797992941677236
0.7282043052159569,-0.588815429,0.3109160296721509,0.4269626359596231,0.8952423013605293
-0.99261019,-1.873677471,0.1189456607735207,-0.11983119,-2.470209155
1.3178030990242486,-0.717247752,0.26502199249238206,0.20110894616093586,-0.956811746
-0.137676936,-0.012164675,-0.016718265,0.12143112530394588,-0.178263185
0.3078735799405355,0.12809072344271186,-0.080462917,-0.261350509,-0.699871055
-0.286203658,-0.859406531,-0.209904372,0.7334091189813373,0.9728115824957811
0.16205974850120802,2.0880164519322437,0.1913073751011392,1.1804743427681745,2.3013481783748646
0.1462538615112917,-0.980617764,-0.008685025,-0.059383216,-1.748434391
1.8940925104310444,0.2225399293413477,-2.174358145,-1.147968292,-2.234990462
0.5280612549763186,1.0587776238460855,0.00332932,0.006304799,-0.274490356
0.2684048395332873,-1.847892139,0.20519322001255103,0.7644915060747374,-2.68319618
-0.981435594,0.6288258878051844,-0.299213523,0.3048733154490601,-0.314700887
1.3787423420518605,1.1125415258781268,1.4816213037350128,1.0746179750525733,1.7447247569184603
0.5526382593766869,-0.014891191,0.49040856987679476,0.8873952564013934,1.2147391704167316
-0.473942658,-0.743689521,0.39997396287603043,-0.843929019,-0.290759686
0.5849986278026861,0.043781256189252576,-0.922069176,-1.576190323,-3.853804107
0.6531100509090612,1.7923295139502962,-0.160019653,-0.245011775,0.8659685349171675
-0.998234972,-1.690289875,0.33813967542540396,-0.338737557,-3.698081387
-0.732651041,-1.426252722,0.344559675,-0.470291662,-0.58016137
0.3540530181385993,-0.93117804,-0.514877046,-1.454237134,-3.585682102
-1.925564534,-1.767159041,-0.277941833,0.1443430373025084,-1.789835638
-0.68976035,0.49279956688365945,-0.401935468,0.582717561,0.897944526
1.4277924594634568,0.14011142673231558,-0.529788059,-0.371053969,-1.411693271
0.156321142,2.4378263545325853,0.074481952,0.47646755081124303,1.847806374101663
-0.138035284,1.3328590698194283,0.004975323,-0.03604385,1.1226944844264903
-0.467456171,0.068655986,-0.080614873,0.17245439902516793,0.7426872587959934
-0.908684578,-0.719812034,-0.392386031,0.4318176414442094,0.23531830222049788
-0.831244124,-4.264608039,0.9565615567133416,-1.150758879,-5.426803757
0.5261209365564868,-0.102461282,0.15279251957219864,0.2904133041582429,1.289060383314941
0.070980542,-1.06230492,-0.072820366,-1.025920123,-2.145567116
-0.756688299,3.821699806951556,-1.324578447,1.7504941573698811,6.932058481172695
1.218285243406446,0.9307077864005369,-1.100440229,-0.903269768,0.7481962254874526
-0.984057297,-2.04029836,0.7331361503212247,-0.745013682,-3.148030318
-1.248882727,0.089875899,-0.976064691,0.7815503171722764,1.3194594056542799
0.5645467237164921,0.8743968428397194,0.5528307997764961,0.9792472023168103,-0.385348581
-0.229186657,0.35279584116783635,0.008684952,-0.037894665,-0.244640295
0.8864924692275677,1.2629689789406404,-0.528974022,-0.596704473,-0.315238513
-0.791015886,1.1765779926703563,-0.237823812,0.3006561762912686,1.3031014658029052
-0.392763156,0.5454621622322989,-0.109007859,0.2775409488528237,-0.297149269
1.879923804335696,0.40886208149762204,1.7262815826016638,0.9182721015715185,1.1141657302575185
2.0435832920135635,3.368928315647343,-1.795174324,-0.878444412,1.5611305351890237
0.5118765111776068,-0.145375125,0.29549917518981894,0.5772860616518678,-1.45951447
0.23024628053934537,1.3134966158150667,0.3493067993245367,1.5171007258240847,3.276041141505361
-0.532277766,3.567453747432025,-0.675674721,1.2694024888470492,5.850964848311337
0.36668362460895876,-0.777102466,-0.125435146,-0.342080033,-1.942139286
-0.933743912,-3.887407637,0.43435468118198595,-0.465175382,-6.157506571
1.0797381925536982,1.3954521819504937,-0.269576333,-0.249668239,3.495397011917878
0.3105246726488282,0.21490522696370498,0.063422536,0.2042431453956487,-0.264994358
0.8174018460802914,1.0969200719054637,-0.810278202,-0.991285016,1.074142622887536
-0.280665292,0.6591820166291706,-0.115863159,0.41281612927171907,0.5023128662793327
-0.371791992,0.7506773379118356,-0.56671279,1.5242737931201313,3.0957583660566677
-0.215071297,0.42763859020007144,-0.084525282,0.3930105202261969,1.304376230388021
-1.491266226,0.047770123701606604,-0.489413416,0.3281864816555162,0.6860652894862399
-1.119872029,-1.226024147,-0.783674824,0.6997896222008083,2.0553231666509104
-2.071328483,-0.146387931,-1.23396311,0.595735114,1.0028343433037545
-0.816508504,-1.741099283,0.6603727475840538,-0.808776326,-1.776795808
0.5827665201690764,-0.438279619,-0.442096118,-0.758616191,-1.77976965
-0.186230798,0.3435564031318051,-0.037123043,0.19933890279278416,0.36108612582775956
-1.383757197,1.0778149662701555,-1.634201258,1.180988442672515,1.9345258788210464
-0.420562636,1.1730932461134773,-0.274420525,0.6525080962220846,1.7612534646232711
-0.882816284,-1.266095549,-0.359740354,0.4074917511932179,-0.421535952
0.26663724510347936,0.7530467074312444,0.1850434678762402,0.6939895730036763,2.0713107845117746
-1.716291433,0.8479549863369076,-1.961982009,1.1431520140005096,2.9815649093937457
-0.54397947,2.6207988964053586,-0.830768534,1.5272056746697127,4.300247587190563
-0.470445872,-1.806220304,0.23604175336578975,-0.501740513,-1.610147191
-0.774571433,-0.296783864,0.027038324,-0.034907463,-0.51931001
-0.094043211,0.3760948340300989,-0.079009259,0.8401378268459384,1.6719124921056172
2.501749225882943,3.5718323302910315,0.8894229661355862,0.3555204322374406,5.5777875532976005
1.153577854011502,-0.308255288,1.2842578182172573,1.1132823101200522,1.6786377797165088
0.7310412454874852,0.068899498,-0.56257364,-0.769551162,1.5129840361107907
-1.352249427,-4.365841699,1.1368419231308209,-0.840704311,-5.797536223
0.9014733514536128,0.957452651,-0.41349518,-0.45868819,-0.751960135
-0.199335464,1.3379126344353198,-0.101802064,0.5107072394823805,0.9123434358637829
-0.115313675,0.8820956056821996,0.045331589,-0.393115469,0.7639963235229024
0.17295036977153175,0.8285209344909079,0.037400135,0.21624778803119724,1.633494167652084
0.084834031,-0.120290809,0.00161021,0.018980704,-0.684495042
1.2431066288755397,0.60228209,1.0832545538552716,0.8714092007015816,1.943715965416611
0.17369244825115088,-1.562695193,-0.280471987,-1.614762125,-1.844773744
0.7435167685520838,1.2681695072627783,-0.128176877,-0.172392718,1.4613648117700648
0.22924674848309828,2.351033910991735,0.4382447545961245,1.911672717261833,4.263758589848529
0.084697562,-2.422164272,-0.099141178,-1.170531673,-2.399340647
0.1131931477321685,0.9992808456724082,0.19276041832959173,1.702933633,1.5959735777044077
-0.434709266,-2.854847143,0.5168472950239065,-1.18894934,-3.020666897
-1.318712841,-2.606909004,0.10665998423152344,-0.080881888,-2.490453319
1.1969888262038173,0.7561636793613512,-0.708441303,-0.591852896,-0.509420252
-0.659038289,0.3038195146355618,0.22795910789685317,-0.345896607,-0.100515984
-0.361750837,0.5789005564295597,-0.249945673,0.6909332275155603,0.9554069437603563
0.3999257307594921,1.592176455295367,0.5995499966691245,1.4991533441234934,4.2065494198784155
-0.416162047,-1.03379808,0.4146071538516423,-0.996263732,-2.692560697
-0.202451374,-2.797315212,0.33283904326106656,-1.644044374,-2.335811163
-2.666743485,-6.805132931,3.639996930772801,-1.364959529,-7.073674329
-1.420334332,-5.75550349,1.465572218379687,-1.031850167,-7.111486348
0.27366735697410166,-0.187314899,-0.018150202,-0.06632213,-0.481445697
0.5615005134396943,-1.038603101,-0.539800806,-0.961354074,-3.221940911
-0.376425977,1.0684387076239645,-0.309829021,0.8230808710436841,-1.685547384
0.39837885943303836,1.055010978933373,0.4629978253483184,1.1622048067692246,2.7832286479722206
-0.38182209,1.5030205643098835,-0.170737324,0.44716460455565793,1.8204525581454831
-0.225033696,-1.822073758,0.23693208299940308,-1.052873802,-2.185909303
0.21792870691457839,0.6464480246857878,0.15040750151404222,0.6901683749860339,1.4886763122870657
-1.670607656,0.2681658012548701,-1.136986073,0.6805823428705987,1.7060696498532026
-1.530735645,-3.052806199,0.054963257991977654,-0.035906434,-3.666554143
-0.878123526,-6.124275561,3.0184103799271735,-3.437341436,-10.53047131
-1.374277182,-2.031885779,0.5810857560793864,-0.422830099,-3.414772311
1.4226305698620816,1.9546998686285666,-1.628882711,-1.14497941,0.5927102838114379
0.2583720358004337,-1.431114394,0.089844386,0.34773262493017143,-0.414229089
-0.496924561,-4.828102038,0.8431257140887132,-1.696687545,-7.607188341
0.088835198,1.3273058361830166,0.014750228225859753,0.1660403604096424,1.682589070887066
-0.370526262,-1.151628014,0.17246539284521747,-0.465460645,-1.777972686
0.4155414501761356,0.9657248863870251,0.12441513658778512,0.2994048765413156,2.2465776952576784
1.5167331735346448,2.855789453683016,0.9062333136621994,0.5974902701905593,3.0505659462982515
-0.198063056,-1.160569267,0.064665328,-0.32648859,-2.1096123
-0.958732273,-1.425024767,0.6998561255912793,-0.729980773,-3.645496997
1.0551566087704867,0.15470924955867027,0.484400781,0.4590795122122084,1.0078977852333193
0.9521032722818377,4.478240250245305,0.19347548677363213,0.20320850941930207,4.446780776080297
0.8843600568954848,0.6515087907420508,-0.535463595,-0.605481434,0.8710113997277531
0.022553232,1.7797413016760364,0.025926257378331045,1.149558408558662,1.7474080091485427
1.326888273575872,1.6126006445903236,-0.510319292,-0.384598539,0.2919798698141539
-0.08765821,-0.73954222,-0.051674233,0.5894967888977154,1.205020545941343
-0.0117016,-1.858876483,0.013414748336906425,-1.146402949,-3.976566709
-0.325661293,-0.680005246,-0.033193102,0.10192522990302101,-1.360130808
-0.609547253,-1.63515782,0.26405842703722443,-0.433204195,-1.184996388
0.9522896800506963,-0.816671038,0.26923544324885357,0.2827243105632737,-2.028196925
-0.002368222,0.370202985,-0.000540102,0.22806222682322952,0.8608992869132792
0.12534672320794013,1.7501169688244471,0.16356863136265937,1.3049294562835294,2.0771318441531372
-0.496153474,-0.855934457,0.5568548711997445,-1.122343993,-1.730184137
-0.199672631,1.8859590779378006,-0.290379027,1.4542755603262352,3.0097242543393095
0.7901807627592435,-0.102364038,-0.373346204,-0.472482021,-1.102247435
0.3538159282724678,-0.515468372,0.2945276146606136,0.8324317565313305,-1.156653514
-0.195662312,1.1452189762234526,-0.068855294,0.35190882161792353,0.6066161955123456
-0.495236006,-0.355303674,-0.023570136,0.047593745,-2.265942566
-0.092350104,2.2900995919573486,-0.156117289,1.6904939173883498,3.6599956644600478
-0.358845399,-0.166186211,0.1629157224981676,-0.453999752,-0.428444578
0.30908851999325915,-0.196172743,0.33577240521084384,1.0863308841692556,1.7208362582595655
-0.787383214,-2.879195952,0.2865712591301436,-0.363953986,-2.879987918
2.2130314368907134,4.6157671946777175,-3.176745572,-1.435472411,3.768155785768201
-0.703135388,-2.537713898,0.31569242637843076,-0.448978151,-2.753963642
-0.75587298,0.44558364538515743,-0.569259541,0.7531153459027333,0.3252267333509994
0.033739585,-4.171723587,-0.092783089,-2.749977157,-7.81630628
0.7337928054106089,0.28472603292367116,0.028291357154315265,0.038554966668669165,2.232835436608026
0.38137901453706696,1.4467258275808015,0.3611265226485733,0.9468966798997136,3.7359369371789626
-1.086454293,-5.771608267,1.8589893965887319,-1.711060842,-7.64066566
-0.598854771,0.6157287738836008,-0.495137743,0.8268077111712218,-0.158508136
-0.511856611,0.23716533071475673,-0.327030224,0.6389098377452502,1.0014173984127932
-0.591883798,-0.924927679,-0.052352522,0.088450676,-1.821761743
-0.943690322,-0.958600633,-0.268281173,0.28428941845646427,-1.993069884
0.24224167422715326,-1.762165314,-0.012209487,-0.05040209,-1.688470964
0.6579906155038939,0.5605612856953072,-0.650932738,-0.989273589,-0.070036012
-0.048850542,0.21518822023311324,-0.078625759,1.6095166216796297,1.2736297801878993
1.9393239140370997,3.055016598574989,0.3947065199502315,0.203527898,3.4495837348504574
-1.393864681,-4.048431574,1.2103065422630301,-0.868309929,-5.136314876
1.5235477608301402,1.254104111810848,3.441823982511413,2.2590850585714857,4.784741252510489
-2.846161448,-7.053810378,2.176502442,-0.764715032,-8.109018103
-1.023753945,-3.854642234,0.9905519112636304,-0.967568346,-5.58186479
-0.006856261,0.7614914516614251,-0.007759428,1.131728775378939,0.461320755
-0.341940177,0.029541364725709562,0.051125887195486365,-0.149517052,-0.087448689
-1.121882872,0.6297926706257422,-0.888310545,0.7918032867608701,0.6310514655895895
-0.497203146,2.148599352530642,-0.727694965,1.463576749969514,2.8454850554161695
-2.020436019,4.358401208506834,-3.139006682,1.5536283514590892,4.660992138335498
0.6125133238722402,0.1224693429681794,-0.379137536,-0.618986594,-0.075436631
-1.093887727,-5.350043311,1.242213999438814,-1.135595518,-5.646284112
-0.089593524,1.1491494407625327,0.031750856860823455,-0.354387854,1.7495136635677135
0.18975528436481215,-1.816780835,-0.198749449,-1.047398757,-1.66732344
-0.259329424,-1.584691468,0.1600844096179765,-0.617301373,-3.023273774
0.5545274979434753,0.24877683427881414,0.43258764303624575,0.7801013378787227,0.5143012556558367
1.473056201720506,0.073366745,0.5482491017125468,0.3721847822725302,-0.068127777
-0.738707464,-2.630652476,0.5502540250377689,-0.744887594,-3.681015169
0.49379617468886033,0.028243752509109932,0.12110435348377617,0.2452517044306463,1.6548037406528668
-0.453619417,1.0713084517525808,-0.227565799,0.5016667936972077,0.6490136029092849
2.1125320281888222,2.0302307745070625,1.5373584288394293,0.7277326016010666,3.1257724299279728
-0.030515549,-0.233452243,0.040473144335442475,-1.326312195,-1.355371969
0.27137836545210914,2.036790494624639,0.3875306312942148,1.4280085689535311,3.4980879147635338
-1.412651624,-0.17649714,-1.378946874,0.9761407915617196,0.15430758836710456
-0.699058123,3.3445988181251276,-1.447007946,2.069939392683253,4.931576529473774
0.6726243335811785,0.5480413977033194,-0.453747016,-0.674592031,1.0206862471907077
-0.807902026,1.3116305776338435,-0.762315757,0.9435745090045139,1.7811070605079533
0.5470845365843934,1.914067612784513,-0.805105545,-1.471629138,2.497202202252753
-2.138515201,-1.761309215,-0.498827725,0.23325891015046402,-1.552148122
-1.398007868,-5.299308527,2.613921993528506,-1.869747699,-7.771868937
-0.841289026,0.7499679496141927,-0.402836296,0.478832225,1.5289323045372658
0.5689071299697921,1.4703808354162118,0.7242584137040537,1.2730696726239141,2.750803678626925
-1.428847206,-1.479510102,0.1380499935777762,-0.096616344,-2.128824231
-0.419693846,0.12053462373941204,-0.084838828,0.20214455996123507,-1.846512936
1.2640059407872164,1.1180952056542346,-0.955313769,-0.755782658,0.5786818064021337
0.6340010646817457,-0.732777607,-0.499953486,-0.788568843,-3.439451069
2.3533306394218245,0.8795506417205219,0.49943208256524196,0.21222350748297078,0.43734399415022585
0.2306259996806018,0.8487961187100106,-0.040142543,-0.174059053,-0.12911785
1.0158555644179605,0.09539116,2.7632695358427077,2.7201401780241627,2.530008535222295
0.3744479101085656,-0.250696212,-0.010251447,-0.027377498,0.6871535920742097
-0.834939522,-3.254261198,0.7042765672941915,-0.843506085,-5.460896499
-1.070211027,0.6982374231569126,-0.281191943,0.26274438937351446,0.3304527582736302
-0.468652173,0.6852960940371127,-0.222497004,0.4747593553918741,1.5638236740727576
0.24001701837346467,0.7970445968760907,0.12712531843694638,0.5296512693076636,0.631089503
1.2479330051127442,-0.054153814,0.5683116762206571,0.4554023925100956,1.4357494920132237
1.1356369792254046,2.335693964266145,-0.609592138,-0.536784333,1.4000483225773654
-1.232565166,-0.872691232,0.6157387250035095,-0.499558759,-0.653717482
1.403471261554119,2.0696174543018437,-0.431746951,-0.307627924,0.078334414
-0.182445647,-2.813844961,0.21432293187454243,-1.174722092,-3.902767298
2.340640469192682,1.2153569156990531,2.420740028183371,1.0342212142552232,4.083970526251532
0.2706376756084047,0.6766486703469768,-0.03648266,-0.13480259,0.2466157750932359
-0.404673579,-2.616286106,0.6005072197806965,-1.483929889,-4.558144587
0.015157353482315904,1.9570659514333566,0.008921913,0.5886194138630096,1.8930128075152601
-1.025325301,2.599643736772144,-1.816397634,1.771533027090856,4.997037910620333
0.9552530919531885,0.9405159273486222,0.9731553650973783,1.018740869090081,2.576604603
2.0646347457682923,0.39654276151083234,3.328019688260338,1.6119169238440354,1.2919817842071564
0.1596185753666155,0.9229049417712618,-0.040677214,-0.254840101,-1.182720232
0.2752860761902617,1.0030375425605058,0.23532450360729507,0.8548362011765989,0.567402444
0.3174408947547814,-0.687765357,-0.16080292,-0.506560189,-0.439441068
0.8321656116535037,0.2925880060124363,0.7364780435229606,0.8850137919777616,0.47560749631843946
1.0471711326545259,1.102840738,0.5256909197065583,0.5020105151045927,0.41346965673710145
0.15978168467251508,0.5580030137682437,0.2839807325732216,1.777304658886668,2.109424796024445
-1.140988695,-1.338415701,-0.920474664,0.8067342545551994,-0.14576881
-0.033235381,0.3523880453613488,0.024574010244527558,-0.739393069,-1.667384635
-0.17223356,1.4179300944152748,-0.306646508,1.7804109058586004,5.655777969472181
-0.221726706,-0.179098878,0.038006641,-0.171412104,-0.391371604
-0.71708134,-2.111855684,0.2620826553067788,-0.365485254,-3.309208058
0.7577146513429894,4.263370403531829,0.047662756,0.062903305,4.246687033543569
-0.78836953,-2.779475633,0.46594988996594383,-0.591029805,-3.12533221
0.2990438087238006,-1.950123255,-0.168477327,-0.563386776,-2.117822758
-0.806506097,0.8290430844810859,-0.536945565,0.6657675210270563,2.254760163716235
-0.192514774,-2.445378668,0.11766742556897854,-0.611212444,-4.519513539
0.5544072471812196,-0.681662485,0.4947267346288005,0.8923525750143897,-0.71578585
0.37870145688985324,2.103361091925984,-0.077404365,-0.204394157,1.689063047913442
-1.344011424,-1.196279032,-1.131696503,0.842028931,1.5419982049946173
0.5471176822197599,-0.309974603,0.9092081772591691,1.661814645745573,0.6259997166454834
-1.358558944,-3.389285726,0.4294780647078101,-0.316127663,-4.476876419
1.1329403530875657,0.34962188971005026,0.8817422491666705,0.7782777325952659,1.2707143996320163
0.5629487749563574,0.063458446,0.40800241139800175,0.7247593911713053,1.4053879147139718
-0.836349896,-2.900286343,0.7870144649440022,-0.941011015,-3.512703868
0.698245961,0.22425966212879533,0.3036945203914236,0.43493917243529345,1.962976775770021
0.5222255516391912,-0.203677318,-0.719682067,-1.378105811,-1.58085975
0.9152492596843714,0.4342499973322151,-2.103110111,-2.297855025,-0.910542629
0.28954093916068263,0.5184666965036668,-0.262834532,-0.907762932,-0.146855336
0.634194745,0.8015927185346701,0.092952799,0.14656822630560248,-0.000847216
0.7889812535326607,1.433724445110622,-0.112974088,-0.143189826,0.7791714980808297
1.3587465025214376,1.0435377164646016,0.8408372235202095,0.6188330361549124,1.6426624138059307
-0.528202689,-1.677271677,0.1551006734168115,-0.293638553,-1.640515411
0.8038103192512654,1.440919338334965,0.09412919,0.1171037342290628,2.259927784598396
-0.249913435,-0.090288826,0.022346108,-0.089415392,0.9455444280439839
-0.397595817,-1.704883477,0.2835311079222807,-0.71311391,-3.437977704
-1.981706239,-4.869840309,1.3495973621517305,-0.681027962,-4.254598927
-0.485986908,0.05417829,-0.329200211,0.6773849362828771,2.522155942905533
0.10676724987004896,-1.244224751,-0.071811875,-0.672602082,-1.500088759
0.5937481361874596,0.15451777091296748,0.3554340713308056,0.5986276834704659,1.6053341242978851
-1.008473762,-1.50670411,0.4088552297123946,-0.405419799,-1.74719721
1.306497965022844,2.6040185497526656,-1.394115033,-1.067062537,0.4940689289229945
0.3766343035603698,2.5166719497169594,0.30661193212441484,0.814083925,2.875404931740152
-1.015096633,1.3258716093085272,-0.775084259,0.7635571178027566,2.8401687388306844
1.451585801977179,2.563865424832203,-1.970517821,-1.357493176,-0.083615228
-1.765287649,-3.550455707,1.402148220111367,-0.794288807,-5.2839308
0.23301571162599627,0.6921019876629654,0.029400325,0.12617314460781678,1.6022182952149309
0.13592470538996984,-0.63524196,-0.109782395,-0.807670649,-0.672276278
-0.317433519,1.154006476181947,0.14093956201944122,-0.443997101,0.12079580940527801
1.636935751,1.717112185792362,-1.426292999,-0.871318864,0.466063101
1.0535402154155407,1.134051683615556,0.039695757,0.037678445,2.182265024944411
-1.0622945,2.517495416355402,-1.728045916,1.6267107818666635,4.057658938187014
-1.434147641,4.2830604062055215,-2.381085116,1.6602789331343724,5.692484501948905
0.525454842,0.31743898430207146,-0.735320897,-1.399398841,-0.239779
-0.826449182,-2.880034212,0.8724192132300304,-1.055623543,-3.612869571
0.096922275,-0.081537964,-0.005324587,-0.05493667,0.666976363
-0.956612861,-0.966196751,-0.510837572,0.5340065904597554,-0.02568028
-1.206114488,0.1246067262700617,-0.546914088,0.4534512218937064,-0.550215944
-0.329034958,-0.591197195,0.018503153324899657,-0.056234612,-1.361246744
0.5460191559789972,1.2790273485148886,0.5848542533666161,1.0711240566605922,2.4522409180274667
0.41525756974652883,0.8625816059446537,0.48690110428558103,1.172527943518966,1.9423124804041971
-0.262187342,-0.347866828,0.088480448,-0.337470327,-2.623999241
-1.270249878,-0.127273316,-0.208327106,0.16400482298330568,-0.025991382
-1.297737919,-2.009985242,0.075465607,-0.058151654,-3.272379156
0.9171837553110952,1.6194674270467182,-2.298522436,-2.506065358,-2.258477739
-1.133755626,-0.814446114,-0.450844302,0.39765562537977056,-0.349071584
-2.365921917,-3.232167882,-0.6621681,0.2798774107421771,-3.548213588
0.5488517239046542,0.35368799750625257,1.0013300464236037,1.8244090394759394,2.6280572150487456
0.9311957489637569,1.0396325827928325,0.48077217434452113,0.5162954995010757,-0.831569542
-0.249435088,0.4773214247417352,-0.076117786,0.3051607004287793,-0.60722128
1.1146475270077554,0.604688942,0.46903576798806335,0.42079290235109446,1.2143708127484842
0.6047885182665402,0.7744388739557944,0.2920528509400512,0.4829007861742155,1.5503616439978436
0.9387523923805902,2.2199412580500013,0.5542443791691279,0.5904052907536298,3.1851891307818496
-0.52343306,2.091636306693523,-1.049823826,2.005650589787506,2.544877856040895
-2.418424206,-9.655435492,3.5583420426565207,-1.471347348,-11.37480077
0.6911695420186169,-0.074996123,-1.016449795,-1.470622956,-1.915837825
1.2521580465804751,1.8889750984283873,-1.150098389,-0.918492991,1.9683784256223533
-0.822285462,0.6542460169893505,-0.202397742,0.24614048470185879,2.4207567118029445
0.4646025584954713,0.3115546821305737,0.9707028853340985,2.089318854544277,1.5586859958212327
-0.606375389,0.842502849,-0.678584304,1.1190828585771861,1.6111871170418977
1.2333284249754963,0.5492167804129598,-0.178184616,-0.144474588,-0.359412729
-1.397434987,0.590462257,-1.719302026,1.230327022578744,1.3575687146429987
1.0279604394768993,0.7907058574164654,-0.078626185,-0.076487559,-0.503932972
0.4275717666422569,0.6537435466322855,0.19966071772712046,0.4669642228603314,0.1467468616446691
1.1892663473760856,0.4843139221437216,-1.228708535,-1.033165142,-1.136806109
0.10853169241654154,3.1989707237275424,0.052376475993984116,0.4825915345811129,1.7360523472915004
-1.398004941,-6.163727104,2.3242020047643503,-1.66251344,-7.765197774
3.043179216250262,7.233233914050773,-2.335160479,-0.767342412,6.130029784
-0.71744926,1.2279864620107734,-0.439925388,0.6131797911832761,1.7147690498301171
1.0751984552405172,3.451697103785278,3.316001796362664,3.084083482635667,6.748442854204977
-1.214695938,-0.989982269,-0.185631585,0.15282144254770738,-0.456676783
0.34970706589284656,0.23227697445182222,0.14789916336476985,0.4229230055365467,0.8500190459940228
0.9358500733684214,-0.940451571,0.4418946088426679,0.47218525853414633,0.5504049886785884
-0.010623252,-0.964402209,0.004726555,-0.444925477,-0.323583301
-0.829169061,-4.502206877,1.7963900285651415,-2.166494281,-5.867182401
-0.833088873,-0.957163324,0.2125985791623109,-0.255193156,-0.895352821
-0.673638946,-0.059080772,-0.057893119,0.085940872,1.4950921061695444
0.003895716,-1.845866966,-0.006478609,-1.663008516,-3.205519673
-0.245930978,-0.667808796,0.084778373,-0.344724255,-0.065635417
0.5018639174041534,-2.565620898,-0.77652215,-1.547276309,-2.803393456
-1.377603794,-4.169876523,2.299343215848741,-1.66908891,-7.495146448
-0.896693026,-2.989866789,0.21199937858901596,-0.236423584,-2.783755862
-1.210778686,1.283562856960216,-1.072922249,0.8861423326645039,2.2033719646960055
1.5355855910495284,1.523284400790387,2.796202688757521,1.8209357427262631,4.842254061276819
0.7809856075582382,1.4398391854438208,0.25903006205000234,0.33167072420177274,-0.633596505
0.3123539620679175,0.42114003127568755,0.065687139,0.21029712157408018,0.9413151380977588
-0.430821921,0.3803675841437383,-0.377398244,0.8759959176055793,1.7110413321185622
1.052305019675769,-0.588977764,-1.714994878,-1.629750734,-3.323511902
-0.199232633,-1.371365514,-0.015912309,0.079867983,-1.966340284
-0.463573837,1.7816881744789008,-0.687733846,1.4835475866053949,3.9696188749868013
-2.53664407,-2.462638796,0.066303513,-0.02613828,-2.685847375
-0.586728698,0.3244809052889547,-0.582382672,0.9925927850288266,2.0330822767445262
-1.880613231,-5.79807786,2.3605669667785976,-1.255211294,-6.15131197
0.7482019678821474,0.3372217600307078,-0.410907786,-0.549193672,-1.393187928
-0.252675003,0.5473189089379422,0.064470195,-0.255150663,0.799424178
-0.448108926,-0.00719651,-0.020988204,0.046837282,0.33207451140769184
-1.021974325,-1.096168747,-1.198245877,1.1724813903835751,-0.669795129
-1.679247527,1.025885654324433,-1.999233136,1.1905529728439324,2.7403274288014288
0.5596300281018602,-0.068043332,0.3889370737424626,0.6949896435358376,0.4214967337452965
-1.170498543,-0.746985424,-0.591054936,0.5049599925959326,-1.500927106
0.8721288563833096,-0.748504146,-0.474590589,-0.544174849,-0.912251212
0.16482298786738436,1.3848839818308605,0.2670745401174922,1.620371912760002,3.0837873099778514
-1.922388806,2.5238954100706805,-3.41417605,1.7760070384946194,2.4736104153689924
-1.111638234,-2.787350336,1.2953597149982816,-1.165270926,-3.276659658
-1.01138449,-1.354009277,-0.039859333,0.039410662,-0.409664095
-1.513661421,-3.695457887,1.2047620545622597,-0.795925719,-4.411327736
0.5106230043389106,-0.689292007,0.14535215810170482,0.2846565016981329,-0.023114672
0.5770225784481868,1.5950835606501186,-0.394014204,-0.682840184,1.227909597082958
0.1619599301816512,-0.826434717,-0.018527122,-0.114393243,-2.023948461
-1.392666488,-4.819930804,1.565891331247009,-1.12438358,-6.235314004
1.4897728353985353,1.9295094205379832,-0.4869969,-0.326893395,1.2090012790957736
-1.589662324,-0.593982209,-1.331953867,0.8378847803962002,1.7315089281171714
-2.209499974,-0.218000542,-1.065323813,0.4821560650891001,1.265748684
-0.601926142,-2.00377009,0.25834734017568084,-0.429201063,-1.557300884
0.5804525647318932,-0.009800918,0.23598519138259016,0.4065537921976277,0.3594750164959565
0.000319895,1.2805637605132434,0.000220979,0.6907846598036455,1.9469289761892359
-1.873491627,1.0784177684030356,-1.932386543,1.031435910876316,1.610873309306517
-1.802288247,-2.367498965,1.354323607731734,-0.751446729,-3.191873599
-0.023998436,0.14225454122918657,-0.005554599,0.23145670897793696,1.9108676516049121
0.4034436540576823,1.5132779313119151,0.4313692158481122,1.0692179973822002,2.5160027213353384
-0.150842334,1.3752576507375123,-0.118990988,0.7888434537782903,3.3400338160054437
-0.136218219,-1.153068304,0.10827511365105531,-0.794865138,-1.80962783
0.3503379291586393,0.32800338904113147,-0.480041183,-1.37022327,-1.722535762
-0.540299815,0.9255716986424855,-0.245981101,0.4552677875742236,2.464110497505259
0.019663531927089414,0.4233953293511827,0.016261391,0.8269822093565019,0.5460712474206055
-1.207270227,-4.920529728,1.6362455454391658,-1.355326678,-5.858441398
1.6351269338962986,1.9321020482797988,1.6053443491293444,0.9817857658940361,3.7394781991372805
0.060258165,1.5117992819737247,0.1519305951170377,2.521327935274497,2.9723873605017372
0.2598057097790865,-0.738361456,0.04464724,0.17184857104622983,-0.012611809
-1.689960225,-0.069794293,-0.397776867,0.23537646674986207,0.8347040394386174
-0.78406462,-3.778486007,0.9978794641008187,-1.272700539,-4.153942044
-0.530729684,-1.76788391,0.6591581770084763,-1.241984756,-3.246332815
-0.226076965,2.0967862918677955,-0.340843511,1.5076436977178238,3.021604909584617
1.5622831995618236,0.17854657095900528,0.034830317,0.022294496215022625,-0.260070326
-1.446258445,-3.261596065,1.1425853859321506,-0.790028498,-5.593785582
1.936665212545166,2.6805752097439983,3.399863566992492,1.755524674563855,4.759014977277981
-0.445372054,-0.650325136,-0.215179042,0.48314446380450676,-0.400213194
-0.365966021,0.9437219192859634,0.098788702,-0.269939548,0.5869027326607051
1.2129080060852602,1.3520609296815862,-1.2157088,-1.002309156,-0.27790967
0.5644090141333934,-0.348755537,-1.158870114,-2.053245226,-0.999932898
-1.499991786,2.0302581106512325,-1.833861,1.2225806947887257,4.809513115
0.13275561190339658,0.26833402860565725,0.073579531,0.5542479858028369,-0.231564547
0.2110997924663292,0.7061573516190509,-0.226873407,-1.07472113,-0.203711226
0.004903429,-0.979206139,-0.005463745,-1.114270156,-1.826949033
-2.224273787,-0.00324897,-1.537497038,0.6912355153665164,-0.555525422
-0.203834667,-2.375053719,0.23999437005497296,-1.177397219,-3.021771906
-0.511637677,-2.651005843,0.13501801131000635,-0.263893801,-3.080429093
1.1628308800809706,-0.11857487,1.1010566649392697,0.9468760107769073,0.8408604168133464
-0.352255953,1.3055408676816525,-0.531332631,1.5083709036944597,2.9896117933399298
-2.499765169,2.125803555956935,-3.204073841,1.2817499345650119,2.3193622007352857
0.29492613066625983,1.5387697220822514,0.5740774275900298,1.9465125938252625,5.101248795551834
0.38566209295939285,-0.098686323,-0.260999071,-0.676755832,-2.005944198
0.3524800397078556,0.020622358,0.10795108629219288,0.306261558,0.6843744690435469
0.040813791,-0.685017622,-0.018704862,-0.458297593,-0.635376988
0.40883577250418845,0.069851626,-0.109890915,-0.268789872,0.5664187613954637
0.8985220244124542,2.245820092190023,0.9419720312569068,1.0483571973351067,3.2956598751687887
-1.513884009,-4.899392432,1.618660555422146,-1.069210419,-6.412647075
1.736842863309301,2.6975842960946075,-0.16375652,-0.094284016,3.3397525479322696
0.010632694284936899,-2.733005603,-0.016413222,-1.543655934,-5.249853265
0.8559047841992287,3.3552864988361373,0.4456349036883231,0.5206594377261862,4.247339042300375
-1.68195735,-0.31444894,0.15970998042322387,-0.094954834,-1.000431453
0.5627833610744903,-0.098206551,-0.692071244,-1.229729399,-3.915963587
1.761099193178639,1.7376541270249257,-1.665580922,-0.945762129,1.1963800427463478
0.7179039201639095,-0.037191413,0.28111270788933274,0.3915742761582219,-1.157212585
-0.047642831,0.6848538435918516,-0.015942138,0.334617764,1.897770766083104
-0.39273718,2.241627565179947,-0.618147444,1.5739468429281933,3.4989909026878667
-0.9421804,-0.5372988,-0.067972828,0.072144175,1.4656586391210646
0.22873830619363494,1.7286213119597313,0.233331587,1.020080944,3.835132568462095
-1.072535952,3.9329506593547454,-1.698453249,1.5835863080182266,5.248265761873848
-0.177323648,-2.928253381,0.3656565441597529,-2.062085615,-5.733809245
-0.74790173,-1.66959844,0.3786338689021888,-0.506261523,-1.704590982
0.5448089908471863,-0.023154124,-0.884446957,-1.623407418,-2.08207908
1.1002545068435936,2.4605581214337615,-1.266969615,-1.151524131,0.5398362347695975
0.5629623628442152,-1.075119427,-0.828466111,-1.471619002,-1.737358124
-0.627716837,-0.728156992,0.003750146,-0.005974264,-0.821037762
-0.556394008,-0.027988697,-0.066772437,0.1200092672738313,-1.395566676
-0.678274414,-1.193949567,0.5193627517754993,-0.765711843,-3.735352351
0.3419380675249278,1.5691729011354565,0.3948078686983294,1.1546180615574408,4.033796759088467
1.6987820964650329,1.0851394857229122,0.596666704,0.3512320418046115,2.146793483029869
-0.01214006,-0.173486173,0.013508207917625543,-1.112696936,-0.22195987
-0.224301377,-0.116119234,-0.220849474,0.9846104270913658,-0.191659677
-1.079474895,2.3785831677748352,-1.415054879,1.310873357447862,4.531054935864557
-0.332160423,0.7166481218214247,0.022522614,-0.067806435,0.5774855303467733
1.2110745627357753,0.588815388,-1.563461072,-1.290970118,0.7101109906857501
0.059997950071666396,-0.25603225,-0.012146007,-0.202440367,-0.225374752
1.1748916605914008,1.1455544590753697,-0.825572659,-0.702679819,2.0357252126162915
-1.499898911,-1.792157163,-0.006663164,0.004442409,-2.236017561
0.25586126691758254,-1.930805163,-0.202798614,-0.792611623,-1.367123455
0.8356913199130194,1.2131335112654245,1.1563588341902078,1.383715262605054,2.0570010809833197
1.0198648001706985,0.6002022432339681,-1.271561806,-1.246794483,-1.209125886
1.859621678323888,3.8971485801502928,-1.925328847,-1.035333622,3.527168466644966
0.3384456329465182,-0.970561937,-0.254099293,-0.750783193,-0.100155312
-0.757444252,-5.541389751,1.6089850828729004,-2.12422905,-8.289959645
-0.779559501,-0.602107667,0.2850574267207868,-0.365664746,-1.051220352
-2.211361035,2.6772179094952193,-3.652434883,1.6516682823069777,3.3878802386580844
-1.226142696,-4.752282889,2.2495583968690425,-1.834662805,-8.357212859
0.6662605922917345,-0.418157118,-0.65515688,-0.983334281,-0.754274764
-0.492340342,0.19855879856077485,-0.189252436,0.38439351821854323,0.4920486594106328
-1.041810605,-1.771136347,-0.0929201,0.089190972,-1.018173858
0.3171563167558987,3.2758016574186097,0.3015882595345086,0.9509136145209676,3.6961392607314254
1.3641368753758274,1.0031195092893257,1.3913555229255397,1.019953017941996,3.6061116265694038
0.5895141607810466,1.1674868065811976,0.716974993,1.2162133508492123,2.155829264723254
0.5020192383231795,1.1310746942514411,-0.078390044,-0.156149482,2.622097646070809
1.5707069001011709,1.1172297722514433,1.3094149507309312,0.8336469080555962,2.7524484391375412
0.3294029454253476,1.4259501444013285,0.20417759391317264,0.6198414335655821,0.5270029574514976
-0.915778193,0.3141087195014587,-0.516782808,0.5643100177374195,-0.487177158
0.34248031263642154,-1.303024964,0.22066040608232151,0.6443009946576855,-0.364831752
-1.281144369,-2.077211011,0.8384514105512254,-0.654455057,-3.305745854
-0.794018208,2.974370568689089,-1.264819308,1.592934890943904,3.255952846334033
0.7485777245300574,1.1787397452084254,-0.103916851,-0.138819054,-0.555646276
1.1312895494490067,0.24462741542473754,0.27968903235992815,0.24723028025508623,-1.765548959
-0.528566515,1.5570703814566076,-0.272937071,0.5163722310392754,0.5668404950577246
1.3712877094108622,2.8820827612796602,1.0296285602871282,0.750847946,3.8209313377520755
0.8772910959442187,2.8863715102676846,0.49198274604786446,0.5607976056320837,3.6566547021880105
-0.204547354,0.1835235176434319,0.030997047085111612,-0.151539712,1.6522724422339132
0.10020623014785279,-0.452248221,-0.032808371,-0.327408499,-2.300649558
0.22846611891036767,-0.327779507,-0.175146835,-0.766620609,-1.192354503
1.1754895956892013,3.0723760723349898,-0.30869714,-0.262611546,2.973541456578996
2.735820830822525,4.346008122172089,-0.904502766,-0.330614767,4.934257199164282
-0.264274595,0.657287506,-0.165668943,0.626881835,0.27469202391887326
-2.138557149,-2.903817966,0.24790662649505066,-0.115922376,-3.451621001
1.1859493398769176,1.5728763881341496,-0.182478888,-0.153867355,2.1480498018078964
0.4700065363379695,1.8748651541392682,-0.192041967,-0.408594247,1.023938345564062
-1.379912101,2.523786705878956,-2.861517408,2.0736954232722646,4.745435074031933
-1.855475788,-5.068923446,2.501542140383018,-1.348194439,-9.061538713
-1.239394664,0.049372096,-0.681280225,0.5496878801807056,-0.270788699
-0.754766164,-1.426750898,0.2869357491184695,-0.380165093,-1.554146306
-1.155303622,2.429168590216212,-1.687714186,1.4608403835013113,2.8466977008489867
-0.035027413,-0.10035552,0.057477247164755135,-1.640921827,-2.005476317
-0.621944519,0.7836061067841691,-0.386463015,0.6213786006890095,2.9674337087905713
1.1422758599827976,1.7886710510060688,1.7878927997719152,1.5652022969292554,4.159205192
0.27277127660670997,-0.842859606,-0.129064828,-0.473161361,-1.603786976
1.117418832260588,2.7218013577573776,2.5991187705263448,2.3260022969795595,5.462900450689075
-0.279547318,1.6462032556441608,-0.192155776,0.6873819341444116,1.904932332083148
-1.099739543,-3.245078816,0.7132824118357479,-0.648592129,-4.075607227
-2.541635863,2.0018265470085743,-3.010411539,1.1844385665369326,3.1885037404852854
-1.381315188,0.1717720244940466,0.10041874132357721,-0.07269792,-0.420678555
0.096061874,0.3838652982060242,0.1944334418785274,2.024043819406598,1.1562429774708378
-0.746131344,-2.003086001,0.38519162748108154,-0.516251771,-0.955649697
0.4409884405892984,0.4286122643607837,-0.274669259,-0.622849113,-0.061837643
1.0417355341366468,-1.11171196,0.028601232491087942,0.027455368040979443,-0.256417771
-1.406394134,-2.686212488,0.4665943151576867,-0.331766397,-3.834821288
-0.057452359,0.6754554839461501,0.00232156,-0.040408438,1.7043371289834979
0.7234604532074005,0.5109446458509608,0.2404760874044329,0.3323970043397709,1.1187787861398932
0.051782017673790676,1.0840624287277743,0.052675328,1.0172513535798966,3.2550271308577075
-0.549193841,1.053291624259957,-0.633918186,1.1542703845145736,2.265092519955715
0.094746524,0.7869698431579419,0.097675873,1.0309177533024085,0.06774117
0.067717937,1.0845619790204388,0.042620566,0.6293836993314218,1.5058491091896158
-0.051871196,-0.197309971,0.025203025097996552,-0.485877076,1.1702307115636508
-1.04119668,-2.357227135,0.8091897490209217,-0.77717281,-3.874412939
0.25456996692333567,1.693385552977456,0.06128998,0.24075887809170476,1.2771464406567024
-0.852687725,2.7097689300563794,-0.842321169,0.9878424941922013,5.761851858727937
0.4627113050509457,0.922383523,0.27569695157181484,0.5958292969337758,0.8327725812085944
-1.825436219,-6.866326852,2.998171262367778,-1.642440985,-8.277997797
0.4774816840842515,0.2693455137130255,-0.109915498,-0.230198355,-1.36041711
1.636278997775532,2.0156251090022406,-0.298761857,-0.182586135,2.914861649239718
0.5899258351674138,1.9229597654338948,0.27924846971374245,0.47336199411320085,2.9671556239918817
-0.492430192,1.234887956579185,-0.541021011,1.0986755487273496,2.917563883529005
0.06778585,-1.183767572,-0.013318646,-0.196481213,-1.068840275
-0.345616677,-2.380909765,0.4832294967850115,-1.398166028,-4.021879449
-0.918593166,3.114790908032221,-1.64976414,1.7959682276406195,4.94661365
-0.288849313,-0.372107317,-0.286438001,0.991652008,-0.161943078
-0.284545315,-1.722576059,0.21431736757167635,-0.753192397,-2.607717412
-0.170709987,1.4122123834932288,-0.071371574,0.41808669522259456,3.4321569104450127
-1.146093477,-2.436751092,-0.481900959,0.42047264829141073,-0.557851596
-2.142089608,-1.78525682,0.7095364435529369,-0.33123565,-3.149495383
-2.328454979,-2.771600872,0.6212462037782761,-0.266806191,-1.693737625
1.1875674700623595,0.654350041,0.049893106,0.042012859711619256,0.2113655634059975
-0.059511295,-0.55772669,-0.05808916,0.9761031152681021,1.4040787883740506
-1.348209597,-1.429806809,0.32462243957425496,-0.240780395,-1.320707665
0.8645919730650296,1.9538895022996958,0.526398882,0.6088408155898972,-0.569987479
-2.028586586,-1.272028502,-0.892431428,0.4399276986240325,-2.175117657
-0.596818329,-3.875272454,0.8066231691300759,-1.351538868,-5.941062793
0.9391342852320187,0.049043861552783063,0.8809909505076233,0.9380883696413759,0.975737907
1.114860122820282,3.499065087012065,-0.206972032,-0.185648431,2.0290178175098217
-0.305747323,-2.55669814,0.5425693480046491,-1.774567778,-4.48087289
-0.250313287,-0.748701733,-0.191752274,0.7660491214328072,-0.259878962
-1.756020436,-3.73439176,1.427191708183143,-0.812742084,-3.943388843
-1.080416577,-0.184358386,-1.034733062,0.9577167591798113,-0.673243574
-1.465169976,-0.538559763,0.12118620353826479,-0.082711361,-0.701482369
0.5374105532415505,-0.919249437,-0.214789382,-0.399674663,-0.093406745
0.20173468252804053,-1.654021576,-0.183958195,-0.911881849,-1.999824452
0.077302363,-1.338459625,-0.103485877,-1.338715571,-2.751492389
-2.601840647,-3.264629527,-0.542888342,0.20865549278411882,-3.146346807
-0.269380634,-0.32943796,-0.015645368,0.058079038,-2.969949899
0.7727643654126775,1.1848495668339432,-0.378341122,-0.489594421,1.716514013558198
-0.74261708,-0.592957411,-0.377590535,0.5084592646465467,0.6583491692936118
1.096950855685852,0.9192112200494151,-2.187597565,-1.994253028,-1.471420625
-0.510080148,-2.38948553,0.049917225533777025,-0.097861534,-3.922771685
-1.099882862,3.650648556896309,-1.327853342,1.2072679624822464,5.701103114049591
0.7712025268364551,-0.656109324,-0.205279533,-0.266181094,-0.96298286
-0.615752369,0.12189870059203423,-0.692628444,1.1248490106352989,2.8951186945408622
-0.864740931,0.9255929222966708,-1.343372017,1.5534965093327784,2.755201605798593
1.0122420606516935,2.7936268713578487,0.7834611758028566,0.7739859923410561,3.960220689710316
0.7966899875670299,-0.779615568,0.5291251436611043,0.6641543786397668,0.6839263000683264
-0.764893841,3.8163357075971334,-1.560444057,2.040079253757364,6.984900482021139
0.10237734930468403,-1.854437922,-0.133735736,-1.306301996,-3.8842116
-0.854004902,-1.640206033,0.1644710329995918,-0.192587926,-2.968818237
-1.189339451,-2.671004512,1.0067897734377336,-0.846511711,-2.654105179
-0.172825197,1.9096632414453392,-0.255804535,1.4801344910529692,3.9791737545792567
-1.297367852,-2.619445846,0.7726071728011548,-0.595518975,-4.202625217
-0.304377021,1.1049222005076853,-0.321462043,1.056131115602114,0.9538395078498723
-1.614213886,-4.919084772,2.348328557630891,-1.454781536,-5.192125576
0.39325512422949477,-1.573144687,-0.627329354,-1.595222326,-2.404209748
-1.502057885,1.3056141436173296,-0.987155897,0.6572023,3.2357681400433806
-0.686767572,2.2879432900709795,-0.199025011,0.2897996634762824,2.3997173359387935
1.1207265000117277,1.7875273907935747,-0.64347097,-0.57415522,2.2313518593944788
-1.293559771,-0.16167942,-0.803836365,0.6214141651868921,0.457486877
-0.067580763,-0.965996633,0.029927063395904983,-0.442834057,-1.930765303
-0.709439363,-2.068898665,0.6626768763775349,-0.934085295,-2.885090537
1.2170584266801232,2.9030847469462406,-2.843485288,-2.336358901,-1.01074018
1.430958773544376,0.9595440033364865,0.42890179057106165,0.29973036155940713,2.096550284994723
1.0793419419769317,0.8944736196845728,-0.058917159,-0.054586186,1.4357353833030535
-0.959772771,0.3046092113853627,-0.986558258,1.027908154951815,0.4192036524408618
1.3907133434778078,1.0717530662081312,0.8857741315527473,0.6369207110198997,-0.374753621
-0.809494509,0.534829293,0.4526565326078673,-0.559184192,2.0562654990055185
0.39711981002497454,1.4855516879438357,-0.093496679,-0.235436957,1.8903705498286376
-0.441125671,-1.134861831,-0.048028041,0.10887609699467789,-0.172886715
-1.637241453,-3.827375321,1.0304191040576287,-0.629362946,-6.937043853
-1.76877332,-10.26964184,5.243545780470404,-2.964509765,-13.79548238
1.5998637899398143,1.0892208304002744,0.027353837229725616,0.017097603809605972,1.1531036122723115
-1.176551014,-2.604009793,0.7304664115021405,-0.620854007,-2.165393944
0.4976581478756207,2.3479456536382504,1.0523254020728632,2.1145547532276514,3.8758112024772764
0.5355879834777872,-0.417498082,-0.458870909,-0.856761023,-2.107520789
1.2765223417990874,2.1333621861047667,1.3355020218868967,1.0462034060482523,3.1559808789034336
1.1120290169302351,0.37913888840267074,1.8746342110909702,1.685778142971406,2.584876349155338
0.3751385394869167,-0.53557876,-0.057487141,-0.153242428,-1.602139084
-2.051758294,-0.249029914,-0.616279014,0.3003662840363603,-2.512819272
-0.265263896,-1.779741525,0.1010831708951012,-0.381066449,-2.437062683
0.19449290195219912,0.6600813234695584,-0.046385453,-0.238494325,0.050717364
0.7393520209528585,0.5706027593079432,0.25917245048269055,0.3505399906105289,1.9570881482947822
1.4776551314961963,0.7860601901021039,1.115110363214251,0.7546485911669717,3.269869538543338
1.8907970035306323,2.4546918354605722,-1.00712766,-0.532647163,1.7707227011643902
-0.31561162,-1.393846732,-0.208564707,0.6608270845903109,-1.806420071
-0.179238409,-0.227659021,0.051451578,-0.287056653,-0.205909688
1.683097905041596,0.7919268401052614,0.6516397288499882,0.38716685874187673,0.313109964
0.085520533,-0.728643023,-0.041797286,-0.488739783,-2.456010891
-1.039580853,-4.046765255,0.7979720882523814,-0.767590213,-3.739979002
0.18484212165534816,0.6101840090226814,-0.028739735,-0.155482607,0.120188643
0.9658996644175959,1.261054261633422,0.5336825775841337,0.552523825,2.091579512248332
-1.21013001,-6.072682758,1.4151074219064714,-1.16938462,-7.384393542
-0.829049079,-2.215996466,1.1534336417519553,-1.391273052,-3.756700843
-1.303937137,-2.794029873,0.7279121884392056,-0.55824178,-2.662650363
0.8754871693526989,0.084508652,-0.276572056,-0.315906464,-0.409266082
-0.746405398,1.9055761547457002,-0.3448999,0.462081198,3.6568968941666613
-0.853611154,-2.773763701,0.8493398638455557,-0.994996211,-3.361805466
0.7979422516977069,1.461569074122226,1.7036321982226277,2.1350319457303697,2.9813280043012633
-0.112796437,-1.736623957,0.040169835,-0.356126811,-3.040996286
0.2817976757911592,0.051767776,0.17756204431877548,0.630104715,0.23935717306684162
-1.88572598,-2.990668204,-0.776310211,0.41167710412727293,-2.448349035
1.401435541033594,-1.200056679,2.8588648205576335,2.039954558630038,-0.17926957
-1.000487122,2.5340236790084276,-2.243417151,2.242324863771224,4.9783477849851465
2.463954572006842,4.306515834957817,-0.674398506,-0.273705738,4.9279032319222456
-1.830229882,-4.305507809,1.4954421417331585,-0.817078858,-3.649014871
-2.258021981,-1.651191721,-0.753109742,0.3335263113920613,-2.719362393
1.2566980148163638,2.324581571053285,-0.797877478,-0.634899927,2.3189867178860335
0.6043123954201267,2.9721103725203672,0.29173478294785177,0.4827549213929883,3.891820131478036
0.024014599258043497,0.9150171770521615,-0.002011404,-0.083757567,0.7800992127903548
-2.568508869,-5.985416652,2.103878520296023,-0.819105024,-6.500691583
1.0720728327684719,-0.511057058,0.9188240764424286,0.8570537825025369,2.3993810235216038
-1.148812504,-3.752631349,0.5856036015824451,-0.50974689,-3.479844178
-0.874474764,-1.073884478,-0.033569449,0.038388127,0.27867583360756165
0.7280447504152106,-0.314018947,0.3902453856649686,0.536018405,1.0570125649519624
1.1680346819016978,0.9998356827175989,-1.833667925,-1.569874553,-1.720481234
0.6653990295443885,-0.560601486,-0.93969754,-1.412231605,-2.335410051
0.11697689649727434,-0.063307054,-0.132040001,-1.128769908,-1.046447975
0.8035199676593662,1.3687433481140956,0.7837990631778216,0.9754568582296826,1.4529674821677128
0.23895542463822197,0.7402239215765825,0.4989288022381049,2.0879576305642864,4.1420955281389515
-1.777355879,-0.639022023,-0.220444299,0.12402935258929591,-2.372855118
-0.287878325,-0.400325297,-0.156267148,0.5428235968165788,-0.14202477
-1.583645034,1.472055917066528,-1.289689002,0.8143801006164028,2.634103178308553
0.4721807286865985,2.6122064184682747,0.4950436485341749,1.0484198495588142,4.1412165029540535
0.6922657945951176,-1.117258397,-0.075110511,-0.108499526,0.1034984234683749
0.6004798113065833,-0.233810161,0.35786765681392274,0.5959695065105335,0.3882373826459467
0.9103478645078826,-1.100696807,1.1251221553662247,1.2359255173015045,0.30195394526594943
1.7345409532404819,-0.138911192,2.229734068430382,1.2854894341149898,0.8561459349817031
-0.919697718,-3.480962645,0.14695266979052532,-0.159783663,-4.588293778
-1.456586251,-3.470915072,1.0096628619460541,-0.693170666,-4.60546238
-0.866983918,0.077820935,-0.378778262,0.436891912,0.9200810264861121
0.5979371438632711,0.1381025829492838,0.12693708414611307,0.2122916855875063,0.825145443
-0.116661068,1.5150785174533228,-0.206922733,1.7737085484410093,3.5788718030008013
0.2819800814444406,2.3925918588132244,0.31671863207915235,1.1231950514261995,4.3574792062196614
-0.975813964,1.8956107311210926,-1.114429005,1.142050683450847,2.8381888030970868
1.2456191332272286,1.423864060185407,2.069455780854244,1.661387277740803,2.8971425710526484
-1.419379991,-1.301502265,-0.807173405,0.5686802755705038,-1.296561175
0.20947396267726492,-0.558878419,0.14579177782559405,0.6959899739435131,0.40317382092119924
-0.628018377,-0.101629747,-0.169769756,0.27032609555461107,-1.06547491
-0.706268797,-0.926922197,0.1389508061929437,-0.196739268,-1.688144536
-0.323962742,0.6112029233875936,-0.065723052,0.20287225404710718,2.1633560981987885
0.8605332739021634,0.7782052944570768,1.1636967434360965,1.3522972077061144,2.056788024867302
1.723945926099551,1.379830603682628,0.42511803369167683,0.24659592116877566,0.5222316073557676
-1.367539444,-2.72527069,0.4095527937097125,-0.299481522,-3.231605112
-1.59212247,-5.024927464,2.617360202368695,-1.643944013,-5.293770021
-1.592494939,-6.470554002,2.2796086297977736,-1.431469937,-9.295983428
-0.879718315,-1.358060595,-0.206767815,0.23503866100877344,-2.227236135
-0.065084672,-0.938976864,-0.08716915,1.3393191961900512,-1.477674358
0.5042506901263635,2.3769468315791435,0.11946822837966661,0.23692229027932177,0.4856064361163881
-1.535480385,-2.489426018,0.16304510104183528,-0.106185076,-2.802592786
-0.776769508,2.362378255,-0.99409524,1.279781492473719,3.6527577141450016
-0.705526443,0.9143659651049622,-0.825906683,1.1706247033747579,3.5098607586824038
-0.305681632,1.1828426328076636,0.063942619,-0.209180444,1.2494958464644492
-1.227415623,-3.224820464,0.31819058089434576,-0.259236215,-3.327417587
-0.968297478,-3.268625182,1.3077822040498928,-1.350599618,-6.378456112
-0.210224992,-3.473320246,0.3096514771877443,-1.472952734,-6.29188672
-2.10770798,-5.097041509,2.004871653,-0.951209404,-4.863262785
-0.306638018,1.6715551098207428,-0.33817813,1.1028577996568525,2.120008150328479
0.20577609236277264,-0.931093985,0.018077663680351855,0.087851137,-2.268142037
1.1552527173520806,0.9540825983709049,-2.251420459,-1.948855368,-1.864015623
1.0405925121727206,0.060896796,0.17397074142714772,0.1671843102771352,-0.895495271
0.735417666,-0.123690526,-0.047403741,-0.064458257,-0.363225144
0.5972354499320497,0.3107636820727746,0.23092338796280668,0.3866538531647442,1.961354099956961
-2.179242464,-2.223899975,1.2684181122157343,-0.582045428,-3.021079237
0.6824768508086506,1.0035824184780633,0.30887294642269203,0.45257644425113586,2.6737066176434388
1.621081057200506,1.9214466559972265,-1.309866897,-0.808020605,1.9758798340021966
1.6269863130465188,1.0869823292655578,2.5401364607038275,1.561252507372015,1.8382354833645178
-0.666652905,-2.427135836,0.8553632456633085,-1.283071355,-4.170362764
0.8009422314754017,-0.548294549,-2.445454249,-3.053221759,-4.101060379
-1.846361324,-4.982611279,1.5953602672535105,-0.864056372,-5.932488575
0.16734090828834683,-0.296607657,0.086927243,0.519462001,0.4344892197167215
1.0229594943656026,1.9213955059559862,-0.373265146,-0.364887513,0.6939929202384355
0.2346890868304145,0.5016406077699715,0.16524146499821582,0.7040867013881166,1.7386599677185908
-0.414384604,-0.188628466,-0.051527501,0.12434704430541622,1.2221614725200585
-0.781228028,-1.644512851,0.14264281857417274,-0.182587943,-1.186740764
-2.234214209,-6.670850806,3.0506289953795456,-1.365414732,-9.076600969
1.5356214670032207,3.890531766132269,1.0535624885557968,0.6860821570903366,6.461978298050651
1.9346144875938323,2.7296936943176413,-2.406270163,-1.243798275,1.9955497870966235
-2.142527158,0.2636824086040555,-1.455089811,0.679146496,1.461378713914712
-1.851069733,0.10903297997182998,-1.287532243,0.6955611775252112,0.5686896164192348
0.2940869365805109,0.007063295,0.23157554450546128,0.7874390722624426,0.9817876786788138
0.4748609343900306,1.3217372400045608,0.035395003380193496,0.074537619,0.5812821890884933
-0.136300581,0.7886937041896054,-0.040965316,0.3005512975793534,1.604530986348741
0.8662056387430551,-0.371474603,-0.610730819,-0.705064469,-0.992586231
-0.702079275,-2.677052643,0.5012403025733562,-0.713936902,-2.872315401
2.5139364432383036,0.8537248027411533,2.661630981646381,1.0587503072344286,3.1198087321435004
0.8258946512812823,0.059381527,-0.532062226,-0.644225296,-0.016388854
-0.75403562,-1.05050542,0.6391464420270645,-0.847634283,-2.244369066
2.3525444509395133,3.5484072508297073,-1.604830155,-0.682167835,1.9560176056832257
-0.093600223,1.2421524953886396,-0.091286955,0.9752856581182894,1.3823015487864763
1.3505445609796836,0.6280262010249474,0.6846501627380924,0.5069437784721801,0.6854042315790043
-0.674009488,-0.801068072,0.5899832208113556,-0.875333703,-2.22183925
-1.79868386,-3.994859973,0.8979833732658404,-0.499244694,-4.106329997
-0.887237472,1.6684090253737636,-1.187172989,1.338055510443217,1.9603444640853864
-0.028850458,3.1153628468991625,-0.040806392,1.4144105270722411,7.4319483432878695
-0.678712788,-0.051115799,-0.198231058,0.29206913625649394,0.7673679014373515
1.586080656328089,2.792950039016689,1.8201262924963246,1.147562253681393,3.8870728507884142
-0.213294305,0.46420889775321844,-0.195988021,0.9188619509028334,-0.205028046
-1.295290555,3.2353241188609756,-2.802482398,2.1635936330963426,6.743812903337827
-0.971507908,-2.737822445,0.6199063136204377,-0.63808674,-3.091775643
0.45385434912842815,0.40658911524779895,-0.554850997,-1.222530969,-1.069729016
0.010054138889538808,2.0851253582307643,0.000166075,0.01651806,2.2279723711651696
2.0733551531774843,3.3630063012902527,0.071245704,0.034362518,4.148744802878787
-0.177257749,0.21648095015694202,-0.039149737,0.22086332860554492,-0.030589996
-0.388785057,2.6361738824306573,-0.56840019,1.461990836383365,3.6833648573260573
0.750078543,1.1260692363068614,-0.233745592,-0.311628155,0.8383903329557442
-0.069721769,1.2676205759543835,-0.071238906,1.0217598750736916,3.4659861247597554
1.4724659688872135,0.3179925728339812,2.2480308202621884,1.5267115626183827,1.255533838453169
1.0372426527134349,1.6885612170268889,1.9854977954156796,1.9142076255942637,2.860769756694799
-0.829713941,-2.569227207,1.1912764829574773,-1.435767708,-4.248706912
0.5703272632107187,1.4114753560335442,0.6145585121695212,1.0775541549772631,1.7953006258120294
1.1260751072868278,2.3922156569494955,-1.236100566,-1.097707034,2.477222623915452
-0.118913289,0.2510992559180114,0.046958577124388876,-0.394897638,0.36431859965828656
1.7172443533789437,0.23692088329261995,-0.594700779,-0.346311099,1.8611990695800191
0.023738994737888333,0.33045805316627763,-0.004372064,-0.184172236,1.9275597833551745
-0.527845043,2.841027870788526,-0.365488017,0.6924153641348575,2.495388748600625
0.099570208,-0.50028038,-0.002083494,-0.02092487,0.5193321904014943
0.16975218972414402,-0.019826883,-0.052755955,-0.310782177,-1.041479416
1.3585797829329844,0.6100137361648437,1.186803299705153,0.8735617257184631,3.9493595305123494
-0.858061361,0.073765492,-0.437438952,0.5097991495241717,0.4284132432641126
-0.939515492,-1.709030059,0.3357926587047963,-0.357410454,-1.369580068
-1.824140579,-1.858703675,-0.29339879,0.16084220316469672,-3.802720895
-0.889131739,0.33130234452954904,-0.542889478,0.6105838476594992,-0.36204222
-0.171769217,-0.11470352,-0.043668145,0.25422567480173475,0.8504527461632712
-1.472555674,3.361614894578853,-2.14159302,1.4543375563098702,5.417902639
-1.587171687,3.342553539580059,-2.530113464,1.5941019387926645,3.591871598
-0.371274904,-2.743852331,0.41034619561947794,-1.105235477,-4.595777416
0.5415689486134659,-2.327007135,-0.050099352,-0.0925078,-3.227204221
-0.214441708,0.10367651530922634,-0.071795752,0.33480311548755143,-0.558426075
0.3629417439642052,-1.151299353,-0.382833546,-1.054807147,-0.892205093
-0.132369582,0.5197131602607353,-0.074707584,0.5643863446380949,2.447910829945082
0.913417847,2.4696563533633675,0.5298850355411058,0.5801124173797555,3.5434747024029103
0.2930544643899573,1.4153808781136392,0.14480137695122994,0.49411080378065086,1.0377312883025271
1.5953521912481161,2.3943112490723477,-1.720981669,-1.078747174,0.3694990688499519
1.766765668244121,3.949433662187002,-2.481189461,-1.404368166,2.6086799792644966
-0.750218717,2.2472860489411888,-1.362820578,1.8165643516894987,3.939389217540061
-2.114116254,-6.064015516,2.1490990427179053,-1.01654724,-7.827831126
-0.387171351,0.21030216460365203,-0.467250232,1.2068305948127154,1.6176877885913208
-0.950938274,-2.113762569,0.36298653798324415,-0.38171409,-2.42098782
-0.749412056,-0.701817073,-0.115669506,0.15434700468010915,-0.892170473
-0.862520288,-0.808688505,0.37154096463945585,-0.430762001,-0.913262224
-0.856618594,-4.511397603,1.2003988691989715,-1.401322453,-6.552174998
0.6917341278774425,1.9338088993446951,0.8513217377133777,1.2307065726619897,2.416470076785468
0.547139656,3.147267096733912,1.1718755931387024,2.1418217105862882,3.058544169123417
0.4097153549136657,-0.175784517,-0.193524823,-0.472339689,-1.320215199
0.4638374010766973,-0.99673249,-0.225519024,-0.486202758,-2.388096272
1.0697436011389274,1.362642559581244,-0.209550464,-0.195888495,-0.18519533
-0.543420609,-1.835388637,0.38637951026610917,-0.711013723,-2.424377265
-0.107371722,1.2152178216323284,-0.09070871,0.8448100543202589,0.09423994
-0.649561706,-4.295733512,1.2072978537799153,-1.858634589,-7.156307125
-1.147090124,-0.588452491,-0.111444659,0.097154231,0.24118019628388288
0.088038366,1.7930688782577549,0.10730692138344414,1.218865437962724,2.653076033901291
0.847353639,2.2774736491424328,0.035506199,0.041902456563223014,4.075232871647964
-0.284574265,-2.327923936,0.24760816641712005,-0.870100344,-5.621639411
-0.153370014,0.8373485847301201,-0.005461539,0.035610217,1.8389020885902703
0.3527281743298321,0.5006923504814211,0.1827374717141452,0.5180688275364969,0.7590888701127321
-0.524364333,-1.402906397,0.15275215323694266,-0.291309198,0.2569424309745074
-0.777162669,-0.373004542,-0.028500848,0.036672950956042935,1.2146138242684048
-0.058203636,2.8948828242592253,-0.138391416,2.377710833161059,3.7400491851664492
0.30339315466466826,-0.076793741,0.072838274,0.2400788297527746,1.2135001540930608
-0.734422401,-0.794732671,0.2757993439319983,-0.375532315,-2.977484999
0.44496713939824056,1.037838374310743,0.9790570297944972,2.200290635210822,4.566575248249359
0.026194615,2.3363951427438714,0.047756699109764704,1.8231495114259433,3.1186002393374097
6.534912461370762e-05,-0.700811064,5.048021756838755e-05,0.7724696829037375,-0.216949666
-0.777409632,-1.517845287,-0.321905205,0.41407411441855146,-1.509842229
1.8062625519009563,0.3212373544755229,2.7663542706405715,1.531534974098417,2.4800655423283167
-0.242863386,-0.346152333,-0.183134961,0.7540657499397927,0.6793660330370068
-0.023106365,0.9800165219539155,-0.01949963,0.8439072845265005,3.8050771947379882
0.812399038,0.8715287277593023,-0.324633859,-0.39959902,1.5533335041743053
1.4360471327983564,1.0727391237815656,0.8788115909566119,0.611965701,2.221650128761637
1.3666005631894802,-0.821582574,1.6081735323562354,1.1767692591922787,1.4604700718241197
-1.100195632,-3.173850088,1.0658428445301846,-0.968775746,-4.897692346
2.0608632376065184,2.258468860901526,-0.726018518,-0.352288548,2.239995354168722
-1.121380116,-1.641468079,1.2805824732129811,-1.14197002,-2.68297039
-0.876887011,-1.589107648,0.5527762840693689,-0.630384847,-2.141786012
0.11964089676255146,-1.783163949,-0.106111127,-0.886913507,-1.830183519
0.8210844608839087,1.014638667703694,-0.802853459,-0.977796435,-0.483147918
-0.58036939,-1.581956346,0.1088064611292982,-0.187477946,-2.622726776
0.22532527248477718,0.6860109143713891,0.2075878178526779,0.9212806693341618,0.7613016317556205
2.1641400824484527,3.670950282222387,-1.27208424,-0.587801248,1.6509658916573535
-1.195705428,3.461480435314199,-1.422421651,1.1896087599142324,4.904528231
1.4779196315251675,0.8286781621592465,2.3326411135882084,1.5783274434084043,3.446067991104745
-1.008811115,-6.568247721,2.2934613000204966,-2.273429848,-7.873440905
0.7266462179139244,2.3806628027333443,0.5105992072808564,0.7026792332955347,2.010323216327053
-0.751872609,-4.739950195,0.5785734057661788,-0.769509886,-5.026643725
0.6183349189631191,0.6273656414184202,0.39299060281470516,0.6355626874084808,-1.12097068
-0.517582436,-1.307708156,0.320468283,-0.619163753,-3.144494707
1.7810363952724881,4.500542359049749,-0.239400875,-0.13441661,4.124217850052189
-0.667966796,-1.888040661,0.14224905188813275,-0.212958268,0.23363092297603671
0.015416517100600253,0.5598695363500643,0.007051227,0.45738133794284047,1.5737977543703843
-1.701267295,0.33632153713489665,-0.738053535,0.4338257351634839,-0.471156224
0.6461071878323167,0.5315280984642122,0.026237115341683857,0.040607992,-0.831411811
2.003828885349284,0.756895058,1.0185281754285018,0.5082909937446899,3.0850770664719316
0.018777344,0.5545528894779648,0.030168873884010874,1.6066635195985004,2.9413260617397845
0.1685460984583365,1.965073179121307,0.46595068536042067,2.7645296427647694,4.403764797069812
1.4314379634685708,0.4685535102292543,2.0884961408993097,1.4590196670756144,3.7379681575335444
1.6839950133849177,0.5970257158826742,1.7245961230173932,1.024109993978465,2.744876922434508
0.5657094004834072,-0.750363505,-0.094845533,-0.167657693,0.15089603358396508
0.6039922755004133,1.0379552266869339,-0.207037247,-0.342781283,0.6247781379262649
-0.719245417,-0.10442148,0.17989744538159522,-0.250119697,-0.40523871
0.16658850427113858,2.8284021733896907,0.11936609878080577,0.7165326281249643,3.528137941811723
-0.364077651,-1.686267306,0.3181754208518752,-0.873921868,-3.500953608
-0.377418859,-3.691256402,0.5655997911356001,-1.498599708,-5.362890746
-0.975750176,0.6342846509627815,-0.461759006,0.4732348681023422,0.400674061
-0.748534749,-2.48466027,0.017893964583776123,-0.023905323,-3.257485061
-1.071418856,0.8047788720017034,-0.617283224,0.5761362333587492,0.7402998029514898
-0.877648732,0.8904897495230841,-0.497734368,0.5671225283937292,2.966270036285092
1.9011527337476548,2.501779006298079,-1.842020768,-0.968896783,2.0141117201351415
-0.352896129,-1.948414846,0.11248577273520105,-0.318750373,-2.645088528
-1.49907259,-1.308186025,-1.266702097,0.8449904998928613,-0.192500446
-2.284613249,-9.172600105,4.0877661814677815,-1.789259597,-9.836224364
0.366432268,-0.547877142,-0.103128938,-0.281440657,-0.767769619
-1.729229464,-3.322262064,0.8747293427356239,-0.505849201,-3.52010458
-0.977029651,1.845247969798693,-0.608475316,0.6227808085229616,2.307418484514552
0.089561366,-2.188690181,-0.101882288,-1.137569611,-3.936323325
-0.410127339,-0.69221051,-0.283358434,0.6909035489911158,0.12144536182501152
-0.790047628,-2.052692825,0.9806716682343664,-1.241281708,-1.819252166
0.37700063827202457,0.064427796,-0.162497048,-0.431025923,0.1348052945887801
2.0201387729854288,3.0368959261268214,-2.863308017,-1.417381843,2.889420175321173
-0.081477245,-1.319701741,0.10144255045484024,-1.245041483,-1.134780764
1.0984245455410169,3.0066217731626974,-0.453526512,-0.412888181,3.247248541312688
-0.41520399,0.39757440339903516,-0.262581941,0.6324167089111378,2.459480214393326
0.4949025093454224,-0.020445016,0.3087153411249027,0.6237902117999397,0.2373539526117739
0.6332239251197753,0.46730198106880827,-1.401059115,-2.212580825,-2.081866798
-0.081613216,-0.542372501,0.00061805,-0.007572916,-1.032994354
-0.724375118,-1.109036919,0.022735809018205082,-0.031386789,-0.858873786
-0.333698878,-0.460678561,-0.015393309,0.046129340678024724,-0.164471171
-1.196391973,-2.811638935,0.269299034,-0.225092645,-3.107693699
1.0835569828250893,1.3552950155075645,-1.322362871,-1.220390706,2.1214856172314804
1.3010900399143575,1.7262713902163835,1.3379388644360353,1.0283215022721282,2.042955885213884
-0.40670745,1.4062092990933301,0.011120003784357369,-0.02734153,1.6660076989431798
-0.642298673,0.23494375077365587,-0.199134895,0.31003472853279346,0.3745252309722682
-0.157040759,0.40037065216040046,-0.173426081,1.1043380220984056,1.7759379975684995
-0.098327776,-1.269871201,-0.016611429,0.16893933376271927,-1.952964778
0.4843166718589272,1.4634011564396792,0.4563407973455784,0.9422363999860454,1.2858852283781266
-0.399106818,2.0662668060602685,-0.690236306,1.7294525558053109,3.103533097604981
0.6401031368982579,-0.006378107,-0.242015677,-0.378088567,-0.123104632
-0.345516685,0.7908540027439148,-0.313447407,0.9071845740272878,2.6469591403812838
-0.106266731,2.980567400776087,-0.190947293,1.7968680424159134,6.2431874979249145
0.18386146306827214,0.6655410783221052,0.18331167347388064,0.9970097616693752,1.9284999882401046
0.10296508065499091,1.0737524004760872,0.077900456,0.7565716031366055,1.8617010893244754
1.6118692491153808,0.6785960523141367,-0.1740497,-0.107980036,-0.723105872
0.17012043392487666,-0.437649399,-0.19057169,-1.120216342,-1.434342372
1.3896721442670406,1.2106852238702828,-0.714969172,-0.514487662,1.4597139861455861
1.2036875476164823,2.480899295968722,-1.342087648,-1.114980088,2.305950189798371
0.13683060435473873,0.39162401254435353,-0.048105825,-0.351572118,0.18057612667617493
-0.738232105,-4.162801987,1.3047129335538574,-1.767347862,-5.21427938
-0.107084155,2.0938143469974317,-0.082914971,0.7742972945101714,3.1064858490468996
1.8024894729346135,1.458462829882782,1.5785027449569617,0.875734793,2.051261423
0.9820403992124825,-0.721831656,-0.589167207,-0.599941924,-0.479807916
1.8801028491513292,3.8974110058684945,-2.603697547,-1.384869742,2.809505709746941
-1.299328297,-0.462000567,-0.168354386,0.12957032224989606,-0.441537208
-0.445487045,0.12768925211366927,-0.063492135,0.14252296621231558,0.14685434161594507
1.4454197926326613,0.521100788,-0.451792117,-0.312568099,-2.588038079
0.45089277613433504,2.1033107560897473,-0.045522316,-0.100960402,3.3647755715029586
0.12912172992512114,0.3644149941316386,-0.064757554,-0.501523283,0.099123239
-0.929215482,0.9397145209165548,-0.592219572,0.6373328718413152,1.6129621519880009
0.5940336307599893,-0.415790583,-0.332039843,-0.558957989,0.8278945007782363
-0.538053332,1.9546587252115506,-0.283259878,0.5264531623816526,2.9359222023735327
0.5629309088735927,2.2366203935790563,0.5201478045826903,0.923999369,3.2092401253672564
-0.638305986,0.7052604333363549,-0.220269534,0.3450845507741736,0.18304021214110167
0.2751770095289189,1.0966107125240487,0.16815442013683246,0.6110772859429624,1.0950148861982445
0.5824923124911474,0.0444662,-1.258048054,-2.159767651,-1.730546547
0.768646578,0.8957716310766494,-0.727510569,-0.946482544,0.7537615998358516
-0.736647029,0.8894717621720849,-1.055842524,1.4333086035175147,2.907669024696515
-0.565057477,0.2723150638324172,-0.884333995,1.5650337012063926,1.3105405401847348
1.3085361666907365,2.3517488880678368,-1.355733626,-1.036068899,0.6225051889714098
-0.707876725,-2.69068409,0.8665655127504132,-1.224175739,-4.247661391
0.7466343386204031,2.1513346948316148,1.0481811532014886,1.4038748273194481,2.6597161418627664
0.2032097744446631,1.1291374650077928,0.18009281972785934,0.8862409311757844,3.707072127372592
-0.18717225,-0.670181095,-0.230390428,1.2309005644436206,0.9933014954934888
1.3856158581212916,0.6602644455246467,1.905139869874451,1.3749408674187404,2.255410338816515
-0.874785324,0.49755223850179464,-0.055681625,0.063651759,0.4052868287292507
-0.440917044,-3.246113023,0.5021651075739902,-1.138910627,-5.979994602
-0.372402934,-0.560075658,-0.058769776,0.15781233401670533,0.9407792940972455
0.049149,-0.164651672,0.040267361382724055,0.8192915737230007,-0.266801419
0.4872553740652493,0.808155983,-0.624104004,-1.280856072,-0.074999663
-0.189775811,0.5543789415008765,-0.099801789,0.5258930962254464,-0.005110689
0.19573748010235903,1.7479617177512883,0.20327675498292766,1.0385172777161842,1.489434037498571
1.2620831456019088,0.9094771350145414,0.044629344815831334,0.035361652,0.5352437501260437
2.3055980753667913,2.635878426586964,0.5885150125611095,0.2552548160275005,2.737257122635668
2.558903984354284,1.032758025,2.7428439648180105,1.0718823299304614,5.511202151
0.5497880419268311,-0.19015979,-0.878054616,-1.597078417,-2.690377702
1.067336429417324,-0.394457156,0.6251211720044152,0.5856833466704391,1.5991626069801241
-0.525931996,0.8827943109470764,-0.634081754,1.205634490228417,2.226155484751318
0.720738615,-0.266632191,0.080248883,0.11134256100654724,2.253494059030765
1.410026050025315,0.4926231283887651,-0.085169801,-0.060402998,-1.715394996
-0.574297694,-3.29310964,0.48379816467937237,-0.842417042,-4.995659914
0.7675351192013469,-0.306832354,0.3259866226861833,0.42471883635160085,0.8408353695491082
-0.233689248,2.5741988099566813,-0.233400824,0.9987657834125152,5.595165429439363
-0.455325643,-2.079488921,0.3740193296769733,-0.821432607,-4.419139288
-1.276946488,3.9946130302782814,-2.89564945,2.267635705748275,6.305190911
-1.760267641,0.063178422,-0.503755049,0.2861809404376562,0.8293172755573506
-0.22186338,-3.017552207,0.5067754621607041,-2.284178044,-6.066494569
-3.011332365,-1.501330646,-1.024193859,0.3401131907710413,-2.564216599
-1.024460719,-4.039308229,0.966322941,-0.943250359,-4.252408096
-0.843676047,-1.579859521,1.189455012930728,-1.40984803,-3.592192971
2.3007598289658713,2.770073039495047,-0.410962103,-0.178620166,3.541300169374253
0.034154035743416154,-1.660646575,-0.005284638,-0.154729538,-3.402022881
0.7895436234092605,1.0378161357397135,0.3917167806064579,0.49613063672785973,2.298043255201887
-0.138966607,1.8429337527571297,-0.084142429,0.6054866747705204,1.727696622949709
-0.701005268,-1.698664095,0.5832330258521266,-0.831995211,-2.172445828
0.5661667826645436,1.5393142042332586,0.27957132630548676,0.4937967660160912,0.6778429827176027
-0.62850143,-3.128766902,1.1734678174510056,-1.86708854,-6.508846189
-0.070149952,-0.481741631,0.022958842980599737,-0.327282378,-2.245443756
-0.97810162,-3.223214276,0.4154884882103696,-0.424790717,-2.671382143
2.567085570664872,4.161036822799271,-1.950012851,-0.75962129,1.81668217
0.6347423471779077,1.0444021738564657,-0.518818455,-0.817368587,-1.256744352
0.42921917229947165,0.2624999022088917,0.13398463958533055,0.31215902790998296,1.3421933201071545
0.21492577440981167,0.329303577,-0.195641894,-0.910276557,-1.834228692
1.5541150334614575,0.47140935278720564,-0.846263151,-0.544530574,0.6356171945691038
0.5464841880880963,-0.890997472,-0.369587477,-0.676300404,-1.824129642
0.32160369771189984,0.6255462882652378,0.1602817463064852,0.4983827842989211,2.4357735647477754
-0.065252008,-1.099480522,0.019075983,-0.292343239,-0.770273788
-0.560322973,-4.693158369,1.8516990028294693,-3.304699417,-9.064567625
0.6949830397007822,0.12243678367234467,-0.774094447,-1.113832142,-1.033734356
-1.868291227,3.037233224606324,-3.195692286,1.7104893709896505,4.694264659987628
0.34968801027551505,-0.880534401,-0.402326379,-1.150529522,-1.619014106
-0.985272213,2.8960171782684596,-0.527068078,0.5349466580901956,4.466668768473022
-2.961498891,-6.357358202,2.9839453698847778,-1.007579432,-5.640341565
-0.046795567,-1.546935511,0.049189524,-1.051157773,-3.504732412
0.5882571141208562,-1.612200337,-0.809629036,-1.376318307,-3.756960061
1.0279596316338468,0.28511488253685935,-0.339988964,-0.330741552,0.38489540033636493
1.1917978914301266,2.4163255453087684,-0.364732918,-0.306035881,2.983521278110647
0.36648176815207434,-0.667080386,-0.335888473,-0.916521645,-1.64711822
0.5605846880018899,-0.772396914,0.27361655932889073,0.48809138955284537,-0.997449378
-1.009632716,-2.011435979,0.06825236,-0.067601177,-0.981429155
1.9505996785790767,0.9047303746016475,3.157142576442331,1.6185497265857063,3.103149908936376
-0.150396129,0.20845852834764872,-0.057766822,0.38409780035229824,-1.065278864
-0.287991259,-1.751371922,0.16468111300414692,-0.571826776,-2.363445106
-1.09720398,-6.2322538,2.9056582383042397,-2.648238879,-8.51652803
0.5016085882885036,1.5291488155375068,0.1603326560732355,0.31963698352991327,2.695889572457006
-0.087878508,0.2192337063361181,-0.02090066,0.23783584930663793,-0.919010332
0.9573676448598697,-0.362749926,-0.745959265,-0.779177434,-1.354503015
-0.628385935,-2.620217512,0.5615602745568744,-0.893655067,-1.230707539
0.6384948194413277,2.8975174604219887,-0.293004768,-0.45889921,2.870563163749123
0.1087285018812184,-0.123520825,-0.160839246,-1.479274003,-2.836442339
-0.523366221,-0.856486865,-0.007235502,0.01382493,-1.882640517
1.1967241745442398,1.5089451167974075,0.6733515250496377,0.5626622569950813,0.022814872041839518
-0.954026605,-1.980444308,0.048319979435006516,-0.050648461,-0.923526671
0.4384682889579817,2.644603956487548,0.9276433775130785,2.1156453063404417,5.934108132
-0.303704175,-0.76710491,0.2362511763339335,-0.777899008,-0.698889904
0.6459187845069289,0.7786325516348707,0.22047924140904088,0.34134204902764487,1.7385291692324731
0.6200450758558068,0.6384120147043304,0.2785615493592111,0.44926015898881416,1.1487689847043236
-0.591082731,-1.634953647,0.49662125164096516,-0.840189072,-3.485123761
0.2926344159750648,-0.495412872,-0.30887755,-1.055506573,-1.745142673
-0.511294185,0.8165407503078204,-0.277203168,0.5421598287918994,1.5712260106055727
-1.780195432,0.9712888663645316,-1.510753544,0.8486447704847739,2.9066254665519655
0.9392625613122902,-0.77170427,-0.722574871,-0.769300194,-2.348007932
-0.22509284,-0.838970139,0.28825433963132735,-1.280601994,-2.347591745
0.4811958164164578,-0.467229295,0.17287764710643955,0.3592667292785025,0.48938545180539134
-1.383859989,1.6491401444103504,-1.11424773,0.8051737447858833,2.1424469456810535
0.8020920256466556,-0.363284539,0.1578738930039847,0.19682765562555615,0.18033300707222294
1.3281402364579669,1.293266801497417,1.158604015691651,0.8723506628950163,2.577500436363889
0.41717178773277225,0.41779219311229215,-0.184230509,-0.441617853,-0.401969289
-0.357397007,-1.529006601,0.11559392348412108,-0.323432824,-1.608368477
-0.980714408,-1.993619641,1.330539849096116,-1.356704703,-2.930511335
1.5626006206807805,3.3370550190788615,-0.119306149,-0.076351018,3.8986825705152195
0.45427435686094975,0.606747401,-0.158546582,-0.349010635,1.1345425069351953
1.6851736162202313,-0.95848306,1.8334033938325724,1.0879611312363255,0.4213244507884513
-1.132911374,0.5724317353562627,-0.720018004,0.6355466284511182,2.2605225794530246
-0.47597002,-0.983442904,0.092576819,-0.194501367,-1.902911964
0.22582182756957866,0.12578221607367762,-0.078830991,-0.349084904,-0.441629692
0.037675537,0.12258009386924751,0.026498948200843673,0.7033462549056725,1.6226987373707682
0.9757523724412006,0.709011489,1.293294034788949,1.3254326315941227,0.3495097287612985
-0.622784563,-0.617430464,-0.073432982,0.11791072851559696,0.5259947086599921
2.5800027248426907,1.6062651574147548,1.2811431504228041,0.49656658812285503,1.0551624280973315
-1.027799324,-4.052543222,1.032413381909233,-1.00448926,-5.145262507
-1.725837654,-4.242590728,2.275287790031289,-1.31836722,-6.129521387
0.9252344417568733,-0.655346985,-0.41279541,-0.446152231,-1.203033667
-1.779585212,-1.183074661,-0.211037516,0.11858803642905835,-2.351461019
-1.762179196,-2.169938188,-0.030929459,0.017551824,-1.109334125
-1.807638748,-0.714491673,-1.282442356,0.7094572175201175,0.2810855330895975
0.3050608205025432,-0.405369817,-0.202037678,-0.662286549,-2.175384167
-0.702929194,-0.975836759,0.4111523585819602,-0.584912907,-2.689029401
0.38816377673245245,-2.471257898,-0.798118312,-2.056138052,-5.664858739
1.00227995,1.5177966677141006,1.4201342544575217,1.4169037846299721,4.148305633278009
0.082781292,-0.714577671,0.018614822,0.22486749679262946,-0.128207568
-0.603781707,-2.582306301,0.7311569095537017,-1.210962342,-3.213465699
0.40982724080471555,-0.602280086,-0.035514045,-0.086656136,-0.81525321
-0.322477936,-0.13658481,-0.196693892,0.6099452727308401,-0.333491949
2.4169227560760356,2.2982279774878265,0.2724607009819225,0.11273041320702885,0.7114623905285788
0.7269289200978133,1.6306118092734416,0.23835401047923954,0.32789177028087885,1.6499065215202104
-0.771283205,0.8501544811249508,-0.46853275,0.6074717388911837,0.8931272342875507
-0.489152462,-2.96354315,0.6276421043972382,-1.28312163,-3.795310232
-0.106815523,-0.636260612,-0.028593131,0.2676870381793589,0.5917557793973949
0.315020707,0.26978700205220163,0.4152430259689905,1.318145177037367,0.5968649013922848
0.4815817322163796,0.29245101379304106,0.073839355,0.15332673529360713,-0.243904868
-0.442165617,0.2969536044838116,-0.358184849,0.8100694305116609,0.20083171226095398
-0.232098453,2.6000262434102446,-0.263250514,1.13421917,3.448895575899208
-0.251458996,0.9403202347088497,-0.266682841,1.0605420568419475,2.4267159916804717
0.9010217410591331,2.402071909,0.6803017517508514,0.7550336698326172,4.583171485932327
0.20314236776628566,1.908999259006166,0.18872872159653908,0.9290465778840906,2.2623148725752817
-0.008772156,1.648807369401378,-0.007094067,0.8087028733212626,2.3824999112127574
-0.238625795,-0.824954754,0.1413603923966835,-0.592393594,-1.778648754
-0.976396236,0.8219727006886016,-0.179907248,0.18425639287345105,0.12801079766987244
0.003394379,1.4353673858813338,0.003924907,1.156295858295955,3.236256566
0.9134913657705781,0.46888303158574796,-0.253051541,-0.277015799,-0.599418671
-2.069962547,-2.629939274,0.882685453,-0.426425809,-2.719723911
1.165175080592288,0.5062899987852629,-0.818987462,-0.702887897,-0.718274549
2.0699934594524083,1.8175610236153203,-0.650924612,-0.314457328,1.6357145097180268
0.282947033,2.298884366075317,0.14786885565276262,0.5226026021379315,3.620419945123312
0.5599577817072716,0.16486528112837312,-0.105998338,-0.189297018,-1.156835054
2.120225236849403,1.9989602895426697,1.5653643572436229,0.7383009738954489,2.1543340078091577
0.41337129489535285,-0.787663547,-0.717151939,-1.734885677,-2.583206962
1.377302030719894,1.4756617079758532,1.9514504116468097,1.4168645425047528,3.991334432077124
0.7019796287253226,-0.341772012,-0.973160703,-1.386309037,-0.408420045
0.41649835898243365,-1.364491327,-0.547549062,-1.314648785,-3.101136264
-1.105456746,1.4660313189559862,-1.608141723,1.454730571072097,2.987895977524017
-1.114866882,-1.728985882,0.4325034017890496,-0.387941743,-4.271999518
0.061444338614966745,1.4650624643647223,0.030950414522164973,0.5037146663114379,2.852671828764856
-0.104002294,0.3652400125609975,-0.095607326,0.9192809345661579,0.893304522
0.24556893683799247,3.4225182964417673,0.5854718114407075,2.3841444238810907,4.709611184370938
-0.563028172,-0.882283862,-0.135023562,0.23981670705689256,-1.293248484
-0.785470829,2.443439386787291,-0.815964538,1.0388222046140663,4.174509576374865
-0.434298528,-4.876498636,0.8483314618077189,-1.953337179,-6.158961462
-2.648575832,-0.351154501,-1.379598851,0.5208832741855217,0.38403567168196456
-0.573265515,-0.656784647,0.11958965083441139,-0.208611277,-0.706179324
0.7799796141240469,1.3443153656390978,0.1755243732264227,0.22503712923772332,1.0655601508708732
0.18405635535672657,2.6374551011554086,0.2188243533353033,1.1888986550406888,4.386813411661107
1.8515497581827465,1.6575921326025216,4.191543347928135,2.2638027033321744,5.199830038940531
-0.727111415,-0.821067391,-0.107192808,0.14742280941027858,1.3680622863568972
1.6600209351039354,2.2688558288242975,-2.345108874,-1.412698373,0.78571526
1.1130714967143025,0.16700235095425264,0.1699588151157131,0.15269352922738372,0.3987352998200637
-0.883198931,-2.766948404,0.064593912,-0.073136311,-2.899280083
2.025982866439344,0.6660592295212462,0.5818560519809791,0.2871969263015479,0.36024354386102053
0.1284195320107885,-0.659455216,-0.076844145,-0.598383627,-2.492209429
-0.854245301,-3.440995301,1.7337734416194837,-2.029596697,-6.33849581
0.3534798133864165,-0.735731787,-0.158677458,-0.448901047,-0.052475341
-0.783680248,-5.899651483,1.958772757652389,-2.499454036,-9.148653654
-1.213117073,0.5040379233301732,-1.29018197,1.0635263472683607,0.5855849600340723
-0.175904113,1.2645313034172805,-0.217943631,1.238991102530052,3.326543774148214
-0.303753719,1.668025801622162,-0.041233907,0.13574782693756027,1.3002283689241732
-0.614755796,-5.943742104,1.4860136131791568,-2.417242136,-5.722727479
-0.19759888,-0.058467945,0.1254056760097579,-0.634647708,0.9811956954797473
0.034092009,-1.196814203,-0.020047249,-0.588033677,-2.036284543
0.05884089,0.03329319,0.048877042,0.8306645513475391,-0.106161286
-0.539489595,1.5424729818288798,-0.548335045,1.0163959600010213,3.8164798167261877
0.397774235,1.5148552150991932,0.039349677260785344,0.098924651,4.060321327146547
-0.580128684,-2.604614048,0.8021630715105438,-1.382732993,-5.069227664
0.15503059506674885,0.852182127,-0.254372981,-1.640792137,-0.708412481
-0.732740457,3.5158140795802284,-1.443336888,1.9697791681362324,6.333316527137419
-0.081682091,-0.624794554,-0.053137107,0.6505355935869679,0.674989213
-1.674639874,1.3816536247473585,-2.048173004,1.2230528103829374,1.4606423913022268
0.045250848,-0.643307012,-0.073356389,-1.621105298,-2.575223111
-0.031396676,1.055796296008475,-0.030543616,0.9728296111019544,1.4224289545073194
-0.030988972,-2.200746291,0.045216253,-1.459107877,-3.262527287
-1.496984719,-3.790632711,2.202320243723129,-1.471170825,-4.801588333
0.760013999,0.39628565938551275,0.7049093351979066,0.9274951985109525,1.5773225615811217
-0.28568212,0.8214720400533301,-0.202487568,0.708786284,3.3477018006464245
-2.371439741,-4.227472236,0.2417677731601945,-0.101949786,-5.614352106
0.2882656854176349,1.7242144964076778,0.035935346,0.12466050673678772,2.365486515675591
-1.029403602,-0.678242145,-0.245550042,0.23853621771525985,0.23131374521517728
-0.062876719,0.8102431321418825,-0.004298823,0.068369071,1.3003595922245745
-1.17045581,-2.605910791,0.7844229754023735,-0.670185896,-3.126870468
-0.344013733,2.215137006433808,-0.504011767,1.4650919956330655,4.416472933
-0.39962415,-0.144266262,0.12536248998786018,-0.313700986,-0.235591765
1.152746005882048,0.5859712345260741,1.1027635836582208,0.9566405591788782,1.8782382835589335
0.9702051414015012,0.4838480138524511,0.1573994474182968,0.1622331615259499,0.026509663
-0.028537658,1.1754040647992205,-0.018794479,0.6585851959394454,1.4966205087318323
-0.674502034,0.1584949851863947,0.12364739208211693,-0.183316559,-0.936877722
0.46298764391888103,0.8860661959620163,-0.509405438,-1.100257091,2.1722878271444883
-0.84162327,-0.077364371,-0.299394012,0.35573399960676927,2.083280820723081
0.39895586054248944,0.054796194,-0.699426383,-1.75314227,-1.395915681
-2.233433957,-3.908381626,1.7121856880417996,-0.766615768,-4.456827723
0.16537569918909525,1.1286286227404259,0.13361343674594675,0.8079387564261746,2.5146379506707848
-1.363390351,0.7463805004891542,-0.995311009,0.7300264433613597,0.9388463213776426
-2.194383995,-1.647373273,-0.645220725,0.29403273379506994,-0.989722233
0.211223791,-0.833746578,-0.188858611,-0.894116188,-0.624478642
-1.550797984,-1.827346633,0.1249362435931446,-0.080562552,-1.80818173
-1.330011247,-0.688108447,-0.406813111,0.30587193315588945,-0.235685781
1.6780525579666437,1.062462380314289,-0.931772764,-0.55527031,-0.772069255
0.18336021992126691,-0.775445099,-0.186452498,-1.0168645,-2.451313497
-0.185936867,-0.662815149,0.008961448,-0.048196185,-0.352695968
-0.734499692,-0.878658547,0.18628895748159763,-0.253627006,-2.627961376
-0.106519985,-2.738590429,0.051476652,-0.483258163,-2.557946576
-0.727955237,-0.849166611,0.068483675,-0.094076766,-2.288055247
0.42927399152416773,0.4901004836740284,-0.408470012,-0.951536828,-0.361633026
0.7261261064410155,0.039023745,-0.030469659,-0.041961939,-1.683314662
0.151931479,0.005524446,0.2103893180470277,1.3847644958925036,3.1060355890835973
-0.534644628,-3.932370565,0.5787347637282718,-1.082466247,-6.890700796
-0.287502609,-4.133933823,0.6581817678535058,-2.28930711,-6.112185602
1.309237469137453,-0.544623611,1.4974018206166593,1.1437205670589095,-0.61241414
-0.067647456,-0.803850523,0.060422443,-0.893196085,-1.171684527
-0.463036793,-1.136120447,0.092660648,-0.200115086,-1.993953032
-1.11740218,5.099481617794191,-3.103150546,2.7771115906532153,7.572887327171929
0.4011204750296569,2.233587812288977,0.27845931933350465,0.6942037035454666,3.0817514405904674
1.074225891670295,0.3642177282725475,-0.659664685,-0.614083769,0.2362106356439283
-1.422238362,0.9905799009829951,-1.080414341,0.7596577128619537,1.2395086211163724
0.9991277811005639,1.1115786557874792,-0.17988799,-0.180045029,-0.482915931
0.9964598318489458,0.320957857,0.4733372421811315,0.4750188889228453,1.3420149507035262
-1.613417257,-0.079728272,0.314252152,-0.19477426,0.24476794211477698
0.33080425015386966,1.4841096629566022,0.2276049899272821,0.688035265,1.7326089077989162
0.5881514433450902,0.17283538919973518,-0.233824506,-0.397558331,-0.320218091
2.1279606984482564,3.686396888536173,-1.784738041,-0.838708178,3.507605538338579
0.4296660914479695,0.069639093,0.42760224148190695,0.995196619,1.3433252865805014
1.9106721847724897,3.2761319893107395,-1.668995153,-0.873512038,3.3180204312422283
0.40003509405210624,0.5286325513304917,0.11834593030576626,0.29583887030259204,-0.40404284
0.554421922,1.347867523781528,-0.14365666,-0.259110714,0.7849724950083822
-0.565323581,-2.92588154,0.38543684215537527,-0.681798628,-4.533350478
-0.793470735,-1.566361701,-0.14401457,0.1814995357399548,-3.156527605
0.3984914740257512,1.0757018807731002,0.505528036,1.2686043965871425,2.6969124642180686
-1.328742816,-0.681796576,-0.231727711,0.1743962096803851,-0.810018319
0.11895425690976717,-0.317866836,-0.031212541,-0.26239112,-1.454583879
-0.415031527,0.6076972076733803,-0.323595172,0.7796881700445626,3.060413073861409
2.4708507071429917,4.442208869232075,-1.623578032,-0.657092728,4.411277179365408
-2.176734714,0.9529760090376576,-1.063850335,0.48873678940206855,1.5418932155740326
1.720535891847354,2.4670686347590536,-0.046350917,-0.026939814,4.138568239
-0.428103576,0.7457238406073187,-0.479401373,1.1198256675017995,1.6068436650191815
-0.758372039,-0.721698421,0.7378665252326388,-0.972961143,-1.66805619
-0.547726488,0.042261648,-0.248525377,0.45373992690898596,0.944060138
-1.977639943,-6.808923882,2.5829794410927494,-1.306091865,-7.048615309
0.9619019347936549,1.107068121,-1.698567711,-1.765842909,-1.250124064
-0.69261532,0.273432398,-0.151262526,0.21839327229367822,1.1532468656708939
0.6380096590779876,1.091370633098635,0.5893077367889721,0.9236658542765692,1.0418525237504022
-2.097991886,-3.470863369,-0.360432102,0.17179861581823175,-3.075789068
1.2184291215991907,-0.084345679,-0.56463607,-0.463413144,-2.239464362
-0.937953593,-1.182965284,-0.709476217,0.7564086565169171,0.5634580269239626
0.1317490691671117,0.7946183340111799,-0.059246669,-0.449693261,0.3827746479849469
-0.737958157,-1.92427846,0.3689262273635643,-0.499928382,-2.527267691
1.178301436110717,0.12596806353994572,1.4379208072876506,1.2203335778269722,1.1145364397318516
-0.454743729,-1.237964786,0.10832849717675075,-0.238218782,0.035691751276697214
-0.947017064,1.3716976219033439,-1.15088884,1.2152778270612976,1.683322071083278
0.15852403528272843,-0.045079288,-0.061383823,-0.387220922,-1.437920311
1.1093572463114258,2.240944981767628,-0.595569615,-0.536860076,1.6689791363574493
-0.45172177,-0.000457406,0.058072202,-0.128557457,0.085503083
-0.715837006,0.4780170771794676,0.094384448,-0.13185187,-0.606926005
-2.421975981,-2.405796158,0.27930246042405715,-0.115320079,-3.177642186
0.7788617905925919,-1.019438204,-0.464496771,-0.596378942,-3.376779114
-0.855263145,-2.903156725,0.5550827363355849,-0.649019824,-3.94158368
-0.070028242,0.019322978844218575,-0.033493452,0.47828492140372514,2.217306715
-0.681884364,0.17082230206258542,-0.607278019,0.8905879810899975,2.083816534017398
-0.615088753,-1.240839311,0.10587240523750853,-0.172125412,0.9366966438077771
0.9247287294665404,-0.056525995,-0.534451919,-0.577955353,-1.785101371
-0.344847716,-3.194143876,0.6964215486718656,-2.019504599,-4.598800178
1.3838839612609026,0.9293408089519114,0.9683502177139874,0.6997336805838051,2.3032473581344672
-1.574372562,-0.445294973,-0.724570577,0.46022815358548297,0.090656278
2.030803652907803,0.8990113442687196,1.215419858354415,0.5984920583603037,-0.680029554
0.04731193,-0.220952503,-0.050045419,-1.057775881,0.26926887522716836
-0.952802849,5.163384123345278,-2.32510626,2.4402805502458054,7.811123588369022
0.9909825820540562,0.3596815278926907,-0.045568121,-0.045982767,1.5305628998997334
-0.092322117,-1.581058794,0.008721834,-0.094471777,-1.677139475
-0.553474233,-1.525304122,0.5156037630320237,-0.931576815,-1.891802496
-0.528283781,1.2326753380865696,-0.194230617,0.3676634108036053,0.7958296513028763
-0.007426056,0.6709610735758306,0.004217306,-0.567906548,0.6420041997658833
-0.120577831,0.9083770067240967,-0.020132777,0.16696914120441533,1.5160286361550748
0.6632622796961282,0.3292519934175954,-0.145369483,-0.219173451,-0.296683218
0.8979788241652371,0.7687050460136514,0.4300006677026903,0.47885390627381413,-0.606872181
-0.878758196,-1.849609742,-0.073778017,0.083957131,-3.95221999
0.12213580035584615,2.008845239030269,-0.020408072,-0.167093286,1.798417101086374
0.7944273020625021,1.257551566504239,-0.49771799,-0.626511688,0.6017353081556535
1.357535000840592,0.4991387522506152,0.15788812180928477,0.11630500997139648,-0.566723617
-0.56911927,1.7024906625752383,-0.844839612,1.4844684693192314,2.3805478794634283
-0.604480767,1.397155526900487,-1.176239132,1.945866925572669,2.8562180049819563
0.7463596590993471,0.9901171451123103,0.5535030811648082,0.7416036952382122,0.034945746
1.4809489838639662,1.0212199539357585,0.7228628899234218,0.48810789419456535,2.3812762853874654
0.27152201212719085,-0.964085564,-0.654454681,-2.41031906,-3.350321069
-1.244479791,5.824971634370224,-3.270275029,2.627824938,7.193425582275648
0.5570883429771576,-0.690757507,-0.17728036,-0.318226655,-0.465568913
-0.918211853,0.5580321463389717,-0.555531854,0.6050149013834901,2.5576337064709556
-0.051078734,-1.70646088,0.053992122862492796,-1.057037216,-2.585784565
-0.512158656,-3.042336132,0.54699971,-1.068027852,-4.183478637
0.13589624331108152,1.1699842010003045,-0.042003529,-0.309085288,1.9933442040050213
0.097287294,1.8752519691758598,0.092910685,0.9550135517805018,2.7213081841962015
-0.871883736,-1.770397616,0.3284919192631075,-0.37676115,-1.642671496
-0.609273181,-3.022740162,1.032484093511661,-1.694616021,-5.342114591
0.6586512170787838,0.47233244342102465,-0.082108889,-0.124662169,0.652883094
-0.34152966,-0.662947239,0.19259643154081132,-0.563923003,0.19647914169875103
-0.569625264,1.289886240293495,-0.164474076,0.28874083823410973,0.5872713482433685
0.3226946696258586,0.6004053946874164,-0.07665565,-0.237548546,1.0636933004065006
-0.163769566,0.25434222110858745,-0.007616556,0.046507761690020605,0.3409512965643865
-0.806130998,0.16443436759251662,-0.124118237,0.15396782546394713,-1.125999025
1.057384160815003,1.545842939196851,0.13578272927631033,0.1284138105224242,1.1647271908446726
1.0656804876242498,3.5132614957041772,0.059622271,0.055947605,5.179776786211056
0.8867511057674387,-0.270346677,0.2702550364182512,0.3047698893866718,1.160431205724553
1.2437391081598186,0.9036453354086617,-1.320014245,-1.06132728,-0.6052426
-1.338778341,-1.173268807,-0.10605036,0.079214279,-1.106509419
0.7299204551408042,-0.196525648,0.5708875140306334,0.7821229149147592,0.23049454895775506
0.8407843555971863,1.184117609,0.36756342866584113,0.43716730243484464,0.6652774781484937
-1.004385708,-2.670900014,0.7131825215871694,-0.710068369,-4.010138246
1.0571111431785498,1.674791894913996,-0.258389173,-0.244429524,0.9116630600469521
-2.909565347,-7.290828082,3.3391423934978413,-1.147643031,-7.580739485
-0.836932556,-1.406440966,0.039892858667796745,-0.04766556,0.4391800031771904
0.8751095907814626,-0.039185526,-0.361362876,-0.412934425,-0.84974762
0.2262323871352068,0.9462631596815262,-0.051803635,-0.228984169,-1.345243569
-0.355519681,-2.042789173,0.00011646,-0.000327578,-1.820626644
0.8114001923388958,2.544671108903069,-0.240938472,-0.2969416,1.9264678022152184
-0.219557259,0.7968581169130465,-0.312849182,1.4249093063466134,0.6584609233677137
3.536308437151064,0.40614943275259013,4.978365912852378,1.4077861140594032,3.0027612992456234
1.4289157566664221,0.5238302335762972,-0.384333695,-0.268968757,-0.049344458
0.21408076138957996,-0.053568547,-0.145109885,-0.677827772,-1.04324672
1.2713152773337268,1.5703164632653472,0.3264134575016177,0.25675256430976756,1.8557918897718229
0.18386058569627442,-0.620617541,-0.020648531,-0.112305372,-0.515795776
1.1618044219913213,-0.618699435,1.118857823238839,0.9630345711037386,0.7556240793916489
0.067267541,1.6407838930674417,0.063267218,0.9405311603175743,3.2939600259368946
-2.738239,-1.586448302,-0.095647366,0.034930247,-2.134805336
-1.235514053,-3.013347133,0.7694018111229793,-0.622738211,-4.323252909
-0.785796074,-1.19271885,0.10033025075822158,-0.127679756,-2.601973117
0.8856646943375509,2.1464522176629024,0.10088917650412212,0.11391351281038026,3.139199327
2.114673615,3.9111666605703697,-4.694445094,-2.219938369,0.9597605136157833
0.48068981324823595,0.9238768796302326,0.45845000398260977,0.9537335540452961,2.223437290129955
-0.525557753,2.433191001635256,-0.400947181,0.7628984227037299,2.454786175677987
0.6054788397840931,1.0158730364076707,-0.464948682,-0.767902446,-0.260903152
0.398361362,0.9202753497221721,-0.595474482,-1.494809836,0.39039829444180907
-0.16675019,-2.25865298,-0.002834851,0.017000587698743047,-1.878972453
0.2697831310145399,0.504204906,0.16460302722443662,0.6101309099847514,0.8512499237385087
-0.024406274,-0.069113162,-0.006898735,0.28266234869629603,0.32321623390358456
0.8225599822067965,-0.52922852,0.1692216398464876,0.20572559267044951,-1.112079272
1.1794430946084147,2.202666569724287,2.6270782994365542,2.2273887663132803,4.777186837291792
0.302382584,0.8451012881340492,-0.065884032,-0.217883026,1.9277393064588964
0.782579546,-0.46420835,-0.152842103,-0.195305517,-1.618406575
-0.688450331,2.307679675981574,-0.547152555,0.7947596664520137,3.4001992512833246
0.7316040583338667,1.3456633560687767,0.7615527073482777,1.0409355971625078,1.2943946902790957
0.3603577297717116,0.8283726892877047,0.38743595013516946,1.0751426100408947,-0.172601857
-1.616454444,-0.307472796,-0.326919624,0.20224487288313556,0.6390885246161573
-0.831946705,-1.581305226,0.1603939788227084,-0.192793574,-0.978635891
0.7079390760717049,-0.869885078,-0.102936929,-0.145403655,0.047455233
-0.631616861,-0.94815917,-0.042709193,0.067618831,-1.503798386
0.15368336653775974,1.1048048037724754,-0.102944665,-0.669849104,-0.275374285
-1.171212567,-2.842486389,0.3381830482820159,-0.288746089,-2.832618233
1.2920005984775222,1.5296775546379275,0.038190169328614486,0.029558941,2.023325807033487
-0.523464811,1.4644162638936786,-0.63270837,1.2086932255082266,3.1270147687178658
-1.076608601,-1.99260992,0.20906221602535882,-0.194185905,-2.263481554
-0.034424281,0.2103666901451492,0.022238345513893577,-0.646007547,-2.448201729
0.5961103898514355,1.657619116210392,-0.441361945,-0.740403041,1.9025503821676817
-0.563512478,-0.354854949,-0.618935529,1.098352837646466,-0.448618781
-1.465344185,1.3780885755908379,-1.282026359,0.8748977693872606,3.598400706864212
-1.109277744,-0.642266625,-0.01494665,0.013474217549946947,0.29227122876727696
0.2207833195686525,1.4875799277624635,0.24268385185300753,1.0991946870222915,2.354090231706267
-2.048988112,2.341173030156125,-2.793110396,1.363165739775218,3.4124404770683743
2.2253192938746515,0.070058017,0.614946929,0.2763409866901275,-0.458268533
0.6125830479948199,1.1057525777756014,0.3766597953322715,0.6148713983601071,3.1642884840251257
-0.886254094,1.4033382096577323,-0.858855229,0.9690846397297395,1.774332451905455
0.06340429,1.5956418557455874,-0.041725532,-0.658086882,0.4637795534320367
1.7230169870898804,2.546782709303686,-0.501631252,-0.291135407,2.887713301753243
-0.510066521,-0.581356347,0.28279343476319535,-0.554424616,-1.755158377
-0.923559374,-0.891639853,0.9175506227945661,-0.99349392,-1.505559957
0.9712770490466195,2.427883283705804,0.29276250883326954,0.3014201860536473,4.0920585315259554
-1.654144783,-0.956457,0.4800800484157974,-0.290228554,-0.636926895
-1.047641221,1.191191591296715,-0.459493854,0.43859848630861425,2.7622956496239297
0.5938763292332387,-0.412542758,0.065796283,0.11079122005290344,-0.112146234
-0.701497717,-4.057163707,0.7032767089389486,-1.002535991,-5.437233304
1.9562081800145528,1.6963023125516816,2.5664450711715987,1.3119488495097216,3.5331611300428034
-0.986265906,0.18748963823069062,-0.483332481,0.49006305312838555,-0.687380615
0.47980528537647044,0.18530446622294167,0.034905505,0.072749312,1.4810707373661955
0.9433376021086036,2.184778787503467,1.2567306552906836,1.332217280941166,3.184747832575943
1.3943234685308723,1.0537563911512304,1.5403776654064445,1.104749149083363,0.8563597481096701
-0.67698223,-5.131213335,1.1267042650812285,-1.664304046,-5.40420627
0.5122635829885591,-1.442531863,-0.648640889,-1.26622487,-3.27959539
-0.803479748,-1.686437911,0.41231196486746413,-0.513157881,-1.433357097
0.7882608311588687,0.2027994442300486,0.4456872998114101,0.5654058684562303,1.123443416317471
-0.841500773,0.008263125,-0.491435909,0.5839993553778986,1.2215340931618774
0.37663051333568504,-0.873703233,0.11031985853643415,0.29291269461778247,-0.121187789
0.23307050677443597,2.314860383,0.48658944278759053,2.0877349499158573,4.070689728306655
-0.537781047,0.7865027040720056,-0.862919578,1.604592766689701,3.133632003405736
-0.013052218,1.772221926784495,-0.013653723,1.0460844427499234,2.2118423760380637
-0.70077632,-1.791987019,0.18473565459611707,-0.263615721,-2.748886215
0.6053945972530261,-0.434279076,1.0877440901097668,1.7967522258133755,2.0107628904896395
0.24470014131826476,-0.828363238,0.046027345,0.18809692849196305,0.6626110705889687
0.563106662,-0.160202746,0.068312,0.12131271902785253,0.9110003220903136
-0.410088441,-2.22217112,0.8545851675409555,-2.083904547,-4.016344652
-0.830820809,1.8354682697014963,-0.86087751,1.0361771154463126,4.578723883426396
0.078347879,0.4336176752431694,-0.050559345,-0.645318614,-1.714748623
-0.488230194,-3.098342076,0.7303661836369784,-1.495946365,-7.419284579
0.7461113390213887,0.19442994271126302,1.1262653011815351,1.509513717696292,2.0379134668654193
-0.581529387,-1.899744645,0.908266782,-1.561858784,-4.051792754
0.15828435177704578,0.6171172470451749,0.22327617343305636,1.4106016856774064,2.121547445171238
-1.800691843,-0.800191995,-1.446415797,0.8032555945932772,-1.829850793
-1.220483079,-1.332443175,-0.841993393,0.6898853480502396,0.31985455619746983
-0.638039999,-1.309007945,0.3967654777592121,-0.621850477,-0.217566933
-0.56831821,1.6331098504149715,-0.362225903,0.6373645905891852,0.9482202326143421
2.3772526902355713,3.3762573964583114,0.8751204564751107,0.36812260643120426,4.337231204
-0.598766434,-1.886991271,-0.067984327,0.11354064482049331,-2.55192077
0.9080680796118923,-0.226217982,0.7547264367185482,0.8311341998070428,1.255085002170628
0.94509189,2.0333152893604245,-0.598613545,-0.633391897,1.2148377906359877
-0.377414485,0.7070658652492323,0.051589643,-0.136692272,0.24702996864181576
-0.660108628,-0.245565682,-0.398709947,0.6040065684887519,0.9799928449135096
0.019029192,0.19621147208885248,-0.011969729,-0.629019308,0.7250384685769429
0.29562707584865033,-0.336862156,-0.266162543,-0.900332088,-2.486650683
1.0814231401643943,1.8617977295911938,2.4380306746000366,2.2544650507750514,5.403257821
0.18703307935916688,-1.540799522,-0.052623703,-0.281360408,-2.449965985
-0.318229004,-2.287649063,0.37242683582422687,-1.170310787,-4.659106904
-0.448354911,-3.193273835,0.30560772767833516,-0.681620118,-4.959215518
1.3725025269712674,1.6397195224571353,0.28575430988743666,0.20819947815908013,0.5436909375378758
-0.512849821,-2.960268483,0.6812204184818279,-1.328303902,-5.336345977
0.6662943683795391,0.7288676788408414,0.39051548695334337,0.5861005367689004,1.7691741649703392
-0.102158453,-0.852061333,0.053570855,-0.524389843,-2.567044426
0.3809066292324801,-0.718069676,-0.444363624,-1.166594619,-0.238189354
0.4806026789140693,0.8115495674520794,-0.007266737,-0.015120051,0.9694208165350421
0.096800705,0.932148846,0.007076326,0.073102009,1.9964103760454548
-0.289902899,-1.500496457,0.20276356648515692,-0.6994189,-0.801638303
2.4514194152303834,2.4013313599672537,-0.422853987,-0.172493529,3.0592670681328826
0.5725086446470184,2.340916283507114,0.31706297219520224,0.5538134230107358,0.7129562906031044
1.8499091384516853,1.5316750831320176,-0.851675599,-0.4603878,0.9856658235404286
2.082511961211563,2.9450118320593006,-2.857405882,-1.372095784,0.5993846874998668
-0.554494686,0.8789927717098722,-0.493161397,0.8893888606199372,1.5062579187331882
0.040630394,-1.554880598,-0.077264251,-1.901636788,-2.947450513
-0.529061628,1.149599635357796,-0.33013029,0.6239921261548792,2.358292339711319
-0.897649898,-1.692175451,-0.459738206,0.5121575870180815,-1.676958333
0.1469760635102464,0.48293252564456773,0.077612472,0.5280619890204394,1.1143076913277155
0.13680560998907382,-1.697932065,-0.06880555,-0.502943922,-2.4935787
2.1391360717675028,0.43469130912858467,0.12156421534437051,0.05682865,-0.246191027
0.27742805043936913,1.0451307625388342,-0.077790091,-0.280397353,0.7064012523988105
0.784304261,0.8329425437483182,0.8241076906551467,1.050749985,3.1706020126341468
-0.50677581,0.18041303889540095,-0.351512664,0.6936255787525994,0.496228658
1.8711175373501643,1.802537213566691,-0.85337497,-0.456077693,-0.775591861
-1.048513101,-0.646222417,-0.082427624,0.078613824,-0.307209878
0.9808371817726971,0.3172809839358991,1.3639484527480474,1.3905961948576844,-0.002580652
-0.797458452,-0.782262115,-0.622934212,0.7811494254017018,-0.991627956
1.702819864133313,2.239526785914042,-1.668835507,-0.980042306,0.7507741972057337
-0.964966597,-3.127101724,0.11686923037502116,-0.121112203,-4.161144502
1.3894932274673781,1.2639845046623124,-0.366283719,-0.263609575,1.235723884558563
0.20110661246564263,-2.159526104,-0.120719927,-0.600278258,-3.252711526
0.081557544,0.6270496822755735,0.12602091314037603,1.5451778798415976,2.7573558814459087
0.7344790697009854,0.9814172950314874,-1.639591309,-2.232318628,-1.413426435
0.7262248998115224,0.9974080726034958,-0.626459025,-0.862623996,1.2259514732212522
-0.167749292,0.7599585856659352,0.002112646,-0.012594068,0.7877902139059744
1.4373965254254546,1.5269182167230837,1.4158698195605761,0.9850238222480002,5.056749624945603
0.34424057866292324,0.25994419846333805,-0.428310752,-1.244219241,-1.710693659
0.097237552,2.0910551970375924,-0.079727608,-0.819926112,0.6820893304228555
-0.486277925,3.2638694854919152,-0.694713546,1.4286347595552698,3.754585755979034
-0.171225231,-0.528032007,-0.146425926,0.8551655896094685,0.905610177
-0.650126346,1.9696498126194968,-0.309397378,0.47590346114486387,2.9694171783705103
-0.124654921,-0.013589593,-0.069103767,0.5543605210302543,-0.149657194
1.2956423162932027,0.4856365053182585,0.5460958431350577,0.4214865756294708,-0.446533679
-0.182275767,0.22139233156739047,-0.170486053,0.9353193566484459,0.24325163028092422
-1.562115084,3.6248185574976644,-3.797314809,2.4308803163283508,6.528906319683361
-0.543526303,-3.419822497,1.3545321152642065,-2.492118794,-4.42850486
-0.161167686,-1.108577226,-0.015808291,0.098085987,-2.29312634
-0.224136479,-0.749099662,-0.067991563,0.30334893692752946,-0.166631179
-0.722166914,-0.664630723,0.097351024,-0.134804049,-2.268403359
1.6740506100227857,1.5368986171844297,-1.730528486,-1.033737257,0.7707972525083672
0.4013136692390843,0.3613574607206217,-0.166104807,-0.413902688,0.6499051806369722
-1.272462412,-2.618355996,0.8450107590375747,-0.664075222,-4.04996547
0.07958661,2.386285748670571,0.1834136883962461,2.3045797288487173,5.957909365
-1.031761106,-1.312169524,-0.681776333,0.6607889453863185,0.2663240339236562
-0.67922324,-3.598425556,0.4634601647450213,-0.682338497,-4.363137078
1.838667044702059,2.399992040698992,0.43032536508446934,0.23404202861220044,4.616637588954287
0.8067084043252382,0.6435607966595837,0.11941396956962785,0.1480261875658904,0.5501557475242164
1.4995011439279269,1.5845531811172275,1.7285988305069606,1.1527826020718563,4.0065022260579335
-1.594462611,-3.089509038,1.4842704153656585,-0.9308907,-3.601771979
0.548869946,0.099750169,-0.215588999,-0.392787036,1.331429231001762
-0.222438693,1.2470857849544938,-0.064079572,0.28807745,0.2050051608873995
-1.250335548,0.1359685401956593,-0.656415614,0.5249915635701214,-0.845706115
0.9570748572874319,-1.52565241,-0.207692733,-0.217007825,-0.065131806
2.023908703893476,-0.227083694,2.8264234069789955,1.3965172448449326,0.8172473374856033
0.1295234233566807,1.3767603375984763,0.076425526,0.590051774,3.740917245794771
-0.425988144,-0.980248834,0.29554684689864574,-0.69379125,-2.171739884
0.6662001412218097,2.4829613787923765,0.22211847488921438,0.3334110294270571,4.697823130655682
-0.199466455,-0.129813498,-0.073651215,0.3692411106954263,-1.362549934
-1.095558752,-4.721693151,1.8147458380288737,-1.656456886,-7.361195571
-1.324317686,-0.675177692,-0.402564831,0.3039790494288325,-0.277761525
0.8095192556063833,-0.081075372,-0.779185408,-0.962528566,-1.022097197
-1.316296334,-0.266893701,0.3716891577408131,-0.282374985,0.8192150324457753
0.137637449,1.3940751683663524,0.037693452285652594,0.2738604396986986,1.131296103341057
-1.188113156,-1.762802843,0.6861849558969931,-0.577541754,-1.579217989
0.2137736401900906,2.3191362753428217,0.27471839234483947,1.285090117287407,3.9156650907536132
0.26457721564386094,1.6604935202400872,0.4073521903843351,1.5396344291893187,3.654179604681267
-2.461589928,-2.575233942,-0.987943443,0.4013436322619066,-1.68988231
-1.108326699,-0.130187514,-0.160754532,0.14504255118888396,0.076288415
-1.383092052,-5.09341126,1.0207588216551227,-0.73802667,-4.527891705
-0.790087787,-2.451132635,1.1051242925010691,-1.398736078,-3.235262294
-1.014492904,-4.320401926,1.3421811438500368,-1.323006931,-6.42084967
-0.889513387,-1.650250453,-0.309306473,0.34772548403388465,-2.214942547
-0.542782106,-0.848557892,-0.207016533,0.38139896318714317,-0.048825291
0.8939438972209786,0.8835190064134162,-0.777225462,-0.869434273,0.9416956546866103
-0.197614928,0.6427566292469085,-0.096263969,0.4871290334030704,0.310884322
-1.311105937,-6.693882629,2.4108332377663833,-1.83877837,-7.406830084
-0.492177449,-1.59948994,0.5980079926654793,-1.215025177,-2.781231015
0.17945921144124355,0.19755439422022947,-0.014991182,-0.083535315,1.662585203425709
-0.404123173,0.22087482301978767,0.3242725448304937,-0.802410171,-0.973747767
0.14910251464753907,-0.822650301,-0.314140083,-2.106873141,-2.444288732
0.2543795466948249,-0.108217224,-0.073361956,-0.288395655,-0.248331347
1.5543914577752735,2.645968918048365,-0.786645184,-0.506079199,1.5136004811183903
-0.433664582,0.9100606131396649,-0.360732462,0.8318236658655946,0.9590227857733055
-1.453264854,-3.165686888,1.4551830253532783,-1.001319905,-4.957312384
-0.76990042,-1.70058223,0.4284517552089685,-0.55650282,-3.623812437
0.31994648,2.045568251,0.5297382739207827,1.6557090225223041,2.641000108360534
-0.332032025,0.3905029737668144,0.189382264,-0.570373489,-0.632723171
-0.0918102,2.8874950777588735,-0.228949374,2.493724823967134,5.604479602589337
-0.657428686,-3.351323763,0.7659112234341894,-1.16501035,-5.712674063
0.32953432071810373,2.0894268577775406,0.352685645,1.0702546673809488,2.4617564454253857
-0.790550654,-0.702500169,-0.161021356,0.2036825278267603,-1.126139102
-0.167885989,1.893326071630065,-0.174329264,1.0383788709085935,1.8051257416293438
0.6041225922517769,-0.201578856,0.18497249529709708,0.30618370785909477,0.45888683534708935
0.7501747238217488,2.5099546338956475,0.8127280298026772,1.0833849821842196,1.9806798075571141
-1.698580274,2.171300819311864,-3.5352892,2.0813200611782534,4.4239755043962505
-3.02834741,-3.062168837,-1.419996982,0.4689016119324684,-2.806282127
0.084236227,-1.785887007,0.052699353,0.6256138810150583,-1.958000721
-0.414060418,-1.880522705,0.081110229,-0.19588984,-0.716121735
0.9987199088376162,0.10420390448949479,0.33212841569279433,0.3325541152767745,0.6418237337159647
0.8887712077743033,0.6621209348398295,-0.204668426,-0.230282466,0.6492964667399229
-1.264466332,-1.263208549,-0.210770464,0.1666872882389292,-0.721224248
-0.355352064,-1.043430415,0.34813848292621846,-0.979700185,-4.672939877
-1.305455793,-1.268069266,-0.873969392,0.6694745212712964,-0.801032191
0.096223189,-0.682848495,0.023247444,0.24159918053351903,-0.580934465
-0.937570541,1.6478042394448855,-0.840711874,0.896691862,4.503730930399109
-1.40329765,-0.550211487,-0.970738198,0.6917550230258349,0.11967960404651629
-1.44475293,-3.648750681,0.6302957152429586,-0.4362654,-3.594143662
0.7324012157631922,-0.553545313,-0.346000434,-0.472419251,0.12634849034326612
0.6273393583556898,3.1728100272562667,0.567952912,0.9053360104001035,4.370398020998726
0.6665214372328211,1.4005588310200756,-0.201691218,-0.302602748,2.1506636209140666
-0.619498928,-3.857804205,0.5636227875783728,-0.909804298,-4.508150566
0.8284221366435258,0.1380249519976221,-0.724110812,-0.874084334,0.27877787296240963
0.3445876050899758,0.6829805216740797,0.27064850553317893,0.7854272804226649,2.216281084698978
0.9015184364670221,0.043607022,-0.008552996,-0.009487323,0.7007363571123075
0.10737394156581803,0.9727452687638352,-0.022815755,-0.212488753,-1.204614572
1.0653247081608583,0.3573159185862186,-0.740907651,-0.695475891,0.6497929526105899
0.5413195906386439,1.2718585124088573,0.6377573546312085,1.178153101532476,3.2992094397712903
0.168860155,-0.791165284,0.036285339,0.21488396022844694,0.47465596007090083
-1.475670787,1.7253423208459568,-1.82765285,1.2385234331529733,2.4628507954324808
1.351897721506113,4.138369831342759,-1.681340654,-1.243689243,3.5974829447065524
-0.600096827,0.19430361235995663,-0.458481428,0.7640124181371005,1.6773726558010535
-0.03861307,0.39126836053359876,0.016510428279064786,-0.42758652,0.37304715185235765
0.8156532938746803,0.368174129,0.25362242497998794,0.310943911,-0.156981088
0.003441198,-0.412821849,-0.002667657,-0.775211685,-2.463017344
0.4728781089785996,0.4726622911469279,0.4738914766533993,1.002142978614486,1.4486835446451358
-0.237971867,-2.907002733,0.1526223762778163,-0.641346299,-5.175948818
0.1261544450605923,0.9956532424734651,-0.156596864,-1.241310714,0.8259554124173566
-0.614670314,-1.098974816,-0.151017234,0.24568818591047228,-0.070584614
0.7558873747132224,1.9484650469885314,-0.482213305,-0.637943325,-0.086606424
-0.036936227,-1.982732478,0.083596734,-2.263272171,-3.479069327
1.0499955540795112,1.9451104608796879,0.9290585043482202,0.8848213697082636,1.8235668132983027
-0.620539554,-1.467138992,0.6907525025788245,-1.113148224,-4.800592694
1.6664933764661003,0.5213977609541065,-0.692921218,-0.415795963,0.19811556496024557
2.118305527,0.683963329,2.9894062520779086,1.411225252262579,2.2477209772649513
-1.002748495,-0.072269139,0.033590814432101344,-0.033498743,0.4904782047596284
0.2301858401231821,0.7059201888497109,0.247128013,1.0736021513742393,2.0906410691318196
0.5634895513872652,1.1893602201812306,-0.371268992,-0.65887467,0.9666815798974561
1.164301147561473,0.5127970106425201,-1.632913962,-1.402484199,-1.311155139
0.027060845565933304,0.39438627392041825,0.03698519,1.3667418428145892,2.290567017896919
0.7772220086592057,1.5012030193794703,-0.646451224,-0.831745906,-0.586983139
-0.334407637,-0.90669433,0.185987307,-0.556169437,-0.500799382
0.48969980972225735,1.002554993984424,0.4242823824377411,0.8664132066507867,1.8277275146349201
0.2670851434719382,1.8440870598292443,0.5091885305104878,1.9064651964214803,5.319954278384223
-0.759185686,-0.115166212,0.6572188788630174,-0.865689239,0.046642203
0.061740357,-0.856851522,0.059197359045459336,0.9588114175207606,0.6656130181948268
-0.328593319,1.0956820459690078,-0.432801972,1.3171356428553245,1.2665348675004278
0.5161508817829908,0.10413151324327796,0.5523518730669524,1.0701364514943943,1.5720003648714307
-0.301753265,-0.69225725,-0.092454743,0.3063918568981946,-0.232174996
-1.162867184,-0.211213936,-0.351772258,0.3025042437272394,0.4068801318487895
0.5706093419368524,-0.605781722,0.12452568281580864,0.21823281475400294,0.032574693
-0.557303154,0.11197794356886615,-0.604133976,1.084031144680186,-0.935855393
-0.24598277,1.4101359005254035,-0.213879432,0.8694894848068491,2.8572835982444085
1.779971859618897,2.779781366,0.27475197839016374,0.1543574843082013,2.352913959726468
0.16372752437711882,0.9460594108626937,0.23816038329836398,1.4546142086030787,2.0268748785315327
0.3137186570384487,0.8043572361402312,-0.175355862,-0.558958985,-0.147315528
0.3900825844574399,1.0135925067183265,-0.770412082,-1.974997379,-1.942271319
-0.013150268,0.985052485,-0.009185321,0.6984893124101744,0.9812661340535355
-0.034985306,-0.728860875,0.040687897107565665,-1.162999612,-3.035122847
0.24588306257322756,0.5881713111529965,-0.016685536,-0.06785964,-1.13543754
-1.443367672,-4.411080207,0.6990024482081426,-0.484285786,-5.748316329
-0.128504348,1.1661158292643803,-0.127709463,0.9938143320646217,2.8968489937931685
-1.0752805,-1.197460301,-0.128882438,0.11985936517764448,-1.72794446
1.2661370592108352,0.2494661393300932,0.12867052465667267,0.10162448347959353,-0.482937578
1.7739245348640196,0.7246535806630093,1.1167869925593148,0.6295572165615954,2.971636428792727
0.8443219214803159,1.902586407381265,0.5191565022589104,0.6148798095265536,2.927101824740587
1.0573746295409912,-0.265482804,-1.045778021,-0.989032639,0.9873126205156071
0.26467190132198043,0.19288997219359513,-0.123201027,-0.46548586,-0.390917263
1.119326597770406,1.5933100157675526,-1.412234388,-1.261682149,-0.239727182
0.8038256620868358,0.9039311338996618,-0.093768418,-0.116652681,-0.928262291
0.017747927,1.1123697988075545,0.023167758786008245,1.3053782701705445,3.3949041283184833
0.3292707650056135,0.24894174820654713,0.200340245,0.6084361769900299,-0.443492099
-1.396373441,1.9942718525692522,-2.105008566,1.5074825293913379,4.309120183288417
1.7459305093343322,1.8649239895460668,-2.636609275,-1.510145599,1.4178862822426799
-0.822145764,1.2576856218517765,-1.216966896,1.48023252,3.8239419044852396
-0.619260051,0.21353069678933825,-0.217274775,0.3508619274989699,0.7414866754591336
-1.745367522,2.450423186477327,-3.10328943,1.7780148831785425,4.148837242
0.6535534013460113,-1.164503303,-0.384821613,-0.588814337,-3.640960901
1.4155559788181704,0.730444019,0.7248342870094955,0.5120491862248008,3.426235880097938
-0.843641753,-1.676587897,0.6682062506284596,-0.792049763,-3.748545652
-0.383604282,-0.699134706,0.047876609,-0.124807285,-1.674250217
2.1477797897302797,1.5650923763685827,-0.269102538,-0.125293356,2.551465446
2.5743390434875764,4.497489259442476,-0.243807624,-0.094706882,5.328528526866893
-0.8466153,0.43039046307174367,-0.980851056,1.1585557884311288,-0.971987431
2.3395082878451796,1.9404884210833935,0.992211411,0.42411109041246753,2.080105675798229
0.3381846542759777,0.9473218027211745,0.094023443,0.2780239794448955,2.431723625348172
1.5365521756573852,2.7265818286994636,-0.586107097,-0.381443017,2.568887192
-1.024879722,-2.853741381,0.4503421341059802,-0.439409742,-5.331328726
-0.154607424,1.2463260396115268,-0.070215209,0.45415160071728067,3.5600206875799065
1.3392800837240588,-0.255232494,-1.283602628,-0.958427325,-1.520643953
1.0421255063550499,1.8324895013190121,-0.348944139,-0.334838881,-0.407639063
-1.787291496,0.049182314,-1.755582842,0.9822588233790746,-0.10336084
-1.538322658,-0.294746704,-0.969813365,0.6304355976314935,0.1323164320000235
0.304970555,0.8106196049883497,0.6233614413980859,2.0440053334423056,3.0859895086542712
-3.496330765,-8.462672874,3.966585935221131,-1.134499623,-10.40563406
-1.302757841,-5.505378518,2.2535636850800955,-1.729840815,-7.864257777
0.3361265143389507,0.186744475,0.2589105100960135,0.7702769613554722,-1.074523078
-0.485109019,0.3799007888328664,0.11917090688915426,-0.24565799,-0.598656844
1.0230707058610395,0.6738927075881407,0.4980771465669457,0.4868452822600884,1.4771402446705606
-1.102927721,-1.292124663,-0.325303859,0.2949457640506054,-0.725651843
0.19307537596131336,-0.987043223,-0.141389512,-0.732302143,-1.95863652
0.3110878831306102,1.3642040517526586,0.4091389689783839,1.3151877368576486,2.5765706212477943
-1.162293251,-2.791147805,0.8250836571553808,-0.709875633,-3.877070109
0.22211599537874613,-2.340724555,-0.161556329,-0.727351167,-1.890118084
0.7743137180535551,0.007636002,-0.120562925,-0.155702943,-2.247860235
-0.763629603,-0.045598885,0.006802672,-0.008908339,0.36344116917979086
0.3609635026216701,0.037496832639041744,0.048962809688611525,0.13564476555938676,-0.066871073
-1.207645397,0.9389011800668428,-0.808725301,0.6696711656190527,3.4622707751490127
1.2444882471262806,1.812213653734747,1.1747428624595855,0.9439565742563273,3.3981110677638324
1.850845198178422,2.6022965507935316,-2.569317505,-1.388186061,1.042426243410156
-0.454173478,0.5506059408887587,-0.476913238,1.0500684455584761,1.5277676863854999
2.513945706282468,3.8654891926610326,1.5079604638006345,0.5998381190302442,4.580473912931942
-0.196680705,-1.579265152,0.11814261516597238,-0.600682285,-1.401279478
-0.163480546,0.12091707322817025,-0.110521037,0.6760500837412555,1.5937121352844006
-0.536915705,-1.050375464,0.6240998186577993,-1.162379519,-3.056002156
-1.53179024,-2.19257579,0.38319873435918855,-0.250163974,-2.683158787
0.48741583759890134,2.2578968111852453,1.169037327,2.398439355488467,3.9954889802698723
1.0214004561726653,0.6042423807143664,-0.137888904,-0.134999846,0.10032671512592306
-0.778062017,-2.246670236,0.5904041193680418,-0.758813702,-2.532760626
-0.102844417,-0.671285757,-0.029605496,0.28786682309504763,-1.331753862
0.255858898,-0.931042989,-0.318870373,-1.246274316,-0.720039646
1.4523032496784178,1.718306686329503,-1.137105545,-0.782967018,2.8245519630468996
0.8740453050687689,0.1645147803142052,-0.572722465,-0.655254895,-1.481983621
-0.333362447,2.375225498458083,-0.108745052,0.32620666657154773,1.3902330548624036
-0.508380757,1.6756747572262116,-0.539563723,1.0613378163636271,2.140133821981483
0.659724101,-0.371790783,0.7073643474778719,1.0722123782756146,0.6431356277045358
-0.889021805,1.7759054613777068,-1.107672904,1.2459457097862787,2.652931813508859
0.5843306189068068,-2.052613816,-0.572159909,-0.979171535,-2.864694912
-1.866237497,-1.621526886,0.24955379018947418,-0.133720274,-2.654332498
0.9757853264518003,0.8048140936305915,-1.769471047,-1.813381488,-0.189391667
1.2218088233770696,-0.710660963,2.004715815338925,1.6407769996274104,0.8033640287487951
0.8997438511181717,1.0196175523066344,-0.151375231,-0.168242584,1.2965111545799508
-0.738111745,0.13041851181782033,-0.550629964,0.745998106,2.955466305360182
-1.64042271,-4.167589393,2.1047052465838165,-1.283026158,-6.212544522
0.2716819798873988,-1.790212013,0.013937758,0.051301739,-2.430639349
0.9644387130713432,0.2201568358270274,0.2813175823905019,0.2916904709212889,2.232826494
0.080104023,0.2859573793106268,-0.05708799,-0.712673199,0.5423044864956356
0.8122677952571419,-0.012682989,0.9313185377984747,1.1465658779487184,1.4345561566747187
0.19856454207456828,-0.03823677,-0.427283178,-2.151860413,-1.832510484
0.33754061013086634,0.36700991013031914,0.073747033,0.21848343870544884,-0.550200163
2.050729703019583,0.48573861338637114,2.6172753463524296,1.2762653910452657,0.38692129070475856
0.1815744056053518,-1.028038101,-0.250691534,-1.380654578,-1.912499521
-1.094065059,1.221968764406106,-1.175877561,1.0747784610860194,3.194660620738787
-0.064177314,-1.091342102,-0.050822931,0.7919142714855355,0.9650801314027336
-0.347108286,-0.884113577,-0.090951509,0.2620263247272651,-0.34010669
-1.730222802,-7.528040363,2.9194858587357175,-1.687346772,-10.19430797
0.047915764449784626,0.4845529303735217,0.025181084,0.5255281700462885,-1.843625365
0.41462180265899595,0.7830454525745736,-0.060565096,-0.146073109,0.7050383080371844
0.9530851370402608,1.785879277623704,-1.631499235,-1.711808496,-0.487228278
0.025423471289538275,0.40944312682842376,0.006412728,0.252236537,0.16423479828324195
0.10999377554687009,-0.18322077,-0.148401306,-1.349179124,-2.203470868
2.162676609488153,-1.434426937,4.108491572227018,1.899725346916008,0.18189729305415403
-0.730342751,-4.398475712,1.5212752508813085,-2.082960705,-4.485342795
1.4049786881977726,0.5603459102562129,0.013166211995153556,0.009371112,0.7872546338502381
0.40608221721927473,1.858848326778451,-0.056599467,-0.139379329,3.079515487
-0.896178043,-5.162415513,1.2356238125359227,-1.378770461,-5.593983328
0.9496659166414751,1.4119149215466174,0.00211297,0.002224961,1.4375395477934396
-0.18789967,-2.074448102,0.021703157982415268,-0.115503971,-1.482602897
-0.987895926,0.46926783064280636,-0.734971634,0.7439767840341578,1.4265512141966974
0.1803610871176879,-2.089848372,-0.279847658,-1.551596644,-5.193277679
-0.712015553,1.111403765517657,-0.993725813,1.395651835091462,1.7436812814236022
-0.14260972,0.5736008737409419,0.076003349,-0.532946485,-0.435572636
0.3023991685392962,0.24545789047244043,0.075774568,0.25057796528021314,-1.144178743
-0.853159877,1.4034277700936384,-0.905749909,1.0616414742384068,2.6310389149642828
-0.673084876,-0.594799505,-0.411617885,0.6115393458635139,0.075370151
0.44664975312941535,2.474663473343134,0.4017191073075906,0.8994051927555723,3.766461642495481
-0.816785053,-1.075277337,-0.2235982,0.273754031,-0.044278553
-0.579875983,-0.688032124,0.2584763249011468,-0.445744146,-1.220690581
0.6536731854407674,0.05120491,-0.346719427,-0.530417087,0.4746899014795543
-0.616521544,-2.279570394,0.8695087349888877,-1.410346068,-3.773665192
-0.87998866,-2.667332684,0.022382750597021026,-0.025435272,-2.702857019
-0.461807047,3.0774807186098423,-0.643105355,1.3925845428326709,5.119173936
-0.173870937,1.0761148361017954,-0.069143446,0.3976710972864742,2.3792192378160752
-1.119530521,-1.601760938,0.025657769223938767,-0.022918329,-1.61826884
1.046224763501802,2.1572004452090443,1.2336152601430361,1.1791111271482644,3.3995334507639736
1.9397795747706845,1.926167073974059,0.323167954,0.1666003488297607,0.7869487814035281
-0.064621957,-0.580906856,0.012628286,-0.195417881,-1.108849259
-0.88202716,-2.128279196,0.3780071327571387,-0.428566318,-2.132266271
1.1477078000020091,3.225229930309862,-1.037209804,-0.903722885,2.3224174355875173
-1.712227774,-2.871443597,0.29322511835426346,-0.17125357,-5.056859752
-0.924419538,1.451170359609581,-1.273898184,1.3780519893008634,2.3466251323169014
-0.266456245,-2.041043611,0.49956583880451155,-1.874851309,-2.839187222
-0.536006769,0.9162340064227573,-0.446200872,0.8324538013478379,0.3537276267954257
-0.946719723,0.8840083769141193,-0.036337916,0.038382971,2.0282400192873897
-0.566627088,0.46366426455764664,-0.708317135,1.2500587259452642,0.8362173795179071
0.040539873456934626,-1.449148953,0.007533815,0.18583716562138644,-2.189052988
0.26863300339584073,1.1324551122642939,0.050140435704550235,0.1866503187274664,1.3413647220790184
0.702347813,1.2982200153264611,-0.417861704,-0.594949818,1.7430063799666848
-1.737729934,-0.597312051,-1.53145327,0.8812953270656412,0.7908112853241606
0.3743852233649072,0.7284435149297535,0.6619707715971382,1.768154110484019,2.8706387438970538
-1.409278254,-3.53244432,0.8975229750591404,-0.636867114,-3.600682465
0.1945256091969216,-0.614435843,-0.239510515,-1.231254413,-3.553290402
-0.256936799,0.3041179848125357,-0.370012452,1.440091313572502,0.3169146706710222
-0.262120819,1.0818677399231418,0.000938213,-0.003579315,-0.246021417
-0.506080162,0.6401809174510293,-0.040217098,0.079467841,0.003436969
0.706581256,-0.274460179,-0.166356464,-0.235438546,-0.472875111
1.4643352191894627,3.6510830592842316,-2.209443673,-1.508837351,0.9793713145481866
0.32572415028189755,-1.098276266,-0.553423302,-1.699055173,-2.711235247
-1.238524777,2.0523410943579354,-1.4345154,1.158245217187562,2.6733690962016574
-0.021432229,-0.512589217,0.006485237,-0.302592736,-0.52728439
0.4530451376468589,0.4030528931066767,-0.218688687,-0.482708387,1.4766609814627487
-1.108766484,0.30950531033184747,-0.956960602,0.8630857944734818,0.9791755221079201
-0.25622738,-3.439258363,0.4404571955237857,-1.719009094,-5.49385367
-0.66453055,-2.761972548,-0.06888971,0.10366673205456331,-2.057632684
0.065901839,0.16145209614995126,0.081934346,1.2432785913964404,0.085381149
-1.239431126,2.4858773513282353,-1.91148998,1.5422317068868814,3.578427245374864
0.066979508,3.2677853518186093,0.24006273444441414,3.5841221145174464,6.034386675236239
0.9987602537161583,-0.265970228,-0.274100071,-0.274440307,-1.508938236
0.1338953456682492,-0.743212281,0.064515764,0.48183724264417094,-1.382581081
-0.406468096,-0.172325101,0.27025596909738947,-0.664888516,-1.308166856
0.3047367771737233,1.192770736501027,0.3834589538983665,1.2583284415315763,2.1382991824153823
0.19416776693007012,-1.122795183,-0.252546785,-1.300662769,-3.153965039
0.7151069976903368,2.129123355649216,-0.433810619,-0.606637357,3.2340004346730384
0.6307706561446939,1.7783206764694302,0.5570885132002084,0.8831871105183697,0.6782322162109962
0.077904827,-2.177165984,-0.182383936,-2.341112152,-3.293755222
-0.123125379,-0.343148024,0.15386719131234824,-1.249678927,-1.983741263
0.8805416245107853,0.9460464458622803,0.2583882141496767,0.29344236201580254,1.6743708382599665
-0.304760572,3.0153253172877603,-0.620156772,2.0348983036407056,5.978508911088239
2.3475488991090914,-0.69293894,3.131908714,1.3341186271321326,-0.603365533
-0.853559168,-1.187138459,-0.202813597,0.23760930087964033,-0.418225132
-1.906789288,-0.614453892,-1.052563662,0.5520083779378512,-0.193345434
0.5184118615189826,1.1880134509121987,0.062279003112490926,0.12013421708756652,2.0778849381905333
-0.076110476,0.12085184137278426,0.032647803,-0.42895282,-0.777855029
-1.117633892,0.1578119464560852,-1.151665732,1.0304499001248588,0.4707245441944442
1.1452780843836716,2.3792893402369915,-1.658770747,-1.448356316,2.2001280948465602
-1.571046826,1.6618473487023653,-1.174938776,0.7478699909336333,3.3704276541977567
-0.833553369,-1.214633969,0.7470463741407359,-0.896219009,-2.63675068
-0.182808423,-0.639324892,-0.061625883,0.33710636703385344,-0.541766646
-0.253019643,1.0474369592832318,-0.047211427,0.18659194518784675,1.893741605171376
0.14255468182661318,1.9235790096566214,0.13324242346990536,0.9346758855101359,3.0011370485331503
0.17051496254169868,-0.848142258,-0.105526224,-0.618867822,-0.710018721
-0.747936105,-1.00756443,0.00963022,-0.012875725,-1.235957403
-0.132191186,1.4331879169367157,-0.046763982,0.35376021389183915,3.077634090841918
0.16984783041384474,1.565806302854978,-0.023505943,-0.138394131,2.3611859933218207
-0.157778382,-0.031386442,0.16539657798889543,-1.048284155,-1.550239004
0.5692297442836883,0.16357011598139604,0.47861115578860064,0.8408048957295424,3.704800345142022
0.098265767,1.4240492243724563,0.08939197,0.9096959507654372,1.954456779509446
-1.115239428,-0.563510074,0.19216128930694298,-0.172304964,0.3060126313864807
-1.301937367,3.403749496,-2.071429755,1.591036410790428,5.858210354631705
2.566122569451716,1.1394960663242668,1.3405856776031415,0.5224168531784412,2.7311919166725263
-0.578608827,-1.07997418,-0.188394198,0.32559855563378437,-0.122298774
-0.457388527,-3.087319588,0.061386222626369474,-0.134210237,-4.344038345
-0.720557787,-2.284465733,0.40902926050808036,-0.56765643,-3.997002484
1.1082545833759778,-0.431853504,0.030314189889179062,0.027353092,0.7971321421976243
1.2829958175618097,1.6470146721917716,0.13451784340741005,0.10484667336098272,0.8546444393005616
-0.1615296,-1.405323753,0.10851711881253018,-0.671809493,-2.411132045
0.7563563512812852,-1.830143163,-0.992142525,-1.31173953,-3.196331001
-0.931776344,-1.295293463,0.054195616,-0.05816376,-1.865698408
-0.402403377,-3.478827113,0.7690719256493125,-1.911196502,-3.704547708
-0.271842984,0.3309697739790147,0.070134835,-0.257997592,-0.61190954
-1.678236217,0.7211789034873645,-1.415042642,0.8431725088653994,1.0405254561628197
0.4470684200743317,-0.500816831,-0.671812646,-1.502706557,-1.679493738
-0.857948186,0.12108182972001003,0.4484567824483927,-0.522708468,-0.697603306
-1.528716947,-9.041047704,4.819962510627576,-3.152946346,-11.68793756
-1.061672211,1.7473375862109055,-0.548007901,0.5161742913526786,2.264405188828766
-0.116254083,-0.325149405,0.003217637,-0.02767763,-0.255843025
-0.131612168,-1.330396483,0.069876694,-0.530928823,-0.550852064
1.5311978576159277,0.816660888,-0.157138516,-0.102624566,-0.46084934
0.22502883223075368,-0.40817573,-0.216148793,-0.960538217,1.3699328226523344
-1.446003539,-3.314419161,1.0701062308770757,-0.740043991,-4.392652576
-0.474303313,-1.105080742,-0.121763755,0.25672128360583035,-0.724440346
-1.027798947,0.9760361715068675,-1.788548326,1.7401733397210877,3.8203258360995545
-0.602806971,-0.740704931,-0.31019317,0.5145812592607321,0.08031172
-0.58749691,-2.706896742,0.23446370259861954,-0.399089252,-1.004142469
-0.117300669,0.055254962,0.022921558046020148,-0.195408588,-1.203797597
0.556148318,1.4014028402697223,0.317632211,0.5711286009930658,2.2876162549220846
-1.243504748,-1.651468424,0.36463718212166946,-0.293233446,-1.993977745
1.046136590241069,2.8677723857393653,0.4773558659585512,0.4563035748979495,1.5290005812650875
0.6850576080009734,1.0893200753723105,0.44981645828194644,0.6566111419367046,2.976442640848388
-0.092485926,0.4737986574303217,-0.07273537,0.7864479791031308,2.115100546
1.4630671012902556,1.039180203204789,-1.036287185,-0.708297783,0.5842435680249096
0.9342817065320116,1.4661373096094814,-0.94164985,-1.007886426,3.0590068109917565
0.4508633634832983,1.8391429036313456,0.5261657986993917,1.167018306021405,1.9127678523610492
0.5625699863703627,1.5260271671013956,-0.221893802,-0.394428795,2.9172197476141823
-0.156697137,-0.254855422,0.052312904169490235,-0.333847224,0.1445149863834856
0.12850712330767303,-1.784443925,-0.197218643,-1.534690357,-4.016809995
0.49097091019326267,-0.344590504,0.36253672187127944,0.7384077434008723,-1.502456524
-0.636442148,-1.00561589,0.064522712,-0.101380326,-2.835007657
-0.203057676,-0.402149076,-0.027343768,0.13466010662009562,-0.355354668
-0.190498279,-0.05373924,-0.093926799,0.49305851717705146,-0.470850248
-0.686659992,-1.085107888,0.31734285918575467,-0.462154288,-1.813925724
-2.596343647,-4.139089124,1.0378536683241055,-0.399736633,-3.437860203
-0.477064994,-0.374975258,-0.103671867,0.21731183087301462,0.22735509793952455
1.6897878326885472,0.6973735293570362,0.9140486423771065,0.5409250940828494,1.1198990196700087
0.19782427994780993,0.788009328,0.3341824243571671,1.6892892239786301,1.6206000569812837
0.28602018170135474,-1.083071542,-0.0085294,-0.029820973,-1.949096639
-0.771347665,0.7391200794765183,-0.007822349,0.010141145763837641,0.5340630103437072
1.1735041140161904,0.25761069611756726,1.5851463932539678,1.350780431292206,1.3119613227159777
0.6518719973636568,0.5091826736782086,0.7258357664611794,1.1134636391755617,1.6659881650918693
0.2919649144768265,1.7197755720837777,-0.014785467,-0.050641247,1.9305049455494308
0.1345878227966589,3.5597304934647243,0.23067081894661753,1.7139055685232756,4.6301592710383845
-0.44287254,0.2795141599415207,-0.080163773,0.18100867761020975,0.7132406568582971
-1.205416965,-1.330659578,-0.051524725,0.042744317,1.1136273328511013
-1.092206376,-2.804516531,1.1801227761328257,-1.080494312,-3.376463596
-0.057360511,-0.604673774,0.032505976,-0.566696056,-2.421863012
-1.413590289,-7.377130889,3.449204089374203,-2.440030973,-9.218453361
-1.059296437,-0.641701881,-0.851930234,0.8042415736662162,0.1483522996690104
0.5837520733836369,-1.025007795,0.877642733,1.503451162,1.0721427698066526
-0.363769641,1.4126785275231557,-0.34181712,0.9396526852864061,1.2438135317470913
2.027483909234538,2.5388370010780417,-0.667211112,-0.329083308,1.6641393544176537
-2.218619379,-0.045118432,-1.417428445,0.6388786009496692,1.3368082873338287
1.4164156759855406,-0.072874162,-1.411193636,-0.996313201,-0.794206513
0.022642339254845777,2.652906826617386,0.007278682,0.32146332333543254,4.963746476316488
-0.619425745,0.035324108,-0.125789119,0.20307376578212974,0.14119678477099679
1.056668249627268,1.317349208680845,-0.850911647,-0.805277955,0.9237062867586232
-0.413037259,-0.120801535,-0.148322889,0.3591029276694023,1.1046139823556071
-0.429562682,-2.036407332,1.0068644954819301,-2.34392916,-3.731213275
0.3225415954434107,-0.856472059,-0.371052881,-1.150403193,-2.008505623
-2.061765722,-0.940725611,-0.194750595,0.094458159,-2.730012654
0.30855160340804516,1.9059114254878047,0.39378262351587595,1.276229386483261,3.2303892387899076
-1.330139084,-0.218401103,-0.925911197,0.6961010381550526,2.961495930772898
-0.257728831,-0.575240547,-0.208181746,0.8077549775498251,1.2065015231118958
-1.461657412,-1.169707992,-0.356171307,0.24367632498410338,-1.35508407
0.11257900921252277,2.137627747899742,0.07390438,0.6564667790312215,2.888381440507474
1.229446388529238,0.039208032,1.7028563755794033,1.3850594799961113,2.2607841299553915
-0.539276526,-3.807062238,0.678735626,-1.258604062,-4.954343311
0.26887726776956267,0.7829018256593929,0.26090472424765593,0.9703487632552875,3.0413272342324706
0.6336129111079598,1.6571029831152826,1.4755405188200954,2.3287728090008595,4.902578983136903
0.3857529855282504,-0.302592256,-0.128535799,-0.333207529,-0.691184192
0.261260977,-0.743167635,-0.142826638,-0.546681864,-0.192269127
1.173384011593062,1.1886895192418385,0.3093098444123062,0.26360495912362664,0.31767975677116445
-0.625184976,0.7572188746716553,-0.256109919,0.4096546282976939,2.2442253519826902
-0.273683676,0.42857551217339673,0.086759638,-0.317006989,0.4171499908179336
-1.122808187,2.5699685896686986,-2.291999461,2.0413098942199173,3.5665486630163814
-0.937883408,1.9173233162985892,-2.036659893,2.171549123,3.777806254413728
0.11072255141452272,-0.140193692,0.065967458,0.5957906197909193,1.321995135532101
0.045008412684494035,0.6990123721661329,-0.010895616,-0.242079551,0.941840295
-1.183721621,-1.080786554,-0.777179103,0.656555637,-1.498712418
-0.860128553,-3.229704319,1.1194219127936162,-1.301458845,-4.876006308
1.646030946515344,1.3049582969930582,0.2504983326457438,0.15218324611457035,1.2670616173132698
-0.530525676,-0.777073149,0.052222616,-0.098435605,-1.636653199
-0.367921998,3.5144376505623947,-0.893598473,2.428771526208722,6.546014443837142
-0.246144944,2.0607848254048875,-0.362260099,1.4717348802594217,4.365106890607003
0.6650743096992242,-0.366160434,0.7372671892603654,1.108548591500685,0.9875932726380889
-1.148086648,-3.729675412,1.3901537293232054,-1.210843913,-5.436006014
0.3055390270504546,-1.087949021,-0.017942277,-0.058723356,-0.575288493
0.056421601666758234,-1.217255425,-0.007647056,-0.135534191,-1.367950872
0.9915319635709956,0.7243724380611527,-0.089987733,-0.09075626,1.832537932066391
-0.332217843,-0.211917074,-0.049860391,0.1500834224539557,0.11301807085175758
-0.059509845,-1.933649034,0.066865284,-1.123600378,-2.282966407
0.6873419003635711,0.10681663282220488,-0.276736898,-0.402618985,0.7830636746988756
2.054277322742739,2.4077686111579695,1.3697393433363487,0.6667743094722774,2.5802490185151314
-0.173856269,-1.903890556,0.1650232369834923,-0.949193478,-2.288622476
0.44633481115971535,1.9317406825463366,0.7319783837762415,1.639976012344491,3.489025038404124
-0.821806561,-0.574367846,0.09443077,-0.114906323,-0.752106111
0.065727909,-1.436958147,-0.091136774,-1.386576504,-2.009147823
-1.139738103,-0.368025672,-1.186233932,1.0407951869197563,1.4310812886657431
-1.103772512,0.15588304861743124,-0.569343119,0.5158156346638618,2.512482357161697
-0.895506027,-0.709694292,-0.063874317,0.071327624,-0.386619436
0.9595770840055587,2.1650166464292973,0.001285529,0.001339683,2.151371641724073
-0.349731905,-0.495577866,0.26041765882481055,-0.744620823,-1.388143876
-0.537898465,-1.581938109,0.35296952842115004,-0.656201033,-2.328260981
0.11693970540523682,2.899743796804642,0.12488174621152459,1.0679156902163027,5.305540074187771
-0.279576111,-1.813081008,0.2712640960170972,-0.970269223,-2.559094134
-0.807487587,-0.939251586,0.20261124135423755,-0.250915611,-1.445926368
0.10324271551674088,-1.155769263,-0.091276543,-0.884096689,-2.245176045
-0.26553971,2.133760061888086,-0.241855089,0.9108057293688187,2.716652580545624
0.1398324525599563,-0.009189816,0.17837843065959036,1.2756583138889495,-1.313895497
-0.636560968,-0.994571545,0.11980622869054183,-0.188208569,-0.634964268
2.493118062980549,2.521651795350609,-0.912788239,-0.36612315,3.145887591656607
0.45263317552867377,0.2795767453635774,-0.110755597,-0.244691734,1.038384217974217
0.066609241,-0.112909249,0.080191578,1.2039106907609731,1.826510299875951
-0.182724689,-0.283758937,0.024860144069777934,-0.136052464,-0.100257013
0.21694308002543758,1.4556429368087325,0.1648095480506735,0.7596902746625926,0.743306619
0.49548627893680836,0.939649846,0.2209844786101323,0.445995153,1.9700896647710007
0.767818352,1.2264071406403505,-0.252514563,-0.328872789,0.9031867048146129
0.3655576620606838,1.1083412818053078,0.2797539363147359,0.7652799143580686,1.2575644682160254
-1.173692559,-5.724986491,2.295158239922289,-1.955502079,-7.162792315
0.019164081954869953,2.0465736109830326,0.018488653706781343,0.9647555124383628,3.654463131393488
-0.192711185,3.2776827944332974,-0.460315907,2.3886309821615637,6.528562037459697
0.6301065787231523,0.5797024865116387,0.067594358,0.10727448389728429,0.5455951860956576
-1.309189526,-7.451154541,2.9437803621328134,-2.248551722,-7.569593268
0.6099050638245631,0.9000394229863303,0.8001575088858588,1.3119378020380252,2.5800411810971577
0.1557242106536651,1.6777547939066069,0.15791548750747664,1.014071523269333,3.5312961186955696
-0.524850084,-2.248244853,0.084084765,-0.160207205,-3.368542064
0.8812801551027457,1.6781100549823662,2.3918452431372974,2.714057759372148,3.3541316688977503
-0.532082613,0.19025623767104288,-0.094363375,0.1773472252144745,2.161144596672526
-0.459854528,-0.9673984,0.3832818290160771,-0.833484952,-2.630451977
1.3775403064056728,1.1201162902587036,-0.696572061,-0.505663651,-0.277404458
-0.568093353,1.8235542453053613,-0.246880589,0.4345774997039048,1.3610672379868607
0.2890226349029557,1.6422209622059847,0.4262478615374689,1.4747905875281668,3.8506730116481998
0.7090938638739809,-0.239258885,-0.533106333,-0.751813491,0.10422248995191596
0.9461878505021071,-0.009534991,0.36299175285249985,0.38363603237969446,1.129135913649069
-0.142129714,-1.166867139,0.061710002,-0.434180861,-1.84128161
-0.706229883,2.5292909205335956,-0.404256131,0.572414366,3.687281200239663
0.9820658476762415,3.123525144358288,0.054665839524264924,0.055664128,2.1616016806782614
-0.222712671,1.3689061198705592,-0.383006235,1.719732575449921,3.6520116296091962
-0.213463436,-3.545089252,0.44881916802331406,-2.10255759,-4.378455502
-0.295091883,2.324352910361186,-0.347058796,1.176104178186328,3.2954329386431906
-0.901948802,-2.693665843,1.011526738801233,-1.121490196,-3.568428023
0.7420778998897468,0.9022997991372974,-0.18306409,-0.246691203,-0.78046876
-1.833961769,-6.571438868,3.120701611606086,-1.701617593,-8.365829868
1.0795638658839948,2.1425889941799037,-0.071305206,-0.066050012,2.7639605752885315
0.6506722036048433,-0.038110147,0.8709844741962224,1.3385917968691587,1.1672408952099433
-1.000836193,0.213678572,-0.424483032,0.42412837878815657,-0.212945964
0.5569546932526704,0.5687498836273422,0.053723083644071544,0.096458625,0.18968285346569624
-1.609498296,-3.666021252,2.326340234129813,-1.445382229,-6.352694808
-0.028450073,1.0337551131654972,-0.012011558,0.42219777669149894,3.0087099199457334
0.469268596,-1.734395978,-0.552547166,-1.177464612,-2.389000642
-0.827824627,-0.532379099,-0.329437803,0.3979560315543688,-0.110060361
1.1614598723885872,-0.848653813,0.214106874,0.18434289379675592,-2.55977507
-0.288841025,1.9957177108869317,-0.274742975,0.9511909717842392,1.4218321939915584
1.229551937,0.43920435888296216,0.8511845257161949,0.6922721194627255,0.9542301508596007
-1.835104028,0.9704566549436344,-1.605302993,0.8747749277685829,2.1794226652749047
0.2353475428779601,0.8628156909547255,0.18635592381520408,0.791832885,1.0632412121918968
0.45918971301737094,-1.631997591,-1.010003585,-2.199534433,-3.223048892
-0.919533658,0.002562533,-0.44488873,0.48381995208259776,1.0985781938217476
-0.046817847,-2.293470279,0.05422982,-1.158315103,-2.823001255
0.977705109,-0.189192233,-0.121179282,-0.123942568,1.2038543027545907
0.8631595105088411,1.5450756998920374,1.2265786664370948,1.421033599819823,4.543499323365312
-1.297502131,-6.166125145,2.642228578217266,-2.036396331,-6.505676581
-0.185984073,-3.758970723,0.3708498709593066,-1.993987257,-5.878049919
1.7270233728846112,3.28878932,-3.790840989,-2.195014294,2.4776386761772864
-0.008195478,-1.933195588,0.011986603063099583,-1.462587359,-3.395954916
0.8428964944838943,1.3002391542426688,-1.018655718,-1.208518157,1.7770399822478102
2.8794943961446493,5.311487593117858,-4.959597457,-1.722384827,2.989709394739581
-0.958453358,-3.294105368,1.4889926732794694,-1.553536915,-4.201619089
-0.412322905,1.6436698713365314,-0.519382193,1.2596491405237034,4.677054236953692
-1.177523983,-4.995302778,2.0401334273646676,-1.732562102,-8.332969718
0.3884664081890637,0.655015312,-0.171726621,-0.442062987,-2.732987177
-0.291073092,-1.82463696,0.20356702529837176,-0.699367379,-2.65819317
-1.038560837,0.7203723294627328,-0.515203001,0.4960739731638723,1.3563067905808888
-1.487321486,2.872558214095715,-3.438727903,2.3120273167622405,5.106586864202444
0.3439009539714081,0.008143932,0.33851717697376765,0.9843449780075689,2.9820244471800086
-0.69944712,-1.276745757,-0.632001843,0.9035734438312696,-0.584862322
0.4918451984751273,-0.010652187,-0.905866649,-1.841771867,-1.238468846
2.0259225970053887,0.7526586178358916,0.13754871977296274,0.067894361,0.3668953471977515
-0.511595096,-2.428219271,0.7480466836276233,-1.462185015,-3.289615555
0.4278569040331565,0.4159116390109143,0.5181000308532098,1.210918945024339,-0.839170552
-1.714824805,-3.585042373,1.2962043978902196,-0.75588153,-4.120702114
0.34021724805998926,0.8133247866853456,0.5357146747741122,1.574625266146564,0.8725953681980267
-0.674479547,-2.619962955,0.8244591449797931,-1.222363449,-2.028980024
0.599911461,-0.793679139,-1.273544281,-2.122887064,-4.680165909
0.61658596,-1.569551998,-1.173002366,-1.90241498,-4.647911411
-1.613142406,0.25406553942204724,-0.857049253,0.5312917503505238,-1.103573164
-0.314322371,0.8732926007907521,0.059027508641334596,-0.187792897,-0.339984759
1.6225163410437522,0.5193864431289675,0.5373706357340904,0.3311958235122637,-0.22136878
-0.203970777,0.30567213385766984,0.031527153,-0.154567008,1.7616375390611743
-1.126308356,-2.520919665,0.4611928481599584,-0.409472988,-3.799745494
0.27397997283325237,1.418991368,0.054975817,0.2006563341900343,2.1772770310279843
0.9036644846160996,1.0206468528865809,-0.070276285,-0.077768117,0.5325256849916995
-1.123906323,3.361473614724332,-1.36375322,1.2134047051754575,4.453264997858111
-0.201428153,-0.39291156,0.049090036000168445,-0.243709905,-2.414315657
-0.405210008,-1.721414622,0.7857867817837632,-1.939208724,-3.281586335
0.8044293412230102,-0.121091656,0.3542403559855794,0.440362301,0.8231080461269293
-1.71760551,-3.283256064,0.6726566240600422,-0.391624631,-4.134417071
-0.00753398,-2.109654105,0.002736225,-0.363184572,-3.359356234
-0.003120101,-1.53929952,0.000647943,-0.207667241,-0.556676263
-1.747336355,-2.541915913,-0.023856521,0.013653078946207436,-1.427250172
-0.353845757,1.1590673101322293,-0.059377534,0.16780626198275772,2.2435701880285976
0.5797122530375733,-0.524644986,0.094025809,0.16219393126037007,0.893276537
-0.258302275,-3.342354062,0.7000341656215879,-2.710135499,-4.131900672
-0.174320425,-2.85082951,0.290282701,-1.665224828,-3.58642003
1.5410940698509417,2.602642764215794,0.093650607,0.06076891,2.5441377315505846
-1.214328412,3.807560192738775,-3.096445866,2.549924579112794,6.781815974308351
0.9619828363792476,2.239192484174629,0.3790674608456068,0.39404805003835325,3.0434212692802576
-1.28830032,-5.727616967,2.35469311,-1.827751708,-7.344222526
-1.331777638,3.5812662160271445,-2.239331601,1.6814605801619245,6.166517709093849
-1.434313427,-2.257727297,-0.094361486,0.06578861,-2.037938285
0.7262046971131672,-0.607307375,0.6942680147563389,0.9560224789459721,0.9793773009182926
0.017467627533069758,0.9733379991806561,0.025595962151264362,1.4653370701204855,1.3281375556438229
-0.862353529,0.203560025,-1.008344133,1.1692932183192146,2.356917026119704
0.1296727312061381,1.1884395047843053,0.2428808233129858,1.873029287297752,1.4115632991477998
0.286077074,-3.344697719,-0.564930787,-1.974750296,-5.095218035
0.22125052839310086,-0.83588395,0.055400386892104726,0.2503966308892768,0.7464302537015736
1.1528811178891294,0.9873676971820667,1.939826250112628,1.6825900086423116,1.7629692408277786
0.3616402118531255,0.8669591209416351,0.7209568136009326,1.9935748016145336,2.3774673962343145
-0.582309857,-2.192225472,0.43909887982456924,-0.754063965,-2.671910325
1.2431582040815274,1.2435135125562142,0.5841935866937151,0.46992698497720986,1.1286346703541672
0.059353205325000546,0.22239343846984333,0.034521062,0.5816208609485287,0.32639805471431305
0.39318152797635225,0.3388088596229232,-0.055617382,-0.141454719,0.5464991950428457
-1.148402517,0.7956623787266219,-0.986141216,0.8587069436519299,2.5051396471173337
-0.720723306,-6.86408448,0.8610093270526812,-1.194646156,-7.438056936
0.099535698,1.2194633158206722,-0.017720328,-0.178029878,1.6179729614476972
0.20213826830989495,-2.230839765,-0.31700355,-1.568251041,-3.900722188
-0.289690106,0.9512376808808178,-0.033458545,0.11549771358438558,1.0668181518850774
-1.418669744,0.839228228,-1.594973919,1.1242742894865732,0.6738463519553795
1.4435565334737939,1.7557309702955883,-1.066442567,-0.738760514,-0.395486361
0.052537071,3.4468803237398666,0.092869153,1.7676880385569602,5.241669898106246
1.0501934002948625,-0.161469568,1.0880252295177564,1.0360236783170336,0.7151037372347538
-0.658036655,-0.633350643,0.077969472,-0.118488038,-0.997206216
-0.082551601,1.317243503543652,0.004775799,-0.057852292,2.0173172515162303
-0.120684575,-0.114694403,-0.076730453,0.6357933738111184,0.083476096
1.0564545788929849,0.5786110791651917,0.30951450468851766,0.2929747391627997,1.6212930946712376
0.2980398245796175,1.9180831553417104,0.07618941,0.25563499978428866,0.6686100978999252
-0.546210469,1.9875027063558195,-0.529309707,0.9690581508222607,2.8015330725088528
0.6198272075051573,0.8308252047590073,0.3767172891430119,0.607777917,0.8369446825353865
0.7443738039284099,2.281157329348482,-0.367183457,-0.493278316,2.8228267801802973
-1.042070382,-1.673489316,0.41399465901735427,-0.3972809,-2.317112441
1.014970554928167,2.2304196520124377,-2.012978132,-1.983287222,0.7772851692279483
0.21398344780588419,-1.704085968,-0.292811477,-1.368383771,-4.055104569
-0.247749817,-1.687233432,0.44549631173281473,-1.798170091,-2.479187525
0.41193596147599143,-0.446638624,0.4834027200454399,1.1734899723573022,1.1468126052747127
0.043954081,-2.174111093,-0.060629926,-1.379392426,-4.024954213
0.090328171,-0.058889375,-0.089400494,-0.989729927,-1.980778422
-0.267849711,-2.936321841,0.2074219413720775,-0.774396734,-0.52744115
0.4040606229188772,-0.227480492,-0.127042727,-0.314415015,0.236976776
1.4999297833289067,0.7341223233218179,0.6589747009167628,0.4393370331338116,0.7488681823392522
-0.555624369,-3.833025005,0.3855207505719347,-0.693851408,-4.444731182
0.7664714161722056,1.4980154175695835,-0.080238073,-0.104685017,0.7990709156555202
0.4027175946065656,1.2364938479731054,-0.310184551,-0.770228455,-0.353128094
1.4932627283183781,2.815095130519547,1.6145513078073785,1.081223871184134,5.433357636136161
0.2793690726721217,0.020226901270591985,-0.04281895,-0.153270188,-1.221950809
0.20888859077401029,0.053243038,-0.16581884,-0.793814726,-0.775131228
-2.291273687,-2.231943716,-0.817680914,0.35686741316645876,-2.317881997
0.627852142,2.467577370734889,0.7663134201530518,1.2205316651288811,4.682410122327835
1.8189423028086946,2.184929805849078,-0.091502479,-0.050305322,2.158763911680246
-1.062695783,-3.025951254,0.7182916421772866,-0.675914645,-1.916885121
1.0787969628995528,1.1391934266064623,-0.183039905,-0.169670393,0.3554077370170122
-0.595713339,2.203115031899611,-0.907294164,1.5230381874360865,3.6333215239424725
0.2790114837734033,-0.752179384,-0.165730168,-0.593990491,-0.985750791
-2.561844853,-3.123810035,0.7280970752663221,-0.284208107,-1.383309706
1.5707481423782845,2.673230193913793,0.12741634052965997,0.08111825,1.5756208042250628
0.6662387185764692,2.0978954178028077,0.8349075706974478,1.2531657909065506,2.212925461413182
0.5745723424095182,0.25206846223055507,0.037891515,0.065947335,2.414011807886986
0.4320491352830799,-1.331607794,-0.18437489,-0.426745189,-1.287787928
-1.197344469,-4.771581765,2.5641814884766316,-2.14155705,-7.900143238
-0.1398432,-2.202363848,0.13363504198832435,-0.955606291,-3.219314302
-0.065247143,0.33447003424204746,-0.082060626,1.2576891793614093,2.563696106329333
0.9964125485249545,1.5485543948713492,-0.347508918,-0.348760078,0.3481970389011846
-0.447829921,0.8235560498501058,0.145954506,-0.325915039,1.4948121414634405
1.231674573773187,0.9999515290344573,0.9834496636770025,0.7984655075441258,2.325499051515761
0.004283267,-0.428369579,-0.002273626,-0.530815863,-1.510415235
-1.064993612,-0.264488302,-0.234444403,0.22013690982998743,1.146021484989112
1.7750635313620744,1.2787749327635594,-2.885249145,-1.625434298,0.039856824
1.349883217509222,2.0682675018429855,0.4672172486209393,0.34611679185332744,1.6092760597789537
-0.173591071,-1.678919506,0.3917215137069652,-2.256576393,-3.842275412
-0.001611635,-1.566791803,0.001639633,-1.017372225,-2.453088485
0.29958918803737117,-2.325726389,-0.068712341,-0.229355208,-3.688917031
2.060997032206601,1.956195408542531,-0.985625589,-0.478227563,2.0193832293673597
-0.935842868,1.7481423959812008,-1.125412294,1.2025654439751754,4.577970300176371
-0.654674508,0.11902378842123051,-0.055892781,0.085374915,-1.336332372
1.3186179957590884,1.8664197702167344,0.7559436159460731,0.5732847711598985,3.1265688915749172
-0.291713753,-0.558648396,0.068592585,-0.235136617,-1.088269828
1.2676769469630338,1.1600314161572238,0.43618858441379343,0.34408497011700645,2.1175641631395585
-0.283507512,0.4388719242583539,0.018502532629444936,-0.065262936,1.3776305822580557
-1.825625152,4.3242020808820465,-3.705648269,2.0297968972177434,5.810622255324733
0.057970354,3.598733137645747,0.1614909374801946,2.7857504119787726,5.316781948569401
-0.668082837,-3.212427959,1.019524397617191,-1.526044887,-5.069570496
-1.334318124,0.6939835493036071,-0.622814195,0.4667658960635905,1.970205430738525
-1.726237161,-1.727259986,0.7370165609784016,-0.426949771,-3.342887491
0.18800037658375135,3.6547187008444575,0.253679991,1.349358952829849,4.507759068071198
0.0476992,-5.07821385,-0.124703411,-2.614371141,-9.428820926
0.1088923723044361,-2.252581723,-0.115214921,-1.058062365,-3.696094776
-0.22339006,-0.831453405,0.10013799891655363,-0.448265241,-1.597583903
1.160404145842433,1.8739297356908184,1.4684394985055054,1.2654552327882662,2.4690141900959692
-0.898860177,1.542322646101324,-0.55893171,0.6218227531427083,3.850068159
-0.936060085,1.1784388282466214,-1.302618004,1.3915965704192153,1.6395316718697233
0.6634696364015276,-0.715512394,0.46975190279155504,0.7080232116413904,-0.378950715
0.9259004937705051,0.231247018,-1.517516433,-1.638962765,-1.697247695
1.0052313849079932,2.225700774816043,1.7020046081291071,1.6931471039226338,5.249703912104652
-0.266179063,-1.274371586,0.125368428,-0.470992823,-2.58427037
-0.602074824,-0.288094283,-0.913807876,1.5177646356510002,1.293613989569447
0.5574718732213692,1.5051657513231285,0.1502446869600769,0.26951079359732205,1.3127984206308085
1.5850961582540184,1.207658227532444,1.7218301650504402,1.0862622788430918,-0.186916204
-1.117169222,-3.044790148,-0.092897649,0.083154501,-3.418408947
-2.040596342,-3.334634426,-0.408439746,0.2001570510012029,-3.140220793
0.07852363,0.4741282826450389,0.096456344,1.2283734622012337,2.671597368288689
-1.244398812,-0.068509613,-0.790621348,0.6353440231213966,-0.061151147
-0.125723009,-0.485866274,0.084589351,-0.672823151,-1.983613439
-0.713790658,-4.271627066,1.6352334507358508,-2.290914616,-5.789859916
-0.01390195,0.2685876129291854,-0.005735033,0.4125344053214933,1.3509120869321172
-0.406040936,1.8395239217505688,-0.763718865,1.8808913017686697,3.2578624029346743
0.7166219736373509,1.8379265479433855,0.603951171,0.8427751210139945,4.080113335024823
0.092254831,-0.745471231,-0.041328338,-0.447980201,-2.570183028
0.6867263936066709,-1.658594447,0.029746976625576498,0.043317072,-0.405088577
-0.042797422,2.967314806525073,-0.046241376,1.0804710575729906,3.8408286825986653
0.096635296,0.23052982764930796,-0.0422488,-0.437198435,-1.652266122
0.914053663,0.16825293131189656,0.000331434,0.000362598,1.0753315941598873
-1.433067896,2.0035694088203035,-0.825596483,0.576104235,2.399261505549968
1.4346155121016873,1.9342814624921305,0.3319413866195794,0.23138003445487001,0.14188962987814557
1.9256374773023215,2.2863159899852805,1.068805027586083,0.5550395856874376,2.1891980356255525
-0.576615182,2.882118403963544,-0.185513185,0.3217278887123292,4.359553207183449
0.6500153136243881,-0.372679252,0.46747699390737113,0.7191784318138436,1.4690881937288656
1.2310659490614697,3.426860405247932,-1.289214953,-1.047234678,1.1881161834704754
1.362658502287632,0.6440382347012447,1.521729793687881,1.1167359915438828,1.1640124070737348
0.7531621473325173,0.29489251490979806,0.26299578195208134,0.34918879405123643,1.8337034668891832
0.9887669041136514,1.0002252152951252,1.553306658389815,1.5709533277534478,3.6794404483369103
1.1121457046261285,-0.724568845,0.3840709724143752,0.3453423151451984,-0.631512675
1.512158429033773,1.5625381481700231,-1.224791124,-0.809962171,0.296257252
0.6231562819271409,1.9990143547403507,0.2443888718256192,0.39217910324170174,1.0187764356742814
-0.962293014,1.6786905457977856,-1.489161309,1.5475133744023983,4.152758903031241
1.4799909599647265,0.5229427975867066,2.0856067361967328,1.4092023482673437,1.997540081919382
-0.199341259,1.491317028151867,-0.092261454,0.46283170148631503,2.2261211446408167
-0.492556095,-0.631742627,0.19424195513188114,-0.394354992,2.5389750390138905
1.8293168645618991,2.753693336120886,-1.356439638,-0.741500647,0.6448413161600963
-0.622126805,1.1288962946124017,-0.055331576,0.088939385,2.358270624206898
-0.052818802,-1.167009714,0.048568746,-0.919535175,-2.654945621
-1.251400944,1.8185405799365562,-1.94965328,1.5579765141318649,3.979952464064096
1.988250698124989,1.2320270039389514,0.21579858270416508,0.10853690779923929,3.374200693632357
0.050513324,0.16241653905976605,0.076569377,1.5158253418656604,3.056757476265227
0.5528064487184332,1.9742437244954796,-0.146356723,-0.264752198,2.9529856903554026
2.5630953611239917,1.131237754152663,2.739420364526364,1.068793774151676,-0.025158371
-0.55121963,1.5269482110182908,-0.404461006,0.7337565354727309,1.7948911681002488
-0.925764345,1.3228461172698018,-0.609468628,0.6583410033486036,2.401298736869263
1.0549307563169434,1.2749805740023423,-0.279550123,-0.264993812,-0.200456736
0.1700387581606446,1.2136004459542253,0.18286732995951235,1.0754449864115565,1.7561641638807384
0.5564440770131281,0.9943133257202128,0.22861512876597653,0.4108501432760921,1.5031483304488464
-0.182982408,-3.147084469,0.2883916518118531,-1.576062174,-3.73508321
1.335536647928058,0.7415778376384129,2.442993991860567,1.8292227290434975,2.639555222704085
1.8339683697211668,2.5991704736768444,-2.660520661,-1.450690592,1.3540770455036677
-2.539840595,-2.206859497,-0.782647294,0.30814819440160135,-1.836517313
-0.738562411,5.929108205031174,-1.571049001,2.1271716204577085,9.200429443
-1.700108826,-0.288606485,-0.148710265,0.087471027,0.8527972327249439
-0.497366193,-0.268227214,-0.426131529,0.856776225,2.0584358416673334
-0.048252333,1.3398207204839276,-0.048911277,1.0136562119856507,2.814721882456337
-0.448719118,0.2608754845631811,-0.309800874,0.6904115786131968,0.8614121023889489
-0.237893925,-1.115152573,0.048150433960138225,-0.202402957,-0.07331598
-1.072977465,-1.812024239,-0.100750407,0.093897971,-3.03673132
-0.798476681,-2.272404136,-0.060274893,0.075487356,-2.107919468
0.31058521563988206,-1.93420911,-0.096382258,-0.31032468,-3.969241886
-1.320994686,-0.399591993,-0.286973795,0.2172406885923185,-1.513464895
0.6122819930212621,-0.607297196,0.21443962228365768,0.3502301631075586,-0.402706361
0.5704857566080969,1.618652987097469,0.45405221664165285,0.7959045627033425,1.7534491088135997
0.8298435170885513,1.493598252268144,-0.961557467,-1.15872143,0.6226465728566166
1.3423066236082866,2.3011678204512753,1.240609562971417,0.9242370864836417,4.387958241068073
-0.920943507,-0.517429716,-0.388165941,0.42148724435774937,-0.021965252
-0.03085857,0.2415327071628633,-0.014924797,0.4836515937795732,2.588180443122629
0.5574741220094466,-1.472869236,-0.611870182,-1.097575937,-4.448565053
1.7450553136142517,2.5372142605915995,-0.605450835,-0.346952232,2.089941812306992
0.070296947,2.4422585202743097,0.1327283846011509,1.888110226907373,3.655462204693716
0.036876316029444155,2.0074495076522587,0.069904888,1.8956581223100655,2.8372406737468787
-1.564982884,-0.46632436,-0.974269545,0.622543259,2.321896988
1.168586213821443,0.747772823,-1.497352067,-1.281336412,-2.423557253
2.320688931028721,2.8890889000936837,-0.797628236,-0.343703211,1.315069037989559
0.5595393000897912,-0.837825962,-0.669511065,-1.19653984,-2.862655282
0.6827615724390784,2.413482440064005,0.63340359,0.9277083179791191,1.6618374100080957
0.990295362,1.579311960581086,-1.119694743,-1.130667461,0.4955675052761493
-0.416282694,-0.94739056,-0.717385204,1.723312584031374,-0.438809405
0.12618901838082128,2.8101419312258065,0.2621926172820176,2.0777768196179793,4.997657784918074
0.11787327382507082,1.1095716677556784,0.051912473,0.4404091937508506,2.3085574063423753
1.5632123085986867,1.603010397552903,1.1631867233067217,0.7441002843365783,2.5492429148509137
-0.328836094,-1.651592659,0.079744415,-0.242505054,-3.683601869
0.32403173709396926,0.9507110993454618,-0.445589908,-1.375142794,-1.711940271
0.10503306764725157,0.083992869,0.13295647642901365,1.2658535012567802,0.5452125023695482
0.20293522459457297,-0.096079583,0.076757521,0.3782365584175842,-0.22772006
1.6277501779515766,2.876637970170678,-2.332118904,-1.432725326,0.1279060932559979
0.9662652202387384,0.3548817207983066,-1.157498115,-1.197909322,-0.862641426
0.6453344079033868,2.794045156297744,0.44878634088871616,0.695432221,4.865058320735901
0.5126901038139607,-0.298141853,-0.380698593,-0.742551084,-2.234450125
0.3617784462937436,0.6813129122346316,0.19807735245935892,0.5475100976538866,1.6037640726025788
0.320892089,-0.577566922,-0.586045031,-1.826299404,-3.16951977
1.0684828668808537,0.8613419673586139,0.30713110826427836,0.2874459832574241,-1.632429802
-0.636711721,-1.741324923,0.060783569448258995,-0.095464819,-1.510968918
0.43231468992676747,-0.208727686,-0.279344625,-0.646160381,-1.823249245
-0.617567822,-1.353645488,0.17607138763797717,-0.285104537,-2.010068508
0.3673956818258509,0.3773435423202923,0.026197950848659453,0.071307182,1.5554770602552597
-1.418926964,-3.195144746,0.8104095638416844,-0.57114255,-4.660448413
-0.103203035,0.091329498,0.10422881235001381,-1.009939407,-1.26423661
-1.018656181,0.7628094138775368,-1.488747892,1.4614822153057454,1.3207843355518256
-1.295356966,-0.071477118,-0.485707753,0.3749605444095223,0.47332287113521676
-0.808219742,-4.20827828,0.9415855007640891,-1.165011756,-5.189763876
-1.112800525,-2.518377484,1.0059724022945007,-0.904000654,-3.196654031
-0.484076911,-1.123751641,-0.001948377,0.004024932,-0.540489447
-1.30773261,-1.739230616,-0.238971807,0.18273751490038895,-4.318293424
-1.087131403,-0.579830457,0.17346266538202987,-0.15955998,-2.172958426
0.020854767,1.1642298705836107,0.006117608,0.29334341446134743,0.8100531671950029
0.5082711408973752,-0.067295206,-0.522015351,-1.027041098,-0.771463678
0.5520549609134939,0.9828943409212015,-0.00676374,-0.012251932,1.318434135741932
0.401616582,0.4938705474728643,0.29537742328544964,0.7354711848229009,1.5653361528094383
0.7653665859942458,2.2799014795527235,0.702822285,0.9182819027788338,1.7583399622546179
0.3256363065588916,0.9632986309236107,-0.465054656,-1.428141295,0.5851764314931607
1.7790955698815758,2.4156081886956997,-1.069196471,-0.600977535,2.132030208041577
-0.485453438,-1.501386086,0.16018366004538426,-0.329967093,-1.817836288
0.36235450933408236,2.1916171868445256,0.8155765776861325,2.250769775667922,4.572595773168277
0.3136459197232183,0.7039683626789234,-0.026337225,-0.083971201,1.8685828042584998
0.7755162434244224,0.8223098361425807,-0.458336103,-0.591007741,-0.180372709
0.1767631706511297,0.964081154,0.089457603,0.5060873428549885,2.1600999738933484
0.48447580002227747,1.2602929468756283,0.3683322183678368,0.7602695910732794,0.8751669280718224
0.5796606306454499,0.646639003,-0.510772235,-0.881157366,-1.625577798
1.384510853018764,3.230346524383685,-1.738730025,-1.255844273,1.8403563709383088
0.14529776952346782,0.022066138674242786,0.14825796081610032,1.0203732741551437,1.044486893458878
1.1610332678026045,1.5754827111947143,-0.877788953,-0.756041172,1.4739653383678528
0.4819303228398032,-0.192986032,-0.463544716,-0.961850072,0.064282691
-0.059675679,3.728360084382122,-0.194712395,3.262843392492139,6.014896581696398
0.589077822,1.6556886825888344,0.2908448046122859,0.4937290007156811,3.3752969636740744
0.19297591684353385,0.47555115911459767,0.21897658412728827,1.134735296036116,2.377858217024454
-1.969780318,-0.462309698,-0.478850446,0.24309840121467957,0.011115021361697897
0.009397189,2.302835619,0.021528439121088313,2.290944567149755,3.797529743904017
0.122762218,-0.68418314,-0.007853323,-0.063971823,-0.859542494
0.47754509464201894,1.259313650304561,0.6765538024874636,1.4167328071804968,3.8511872658880213
-1.395808327,-2.404712401,-0.014566856,0.010436143714857399,-2.005451912
-1.066529189,0.5194877063333685,0.009197236,-0.00862352,1.721125987195578
-0.294271027,1.4079264583096431,-0.320265812,1.0883362038071906,3.1630699963794617
0.5417013705989767,1.079412032065714,0.528406849,0.9754578408568664,-0.076488379
-0.179146621,0.11741985742551309,0.086152159,-0.480903063,0.5798856572641703
1.7017184872702107,0.8245073368954874,0.058492156,0.034372404,-0.312520194
0.24056729672076646,0.7411837822466242,0.093825222,0.3900165303809276,0.14916262055407847
-0.993751342,3.607101040651487,-2.046992333,2.059863718078552,5.655495318891305
-0.199069276,0.34321663791681123,0.075089991,-0.377205325,0.5749375628653839
-0.320572627,-0.079894328,0.007325383,-0.022850931,-0.890263615
-0.752295215,-1.289600401,-0.474913626,0.6312862502258442,-0.107716841
-0.159716637,-0.457605234,0.21872711841563536,-1.369469851,-1.679012364
-0.520108255,2.2281693404127925,-0.241999148,0.46528611342878856,2.739756818963215
0.6464774012077503,1.2865006051463856,-0.130410157,-0.201724231,2.754283561897841
0.8385243628833763,0.7268587704803817,0.13115972469028736,0.15641730937820028,-0.243546973
-1.250312452,-3.419718685,1.4636033010457135,-1.170590038,-4.440067241
1.8927408362691793,1.7646947802732424,0.44015574255246576,0.23254939826842108,3.7670664829233655
0.8685648359922624,-0.721399803,0.6105946120357456,0.7029925536165559,-1.302604124
0.8284666225025182,-1.391033616,-0.827901862,-0.999318306,-3.473285885
-0.560938631,-0.20573202,0.41000305943290316,-0.7309232,-0.655085624
0.7555315876557513,0.8470255675313549,-0.39228586,-0.519218345,1.8814580608560179
-1.395125617,-1.978223101,0.48133226,-0.345009979,0.038096645
1.0581275991526413,1.749397065587806,-0.268224957,-0.253490181,1.2969487199396776
-1.945393136,-2.662897214,0.4741268879833324,-0.243717776,-2.550008982
-1.56880519,-0.791441704,0.000371619,-0.00023688,0.022482281
-1.108128841,-3.056667274,0.9599258665473299,-0.866258355,-2.833307798
1.226113487597645,0.3513622916797443,0.4675159954473482,0.3812991213100217,0.1540630643597929
0.8828125951883877,-0.508208726,-1.074498651,-1.217131084,-0.797671674
1.386329715921025,1.1519894653522667,1.7934925518329097,1.2936984118827612,2.9013839065966547
1.5739385054982558,1.5923862681093193,0.34843597162647444,0.2213783895681308,3.1815595175011175
0.2782420141130661,-0.265718449,-0.111149439,-0.399470365,-2.665426138
1.1588688609631779,1.105566461907328,-0.977649491,-0.84362392,0.419796366
-0.611922228,-0.519421267,0.002613747,-0.004271372,-0.575732882
-1.683959529,-1.548012895,0.41227339927079465,-0.244823817,-2.398963268
-0.947783618,-2.142541836,0.8580398695806243,-0.905311987,-3.070832655
-1.201850781,-1.188198573,-0.055167802,0.045902372,0.9203454540259934
-0.474938435,2.4760312824313564,-0.518260178,1.0912154928590512,2.4548155519414916
-1.167723116,3.4826955400479016,-1.843602149,1.5788007646992381,3.612644208
-1.903448778,0.081265662,-1.508325188,0.7924170090630512,0.5286604833703268
-0.29325598,-1.282103294,0.28603614704995967,-0.97538044,-2.694494015
-1.776993068,-7.458049017,2.715232962476253,-1.527992996,-12.28009784
-0.156436587,-1.597751113,0.080636474,-0.515457896,-1.230226958
0.8148620076180672,1.7544194452288666,1.2238306438495714,1.5018869850454377,3.2761674926103304
0.098570649,-1.785933804,-0.09050766,-0.918200908,-3.588105279
0.6828709275459458,1.073573833182508,-0.199005974,-0.29142546,0.8425909307527044
-0.710852828,1.0722495114582395,0.1174400968173686,-0.165210142,1.9164591661094788
1.787556148773368,1.151627402716736,1.1802590278651985,0.6602640306851897,3.3530937204609983
0.582782556,0.17043813724233514,0.5710266722897968,0.9798280108176662,1.1235742492073593
-1.428076207,-4.221401783,2.0245783882634245,-1.417696323,-5.380461351
-0.256387496,-0.045116562,-0.222033982,0.8660094031719102,0.7104512480414653
1.4319426870850105,0.29934449488543247,-1.336747782,-0.93352045,-0.772548661
-0.142343298,1.0323499950622945,-0.228506565,1.6053201546544253,2.968582234182272
1.1379605197029519,0.7743727895845853,0.7930836530457522,0.6969342427211581,0.9553708846308961
0.9130332150227644,0.7805859613744521,0.3882989907101433,0.4252846274606362,0.6251148722234909
0.6294414324700175,1.5209196255127573,0.7545395692404895,1.198744681104911,4.386016745170432
-1.111205721,1.660357469627463,-1.361367807,1.2251267082623698,2.1780766360891435
0.011310847486800023,2.2294353679745242,0.01793313,1.5854806479244299,4.501293109
-0.288398511,0.3043303015907818,-0.200296282,0.694512193,-1.282001038
0.6489216293245655,1.065445813386582,-0.537216857,-0.82786092,1.0518992317750386
1.5005918241409564,1.3601464156387486,0.659752275,0.4396613818499673,2.8306950060362692
-0.683675822,0.025316223783567737,-0.344579923,0.5040106899927642,-0.198747723
-0.753568065,-1.197850712,-0.142243691,0.18876024336314196,-1.003813894
0.012801276655721882,2.3260540002394445,0.013350386286731665,1.0428949116387032,2.551747231271472
0.8999893108787419,1.7667926945763917,0.6776850722218891,0.7529923567205516,0.827480519
-0.118367226,-4.362262738,0.2525664489265807,-2.133753213,-6.237502989
0.35687113907977663,-1.207994785,-0.389830334,-1.092356011,-3.196863392
-1.067630452,-3.401037134,1.0880120996647904,-1.019090545,-4.57593729
-0.054920682,-0.89018976,0.00065428,-0.011913177,-1.280991487
-0.413517747,-0.375259246,-0.058518101,0.14151291385223738,2.3075068251890065
-0.216377104,-2.210808086,0.2519412232599988,-1.164361746,-1.689197443
0.23177165909839412,0.455389744,-0.41384792,-1.785584663,-2.131580645
-0.434747744,1.2000019246239493,-0.44994729,1.0349617601736127,1.7527660674353573
-1.604903079,-2.715190676,0.3457122399753111,-0.215410042,-3.275515503
0.1204570531875391,-0.797071711,-0.120809139,-1.002922918,-1.936922535
-2.095860452,4.029103741145347,-4.248810874,2.027239394739123,8.098715105
0.663851959,2.8799393492999856,0.6376256627834951,0.9604937578639043,4.304222751056324
1.6107179850974669,3.5777435275332077,0.2195654776114511,0.136315283,6.1562538462140335
-0.251739858,0.2459161281730065,-0.195670819,0.7772738931449095,0.9758359303847036
-1.219605696,-5.068916295,2.0601913491125248,-1.689227392,-7.275224958
0.6007057895640534,-1.658130619,-0.953015207,-1.586492461,-3.109768334
0.2895367474120559,-0.065226581,-0.055759306,-0.192581103,-0.77382186
-1.239298922,-3.324602934,0.6628729419898202,-0.534877365,-6.009354762
-0.306721561,-3.07283362,0.4160581502148036,-1.356468549,-2.254853887
-0.082083278,-1.013849471,0.035418873,-0.431499247,-1.741334064
-0.281891789,0.7115685463101709,-0.119128794,0.4226046974775231,1.4044633710241339
-0.251196627,-0.961918099,0.008876847,-0.035338241,-0.652286235
1.6823269179981761,2.2635270868137156,-0.677482274,-0.402705483,0.9972782423067434
-0.318880455,1.7314043839104634,-0.424003466,1.3296627613328547,4.425087438861115
-1.550985422,4.096318341648919,-2.876977798,1.8549354220742555,6.724326293837504
-1.650869006,2.810853075535582,-1.849078247,1.1200635790094295,3.395122835001692
0.8372084534821849,0.8390927388547104,1.7342067957162661,2.0714157728618403,2.3673919011741944
1.7947040746185148,1.8939640326804483,-1.309202699,-0.729481098,0.028828803
-0.698668917,-0.037494286,-0.395134194,0.5655528454213096,0.36386258494599033
2.9208784263262833,3.1723202414217635,-0.448434033,-0.153527113,2.346301191071633
0.5047671035002866,-0.018514511,-0.167402499,-0.331643044,-1.301632945
0.090781548,0.703450246,0.033971325,0.37420957822133794,1.0132676061315642
0.17481317673733981,-0.009174264,-0.08541692,-0.488618315,-0.033179113
-0.233086198,-1.026408081,-0.014846119,0.063693686,-1.36063557
-0.166828657,-0.946604732,0.3194996460030352,-1.915136472,-2.99678345
-1.368540518,-2.320488315,-0.245899479,0.17968008644175304,-1.30595709
-0.652108023,-2.815523213,0.6198937416178415,-0.950599778,-3.714497645
-0.840215417,1.4085511231106531,-1.759527628,2.094138707538126,3.286202961501007
-0.733785609,-0.029999853,-0.06074765,0.082786647,0.906014616
-0.483577597,-1.845291939,-0.105588273,0.21834814921979606,-1.648647276
-1.131560981,-1.903443756,0.1218215914786703,-0.107657999,-3.924523193
-0.815782163,-4.174761571,1.3875450231250666,-1.700876884,-5.94566922
-2.259375184,-7.66447552,4.372504272006853,-1.935271442,-9.959680874
-1.562334791,-1.370948003,0.3829731418765694,-0.245128729,-1.40412294
-0.07924522,0.8377822512656481,0.066028496,-0.833217402,-0.550296621
-0.898436246,-2.538719565,1.059416445135942,-1.179178211,-3.299263699
-2.117129155,0.8211302651020136,-1.170455672,0.5528503867761199,1.308109375206091
-0.196056462,-1.043858352,0.26924262919524106,-1.373291275,-1.674371562
-1.625669301,-1.906243705,0.3585715214898006,-0.220568551,-2.203495495
0.11978465536700221,0.448249172,-0.02350336,-0.196213449,0.27302970339125265
1.0539036846514975,2.484969250173908,-1.413008488,-1.340737781,0.9200059431129659
0.30558695220960885,-0.53324794,-0.009633251,-0.031523764,-0.823457475
0.8475329509167518,0.5067059677934089,0.9868817381415556,1.164416955204012,2.665936786533834
0.5864327209076948,-0.203272292,1.0148304378304382,1.7305146893230294,1.2936208018633488
0.050932841,-0.328993602,-0.055334746,-1.086425671,-0.791989343
0.8082044136318484,2.4752066527364187,0.6807633880492632,0.8423158505038344,2.7025567194749267
2.167103618820747,1.3465085957873946,2.293497247935647,1.058323758964363,1.1709733447784567
-2.031771569,-7.823202958,4.3742061190773045,-2.152902514,-10.10231899
-0.407654457,-1.081414254,0.4642099449631227,-1.138733889,-2.253226582
1.4658789765576348,1.693808682,-2.721343875,-1.856458765,0.6516720635957963
0.6879473394868098,-0.40408264,0.3989605017175867,0.5799288387614094,-0.146630554
0.027471708273253893,-2.637959375,-0.09651624,-3.513295887,-6.540416641
1.1567256994499022,2.317811704,0.26466868205738087,0.22880850851956339,2.6123577171441656
-0.921071843,-0.322227516,-0.03347678,0.03634546,-0.146764316
-0.915159341,-8.091052419,2.6106669956366093,-2.852691196,-11.03422771
-0.701186626,-0.790529749,0.363898526,-0.518975281,1.2404260769374562
1.530229435911496,3.5245731579042276,-1.547012031,-1.010967372,4.397558781386424
-1.645626211,-8.545175517,2.405790780856335,-1.461930276,-11.26064379
1.1140816667526494,3.1557879106350115,-1.534887799,-1.377715696,0.7032206333473816
-0.761987901,-4.617075224,1.3023932548638684,-1.709204638,-7.127901024
-0.582022687,-6.115834687,1.4264804199566838,-2.450901748,-8.585354927
-1.189915956,0.3984986757743767,-1.946750416,1.6360402644870853,1.7713578789755298
0.035298018,-1.509870839,-0.023816546,-0.674727577,-1.109881826
0.8359098811644754,-0.186081728,-0.086201156,-0.103122547,-0.322427344
-1.185685753,-1.306425861,0.11962272395732945,-0.100889062,-0.439522497
-1.18367991,-3.409637341,1.658996553149669,-1.401558428,-4.250993883
-1.650848452,-4.115958827,0.6713064484723967,-0.406643292,-2.058307484
1.3166286385761052,2.5949433240037907,-2.632776302,-1.999634692,0.4671468398688482
0.3689618121828903,2.2453468180920244,0.6558233922785072,1.7774831178285266,3.9158961875445466
0.16937972806888799,-0.634815279,-0.023970575,-0.141519739,-2.575507297
-0.53781543,1.1730521153513218,-0.536134406,0.9968743475079304,1.8278050950342646
0.37259919294483046,-0.405296365,-0.012536424,-0.033645869,1.2447950109215558
1.4509745101934075,2.217366480421114,0.5973141252907719,0.4116641064984339,3.660359313487353
0.1366610999084659,-0.562593375,-0.020672428,-0.15126783,-2.09541336
-1.025241362,1.380334930035704,-1.754081703,1.7108963485159847,4.560097787704754
-0.938000724,-2.411299406,0.008643236,-0.00921453,-1.306367396
1.563554447922939,0.3678814037155156,-0.170506489,-0.109050561,2.234481232916051
-0.890071158,0.9324473676354421,-0.757165756,0.850680025,1.978528551239658
-0.170126105,1.038756883865397,-0.051779743,0.3043609481461455,2.0553919882623877
0.732786275,0.11217599247031607,0.022675650868446636,0.030944426302232726,1.0910391513837419
0.22872886933371664,-2.342622464,-0.023033979,-0.100704293,-1.455899971
1.093121180510122,0.6928481378622013,1.4104054036775588,1.2902553063873223,2.180667204060171
-0.814131387,1.4042119768172605,-1.123371697,1.3798407919907185,1.3976583800879572
0.6419589358600815,-0.007782913,-0.646724396,-1.00742331,-1.297040756
-1.917977327,-4.159919331,0.846002614,-0.44109104,-6.375310698
-1.825252569,-1.587211962,-0.356360119,0.1952387984975063,-1.14384778
0.16142586406577403,0.083544934,0.063186263,0.391425896,1.0028898540779776
1.932816649983306,-0.013593043,-0.469025555,-0.242664277,-1.830806209
0.20042544217143415,-1.825281118,-0.158185174,-0.789246976,-3.69275632
0.12133048038674735,-1.092607291,-0.045516232,-0.375142602,-1.833417358
-1.20312029,-4.475327612,0.1796595011560535,-0.149327962,-4.229228789
-0.287651517,-1.085174045,0.33169681632457204,-1.153120343,-2.897785884
1.5241394773935875,2.980623317760407,1.2254723561808885,0.8040421328608022,6.065785901536932
0.5257461487229681,0.5730059962117445,0.096972499,0.18444737911575182,0.7696542043273525
-0.259683899,-0.308221668,0.12786588711149816,-0.492390509,-2.740046851
-0.546613226,2.2864246284214316,-0.689711697,1.2617910883863492,3.695978075911736
-0.108245595,1.2401241879202574,-0.043549732,0.4023233592049029,2.618874907410512
-1.286066568,1.3691294064801758,-0.150695947,0.11717585261434534,0.9039463614920696
-0.289738955,0.9189701767217431,-0.21180255,0.7310116430503801,2.693639832159148
0.4997584792494863,0.857437458,-0.689513111,-1.37969267,-1.79572853
-1.06946368,0.32444917,-0.73330682,0.6856771611245324,0.7569887382556251
1.694542648511205,2.5286632058304126,0.5439422865572585,0.32099651610135427,4.804543874400333
-0.584805349,-2.158220827,-0.259261461,0.44332949723471854,-1.563021219
-0.559315281,2.4121743531979964,-0.839641147,1.5011947206685812,4.228718067164738
-0.844578344,1.5213759073768967,-0.773070035,0.9153325331935259,2.3583610206070924
-1.164856565,-0.712281543,0.34394951002526364,-0.295271985,-2.062474224
2.3488267328492967,6.529422649447906,-6.266394362,-2.667882767,4.7070361638986595
1.073773291579509,0.9733987678906771,-0.125929407,-0.117277463,2.902412382273965
1.0367804043017637,-0.252957623,-1.848200208,-1.782634201,-1.463969892
-0.979167306,-0.348445823,-0.003641757,0.003719239,-2.054801622
0.6441266349380091,-0.398962338,-0.018451915,-0.028646409,-0.941876942
1.5515784740574123,3.628402781,-1.693525491,-1.091485554,2.291009801562436
1.230884535213766,4.083239356,-0.151185676,-0.122826855,4.522171129495218
0.38216363763668915,0.8082958973037218,-0.167171817,-0.437435173,-0.167487544
0.10743743050075555,-0.868979254,-0.085746878,-0.798109912,-1.451682197
-0.731920641,0.5008040190344724,-0.746928821,1.0205052015966634,1.7226866658737408
1.6924992107274472,2.9714320649745187,-0.247007758,-0.145942614,2.867249747
1.18018302,0.6903381402893151,-1.714650865,-1.452868612,-0.746258054
-0.809401214,-4.561697885,1.0969214582888074,-1.355225863,-5.2529735
1.3817775564443326,2.950381611580799,-0.217248491,-0.157223925,2.438640120482884
-1.389900817,-3.181543843,0.7727697613622451,-0.555989141,-3.932404779
-0.358968278,-1.504551145,0.29344313833660635,-0.81746259,0.5994695504349354
0.025587285,-1.203636532,0.003116609,0.12180303816409586,-0.815511152
-1.293526372,-1.930974004,0.23077673257521014,-0.178408989,-1.496591602
0.6629880463353052,3.3530824715768137,1.1448896938166482,1.7268632521281115,6.309352650582254
0.015088787476126206,0.040318956,0.015832024994686153,1.0492576040146309,1.1828861079234732
-0.860903292,-2.154920923,0.6768210948133141,-0.786175522,-2.609307752
0.2188860613051152,0.091498251,-0.150922278,-0.689501549,1.024923393407696
0.103015528,-0.984656185,-0.164242673,-1.5943487,-3.028545833
-0.25982586,-0.984763542,0.2551150035217551,-0.981869178,-2.854531134
-1.390719246,-4.117703219,0.2530338606152614,-0.181944603,-3.071977914
0.41769652809823704,-1.843753947,-0.943868921,-2.259700183,-4.25692183
1.6149174685909067,-0.125068173,1.7033439142566331,1.0547560153293052,-0.629670212
-1.664540643,-2.692693942,1.2864215037344042,-0.772838746,-4.180593932
-0.689967215,5.260183317394763,-2.47080734,3.5810503529856854,8.421444536
0.6903163153704276,2.374425411841614,0.3149187037564494,0.45619478599091534,2.664901869
0.096112686,0.042718693608781146,-0.015394183,-0.160168069,-0.289699958
-3.83151821,-7.050955343,1.4171880946050261,-0.369876382,-8.200419535
-0.225155808,0.637180982,-0.230864267,1.0253533728215163,1.3494776613902848
0.48074822703497505,-0.952702135,-0.615983004,-1.281300626,-2.013964027
0.6359913236689965,0.16335207776508776,-0.010488225,-0.016491145,2.1465867984690554
1.271391771546475,1.5441623971146035,0.4803706395706072,0.37783053998084454,1.871642915
-1.428953021,2.801717177032863,-1.528790807,1.0698677876699607,3.5896759418602375
2.9312399506237083,2.5452899637746897,2.4502316294221957,0.8359027819953246,0.7656750008528674
1.9667987021928022,0.35228625889882115,0.022580099092690833,0.011480635546238703,-0.014188498
0.7079287041831034,-0.536235669,-0.940826385,-1.328984656,-3.25401987
-1.198615879,1.924468761,-1.726729243,1.4406026755643087,2.464826525592196
0.2892354635341887,0.099948673,0.052194464,0.180456652,-0.189548557
-0.824544237,-0.253032731,-0.19772685,0.23980138454546332,-0.236520204
0.6436797022831651,-0.03066126,-0.174542809,-0.271164072,-0.024779202
0.7912572485158043,1.273067567,0.08680641,0.1097069384678176,0.5691346486672787
-1.088227275,-3.606940912,1.1074304271814837,-1.01764627,-5.541465359
0.8333004463456555,0.14896401230658818,0.31028424983047126,0.37235579458907964,-0.424821218
-1.204483363,-4.312559646,1.7863881937263462,-1.483115707,-6.487755098
-0.631215714,1.7859724786889357,-0.35096125,0.5560084172835561,1.5096891947493658
0.9030603333176285,1.1264185628459291,-2.253733061,-2.495661671,-1.725681702
0.30455654828495743,0.9304032337364305,-0.327134809,-1.074134872,-1.199074484
-1.469879437,-2.041109933,-0.829199324,0.5641274401399605,-0.639467737
0.013156156680099881,0.060989826,0.00749638,0.5698001721312875,0.2034942401111774
1.086427206665361,1.5585196666678998,-0.457722422,-0.421309794,0.6827021603556527
-1.133531243,-1.424823785,0.48907863601960755,-0.431464628,-2.356473754
-0.160930928,-0.991026306,0.21030207751633354,-1.306784717,-3.084345115
1.237908624792021,0.28202740562712947,0.028403357579009917,0.022944631784742528,1.8314687494613768
0.24565178601038737,-0.97248394,-0.263595579,-1.073045643,-1.892256903
-0.522820872,0.8710561261887455,-0.783311525,1.4982407304194743,1.682060347715886
-0.149133065,-0.072730634,0.062282729,-0.417631927,0.7058034110351106
0.7649713593968571,-0.012488264,-0.031990589,-0.04181933,0.4079902680793121
0.5437105523592233,1.9100783305584208,0.8486287769602893,1.5608098339787417,1.9969104502497859
-0.725112173,-1.31290413,0.073018581,-0.100699704,-1.439107843
-2.800599021,-11.25636353,5.642883264683711,-2.014884395,-13.9284733
0.058148729401191174,-0.417169866,-0.038746988,-0.666342815,-1.286238563
0.7114335479699675,2.4893821621855596,-0.549498608,-0.772382198,0.5910255968600846
1.2793228167673198,0.7627774038425841,-0.015182459,-0.011867575,1.9491748641723832
-0.844058657,-1.03651153,0.11903433772845784,-0.141026144,-0.682470325
0.12210876951019348,1.3683371354821396,0.087105015,0.7133395494914389,3.540508979521676
1.0124823087607384,2.1710664168119638,-0.757213474,-0.747878227,1.722151975061418
-1.771151573,-4.399819459,1.2776597578186244,-0.721372342,-4.472117783
1.1308313641063983,0.7188805790243656,1.0918652644921985,0.9655420774033877,2.5139145722519074
0.5539513667334555,1.5231777640612423,0.3538110257920099,0.6387041300725828,2.9803272819578748
-0.098345282,-1.020182196,0.17539651258578176,-1.783476636,-2.067199435
-1.107414813,-2.657924319,0.8847985587906649,-0.798976633,-2.081793967
0.2260158500387758,2.3363530563540245,0.35277631038073914,1.5608476587824085,3.477293796698849
0.20007167440800383,0.29424326243708415,0.12799343564902038,0.6397379140637613,0.8821534411379498
1.7894037715719893,0.6257654187706008,-0.681089672,-0.380623805,-0.176634815
1.5305439803224294,0.9918206829312353,1.3866413043311352,0.9059793917447708,1.0292462713122736
-0.620236877,-2.168824864,0.6755087390632453,-1.089114117,-5.025705127
0.9771376027762211,2.0629178526621037,2.32166727,2.375988052468682,4.816821758439343
0.38820051961120733,1.0105577469081295,0.1275765679692348,0.3286357475693386,1.2579283044034342
-0.421919426,-1.610007528,-0.215632138,0.5110742121167681,-2.093803241
-0.682333622,-0.602893907,0.021610268,-0.031671117,-2.712998053
1.622810368397298,2.992428119582402,-1.730661465,-1.066459457,1.995818662771529
-1.146584401,0.4161207560801367,-0.625490135,0.54552472,1.7724322646035666
0.28339772688358145,0.6817826613854369,-0.253027013,-0.8928336,-1.358496963
1.1340619109537824,0.8876585921547773,-0.848104669,-0.747846886,-0.209622423
-0.432688774,-0.013512422,-0.141789767,0.32769458152450703,0.9504804388809469
-0.049239713,0.43969448262842714,0.010068332093249822,-0.204475848,0.038802753
0.42114084911144883,1.2322724482587777,0.31627517384978726,0.7509961916947402,1.920179032849966
-0.985878446,0.8124894899055536,-0.872752024,0.8852531746513406,3.403084351
0.17845390691922447,0.4057718656912524,-0.122991364,-0.689205218,1.0770888851138187
-1.377633074,-2.690624787,0.35358330658706705,-0.256660001,-0.673240481
0.1378637666907148,0.821882191,-0.080466212,-0.583664688,0.3835514931132184
-0.338654444,1.2877034620549042,-0.376053712,1.1104348951688037,1.1117170746526228
0.1887401111752509,1.2861054770418083,-0.051572039,-0.273243663,0.6352477431896777
-0.979500713,-4.094168283,1.660381553104407,-1.69513052,-5.861317421
2.0460676136815694,2.5347209098612904,-1.451344519,-0.709333606,1.5534978422423498
0.1600576509760365,-0.501994063,0.070624416,0.4412436130013648,-0.823439313
-1.458462965,0.277886557,-0.549910333,0.3770478550262237,0.010356168
-0.058589287,1.6578944175325818,-0.069582012,1.1876234637344458,2.020449061992023
0.24893221579411795,0.22504461382246374,0.068128312,0.2736821816728259,-0.550827872
-0.191057907,-1.450697873,-0.043039207,0.225267866,-1.60301442
1.0397490590713176,0.29169269922333885,0.5335137939194378,0.5131178424878415,1.0558772644163348
-0.613458893,-0.382882151,-0.7426776,1.2106395533563012,-0.138889695
1.239776192,2.621163076663326,0.003209775,0.002588996,3.521456176027745
-0.176467508,-2.297368402,0.35460761345418884,-2.00947822,-5.446346592
0.9399386085895771,-0.103676678,2.1653232289251623,2.3036858036657666,2.0878227914067113
0.9998256305449873,0.7848624104423061,-1.254135868,-1.254354589,1.1862727286400918
2.024836386,2.5231278650996956,-1.756154541,-0.867306886,1.7254501907326711
0.013061888377017133,0.6896586456664334,0.019674426759112965,1.5062467379319235,1.3156857443384722
-0.307118289,1.3749893447104957,-0.37321333,1.2152103721424952,2.043503451
0.4589554678480147,-0.855813471,0.10178732433856258,0.22178039367486072,2.1429579085486714
-0.730175238,-0.347662821,-0.540303457,0.7399640920189607,2.108810308572984
0.24954864859607212,-1.896745651,-0.299922516,-1.201859907,-3.762915132
0.025444278420071364,-0.072507366,0.009768304,0.38390965,1.1245362548818962
0.246677051,-1.051710704,-0.341448012,-1.384190426,-1.411504752
0.3058624858185889,0.35488270186493664,0.05297836,0.17320973552871408,1.701003597134334
0.19207457675661746,2.4606146374036655,0.023625594,0.12300219068924063,1.4043085444968124
-1.961438455,-3.834234251,0.46358064253059444,-0.236347279,-4.069394179
1.323403442896057,1.5161076266308915,2.0219098426522497,1.5278106260836248,2.011911102592668
-1.088220143,1.7519352612711674,-1.586233157,1.457639952652306,0.9712943809308987
1.2803227120071543,0.36366463145180083,0.6426188827165613,0.5019194588129515,0.099860129
0.028066929622294408,0.4557314764283197,0.005731003,0.20419059680094656,-0.036687795
-1.577893843,2.4923360091938944,-3.601270272,2.2823273489299765,3.420882659
-0.572682788,-1.49171511,-0.020547896,0.035880066264571076,-0.985831325
1.7719940812682458,3.5864664245819395,-1.978141989,-1.11633668,3.810145741920972
0.7890240936410221,-0.060745858,0.5606860170200471,0.7106069656665507,1.0649682742863216
0.7190511934405825,0.023985380331715378,0.11207774439752459,0.15586893592547235,1.106766354293928
-0.962475836,0.006316977,-0.460749595,0.47871289588608895,1.2068891135542628
0.9793177426669347,0.6399000149696812,1.554569789121628,1.5874008214005533,2.250822078
-1.915730467,0.1607941222726359,-2.002761704,1.0454297919269377,1.2409805057949166
1.5946800720425642,0.724439395,1.3473169000417997,0.8448822579917697,3.056585498317208
1.207310979025168,1.711927394979475,0.589866762,0.48857897587267235,4.7109890111404304
1.2546986991652234,1.8225447729021986,-2.146296496,-1.710607095,0.3142732434871468
0.894519556,-0.432580176,0.5682066981874175,0.6352088048453394,1.1399238762961827
-1.390828247,-3.497558613,0.8901130544172888,-0.63998776,-3.9069388
0.9556949899301153,0.7298650995512561,0.5456090071664745,0.5709028643190563,1.5848744193490116
0.82133598,0.985282709,0.3431590028872314,0.41780588099881666,0.24099556477471773
0.23541229844354403,-0.605494624,0.126610503,0.5378245064950097,0.34666669556998353
-1.231637423,-7.025467139,2.748806498655675,-2.231830932,-10.75387639
-0.53640953,0.7063577514239381,-0.257362492,0.4797873220578689,2.730860191858204
-0.741608454,1.3836508379858619,-0.194167995,0.26182009444483606,-0.053377693
-0.401488882,-0.905718172,0.30829094353380737,-0.767869192,-1.723699879
-0.992412392,-0.289187346,-0.057006031,0.057441877,-0.442424447
-1.085169215,-2.434992431,0.8643492039853219,-0.796510988,-4.163467736
-1.656008493,0.767726162,-2.014205222,1.2163012632318633,1.7790666918595637
-0.241986805,3.297702167998585,-0.368672019,1.5235211649752292,4.737269534843965
0.8930179938182872,1.2207383201091728,-1.367155116,-1.530937926,-1.237868821
-1.545878459,2.7197358255748103,-1.465046164,0.9477110933141606,4.454150954232179
0.3178496155040807,-0.700945971,-0.454697543,-1.430543001,-3.60277486
-0.434571801,-2.322989856,0.5676842288699823,-1.3063071,-3.979811631
-0.614177892,-4.068752389,1.6116184770270618,-2.624025544,-5.853709909
0.6398312890272179,2.595512990568435,-0.086524851,-0.135230728,2.8869447704195252
-0.132910731,-1.654727535,0.068890553,-0.518321982,-0.62227818
0.9108843892296714,0.3063339542566931,0.50951408,0.5593619630509427,0.9455082838567398
-0.653739092,-1.523246733,0.49696115000929103,-0.760182703,-1.833770663
0.15636468412573112,2.0664682124881146,0.3183297859244886,2.0358163846544985,3.1815683461717654
0.6007550397177853,-0.801311026,-1.084719369,-1.805593457,-3.080299528
-0.751951002,-2.642679399,0.5412215081069651,-0.719756349,-4.693908438
-0.614858125,1.1235644115825365,-0.568159445,0.9240496655831278,4.207400432962324
0.2985087959587323,-0.298528681,-0.712394193,-2.386509886,-3.701831203
-1.25188682,-1.892989461,0.49154647087524544,-0.392644497,-2.085303547
0.048440509,-0.376281153,-0.037987839,-0.784216347,-0.523933977
1.301395393518878,2.2683243284587684,0.8236281034852554,0.6328807582899346,2.0618760617325584
0.9384167675106596,1.0092962248715251,0.3405861754389786,0.36293701,2.388179984499385
1.328683478896619,1.8153169815634242,-1.138373637,-0.856768113,0.5261711254984613
-0.492309171,-3.373134404,0.9428447043024265,-1.915147555,-7.404703236
0.095592044,1.3774231341538505,0.1046282405842449,1.0945287534204642,3.8768592115442297
0.5995223871391155,1.0718010511239286,-0.689290661,-1.14973298,1.317109651512437
-1.22804549,-2.893066394,0.16355259330561145,-0.133181217,-2.554648612
-0.178593268,1.196145334983826,-0.053048509,0.29703532205692906,1.6862110946822417
0.4906619364002587,-0.152810234,0.400526323,0.8162979300117906,0.19881259621300412
-1.680341262,-5.650016875,1.5564947908767346,-0.926296834,-8.16471944
-0.451743259,0.2214345873314787,-0.555547888,1.2297867794233053,2.1641654397616183
-0.357519019,-0.24539174,-0.080366021,0.22478810089165036,0.6520589732211873
2.3891592349938304,0.4932345215712266,2.5498234114154057,1.0672471612893522,3.364764072400477
1.252316452116436,0.9264175993609768,2.3471758483721357,1.8742673582267235,1.9520206668052893
1.0964472914966572,0.8943319024158666,0.390112408,0.35579677286944744,1.122003162581083
-1.064107812,-5.284189141,1.2839181179792676,-1.206567703,-6.692049365
-0.343933047,-0.291434224,0.14135190857243468,-0.410986701,-0.780284991
0.9238852843315459,1.7052979030711835,1.3376850932702078,1.4478908972319613,3.3532085189563983
-0.332380017,-0.553376036,0.3729763621752031,-1.122138345,-2.846893355
-0.628640221,-0.863606986,-0.124205408,0.19757788973658733,1.6357715165687647
0.6290070853002276,-0.099965288,-1.476564915,-2.347453549,-3.407491642
-0.628565966,-0.576616505,0.12314157282810247,-0.19590875,-0.496042994
-1.007153618,-0.67813758,-0.082657298,0.082070199,-0.417316813
0.6867606334561533,1.2254969404342224,0.8277717520107338,1.2053278998316135,2.9875334548854693
0.596287617,-0.333047246,-0.557634122,-0.935176424,-0.651455993
0.7186787648099091,0.27936910536756066,0.2864547832257896,0.3985852890777384,1.2167771467452413
0.9651337367766385,-0.497334112,0.7894899323633802,0.8180109162903424,0.8415729828604238
0.8299712969336253,0.9461627953561237,0.3912640370845908,0.4714187569258568,1.1228320364973237
0.090575314,1.585119126660174,0.031395525724727986,0.34662342584534317,0.6292788537249745
0.2608737495613407,-0.957147179,-0.440445753,-1.688348304,-2.765417752
-0.72822563,1.8206676817719418,-0.872090039,1.1975547187574287,2.964326853773869
0.3176831659027524,1.5897501666031215,0.32646741645562544,1.0276509790120953,0.6244401568514999
-0.376316757,1.067940025743494,-0.754989214,2.006259886156209,2.648623469958059
-0.189945293,0.18008474685678388,0.097787646,-0.514820053,0.21220023552520084
1.1303330477166404,2.6086626602016914,1.1872946685580685,1.0503936613695362,4.077472378315716
0.004329815,-1.044357422,-0.003349609,-0.773614853,-1.933683513
0.5247980997814946,-0.090719488,-0.32222041,-0.613989285,-1.379758268
-0.859423675,-2.596929082,0.7438712785798928,-0.865546645,-2.47016758
0.32852624767677324,2.7359932019327657,0.3046178039957449,0.9272251643510959,5.192117022801506
-0.123105822,0.031859212087092414,0.096660363,-0.78518109,-0.609394574
-0.646415268,2.177439985626877,-0.913038311,1.4124640244451634,2.391442630984535
0.3636950575993378,1.822704665255829,0.06252996,0.171929638,1.937063589041542
-2.178241174,-3.709460489,1.1560074906778182,-0.53070684,-5.014672381
-0.785175158,0.20672160738195003,-0.453324787,0.5773549786133307,0.18798673579352232
-1.9956508,1.9849978644410093,-3.14344039,1.5751455060802997,3.955832700946232
1.0727215062871613,1.0035715760913486,0.061140143,0.056995355,1.6151776349320004
-0.304333646,-3.791335116,1.0792652743054791,-3.546322559,-7.314238371
0.8620376694982275,1.8175701710380354,-1.480144486,-1.717029938,-0.938077603
1.020572273782117,-2.115669676,-0.035256314,-0.034545632,-1.49682214
-1.267613154,-0.639761837,-0.418527922,0.33017006834097484,-0.422292848
-0.546130458,-3.204045671,0.7018614714683887,-1.285153504,-5.174627818
-0.656077229,-1.249711591,0.028255251283468896,-0.043066959,-1.496672174
0.1365495031316868,0.7980022758702381,0.2646502147928946,1.9381265308425835,2.5455026410876354
-0.951663853,-0.713286259,-0.445255858,0.4678709360656355,-2.326137393
1.250257971992279,1.9341483647006843,1.167133862787899,0.933514434,2.0201118514119516
-1.692941349,2.9236379193185504,-1.916875969,1.1322754746441213,3.4072340817141593
-1.495826916,-8.217118625,3.5750464758144855,-2.390013469,-10.11050785
0.2124268608970879,-0.579543137,-0.106582446,-0.501737143,0.068601662
-1.530617524,-0.821432151,-0.237297313,0.1550337098752752,-1.894840616
0.768253052,1.0848853127424665,0.884843453,1.1517604133042507,1.7880334781923628
0.6596874899442827,0.253202639,-0.470428778,-0.713108532,-0.94257345
-1.575992077,-5.148143983,2.853482589618537,-1.810594502,-7.52498131
-0.155680037,-1.072540867,0.16571061213529098,-1.064430709,-2.215586176
1.550646805336463,1.0248173835345578,-1.965011735,-1.267220703,0.48303650072349114
-0.242160254,2.2154125973895793,-0.185953469,0.7678942575169246,4.7697564382520845
1.4822553784109451,1.9892102256912296,1.2386283990995708,0.8356376486401722,2.838557943132818
-0.0699477,0.6256921622788558,0.033797557,-0.483183257,-0.136636433
0.4402714792859789,0.506846044,0.8168258564722679,1.8552776977445267,2.2940044356497453
-0.018720946,1.6716842694503733,-0.019815201,1.0584508569075792,3.295986735025471
0.10151664476561989,-0.97031765,-0.148838352,-1.466147273,-2.832563073
0.1286011499448657,-0.511511721,-0.051651151,-0.401638328,-0.542059081
-0.561617186,-0.548648505,0.3152845117850831,-0.561386866,-0.700939526
-0.751773647,-1.572226771,-0.171027406,0.2274985386698295,-1.862050365
-0.459862813,3.2172375362425236,-0.677191444,1.47259449,4.880019983794263
-0.640088005,2.2633431395624513,-1.173547238,1.833415450895021,3.1607191811169786
1.3747690892902613,1.065707387740404,0.16897394201664037,0.12291078067799364,1.5594226806902522
-1.468927843,-3.039265293,1.1729226324431221,-0.798488937,-1.169500186
0.16038103434670747,0.1800433703420109,-0.172452914,-1.075269993,-2.301934628
0.7503835518261788,2.276841131170902,1.4080168652365777,1.8763962267162475,3.9655113471643038
0.8717761553384402,0.9863768060484848,0.432436812,0.49604111033081283,2.231289910179357
-0.072565968,-1.465888001,0.10210662741655034,-1.407086958,-4.570488184
1.7328512170167343,-0.391101154,2.6741261020747626,1.543194289166107,0.24153389176324447
-0.814212961,2.714373762440398,-1.477323571,1.8144191281360167,3.8996422404110644
1.644260646788799,0.34461748282484395,1.8035390434415937,1.0968693114220434,0.9539246630343905
-0.538492809,0.28040287401168273,-0.221729046,0.4117586022400768,0.096256818
1.4424775647561565,2.1318641012430417,-0.076364533,-0.052939841,2.244345046089362
-1.094239368,-1.268762657,-0.313534897,0.2865322768322571,-0.719682999
-1.491422796,1.7375155016767054,-1.534457747,1.028854964079022,3.916837087282128
-1.156865874,-4.91351402,1.4069374419874199,-1.216162974,-5.771488052
-0.607255465,-1.299277103,0.6691788063483379,-1.101972472,-1.921594301
1.012296231,0.9609108167423409,-0.367947775,-0.363478361,0.028811118478939357
1.5282641369905998,2.069358764571171,-0.450248207,-0.294614128,1.5110464204307008
-1.231294579,-1.006577328,-0.560774057,0.4554345211707248,-2.136464456
0.1590890710354781,0.7147274841103614,-0.007053727,-0.044338222,1.453555829
-0.487997136,0.7863186832516842,-0.315300529,0.6461114323733994,1.0562095614603535
0.511210735,-0.123898226,0.3186809174625775,0.6233846349532968,-0.256090293
1.7638058681229192,4.363527451890258,-1.098464132,-0.622780631,3.5666507079038947
-1.686172989,0.4526191707190961,-2.111664493,1.2523415490559495,3.44394451
-0.707336165,-2.477223158,0.5627890347838999,-0.79564578,-4.745345272
2.3254553100923436,3.2276183628405692,-1.277932013,-0.54954056,3.877646647466379
-1.689293241,2.1490123185439405,-2.158428034,1.2777106909136648,2.364478025508984
-0.627999454,1.0539956206912204,-1.068845515,1.7019847850821226,3.493526496983219
0.440810804,0.7940513778068512,0.003118198,0.007073779,0.3674067159665038
-1.318654421,-5.407039586,2.7177288114960634,-2.060986388,-5.382165203
2.4376240266661835,1.8873917135824918,-0.197714819,-0.081109645,1.3240789843271332
1.960249153151795,0.3218247264596579,0.49112516239760806,0.25054221378336033,-0.274041007
-1.295121344,0.4809585569715401,-1.551108163,1.1976546985056888,1.2826126104638464
-1.654890011,-3.134250423,0.15794607644997005,-0.095442039,-2.412476633
1.6146678785306934,3.658920040619889,2.035807462396854,1.2608211815357266,2.2713817224469754
-0.350282754,0.906000537,-0.169135914,0.48285538452915716,2.0087894442056244
0.5512808373622798,-0.064939089,-1.051047684,-1.906555812,-1.221401664
0.6610565945167167,-0.99239804,0.15394519581358118,0.23287748294248084,-0.44562786
0.32814796624564146,0.43082544076313434,0.095351191,0.2905737688316984,0.36441619393185426
1.396036572915628,-1.770205879,3.540289778231764,2.535957758497583,0.503328963
-0.304940817,-1.645108035,0.14092947433953518,-0.462153527,-2.454799391
0.5899514432771576,-0.429632616,0.4015289941689609,0.6806136314176684,-0.184721419
-0.472968202,-0.927038966,0.043738091,-0.092475754,-0.876462056
-0.02211817,-2.041667609,0.039381717,-1.780514289,-4.799703674
-1.938952511,-2.415143722,0.8280715421019671,-0.427071595,-3.186283593
-0.075323125,-0.468571185,-0.027427318,0.3641287812442789,-0.612555557
0.030870644212324768,2.1912501251475383,0.058256192,1.887106462195659,5.290558640983084
0.29907333487342375,-0.967729765,-0.023996499,-0.080236171,0.9585509915491437
0.7344220908963508,1.6526799616295942,0.37866970162693914,0.5156022760219244,1.727686072
0.46326711749764593,-0.420848567,-0.6591744,-1.422881907,-3.533765181
-1.094256201,0.1457760139685938,-0.686750476,0.6275956906548246,0.6804058998243018
0.20143877010936753,1.8424871479731737,0.2777948640093673,1.3790536144484185,1.4375121372932156
-0.611708482,-1.143563704,0.22095843030333012,-0.361215247,-3.048839635
0.20286207634078912,1.4595720307363567,-0.257042535,-1.267080272,-0.784608304
0.092250642,-3.854062582,-0.195530254,-2.119554401,-6.735073677
0.7598360011156656,1.514349297384372,-1.075215502,-1.415062594,1.259776511082546
-1.005125743,-3.861724384,2.133403916687709,-2.122524401,-5.009081387
-0.788976436,-2.094000993,0.6857912604798441,-0.869216404,-3.881472275
-2.05697728,1.5789934068879568,-2.883462142,1.4017958147970622,1.489968707891702
0.8253364928664255,1.8341146582720513,0.24336064046477562,0.29486232896303266,2.013415968469731
-0.616841441,2.857716948059958,-0.490032188,0.7944216375340797,4.424209079716733
1.023027632045158,0.9708766541632483,0.12193793139292085,0.11919319437066617,2.204360758773076
-0.497477883,0.7423548453097802,-0.482641415,0.9701766265450489,1.8177183099345373
-0.281883234,-1.852835436,0.28328133748717765,-1.004959868,-1.399862371
-1.692843987,1.2168644683208711,-1.22760002,0.7251702042903414,1.841210717226414
0.770373435,1.161140516444056,0.603433587,0.7833000974885724,1.8553220316185401
0.12062613585683941,1.257129119138489,-0.038144369,-0.316219769,1.8826336592797663
1.2084482694732774,0.7444295285850454,-1.522870019,-1.260186354,-0.170338285
-0.06694506,0.8112674060654549,-0.045561621,0.6805822627286847,1.2116455468443355
-1.302857204,-0.009998226,-0.485544413,0.3726766154201783,1.4518739646719185
-0.627045287,4.774429983830821,-1.626211339,2.5934511808980925,7.797385648453161
0.3688462886707595,1.7575370795025904,0.2582605218689609,0.7001846834345948,5.007217738721155
-0.236441298,-0.450094908,-0.112303666,0.4749748308779882,0.1768159532055526
0.2069980494686054,-2.85251886,-0.395338213,-1.909864436,-3.879170876
-1.232270223,-2.524378532,0.548589629,-0.445186144,-3.567463062
1.0107774554840376,1.9871765200250646,0.6585094974655642,0.6514881133258156,2.9294012529549205
0.12295197265514027,-0.983612643,-0.062843665,-0.511123684,-1.043001313
-1.429237437,-1.685276062,0.47146346161037533,-0.329870635,-3.210124763
-0.091550245,2.120240563808377,-0.043698682,0.4773191223601307,3.797139293075663
2.0356846813757765,4.143015148425666,-2.716612767,-1.334495854,4.184024459650811
0.8101352269893234,-0.070544108,0.6004983663877628,0.7412322614576006,1.1377892349431407
-0.089363913,-0.253301479,0.032021144,-0.358322983,0.091133041
-1.131690116,-1.655120997,0.5960413688958087,-0.526682491,-2.049900835
-0.029954666,-0.411620371,0.019729024,-0.658629419,-0.388965607
-0.144405723,3.347877510494026,-0.3126873,2.165338699715017,5.303070953806609
-0.568958425,0.47768390233078006,0.13546238399713775,-0.23808837,-0.063311595
1.3782667642475703,2.747627452729456,-0.96340285,-0.698995923,2.314377378980944
-1.964382761,0.6990173572450757,-2.123214156,1.0808556248169932,3.1835750824732587
-1.285408032,-3.312448431,0.7504022722178947,-0.583785268,-3.338255179
-0.910059856,-2.062934129,0.8875115382328895,-0.975223259,-3.276120882
1.612760591441738,1.2566555427606017,0.7873738136673593,0.48821493893491114,2.345297994135655
1.5932779189145723,-0.169485942,0.097165759,0.060984815,-0.880469489
1.3292410068919482,1.9908819673222016,1.1731520315923876,0.8825728558701854,4.085968684079955
-0.469447834,-2.053211044,0.19833511833870224,-0.422485959,-0.716698478
0.867776165,-0.309472439,0.537578103,0.6194893620366289,2.5921668718908144
0.8552291028413433,2.9369158950334207,0.9800171253370061,1.145911805481218,3.0638440957786246
1.3025850674030297,1.4202818500320644,0.6912623350611334,0.5306849835453024,2.4158203679319885
-0.480293663,-0.860025665,0.3110924107992282,-0.64771292,-1.693807849
0.31518351679163475,0.5706734010866857,-0.238628434,-0.757109497,0.061245568112004684
0.7790125842874607,0.2705433280527769,-0.259994514,-0.333748798,0.21965322095524198
0.5671513936104268,0.7773806331395249,0.12729737444237504,0.2244504304785592,0.40837658570634916
-0.847282066,2.3718354838261746,-2.072072514,2.4455521941173854,4.007416638256672
0.3211083598354501,-0.137629582,0.23749633439698928,0.7396142987952501,-0.48659617
-1.140477478,-0.721734479,-0.440535225,0.3862726211537069,-0.977150652
-0.935937192,-2.06345955,0.6092607067003789,-0.65096324,-3.617948228
0.8216534957824166,-1.44368973,-1.013401412,-1.233368345,-2.278141655
0.7635966544917755,-1.752466321,-1.055900853,-1.382799213,-3.332754993
0.8460205552070056,0.562955808,-0.477512604,-0.564421988,-0.129898375
-1.59720857,1.5496411431099442,-1.675033256,1.0487254374413781,4.683072751643148
-0.846052487,-0.44433168,-0.264307255,0.3124005410954057,-0.26259999
-0.566503236,1.7717023523720148,-0.876088724,1.546484941198625,3.5148101400057365
0.4990258221893235,1.4736771652485539,-0.536081848,-1.07425673,0.13013467010320617
-1.121118342,-2.151695547,0.8427666995516386,-0.75171966,-3.008878597
-0.844786224,1.6927637875387247,-0.463763204,0.5489710772825889,2.095744991932408
-0.942695045,-2.371593289,0.5103526118550734,-0.541376148,-2.806136163
1.2053712085198085,1.0051632754132585,2.6466490370862714,2.195712837986521,3.0756859555365286
-0.346856628,-1.24781894,0.27693383100987734,-0.798410088,-2.118078991
-0.800041608,1.9505674217539446,-0.212964963,0.2661923592412808,1.9918857774636043
-1.024233036,-0.651722092,0.4384284749305935,-0.428055393,-0.877504353
-0.784349225,-2.327103329,0.5970339958954316,-0.761183892,-1.472857528
1.6968192706985574,0.5732246571491544,2.083845579,1.2280892932820766,-0.157616542
0.9831125065487172,0.33078926672666187,-0.5588602,-0.568460065,-2.247453383
-0.739927252,-2.650832083,0.6756625810709556,-0.913147311,-3.914671269
-0.282247975,-2.984372029,0.4709630288505938,-1.668614374,-4.986422656
-1.338681202,-1.552834414,0.5522010624483948,-0.412496315,-3.577354232
0.504148881,0.1209811163650295,0.5171067780316266,1.0257025212724198,-0.249308086
0.17866528989305075,-1.037341154,-0.052082834,-0.291510645,-1.010360116
1.4302153815187963,1.0366945181087062,1.4111305525369426,0.9866559755764989,3.9103122040351908
-0.140722767,2.3763091402401626,-0.097619087,0.6936978926754288,1.819856090794809
1.2171646061409374,0.4949676244258219,0.11386202193521669,0.093546938,1.6055659231933774
1.3870428046350103,1.1607002385061282,1.0695844262234557,0.7711257523194525,3.061628831041258
0.8984531415712047,-0.363601672,-0.647744554,-0.7209553,-0.584321884
-2.502369775,-1.357577593,-0.612150124,0.24462816400777124,-1.986414859
0.4271908814820073,0.1316403943856238,0.3880668210842673,0.9084155067589199,1.4998436674318825
-0.613765283,0.8470105902622687,-0.059244905,0.096526973,-0.550292634
-1.078629869,2.4900187337187862,-1.151381941,1.0674485979153525,3.3650765579327415
-0.219387458,-0.282798918,-0.00396498,0.018072958,1.418224534
-2.07168437,-2.162698656,-0.100053464,0.048295708,-3.265907341
-0.383883829,-2.381843206,0.6713811442078629,-1.748917493,-5.132151337
0.4269636711840896,0.5376740033568213,-0.099514871,-0.233075735,0.4182352185536567
0.47872307105749046,0.6607066481970061,0.8408739631793083,1.7564935011839584,1.668749187594055
-0.708645577,-2.113597406,0.8831810309795004,-1.246294424,-3.808817105
1.2271446444414413,0.085797843,1.0139846102209598,0.8262959177746276,1.3417959171204115
-1.101026998,-1.426042456,0.5793554969897091,-0.526195541,-2.86134784
-0.345712974,1.4432572372897616,-0.228723564,0.661599598,2.423759056165248
0.947808099,1.3160069141829616,0.49886168721035323,0.5263319521128781,1.0912516376436068
0.15519903885685063,-0.563455313,-0.193544806,-1.247074773,-2.422336691
-0.435920331,-2.387134906,0.5499550134282342,-1.261595236,-4.583843288
0.10520859606672277,-0.030772094,-0.073065882,-0.694485859,-0.979476012
0.8061641789783606,-0.088759522,0.21888334565604955,0.27151212043858985,1.1226627250118044
-1.672537562,-1.378687112,0.15412248077105598,-0.092148891,-2.656371853
-0.336528899,-0.655290714,-0.143801646,0.4273084602107761,-0.194211108
0.3480792519065012,-2.254170861,-0.442691309,-1.271811826,-4.953317091
-0.092821799,-0.345861383,0.055171266953814475,-0.594378343,-0.891620791
-2.624346456,-4.170835004,0.6531251439825209,-0.24887154,-4.382680871
0.5820067680253886,0.8192569404246877,0.8381982270865076,1.4401863915265385,1.956326493715307
1.4280982946070624,1.6983486555878207,-0.536076551,-0.375377908,1.3511085023151073
0.6899686139124199,1.554278699015855,0.16745484220115894,0.2426992167826558,0.8646201417363668
-0.445860094,0.5427671770909667,-0.318966252,0.7153953816550366,2.6125518344780803
0.9177130963827366,0.9871994819180101,-0.533069747,-0.580867538,0.068684227
-2.110989511,-1.373382107,-2.073858977,0.9824108392628988,-1.161607958
-0.743845118,-2.364248376,0.6854663094754676,-0.921517522,-4.686989243
-0.959266656,-1.028972793,0.033480969,-0.034902672,-0.510013145
0.35254080542810456,-1.415953042,-0.376121395,-1.066887547,-2.161741053
-0.153066394,-0.141526147,-0.006219677,0.040633849962186386,0.5360936293409154
1.5562615107509339,0.1369345909984836,0.7272521656058075,0.46730717207989725,0.030309766300178675
0.6907674873048433,-0.327030181,1.1274105706944988,1.632112963,0.8906736945826587
1.0338641713503178,0.5162973397446383,1.2263397992967022,1.1861710979837847,1.695575713285903
0.2402697452743231,0.69733067,0.2794668658697253,1.1631379787357317,-0.151562005
-1.757275687,-0.114159993,-0.691579746,0.3935522187644387,-0.621457462
-0.946142083,0.3527052259344773,-0.889186572,0.9398023702919989,1.5003527095250822
0.7695750763270159,-0.448826293,-0.480202234,-0.62398361,-1.100973373
-0.567527059,1.5992385583438722,-0.441982301,0.7787863048676131,1.377136638804151
0.4534736099163154,0.15765504692595578,0.5424876929533087,1.1962938550126876,2.0184228033819105
0.8037176059591634,1.5522921028707055,0.8277910515608168,1.0299526169679012,1.5362001011416666
-0.43146398,0.4884493490383293,0.011039401644138169,-0.025585917,0.073960375
0.3978795285850184,0.8707094568670941,-0.331226856,-0.832480265,1.3001464728516747
0.15610865409555494,0.6748922358144993,0.12052258146728782,0.7720429220632145,2.6158050174680065
0.3578121518267945,0.6544949610160614,0.20989002872202828,0.5865927907994287,1.6105152765329662
0.4509174272001781,0.8533928795142232,-0.083887016,-0.186036313,-0.395292132
-0.237550945,-0.897155206,0.037354027,-0.157246385,-1.302691431
1.0268300502134664,0.45845451178646945,1.6318349332686557,1.5891967058515823,2.8626304757246754
-0.157328523,-0.502175176,0.048910599,-0.310881956,1.3834530002747225
0.333303857,-0.291652097,-0.196655645,-0.590019111,-0.270658656
-0.269000127,-2.51193962,0.33846176045231363,-1.258221562,-4.367159306
-0.605590108,-2.382177847,0.7451094219702894,-1.230385721,-1.769635689
1.2641254570919775,1.3804230954907668,0.6895210621750169,0.5454530310315928,0.39203405318007145
0.16203229573077796,2.319869784771809,-0.121636178,-0.750690952,2.5643648515719093
-1.16952634,3.1187147225789844,-0.994078459,0.8499838136560198,3.1369647297404346
1.3401702281420935,2.2544456760938805,0.029069997,0.021691271762281777,2.590147566085187
0.6925312186270652,2.9745107164086733,-0.680583899,-0.982748331,1.1042897943979582
-0.000256369,-2.330718479,0.000272298,-1.062136226,-3.954733926
0.61263884,0.2146800979904332,0.9388302201717698,1.5324366630076174,1.4418925154844837
-0.532453562,-1.078602281,-0.020885155,0.039224369,-0.219840527
0.15238151992438695,-0.394538694,-0.049993928,-0.328083929,-0.268764456
-0.417830222,-0.925252828,-0.098907432,0.23671679711013444,1.1330729425037283
-1.463288418,-3.323086733,0.9945688552048149,-0.679680672,-4.843951135
-0.392540576,3.8316039325383286,-0.655329577,1.6694569119297604,6.464129598858756
0.822475775,1.5575363816796477,0.6797905282402427,0.8265173871764215,2.1498976535157137
-0.625708032,-2.522690994,0.5533565574814109,-0.884368633,-3.259403257
0.6685761050886717,0.9417665089602851,-0.138210806,-0.206724118,1.3605141548545854
0.2128441415266429,0.6192252359688184,0.055635504523205155,0.2613908192358724,2.6700534195444994
1.3350955566403646,0.885585514,0.41622314895986795,0.3117553248452509,0.8507521812358781
-0.537311326,-3.247294256,0.5834236760605406,-1.085820543,-5.28003441
0.042511509259836065,-3.736777884,-0.113047518,-2.659221457,-4.208343506
-1.031952096,-2.421855603,0.099587692,-0.096504181,-2.12938152
0.795099971,-0.376318315,0.8011167565659889,1.0075673324250862,2.622751241241819
0.17790582323915785,1.1920534374110887,0.040994883,0.23043024623441002,3.9005472830023455
1.3899227298775938,2.942712227,0.11969606831847615,0.086117067,3.501252967405261
0.5261720181261463,0.1439483812089547,-0.160566358,-0.30515944,-1.157337646
-0.944060444,-0.866964541,0.7108500392658332,-0.752970897,-3.317743542
-0.754080141,-1.306008084,-0.392581916,0.5206103365910304,-1.438491476
-0.242762932,-1.878525217,0.2826774986014558,-1.164417878,-2.138895821
0.057061874823788564,-0.731407692,-0.018098625,-0.317175428,-0.884332293
-0.013983705,-2.07463459,0.009820288,-0.702266537,-4.225299918
-0.995435043,-2.250518098,1.1996182261060482,-1.205119545,-4.484534903
1.459303962264472,0.5828849208906284,-2.573559614,-1.763552818,-1.165249866
-0.803863279,2.3988269089538092,-1.464577311,1.821923391132564,2.9365705570162346
2.1601432955921456,0.018795843,5.918248036203161,2.7397478900032097,1.487709846430838
-0.183281367,-2.741252913,0.37190133700468253,-2.029127909,-5.363027393
0.3567395423347464,0.3542124426360078,0.17435323742173853,0.4887409909219826,0.9263652718972569
-0.535954662,-4.407895701,1.0606112313081533,-1.978919684,-5.206218341
0.6466366316127967,0.008939286,-0.3920469,-0.606286252,-0.285792662
-1.441286684,-3.927451329,1.1762786608987525,-0.816130943,-3.538056375
-1.145416218,-2.274645646,0.23332929235410002,-0.203706992,-3.076668213
-0.43957084,-1.710749233,0.5051150072517362,-1.149109452,-2.915308096
-0.005915897,-2.032482413,0.006446975,-1.089771478,-2.472158521
-0.420322629,-1.441448615,0.2121797943364601,-0.504802216,-3.625251227
-0.301539996,-0.212395556,0.031708803,-0.10515621,-2.105087292
0.38759781948775973,1.959852830285765,0.4299118403365548,1.1091699145901188,3.2087167946132995
-0.807446688,1.382015641160926,-0.612422612,0.7584681698023484,3.94679561
1.8603569982398693,1.500548039409729,-1.626859823,-0.874487974,1.728954128864153
-1.961916484,-1.072030027,-1.500577084,0.7648526818122454,-0.909802783
-0.721990247,1.0952124437274586,-0.564620296,0.782033134,2.334436570250536
0.6541588776423938,-1.273497766,-1.669712784,-2.552457577,-4.221652652
0.092681593,-0.115869449,0.092614282,0.9992737347864182,1.7524821490441629
-0.547631895,-2.017893907,0.9206648363564569,-1.681174608,-4.498239426
-1.531528375,-2.50136404,1.7374409155394477,-1.134449053,-3.113609588
-0.554448694,-2.080267256,0.41173979052144255,-0.742611165,-1.825018481
0.29785715602355317,1.0748120444492182,0.2092839240729832,0.7026318483227376,2.100989520923479
-0.362799323,0.23213861035566902,-0.115960395,0.31962682280884197,2.0394223391691524
-1.407714574,-2.56257743,-0.281362836,0.19987207708444157,-3.730587981
0.5828897938344364,-1.520547736,-0.163136983,-0.279876205,-0.352433964
0.4706221913096902,0.6600106011077922,-0.095648741,-0.20323891,0.6138690042855668
-1.897366517,1.9441109957889076,-1.895554507,0.9990449867841373,2.571072210352503
0.057935508,-1.207604435,-0.042240005,-0.729086655,-3.754208102
-0.06362848,0.7060387702779816,0.015080254934753453,-0.237004798,0.099329069
1.0752968280118875,0.4141782298931155,-0.308499006,-0.286896602,-2.091995753
-1.050306814,1.774864008806069,-1.522885929,1.4499438733640393,3.0896528702891692
-0.561408669,-3.749283426,0.5963271740397447,-1.062198015,-5.03597977
-0.631388025,-1.360227186,0.2273000398038273,-0.360000556,-2.011811425
-0.673850349,0.5688531136871033,-0.318074744,0.47202579117488785,1.145706379545461
0.1988026023627674,0.7016799769480953,-0.207913717,-1.045829957,-1.192879782
1.5746527505188965,1.4120084258291477,-0.572725532,-0.363715449,0.8439622626605106
-0.125904886,-0.659964561,0.09132887,-0.725379872,-1.450366963
0.843580548,1.3528227865791895,-0.18197671,-0.215719424,1.8713553546858606
0.9598513410053428,1.1711684178125774,0.9129258157365248,0.9511116740018631,2.0119360427932818
-1.451141086,2.540644446,-2.38881126,1.6461605857553097,3.489957575021891
-0.395398982,2.046718029469938,-0.298134893,0.7540102700454248,1.854772174019573
0.1891315821657181,-0.542560561,-0.148109576,-0.78310335,-1.232569425
-0.761851812,-3.61756717,0.9950638529937854,-1.306112078,-3.940828388
0.2870928957576407,0.3584030327016435,0.22190660822159955,0.7729435715780638,0.2399620422127029
-0.213004677,-1.72262662,0.17794480666200777,-0.835403282,-3.45832567
0.6156369662901516,0.32911536210058095,0.22387293530225938,0.3636444001264657,0.9902535597473907
1.0027362553400583,2.3014415960964234,-0.148517992,-0.148112718,2.1613827385210533
1.5061427273764287,2.7245156888420716,-2.525662088,-1.676907535,0.14331481309819682
-1.216677913,0.21789728892791838,-1.23958156,1.0188247415975424,-0.760147736
0.13431580726984532,0.5488202872737468,0.20375755850546873,1.5170035653071898,0.6486263320247845
1.581397096268501,0.8782028529957568,-1.785246876,-1.128904865,-0.835511533
-0.043574545,0.6726790138676485,-0.000609504,0.013987613178365367,0.3714808325072074
-0.763604634,-3.369550661,1.0558956401403894,-1.382777937,-4.377209589
0.26736233624070643,-0.456956975,-0.240412558,-0.899201292,1.686040177439196
-0.939906278,-1.470914628,-0.2758554,0.29349245379372935,-2.410142308
0.46178762724550315,0.5357363435891196,0.095721818,0.20728536772828315,1.2826635772068846
0.23686743175483557,0.052604034,0.024586312006102416,0.10379777339566859,1.396124488687789
-1.276736642,0.024473162,0.098535061,-0.07717728,-1.357539231
-0.25410367,-1.06769445,0.12943325097812858,-0.509371827,-2.249534823
-0.010400845,0.3453491604343355,0.000872757,-0.083912153,-0.762263851
0.31524815285382335,0.38595768317336765,0.34808104047839317,1.1041493418037378,1.2863018694614514
-0.369434716,-1.848968743,0.4848096740067331,-1.312301343,-2.890936023
-1.404003949,-4.111331004,1.668786134603027,-1.18859077,-4.995519172
-1.89671154,-2.975682688,0.029346647,-0.015472383,-4.18445081
-1.174870692,2.513628756381621,-1.8409662,1.5669521868617677,3.367396956154221
-0.192413753,-3.240332246,0.2130529225622313,-1.107264522,-5.653294969
-0.235017751,2.8008400809071183,-0.428537546,1.823426295322407,2.8588678817090156
1.6034836558252004,1.311717703398345,-1.703809777,-1.062567598,-0.195863741
-0.192722734,0.34368905865401356,0.1932169596913178,-1.00256444,-2.53790273
-1.061545361,-2.603527996,1.0187629403591971,-0.959697982,-3.781923687
0.5432198018455547,0.675946236,0.4716776109602612,0.8682997367875149,4.935310724049604
-0.251387207,0.6665970695497125,-0.089464935,0.35588499437602633,1.6609908210154507
-0.778814806,2.094270849525307,-1.324509484,1.7006732191665939,2.9771336916155895
-0.644962144,-0.257989203,-0.842081198,1.3056288727953094,1.3453940977137002
-1.316727719,1.512059309131489,-0.893097562,0.6782704948710913,3.4611566530806925
-0.577061054,-0.116827508,-0.346753083,0.6008949674391766,-1.135771224
-0.445966072,1.2591913612550165,-0.398255595,0.8930176975287536,0.008448657
2.7382963739581503,2.931994803159761,-0.503110924,-0.183731363,3.634325978358754
-0.579889741,0.16373423536320747,-0.305407048,0.5266639964256332,1.9261847569424737
0.004399487,2.510114635561207,0.004231401,0.9617942537153676,1.4967007512703774
0.8442696674869297,-0.223193153,-0.285220555,-0.337831106,0.6777105340173244
1.5069119260955204,0.2012106322062457,1.7437371545256977,1.157159303293725,1.7582921276251011
-0.554832678,-0.893095486,-0.056034305,0.10099316004878951,-0.618820941
1.3043228511193226,1.7081657613016845,-1.15850058,-0.888200784,0.9357376331291929
-0.781225318,-1.724274565,0.5696969867164874,-0.729235182,-1.381825382
0.5732548767195457,-0.426562235,0.16678662431583774,0.29094671687797086,-1.269098921
-2.210874079,-4.17365244,0.47902000357649394,-0.216665439,-4.481878007
-1.082477639,-2.816577862,0.21736487829850967,-0.200803112,-3.964312311
0.6812220722180284,0.5733141185492622,0.6821381165930436,1.001344707419759,4.291671115387252
-0.644841966,-3.820370557,0.15851040212173495,-0.245812789,-3.156817762
0.2734792174948433,1.1010010726750863,-0.014846266,-0.054286635,-0.353969284
0.46058469887618153,0.8450531972631616,0.4631331254717597,1.0055330248742442,1.0965295795365098
0.078551176,0.5137037289036627,0.028248282,0.35961628808853363,-0.614553003
-0.327212044,-0.177177872,-0.019626605,0.059981305,-0.885829581
-0.204678039,-0.541784573,0.018279933110286785,-0.089310672,0.4408857901017409
0.6665795836284905,2.2947927288023444,0.5960172973014054,0.8941427429520373,4.709290105179897
0.10324853413594358,1.677518656839081,0.05858229,0.5673910108549807,2.9178941090552355
2.7355033503309603,7.774525738188169,-7.260926841,-2.654329354,4.662481049132995
0.2468064645826744,-0.915540303,-0.303898092,-1.231321441,-2.200956181
0.2975674940436816,1.264528536152865,-0.105797337,-0.355540641,2.138824786666933
0.5949884775484797,-0.219110151,-0.366968377,-0.616765518,-0.097675457
-2.3402494,1.3319247228029103,-3.330221284,1.4230198217857415,2.136270651
-1.133154919,-2.713027178,-0.35789605,0.31584035339419997,-1.927805717
-0.624989749,1.662189528423471,-0.388341214,0.6213561331876534,2.1811231901180794
1.0197951712216557,-0.020368319,-0.529304089,-0.519029805,0.003751116
-1.347601649,-3.08819993,1.2473991324912748,-0.925643816,-2.789506771
2.167050788954037,2.624743958187071,-0.79375701,-0.366284452,2.7979800036131435
-0.308647734,-1.670870872,0.7423842231387311,-2.405280007,-3.564521909
-0.292313377,0.49412926354367565,-0.114211549,0.3907161219333601,1.9784727787890353
2.8483059555057553,4.364304437446071,-2.729872037,-0.958419524,3.146346326099515
-0.199588322,0.41290365783545335,-0.203055623,1.0173722644367762,1.263957801265275
-0.404093314,-1.1415121,0.3456797444530574,-0.855445344,-0.514844219
-0.917377232,-1.78794343,-0.145868851,0.15900639979612835,-0.712231948
-0.980661978,-0.133063377,-0.509731944,0.5197835294173884,1.5632149942983138
0.534814608,-0.771097953,-0.343915894,-0.643056284,-2.165628343
-0.448853626,2.897406505998419,-0.967429218,2.1553334140335827,5.1994402388919605
-0.220533812,0.078358118,-0.059974103,0.2719496946567476,-0.04772652
0.5452485603111176,0.5231306105597187,-0.521472422,-0.956393946,-0.601918251
-0.227846767,1.0905337529215524,-0.278171256,1.2208698808055471,2.621278887
-1.607711065,2.699133724131167,-2.22771257,1.3856423697628255,3.7769799608337675
-0.070261473,-1.617658656,0.014358425396878968,-0.204357021,-1.20720371
-0.11466282,-0.214912768,-0.055310189,0.4823724833953537,1.036987987076123
-0.102049643,0.8684395736314369,0.067931016,-0.665666376,-0.997150068
-1.162387928,-0.982876026,-0.239369333,0.20592895615512358,1.2886303698646568
-1.272165961,0.018729987,-0.578278306,0.4545620022953735,0.8304134640023779
0.017197250405131707,-2.499798955,-0.034753374,-2.020868051,-3.050612029
1.1304882201756523,0.8124446650173566,-0.24867883,-0.21997472,1.3024657235562558
-0.260337765,0.3099871406028988,-0.240260344,0.9228793347087285,1.4063196930735375
-0.922324206,-2.149231741,0.42631974617950624,-0.462223309,-4.294539072
0.6867657945974845,2.313996788407831,0.29439157514818454,0.42866371252623076,3.8467398682361225
-0.284230045,-1.397329771,-0.005491406,0.019320288,-1.928119393
0.987251953,2.409904112,-0.132317245,-0.134025812,1.800414819528497
0.6791814557688616,0.5250631322983766,-0.882904432,-1.299953679,-2.331134215
1.9212889004097746,-0.308051213,4.8909528509635605,2.545662367549416,2.4715862675688807
-0.283683921,-0.234521163,0.024045223796715517,-0.084760616,-0.705496037
2.4385019418149283,3.826216661630788,-2.155275817,-0.88385241,1.8291650078054134
-0.590487148,0.5617238763360126,-0.127483601,0.21589563979772222,0.9681502128181022
-0.569080726,-1.81923103,0.14506649798087423,-0.254913743,-2.167684463
-1.057156327,-3.025094205,1.2112381017895906,-1.145751173,-3.913715228
0.8530465575538784,-0.342116406,-1.383393967,-1.621709806,-4.349745197
0.11180791053726857,0.2638105804230809,-0.048340563,-0.432353689,-0.120213394
-0.040474159,0.279891679,0.000487475,-0.012044104,1.9557522586037943
-0.18314234,2.7453619506566342,-0.387694642,2.1169033933243213,5.327028346372798
0.004000332,-0.184135849,0.002237928,0.5594355477807478,0.22006754375263393
0.14455547410657318,-0.085760113,-0.064145279,-0.443741608,-0.05536875
-0.815950985,-0.496911208,-0.412686425,0.505773548,-2.753615795
0.7456145738740789,-1.108698797,-0.182395876,-0.24462488,-1.901686244
-0.225991192,-2.437114508,0.16257572783056426,-0.719389664,-2.303835826
-0.770333928,2.393809295061894,-0.667497892,0.8665046001725066,3.017112887
-1.790428309,3.985749734029005,-4.080498919,2.279063003256571,6.749775053808996
0.2717008308807169,1.7518680339115895,0.21049930919407261,0.774746652,1.5379273076668425
-0.992776552,-0.268839511,-0.428090434,0.43120522222354907,-0.709939741
-1.038065221,1.2936668392823991,-0.653694089,0.6297235234499875,3.2986492120771915
1.4650072822360898,1.9995529785607569,-0.06386785,-0.043595585,1.4362428522064938
-0.717743954,0.7799981517576678,-0.565102665,0.7873318356758321,1.3693969247466358
0.7336533142772182,-1.413463325,0.30429409050621065,0.4147655092460062,-1.099841102
1.8005396855044251,0.9554035920158536,0.7327517033925828,0.4069622620882698,0.6988938626181495
1.8432523827152267,-0.983468441,-0.423908984,-0.229978807,-1.017370484
-1.360424402,-3.689509767,0.40964052754384495,-0.301112305,-5.577332845
0.28147456468557575,0.21326903167174488,0.058031889,0.20617098674411255,-0.456935693
1.223000713391591,1.4641146904083975,2.306784980209993,1.8861681395204442,3.2708793770973275
0.15831621498065124,-0.360544752,0.015668940672211615,0.098972431,0.5026819350200714
-0.192194622,0.12676130967332536,-0.007527532,0.039166194140139186,-0.304434827
-1.445111524,-5.906791722,2.225584692297635,-1.540078156,-7.258983873
-1.155386281,-2.880784938,0.859530429,-0.743933387,-3.804131843
1.0748675111143275,1.109855240800974,-0.903313846,-0.840395524,-0.55937519
0.8178655986339167,-0.102845913,0.47337667395934746,0.5787951892707431,2.6075561046218567
0.38382667043446544,1.3011589437166093,-0.26371236,-0.687061062,0.46349791487831005
-0.684463638,0.8007995132074235,0.080135457,-0.117077742,1.3980914503519668
-0.407572249,-1.139020127,0.27585909908114786,-0.676834842,-1.89957807
-0.181089534,-0.438829218,-0.156379894,0.8635501487343553,-0.381817198
-0.345212287,-2.360651095,0.653709922,-1.893646158,-4.349583784
-0.089321155,1.7257593928045556,0.007356095,-0.08235557,1.8676728885361857
-1.020131969,-1.064520554,-0.017276456,0.016935510827897744,-2.450084467
-1.024018018,0.33837208518661566,-1.178598166,1.150954519016218,0.3759219732809629
-0.379859369,1.5653456597914313,-0.225397438,0.5933707486045539,1.8630516915723652
0.068691972,-1.175702154,-0.053988463,-0.785950102,-2.918618368
0.3554090325218073,-0.078629134,0.4976933667203335,1.4003396683222897,2.712608208220228
0.8581111386261292,0.10594196010339174,-1.031822699,-1.202434804,-0.662629216
0.057583459,-0.740800115,0.070670483,1.2272705472706842,1.234444997308247
0.8219702929436603,0.2050598458914128,0.275669911,0.33537697520115245,0.7455605832172503
0.9490674454014247,-0.272797279,-1.233243485,-1.299426602,-1.545390524
0.6897238762135578,0.22398151024426155,-0.31884521,-0.462279501,1.256371874349512
-1.724848924,-0.897113364,-0.886237771,0.5138060261576914,-0.391149458
0.019838162,-0.55151509,-0.013236506,-0.667224419,-0.531980024
-0.172433626,0.5247717233421849,-0.100056,0.5802580524103325,-0.91216929
-1.007228952,3.4675924196850034,-2.185106972,2.169424307146278,5.591017410848792
1.0400789640383103,2.620823655174627,-1.499252853,-1.441479834,2.989420627
0.42771119949833863,-1.766174241,0.17242232801289964,0.40312792420477495,-1.774687917
-1.083364538,-0.710054672,-0.330632202,0.30519016522800174,-2.86395041
-0.287267103,0.002142234,-0.132478392,0.4611679894745587,0.5846278015409636
0.2646406812914324,-0.716511051,-0.326151542,-1.232431614,-0.134132052
0.5416090916719408,0.045972117,0.2809921983613465,0.518809973,1.8696321223048495
0.458405156,-0.331371812,-0.289770329,-0.632127115,0.7392044869547074
-0.129970084,0.45358169331673587,-0.008913893,0.068584191,0.31287993590062924
-1.971733235,4.055052468,-4.330258842,2.1961687136565033,8.467996835395223
0.8490967209726893,2.648534975985108,-0.607479499,-0.71544205,1.2368186561425334
-0.713352466,-2.953902317,0.2729134213156095,-0.382578647,-3.452716177
-1.732218771,0.14900714234924783,-1.099521176,0.6347472932479824,-0.7897663
-0.117901474,-2.592072724,0.2706335057681314,-2.295420885,-3.985271981
-0.354342805,-1.371073627,0.12128458658531349,-0.342280371,-1.986429631
-0.992918492,1.1703630872353845,-1.358267564,1.3679547473542266,2.705760073471545
0.093468652,-0.351448564,-0.106349213,-1.137806213,-1.578070205
-1.40176826,0.1636215839279369,-0.422969348,0.30173985216418864,0.7119715743535029
0.27666716528784047,0.36150739519312103,-0.167215688,-0.604392963,0.9986311832118425
0.786546752,0.587013397,-0.241764368,-0.30737444,1.1552994733040625
0.37636947252206854,-1.557928874,-0.507797619,-1.349199805,-2.49090891
-0.150781035,0.4144390770109144,-0.096384209,0.6392329699441677,1.9228384188141456
0.33105773886612005,-2.030694338,-0.164664323,-0.497388534,-3.858990608
0.4630840021135158,1.9667441765144824,-0.168420705,-0.363693638,2.531750192727656
1.4623760906865226,3.4234355119815145,-2.05199185,-1.403190235,-0.534506988
-1.438612715,2.3448962972578964,-2.182111063,1.516816193981246,3.640720103701492
0.6782027820513524,1.1348647864086967,-0.295368919,-0.435517116,1.532365014111185
1.2139414929605459,1.3172533034953169,2.395088091431574,1.9729847816557142,4.457773606958501
-0.356712028,-0.965426735,-0.002280673,0.006393596,-0.68731988
0.10744061434652684,3.3463675603638925,0.063019544,0.5865523429407432,3.5648269075019585
-0.39345349,1.1692467454276558,-0.284861155,0.7240021066161836,2.9247714601750348
1.1716974399660711,1.1857599192820665,0.5105340185164722,0.43572171543812177,2.3401306841147824
-0.766955286,-0.202681841,-0.326606972,0.42584877904040636,-0.143294508
-0.567085354,-2.509965991,0.6705478671602864,-1.182446104,-3.254749994
0.8993635351213314,-0.402678683,1.3006229067540065,1.446159262592898,1.9993067977045205
0.3463365728255315,-0.475401081,-0.030913409,-0.089258286,-0.83539741
0.664155012,-0.033405047,-1.247858445,-1.878866263,-1.446436687
-0.951693734,-4.470635402,0.9988544370006286,-1.049554496,-5.300813931
0.2773980688945749,0.2287947586772854,-0.200732701,-0.723626886,-1.021591732
-1.09947167,0.2677866817045958,-0.470426199,0.42786568466401215,-0.143575085
-0.178035262,-0.288368109,-0.02111851,0.11861981336848433,0.6983211569083113
-0.045749293,0.7980138373612405,-0.022554628,0.4930049610232046,-0.789384984
-0.447475382,-0.555564386,0.040775377056312526,-0.091123174,-1.562179793
-2.044072547,1.6637401150167963,-1.825986895,0.8933082621963712,2.4349664378385585
0.8918204146407988,-2.136794404,-0.246652172,-0.276571569,-2.575986256
0.8073780323214791,0.5781718232290227,0.16551122415539007,0.2049984239470704,0.6196035735475361
-0.973695909,0.2816809742714548,-0.232105417,0.23837567197830883,0.5768345089643269
1.4708697020360557,1.2894813450812888,-0.763304986,-0.518948065,0.5595993938280537
-0.850260769,-2.015089769,0.5406425878465301,-0.635855031,-2.398687629
0.092785409,0.9548253769464927,0.095526978,1.029547422125348,-0.045614221
0.7138985081717848,0.9916795504083533,-0.372938742,-0.522397424,-0.812680121
1.6764979431711078,-0.45276352,1.7242242924144318,1.028467884161581,0.1467831136801993
0.098485,0.9379648757944407,-0.019321209,-0.196184282,2.021902218072101
2.052877017122799,3.518796448911335,0.26363991219270083,0.1284246011785958,2.370191777884801
1.3716554147711395,0.5825732402447403,-2.683459064,-1.956365305,-0.518761394
0.8876043055468127,-1.291991848,-0.893862605,-1.007050777,-0.832031797
1.2429818922679117,-0.528274111,2.385848474016152,1.9194555358026948,2.712469082993361
-0.306630316,-1.382773081,0.21163923361335546,-0.69020975,-1.482409264
0.817662542,1.512551161720389,0.754898168,0.9232392690626873,2.0700310149542704
-0.326223694,-2.899987698,0.12454582715659769,-0.381780446,-3.787099628
-0.217215406,1.3017913939461014,0.002798949,-0.012885591,0.8731614610582801
-0.712041495,-1.706701318,-0.568224816,0.7980220528191813,-0.662125092
-1.044849402,-0.900380851,-0.683972246,0.6546132339623539,-0.475136966
0.3820775785812004,0.7485122722464497,0.072348319,0.18935504951102267,0.35518247608627074
-1.91631452,1.2170362711804334,-1.266160988,0.6607271273486579,3.8096512200520136
-1.139026833,1.2515244036648723,-1.272455601,1.117142778857008,2.5733095081350412
-1.82098292,-3.302703338,1.6135746631860621,-0.886100932,-4.842715207
-2.376689871,-4.601839744,1.4871967810206626,-0.625742887,-3.830627451
0.1748608455318894,-0.389366343,-0.006034295,-0.034509128,-1.209188865
-0.545843689,0.36328016378611805,-0.31639518,0.5796442945939098,-0.767057343
-0.81144114,0.29939734123655737,-0.956897276,1.1792565456255304,1.0192503951635157
-1.365516709,-4.917648557,1.235707725296171,-0.904937828,-4.700238094
-0.516561729,2.5100190980517545,-0.459763498,0.8900456073071434,3.444123385984692
-1.085039016,0.478252866,0.49137923127760447,-0.452867799,-0.489795691
-1.082886482,-2.191209858,0.45863490066758505,-0.42352999,-0.695472221
0.022430749470879176,1.1199675428921985,0.024087943544244407,1.0738804593005995,1.4970966188721309
1.4299212691647112,1.8644988993849663,0.5778270148006079,0.40409708370737485,2.3703350876863785
-1.03978885,0.25181998472212097,-0.95969704,0.9229730058900392,1.5925345432893783
0.5065322789770391,1.1283757416289029,-0.201678632,-0.398155539,0.5116979237997525
-1.234858435,2.199633745955498,-2.230502182,1.8062816915677045,4.377901450997373
-0.767694818,-3.184108272,0.4352104157253134,-0.566905501,-3.428328796
-2.585407154,-3.860824187,1.1195902653479777,-0.433042147,-4.305160515
2.0295366601591187,3.2607653757414576,-1.399882604,-0.689754776,3.2436219536285207
1.248473625844762,2.3680253043097226,-1.892626378,-1.515952231,0.27404989689832016
-1.97417213,-0.955643117,-0.426845945,0.21621516091144632,-0.618543004
-0.996696157,-3.740556568,0.991202388,-0.99448802,-6.282120957
-0.305365805,1.4289572859901303,-0.247070333,0.8090962669553288,1.5723076244957135
-1.146198527,1.6036977130701524,-1.175153836,1.025262036355098,2.1526751996781077
-1.719732262,-0.127476328,-0.721992947,0.4198286927492275,0.39213796313872423
-1.20290379,-1.646540448,0.9206115152181801,-0.765324312,-0.969637603
1.5408787671449566,3.296223177289833,0.2695191639166397,0.1749126340523355,5.901472822898246
1.9472246680109848,2.8847761350727623,-0.915058341,-0.469929513,1.3562788255464628
-1.06881637,-1.826818731,0.6591195822309707,-0.616681781,-0.858262447
-0.679550976,0.12988429835166748,-0.100794684,0.14832542039229504,0.6182547151771494
0.29300647327997653,-1.132510696,-0.621417123,-2.120830695,-3.067177739
-1.106993469,-0.662580688,-0.74943317,0.6769987275282585,-0.066358323
0.7253254436436687,0.46544661610796917,0.18964914538405508,0.26146765847803927,0.30090170114671494
0.7947691239794822,0.9153974249853809,0.8690032526290363,1.0934033877383875,2.825311672014298
0.9017333689897986,0.097899908,0.3435538412709234,0.380992711,0.3060893147641148
1.9002542133541984,1.5292420764501233,-1.709753457,-0.899749857,-0.054937531
1.8145862115607836,1.3530769432739185,0.312919706,0.1724468666291577,1.5765322032491462
0.3428567821085564,1.3952126900289437,0.017117187440899108,0.049925183,-0.890845663
0.2841697250577066,2.395678291502562,0.079230588,0.27881431863343475,3.118665863595208
0.11454834933857491,0.7717132122885031,0.010286703507575858,0.089802285,1.1774850366417753
1.904128841329721,0.092177274,0.4297702,0.22570436947078076,-0.139589046
-0.349917459,0.19878739554436808,0.070799963,-0.202333324,-0.502250437
-0.482413076,-0.087527013,-0.600181451,1.244123512238765,1.228814414
-2.59362597,-1.848700133,-0.739764618,0.28522409439081126,-1.207671424
-0.693710607,-2.429167241,0.2085694114969641,-0.300657665,-4.529305042
-0.920619586,1.2524482267036163,-0.246638041,0.2679044039459534,2.0280030239496005
2.7168797460102097,4.495693806411982,-1.656607227,-0.609746246,3.840176268013438
-0.133748284,-1.832751136,0.2181134556335919,-1.630775731,-3.551409565
-0.737666479,-1.695525221,0.17541026947452934,-0.237790756,-0.813888094
-1.806162026,-0.873936402,-0.303429011,0.16799656219674722,-1.067783947
0.495500982,1.2577540334051334,0.5223220202708685,1.054129133288429,2.6947316301439646
1.3810625196714161,1.0640413560537199,1.4556844661692736,1.0540322725691025,2.0378905744235847
-0.380719923,0.768617165,-0.710740913,1.8668340438734516,3.2057998160113015
0.6944980211510012,0.5569522687153838,-0.747074104,-1.075703719,-2.295872847
-2.041413674,-2.846642788,-0.020239996,0.009914696,-2.178672294
-2.129879876,-1.450997709,-0.829739834,0.3895711884060403,-2.848324531
0.31503387695989143,-1.508470267,-0.161687699,-0.513239087,-1.954484801
-0.245434212,-2.477943004,0.26808920761189886,-1.092305777,-4.323592915
-0.185419753,-1.840331617,0.21791167611112555,-1.175234419,-2.302670721
-0.601207404,-0.48174057,0.3210802958390663,-0.534059118,-1.462776517
-1.923028903,-3.299873149,1.4372263200830522,-0.747376349,-1.521808953
0.5812864074767642,-0.392058187,0.090574079,0.15581661210991432,-0.245147488
-0.562702382,-1.287944669,0.7505651401101839,-1.333858119,-2.940133798
-0.222374415,-2.056890096,0.11665271999423973,-0.524577973,-4.241024016
-0.064210072,1.2942487693748923,-0.079000604,1.2303459713700398,3.872400985160389
0.2887186690796818,-0.435799095,0.038821611,0.13446172619066135,-2.398130261
-0.518831028,-0.86030465,0.3673453895074822,-0.708025099,-0.711851193
-0.930047262,-0.881693085,0.29137136181303264,-0.313286619,0.000703805
0.6593465007753739,2.2097561788594793,0.652328405,0.9893559816509047,3.7172648951209872
1.4265821619415422,1.292697215517363,-0.703843598,-0.49337754,2.8231110240322295
0.11505744838351148,0.3240454782472269,-0.039487071,-0.343194389,-0.730510778
-0.539297226,0.2269182670663561,-0.954170226,1.7692845051447343,1.8260715940512648
-0.470952353,-1.777832564,0.16238923951238296,-0.344810337,-2.549781417
-0.882193179,-3.807073464,1.4219927088197895,-1.61188359,-6.183613631
-1.373231595,4.839088541579289,-3.413299275,2.4855962299240906,8.048844767852358
0.20639452002691097,-1.523342801,-0.323519398,-1.56748056,-1.821854312
0.11291227281187156,0.7695054136998621,0.10854772863943224,0.9613457061509044,-0.025511649
-3.236896408,4.0721797592905835,-5.797339117,1.791017810354335,5.574183269001307
1.2881232201927846,1.1910756080781115,0.11800759712682697,0.091612041,2.942667510395386
-0.498142525,-0.047756849,-0.261805477,0.5255633954029137,-0.413750067
0.077968033,0.1161461124003012,0.034346665374789746,0.44052240189345687,-0.662747526
0.6816595335927903,2.3606303967441296,0.4518513869419028,0.6628696067087205,2.156999760609042
-0.301181874,2.016814575760265,-0.383156578,1.2721767489378437,3.517171364025891
0.578123418,-0.143550465,-0.867333792,-1.500257151,-0.544652981
-0.383898449,-0.512794935,-0.356851784,0.9295473448790007,-0.20996288
-1.945933562,-0.579337792,-1.101835964,0.5662248629857637,-0.059924848
-0.425895151,-2.076400692,0.8119254853760238,-1.906397581,-4.731812665
0.21137754650273974,-0.35977368,-0.07777607,-0.367948589,0.6582884056944205
-0.37927061,2.4776910747594063,-0.395174234,1.0419321263079806,2.4336782135414445
-0.070037366,0.8143754964518001,-9.75E-05,0.00139236,1.8380377067917921
-0.19335809,-0.823794451,-0.048854423,0.2526629388330629,-0.828810103
-2.285653399,-0.346844567,-1.658483466,0.7256058452051941,-0.884421812
0.5202949543181611,-0.294731276,-0.297596073,-0.571975705,0.21851107312331974
0.2644580673596711,-0.859236661,-0.059759016,-0.225967832,-1.095467056
0.3241943892544266,0.3830802708535468,0.6140509151944162,1.8940824873823194,2.151126000891768
-1.269676649,-1.944665877,0.4615101867740025,-0.363486394,-2.651890082
-1.342439865,-1.782672886,0.28385155264127854,-0.21144452,-1.734911422
0.1573670692110586,0.27778751536537905,0.20774872343241993,1.3201537302177886,0.6886331270679489
-0.789422275,-2.530339076,0.400168668,-0.506913322,-1.217772665
-1.632423654,-2.002936898,-0.907632643,0.5560031188411778,-0.880712266
0.4094009789920222,0.21541204440615136,0.2853997767352197,0.6971155209200932,-1.615708737
0.2749219448513247,-1.223733333,-0.523414648,-1.903866381,-3.726841335
1.429398578677727,2.074633973572234,-0.381389489,-0.266818153,2.2934233985156682
0.30884802812014084,0.3003614094922863,-0.240443374,-0.778516787,1.1741615551677778
0.7848142215685443,2.519042124279134,1.5389834889488825,1.9609526008244875,6.457152367773632
0.3591202759553715,-0.358196309,-0.488723466,-1.360890762,-0.996558058
0.048552059,0.056582839,-0.024995673,-0.514822103,-2.57707534
-0.834093683,1.3612234399903373,-0.089478485,0.10727630057288255,2.983787447699578
0.7876909128058108,0.8951674010695804,-0.065043646,-0.082575088,2.470228919341069
-2.26619078,-10.85560326,5.725979258736734,-2.526697801,-14.05459176
0.6237716079676487,-0.021559989,-0.608111969,-0.974895237,-1.515395074
0.7710437458364598,1.3549365223451288,-0.365776818,-0.474391784,2.6829611228994104
0.3794109368884983,2.042123711392624,0.1984539865636058,0.5230581600812622,1.6771010783185094
-1.255403265,0.3977642193320434,0.16476364040992583,-0.131243597,0.4488429761564027
0.5715437096405376,-1.795854718,-0.633764676,-1.108864755,-2.604942143
1.2782474271045703,1.283024120363991,-2.263226708,-1.770570126,-1.90142873
1.1557365895285008,1.5456286680093594,-0.002810236,-0.002431554,2.9936329239675734
0.054782631,-0.448048888,-0.023125079,-0.422124293,-2.409067732
-0.934852288,-2.417761303,0.40852915869769707,-0.436998619,-2.127755223
0.5507550735003914,-0.336955339,-0.570674627,-1.036167716,-2.667406081
0.48403739677667146,-1.440276977,-0.577097078,-1.192257215,-2.514821482
-0.938936741,2.314458287009738,-1.057918361,1.1267195281223221,3.0710449125329498
-1.379929966,2.049867522,-2.042038464,1.4798131162034756,1.756482214832595
1.477793244867138,1.7741339610879177,1.047954873076163,0.7091349731879307,4.146546706456387
-0.823848445,-2.357496799,0.6426256520127894,-0.780028967,-3.963492846
-1.253145876,-4.243084956,0.9090471711614084,-0.725412092,-5.39250238
0.3286625752442507,0.42900188024580876,-0.182254012,-0.554532294,-0.762096228
0.1835864278043842,0.6816167593799335,0.047846912,0.2606233602732604,0.6328021137945559
-1.103303529,2.345004652917628,-1.348685858,1.2224069096412529,3.4029719622801977
-0.721251645,-1.390411277,0.34975329711649594,-0.484925476,-1.305004209
-1.313985971,1.4291030274921688,-0.998873852,0.7601860857975072,3.5715778610102404
-0.661185214,-2.503468904,0.9147994395676466,-1.383575163,-3.421216747
0.1010570598319417,-1.194786723,-0.129468484,-1.281142395,-1.893511842
-0.251309955,-1.492926335,0.5139088385638682,-2.044920336,-3.082676552
0.2919205969622289,0.45892114602050393,-0.062798568,-0.215122086,0.9645465933039599
0.15008321671768896,2.7419470132383372,0.36383715078814816,2.424236092117727,4.828609325893655
0.056935365,1.449511828622327,0.027471591064910886,0.4825048745107541,3.4499928512060913
-1.00634616,-0.233026649,-0.033333558,0.033123352,-0.800322254
0.13840781848630782,0.086422218,-0.237489021,-1.715864203,-0.602632109
0.2034612153766847,-0.436391296,-0.106453674,-0.523213597,-2.068196106
-1.051739968,-2.888578808,0.9247110263280606,-0.879220201,-4.519185507
0.538554836,-0.13576338,0.15597181525213732,0.28961176248413534,0.7448877449367893
0.9018772420912442,1.959745554713832,1.507991272597038,1.6720582383256017,2.5897181236065174
-1.233376362,-1.056468928,-0.094063558,0.076265089,-0.952442822
1.0916725710949968,0.5955679487624705,0.6859803527190683,0.6283755504006105,1.095112521
0.9492950522297562,1.8133901307149967,0.16816568042556587,0.17714795840404848,0.49772055419715566
1.9450884727423627,1.7638344996999926,-0.945502443,-0.486097397,2.711445894
1.0314756513842236,-0.050217357,-0.176558853,-0.17117113,-0.192844376
-0.682601233,-4.078348768,0.7153586948463301,-1.047989163,-3.793699083
0.5689195544295018,1.6494115124936979,-0.751731476,-1.32133176,1.765405204910372
-0.868922564,-0.154992166,-0.312290842,0.35940008371744475,-0.377167897
0.29350120570140703,1.1189221647870482,-0.096280129,-0.328039977,1.1160653960112024
-0.703855955,-1.202861623,-0.061066199,0.086759512,1.1510214506498773
-1.270828688,1.4130382445268639,-2.535155041,1.9948833902969798,4.594239602888452
-0.427285639,-0.328981107,0.49626667040961964,-1.161440087,-1.781870437
0.49133597887757613,2.1209214879300964,0.5969804217949538,1.2150146691042558,3.3098203877308663
-0.615328379,-2.150201229,0.6348997502368402,-1.031806386,-2.650228941
-0.281868877,1.809056347321654,-0.179423699,0.6365502320679001,0.4859529826789071
0.24889337740652204,0.32810492565912286,-0.249504776,-1.002456468,0.02126478
-1.664344932,-3.71816128,0.076721716,-0.046097245,-3.931590013
-1.683702896,-1.910113264,0.16650506402488635,-0.098892188,-1.743323307
1.622004712583443,3.0412328614044863,0.6723724968472694,0.41453177763975185,4.740848318783534
1.4473708278495625,0.7737780623912031,-1.052293358,-0.727037839,0.070664687
-1.053675733,-0.76297552,0.25068889583011905,-0.237918449,-1.816466667
1.8913390750473973,1.793697923216175,-1.423840554,-0.752821412,0.6569334081928595
0.3641750014253949,-0.383067891,-0.124643487,-0.342262612,-0.273682021
-2.210249993,-1.965320145,-1.061839825,0.4804161647706217,-2.323734271
-0.047667802,-1.192387155,0.012212509704140726,-0.256200397,-1.381582691
0.8585151583956259,1.530820013416536,-1.872910059,-2.181569004,-1.080073126
0.8126589320113666,0.040654084362206744,0.1439947556041211,0.17718965476417975,-1.366483609
-0.301040284,0.8858775880903131,-0.240138889,0.7976968587847262,2.1690612496894928
1.7437881371269648,1.3515748736490074,0.4237168882601862,0.24298644957999016,0.38642902923012334
-1.270178718,-0.844960366,0.4353122597820901,-0.342717331,-0.54792372
0.003589902,-1.249312781,-0.002300901,-0.640936988,-1.935820827
-1.905280882,-14.29732924,6.203853466898926,-3.256135893,-15.23413695
-0.794293182,0.13536542327248258,0.6800971987438579,-0.85622943,2.2416103251498782
-0.630762617,1.3584726696429201,0.08155871,-0.129301749,2.0234769036242404
0.7718179705562852,0.3720843732808394,0.21786968614160468,0.2822811782739081,2.2337685857840723
-1.210563272,-5.667484534,3.0701459779492777,-2.536130121,-9.480821174
0.3674024032935599,1.0841617288240755,0.13910884455031686,0.37862802013074165,0.5982845614695415
0.6697040378192062,1.0474467299466708,1.0579718471335748,1.5797602931866832,1.7995667320145377
0.9451593302294932,-0.291869171,0.010892044095552335,0.011524029597113166,-0.457635145
-0.778921076,-2.983758616,1.0765549703678672,-1.382110464,-4.197361333
1.1826552902064917,0.8759413055053562,2.9517771203029106,2.4958896685673557,2.5575605112692896
-1.819591094,-3.125995721,1.2482123635322329,-0.685985092,-4.127435931
0.7624667937689135,0.9152909582688122,0.429345417,0.5631004797374034,1.5368501187547026
-0.749597257,0.7665687129443461,-1.148914461,1.5327089983975055,1.9953659728999054
1.6561352846310904,2.1468179134262737,-0.000278778,-0.00016833,2.133262705178621
1.0814131111959506,2.7660181811626674,-0.97686492,-0.903322615,2.2059417905069854
0.4762602475615931,-0.081702667,-0.614880855,-1.291060629,-0.848042483
-0.601133567,-1.247480831,-0.250977432,0.4175069338016752,-0.816117499
0.037006438,-0.256306083,0.00601733,0.16260225916753432,0.012217102119217282
1.7253312730136776,3.0686681210955857,-0.625949495,-0.3627996,3.4470669809117584
0.5447966088625761,-0.657187958,-0.431342397,-0.791749416,-1.224093401
-0.208150904,0.4451019670640681,-0.239582071,1.151001826318187,2.420497529825087
0.3309397857799362,-0.612217891,0.24071981594629865,0.7273825218052483,2.209858034871471
0.8455300941102643,0.9370906819202738,-0.124966855,-0.147797052,2.2694407243067163
0.9735075143805397,0.5727032897591926,-0.736752025,-0.75680158,-0.331391425
-1.02253521,-1.207710458,0.000766818,-0.000749919,-1.615220028
0.6962347721816072,2.1448510606125635,-0.136021862,-0.195367809,1.8575721365862403
-0.284851265,1.0555531436601013,-0.012346893,0.043345052,3.5435831978543906
0.26658976425611713,1.3786494826139597,-0.029529045,-0.110765863,0.27658878619401606
0.7060074316974752,0.7624868653108805,0.7456976606024837,1.0562178627632575,1.4292709432666517
0.49770392549002357,-1.518249271,-0.352351566,-0.707954163,-2.801982959
0.061798957,-2.397007669,-0.090998134,-1.472486586,-2.773585877
-0.341926259,1.318165426721228,-0.085993806,0.2514981044237856,2.576849468190744
1.1460375523101478,0.3828349988557308,1.4851563690602563,1.295905501583716,1.2319175875341977
0.098870994,0.2760108749529024,0.009307998,0.094142854,-1.079888957
-0.121625862,-0.406608773,-0.045455741,0.3737341761732379,-0.569999557
-1.215319058,0.4958791640902208,-1.148377912,0.9449188707854906,0.5515304649607997
0.5885965013804654,0.72765553,0.7337743886230422,1.2466509517166409,1.5863083367544664
-0.538870996,-0.855644096,-0.202573049,0.37592123341770445,0.46059788088424525
-0.415278819,-0.972242107,0.22791364587637328,-0.548820781,-1.026388377
1.0402551903626895,-0.791667059,0.5419156996892311,0.5209449611112152,-1.016930238
-0.257114375,1.6026347485631418,-0.152001618,0.5911828871601169,1.9752815951093552
0.9086824248825955,-1.120227285,-1.409508763,-1.551156624,-1.770150417
0.5787222081245703,-0.390128044,0.2207001630798942,0.3813576876462089,0.7368781824209677
1.0346650468820913,0.42225909561740826,-0.184545319,-0.178362379,2.7672481538763947
-1.017794646,-2.301615099,0.5057449532803913,-0.496902745,-2.276547423
1.0163912607904795,-0.230028384,0.042897879,0.042206068,-0.766132282
-1.062842938,-1.515210167,0.7586103609203708,-0.713755846,-1.22802632
2.941994351754944,4.901557443806569,-2.447138732,-0.831795863,3.997618129275903
-1.138630502,-2.999354758,0.7313608064844195,-0.64231619,-2.195365897
0.2700718855497966,-0.875576464,-0.269737603,-0.998762245,-2.285274445
0.6091561155659707,0.7286206676954583,-0.782237051,-1.284132312,-0.229448638
0.9555789115468472,1.012078009146019,-0.241915552,-0.25316125,2.4115047973307644
-0.319854281,-2.636484789,0.2872103030160895,-0.897941095,-3.879544361
0.5033382408797482,2.2845516131600627,0.2334357746215706,0.4637751628280125,2.430444457272322
0.041871525,-1.183267687,-0.039951283,-0.954139683,-0.09748125
0.6641772552277964,0.6280552013151186,0.2991537154511897,0.4504124660947436,-0.745101327
0.038655432,-0.134576714,0.031934089,0.826121642,-0.055857862
0.7166037950602536,1.138024046608625,-0.517236613,-0.721788827,-0.141142047
1.3502973993886767,1.2550268659767843,-0.434839672,-0.322032519,1.360123566402668
0.25216604719665087,0.2929980217911788,-0.031445678,-0.12470227,0.38331025743010505
-0.948543933,-0.327593901,0.061271934,-0.064595778,-0.001956506
-0.978103151,-1.606718298,-0.35081137,0.35866500369118887,-1.774309982
-0.256852143,-0.701292466,-0.216702863,0.84368719,-0.624422898
0.7503440871581404,0.14463591581055724,1.252103175878895,1.6687053277398656,0.694895388
1.1232780680758818,-0.056390445,1.5551601388892886,1.3844836671236702,2.6128704423025844
-0.773866805,1.3944819547523226,-0.92243787,1.1919853180874231,1.4287424790184229
0.8799166084690166,1.192756868820305,-0.777429957,-0.883526858,0.2725994797448666
0.8092026202975886,0.9105635828581273,0.14216196043333254,0.1756815374387341,0.4145777561219113
-0.784588035,-2.940159427,0.7239365468875731,-0.922696389,-4.456917204
-0.458401938,-2.368820455,0.6813876446301738,-1.486441457,-4.888913609
1.7047792155175054,1.7361221914200153,-0.494419148,-0.29001946,2.2866024921612937
-0.268155228,-1.136545916,0.2212626934387211,-0.825129141,-2.76382529
0.12590753558687712,-0.085046529,-0.013263852,-0.105345972,-0.057474266
-0.67811387,0.30878251337560425,-0.225886554,0.33311006233187496,2.4191266513236123
-0.256786023,-0.950518774,0.025637377051529155,-0.099839457,-1.398543646
1.219003847,1.8112088073927652,-1.776059777,-1.456976352,-1.562157713
0.4929254133171046,1.4699509162386009,-0.801331071,-1.625663943,-1.893552311
-0.573957059,0.040261926,0.039605374390065576,-0.069004072,-0.460417516
-0.564700422,2.641860412604135,-0.724777976,1.2834734109119577,4.683069728
-1.082272328,-0.72879624,-0.988776643,0.9136116832443402,0.76585166
-0.311448382,-0.129008999,-0.092983059,0.29855046264042023,-0.621671256
-0.438760233,-2.748094789,0.8596239484856681,-1.959211168,-3.863388161
-0.159712148,0.060119556,-0.006191191,0.038764687,-0.382328234
-0.430862306,2.0721774146785967,-0.74822138,1.736567270620932,3.5377343493287414
1.113904339,1.5585928906062398,0.9137750727342123,0.8203353206476118,2.884572969858038
0.5176798915271005,-0.102491326,1.0952871695418742,2.1157614724243854,2.2494902174608993
1.9277448539688944,2.173333698056309,-3.144237933,-1.631044651,1.2719887011490063
0.097335051,-0.02124767,0.060860607347255374,0.62526918,0.080992498
0.2237339495422469,0.4209185312701257,-0.08106058,-0.36230791,0.8030077954018264
-0.853482002,-1.712735854,0.5091361941454728,-0.596540048,-2.180106392
1.0513200329955708,-2.082394649,1.5573988146447948,1.4813746202545313,0.8360265511151577
0.063282799,2.4177582618608104,0.040979991332507924,0.6475691981158791,4.050138610174097
-0.307103576,-2.073714914,0.2720237490489473,-0.885772002,-3.441897703
0.13222155821117823,0.16229904866097244,-0.096108251,-0.726872776,-0.744344391
0.9781440914395622,2.2021020966923426,0.8490052827688851,0.8679756798606023,3.065587260327619
1.1560088090371192,1.7342507800091904,-1.243143335,-1.075375313,0.4982914388401008
-0.427596765,-1.46906609,0.070333886,-0.164486478,-1.966620025
-0.583276029,0.7745264562011127,-0.97497116,1.6715433361768213,2.6455119162741454
-0.784677672,-0.354617251,-0.312335936,0.3980436130841641,1.6502163365689995
-0.692632496,-2.200012198,0.15992210735272208,-0.230890275,-3.381642254
-1.900003721,0.7247054050947576,-2.199659055,1.1577130248213447,2.7963216572235563
-0.535555883,-2.414998256,0.602430271,-1.124869113,-3.384785727
1.0230904031298413,2.010449103862344,-0.527277042,-0.515376785,1.2581094538005257
2.4618556580794544,1.573711474196861,0.027225929948033276,0.011059108952501626,2.894633904
0.20802121001289933,3.053552035107291,0.27038260613121523,1.2997838350928201,4.897035812951928
-0.870989054,1.212758137441958,-1.459810713,1.676037954844029,2.9384696591398654
1.1321746828440578,1.9997064059953407,-1.749313549,-1.545091562,-0.046388771
0.6014871876428035,-0.442704003,-0.147343618,-0.244965515,1.7256144083742162
0.7600520957006837,-2.967700951,1.2307604917613448,1.6193107008365266,-2.002651296
-0.29108671,0.26653936884298735,-0.246815437,0.8479103602512708,1.8368342005588443
1.4381856503836266,3.3116465945859246,-0.19020376,-0.132252578,2.315714685473979
-1.466174516,-5.204326894,1.8728823860860986,-1.277393902,-7.576871898
-0.336353051,1.0864692387469082,-0.247058992,0.7345228216380967,2.7071279267964474
-0.059979838,1.0363577375631292,-0.027023729,0.4505468886940888,1.5382083928382475
1.0452794087845316,2.2526062266933153,-0.859157565,-0.821940582,1.2561009155865284
0.2613654868061095,0.3188527954931142,0.23058007526586963,0.8822131723800334,0.3997482301502092
1.3127034264539479,0.4916512317207401,-0.185777094,-0.141522518,0.5917750427250738
0.9449179658846009,0.8917796179730777,1.138129867801286,1.204474789232954,-0.21096419
-0.489627258,-2.642985575,0.059807297,-0.122148626,-2.76998502
-0.956494895,0.5056899703369186,-0.21685209,0.22671536547111332,0.6107416598629941
1.1111622450982075,1.4019058381154637,1.1975542423352274,1.0777492194484923,1.5510438474221875
-0.45728847,3.3348369271096487,-0.127325595,0.2784360490185503,4.505162633346126
-1.109664039,1.1530947513241132,-1.070146529,0.9643878610711707,3.0825953731679157
0.515894834,-0.097739117,-0.805374449,-1.56112137,-2.005905809
-0.178774194,1.1968739239566113,-0.159767547,0.8936834942147759,2.312209764666456
0.7955877731944433,1.8184455889158746,0.084783245,0.10656680267338386,2.076091148045045
-0.597367172,-0.421918529,-0.572907455,0.9590541317864507,-0.712486297
-0.058571742,1.7960933163310044,-0.00591782,0.10103540333425237,3.8193589442049105
-1.537875637,-1.099266429,-0.427199066,0.27778518349935677,-0.063501975
1.5018378256398521,1.3558791347620285,1.1729567311083002,0.7810142420727528,2.3703503784312425
0.49578455948638234,-0.334574611,0.2238623866480263,0.45153158234685825,-0.831200135
-0.036085917,0.005966242,0.021195444,-0.58736054,-0.262721381
1.2927674928109059,0.9970641757845755,1.7524601531952677,1.3555880411139032,2.4213882902639288
-0.08974547,1.272226262558768,0.046601981,-0.519268332,0.9880168430268155
0.25523150649502613,-0.863688487,0.009031667,0.035386175,-0.849748115
-0.381108915,0.14714933886223308,-0.219238363,0.5752643259056567,-0.871679294
-0.264516152,0.8007364741820044,-0.381682757,1.4429468836237518,1.2692850708649142
0.16388187875846816,-0.938601175,-0.073643063,-0.449366726,-1.994270493
-0.277269387,0.6952037795003568,-0.281941442,1.0168502382897529,2.6032264556381084
-0.35640014,-0.875991798,0.2678414829266141,-0.751519017,1.1387278403206125
0.24080902005491725,-0.862077034,-0.362980664,-1.50733832,-3.317625149
0.011666288346927716,0.7222548398832326,0.016578642875585674,1.421072613891942,2.9517726374578834
0.38204354979160926,-0.449365482,0.13580637713310842,0.3554735506127137,-0.061179433
-0.230272777,-0.110951695,-0.123263774,0.5352946025766879,-0.116880992
0.1873162089566847,0.17807670531766637,0.013719316243053946,0.073241479,-0.447984145
-0.321502905,-0.35737917,-0.072330649,0.22497665925261945,0.34795419981055237
-0.094586463,0.16636976536070608,-0.021790779,0.23037946446192875,0.526562958
0.5066266203083433,0.40680028825696163,-0.038122555,-0.075247833,-0.645361512
-0.356295265,-2.457859913,0.8084695499315252,-2.269099901,-3.25663778
0.827538727,1.2067138826498311,0.8362214085402331,1.0104921749021865,3.3855524348004824
0.7946290686991867,1.1496305443530694,-1.296846578,-1.632015024,0.33650306236449745
-0.156728809,-1.875977563,0.1774073938266056,-1.131938632,-4.30313981
-0.151909457,-0.360122302,-0.070748099,0.4657254442063927,0.784018701
1.2919778397260628,0.12848561816752913,-0.347758388,-0.269167456,-0.829612815
2.271693569,1.0727038846748749,1.7570206469553624,0.7734408684891069,1.7243371028977887
1.1030010260367624,0.7441244294933989,-0.116829742,-0.105919885,0.8505078001685582
0.17559196984400613,0.023434122,0.17178672181516966,0.9783290316053918,0.091320931
-0.055850646,1.3905889007286274,-0.060208795,1.0780321991814898,1.3761523716840651
0.2639340724920843,0.8168328544940933,-0.056765338,-0.215073929,0.2795739375381736
-0.680816197,-2.559498805,0.5449754736414906,-0.80047372,-1.932009134
-0.647541671,2.3045814391006294,-0.605299423,0.9347652058836161,2.401540763
-1.253394915,1.0825238025040278,-1.367827832,1.091298373355567,-0.947107207
1.186852299832451,2.0695614289940156,1.0650078358556259,0.8973381405638882,3.5024930277165507
-0.287898195,-1.141933409,0.083987196,-0.291725329,-3.085287556
0.04130058,-0.932806426,-0.013626665,-0.329938827,-1.690978589
-1.097288178,-4.066154636,1.4997433831378801,-1.36677257,-5.485542326
-1.165507216,-4.034826421,1.3365581657631376,-1.146760953,-5.374921552
0.27899590210080094,-1.859434573,-0.037647625,-0.134939705,-1.047333162
-2.710476541,-1.731691085,0.33894257901748054,-0.125049073,-0.773329102
0.090643311,1.8348826756049936,0.1883374062580059,2.077786039834016,2.1107853531098133
-1.370463329,-2.516872741,-0.60625339,0.44237111456969935,-3.170189303
-0.187938737,-2.000634574,0.24719444150778502,-1.315292664,-2.656145482
1.7214655519027742,2.323381715034793,-1.413415051,-0.821053346,2.8802233882218626
-0.50634136,0.8695326666404557,0.24071228880750245,-0.475395272,0.7100574498598995
0.40421436506128583,0.040266193,-0.453576272,-1.12211814,-1.40483896
-0.058714687,-0.778882944,-0.01743989,0.29702773,-1.093197499
-0.440271868,2.528781513,-0.634068306,1.4401744755611807,3.817887443086846
-0.519102793,-0.904880708,0.12018650241053767,-0.231527366,-1.129017474
0.910110234,1.8357617787198883,0.019269704,0.021172934,1.7803099542222456
1.3993067268537782,1.7412629215598372,-0.715122551,-0.511054894,1.0087141628611378
-0.199334095,-1.742154424,0.32175108364409105,-1.614129702,-3.962040323
-0.251811666,0.073948669,-0.114718963,0.4555744549305026,1.355411859806554
1.1625792195709628,1.0412967210746535,0.9178670665408603,0.7895092661982975,0.6055096600560606
0.24026232327017924,1.1452985006339924,0.090657991,0.37732920412731497,1.0350675696010925
-0.755699402,-3.486419598,1.1476156633918162,-1.518613963,-4.41515772
0.9746316321218683,1.403189916106852,0.076653621,0.078648813,1.5275973170773192
0.22137681822968353,0.286665139,0.019149866693540765,0.086503487,-0.484598814
-1.277581934,-2.314617112,0.3285404518148922,-0.257158029,-1.065669534
-0.823869922,-2.889723979,0.32269083945479865,-0.391676927,-2.984798361
0.5890704409838189,-0.634104438,0.091390728,0.15514397221879903,-1.94099789
-0.48706474,-0.951973222,-0.136859194,0.28098768434662874,0.6434493163775745
0.7068919396414078,-0.001175522,-0.110352707,-0.156109726,0.7029770075587101
-0.324754372,1.7526712570250953,-0.369317019,1.1372195436070305,3.3942835416389725
-0.643928926,-0.563351847,-0.335216739,0.5205803397900307,-1.641861225
-0.64391256,-0.279729491,-0.014295269,0.022200636,-1.648139185
-0.473861993,-1.683984088,0.2917889332755861,-0.61576775,-3.959912037
0.3744271071956939,-0.907511651,-0.119867116,-0.320134716,-1.717082948
-1.029521325,3.1215667826930487,-1.645460961,1.5982776868634307,4.565519252480925
0.34290138861151204,1.2717357598505614,0.19332068620464035,0.563779246,0.6074571888851619
-0.213910203,-0.379988412,0.1265213627829818,-0.591469509,-1.805525613
0.49916005009724107,0.8498047100811751,-0.56781491,-1.137540775,-1.046384608
-0.780108557,-2.457047283,0.48747508907225084,-0.624881095,-3.720123027
1.2025208509004521,2.6060811956516803,-0.544288392,-0.452622831,1.1363216265129275
0.8117028814441765,0.6007040057353756,-0.578646053,-0.712879141,1.1841853382395429
1.2298032316183614,0.5699527743989679,-0.33332436,-0.271038774,1.1611086626381666
-1.983980628,-1.18021072,-0.33825387,0.17049252664382347,-1.746978841
-1.651119184,0.1364447289228201,-0.721601672,0.4370379067290447,0.4054327961345577
1.0714071315236409,2.3223998642253063,0.12889123199503072,0.12030089048570673,2.7123498096664815
-0.294685963,-0.80441474,-0.264805338,0.898601806,1.2976466909429734
1.2902984790737684,0.7923984180813969,0.7468803752750556,0.5788431028851544,0.8446963928007606
-0.716105004,0.7043300226984492,-0.694698395,0.9701068850415386,0.5303522296524819
-0.283627379,-2.394914559,0.35899740233600685,-1.265736062,-4.41731683
-0.556503774,3.3959289695222057,-0.581585347,1.0450699059874073,5.225670336425702
-0.010728713,0.3675463978608494,-0.005253068,0.48962708755658885,0.2600233494676666
1.1729204728128393,3.959786467216593,-0.740157442,-0.631038045,2.721631519025655
-1.147944806,-2.318817826,0.1339069599395868,-0.116649302,-2.393763831
-0.102220623,-0.389027605,0.005278059,-0.051633992,0.9567444998587291
-0.812019248,-0.552090149,-0.332858222,0.40991420129712514,0.069438548
1.2740265609910448,1.4062105990118536,1.1320347275248692,0.8885487651405616,1.235098057796881
0.6869307952733976,-1.734937548,-0.173600043,-0.252718387,-2.32839869
-0.797980126,0.6216902345120432,-0.323992773,0.40601609297996266,2.259657954943613
0.8752599613319123,0.44719248815293094,0.36085970018447605,0.4122885955337701,2.2728366052662414
0.20573423197154042,-1.214141097,0.06336951,0.3080163641797265,-2.082780882
0.10979409468995345,0.7940260392163881,0.075177342,0.6847120684778949,0.748324146
-0.703894161,-2.403569867,0.6267879036878642,-0.890457598,-3.067164076
2.0704689336037174,1.777087923706249,-0.646739656,-0.312363854,0.4341135608223752
-0.052428859,2.7173344327863993,-0.049128586,0.9370523570743419,3.4105835498499193
0.6007395604296721,-0.380751286,0.021569450404425233,0.035904828,-0.674369994
-0.954500413,-3.782336281,1.6441398390323239,-1.722513491,-6.729794617
-0.117090882,-2.18145591,0.14701623283461357,-1.255573704,-2.950302014
0.039266704,-1.404567826,-0.046328832,-1.179850299,-2.373426095
-1.273656239,2.584837913,-2.094745494,1.6446710110051663,2.471367497691169
-0.678304069,-3.918401361,1.0925198969580077,-1.610663928,-2.155498256
0.618297243,-1.47724125,-0.066568532,-0.107664287,-1.65625913
-0.440429545,-1.635141828,0.38706920852079146,-0.878844784,-1.679864731
-0.65308018,-0.739266943,0.047727604,-0.073080772,0.524774624
-1.143524028,-0.234977929,-0.577569054,0.5050781967031867,1.1977559524257004
0.7278933830762816,2.3572800306275905,0.6130960487538152,0.8422882567810952,1.6071699517182285
0.10150424681507446,0.7684633752524972,0.081377855,0.8017187223389465,2.062252449909506
-0.552587971,-1.08224954,0.36998436380744076,-0.66954835,-2.676872071
0.074412397,1.9068576742025276,0.11595710632833672,1.5583036084784865,5.051987604
1.2175530759459003,1.5617165279550358,-0.060251888,-0.049486047,3.539205686833691
1.191003664678789,1.6282193374518559,0.8330488192155722,0.6994510965171913,0.9127156973658923
0.9091689852984819,0.8957141109599753,0.066991266,0.073684064,2.2870377845188865
0.23242449492189168,1.459469773474816,0.13483961941723807,0.5801437557713188,1.400397518223959
-0.220033734,-2.728226379,0.40254113834804317,-1.829451922,-4.016802909
-0.494651431,-1.012890437,0.12198141454766943,-0.246600752,-0.995723571
0.9996456839834402,2.325223940134133,0.8846158383073176,0.8849293829612251,4.456792917785798
0.4388987363551776,1.5173404531744368,0.26762251810365545,0.6097591447314686,2.126261131241038
-1.067291208,1.1688625577564526,-0.019373979,0.018152476458446302,0.37517726585061206
-0.875051531,-0.256573122,0.020166173603365204,-0.023045698,0.921827905
0.5893540435556588,0.9276024041530979,0.15014004739022027,0.254753571,-0.394610316
2.100612504188927,2.791621466055031,-1.488025323,-0.708376876,2.5182592138937947
-0.33466943,0.5901429389373131,-0.209415074,0.6257370877285595,0.7253008094086626
1.6573233293031087,1.7334852346035183,1.4618436403832866,0.8820509640674522,2.643402668687547
0.30415197244286823,0.5880716,0.34004617330895376,1.1180140328461223,1.6536969019423164
-1.753696302,-2.969445169,1.112548806696033,-0.634402208,-4.211043532
0.6657274858728017,1.5853828535856358,0.7639958190327534,1.1476104490880634,4.695734476
0.46232372702830454,1.3718592571495298,0.007156341,0.015479069607000002,1.8693402002221775
0.18499995843952605,1.7020628917644924,0.060861700044704474,0.3289822363100656,1.3449967836331698
0.8182255604413742,-0.517976191,-0.243306981,-0.297359301,0.725623192
0.8288695258407224,0.793473056,-0.310887654,-0.375074296,1.247812205
0.18437113266939417,-0.377294963,0.18543849098481285,1.0057891834798922,-0.743651262
-1.686162484,0.7542576136541037,-1.686828251,1.0003948410339383,0.980751712
-0.374721832,0.209990779,0.00329482,-0.008792708,-0.18491584
0.5454542843270898,0.2604323971597047,0.5856539385282948,1.0736994013179275,1.817644377
-1.212063111,3.1378377791248355,-2.080479538,1.7164778959242575,5.554305857257119
-0.293399742,-0.688579257,0.10307829550457254,-0.351323743,-2.016203177
-0.620060079,-2.447075251,0.43769528071173086,-0.705891729,-3.305728353
-0.263041617,-0.457663499,0.2833625263971495,-1.077253591,-1.360369768
1.201955215773768,0.5777901688378889,0.49801397294724453,0.41433654633017597,1.1766978708556506
0.9749710655042687,-0.083790869,0.48126599997426633,0.4936208027110515,-1.86892867
0.3256731734489121,0.025214575091022873,-0.337014395,-1.034823934,-2.687649657
0.7029836963712542,0.9729846699925648,0.29456375,0.41901932010221515,0.7135913205433906
2.0723155364094143,1.879772618428594,0.4553399769242413,0.21972521506699866,0.9857331568204073
-0.90206216,-4.269843135,1.0691712459334888,-1.185252295,-5.507468289
-0.840271673,-0.117241374,0.7448973493714365,-0.886495848,-0.611883928
-1.443489723,-0.646375646,0.32530988778370545,-0.225363494,-0.041403349
-0.354106649,-2.430285794,-0.036622489,0.10342220161697266,-1.307111788
-1.128956348,0.039920698,-1.204795291,1.0671761515453286,1.1962323694291879
-1.290401882,-0.995966226,0.011643667335359887,-0.009023288,-0.158763236
0.085140939,-0.242474025,-0.136194204,-1.599632395,-2.048523971
-0.477734057,-1.892560553,-0.129364151,0.27078695690042714,-2.505581781
0.201566857,-0.464704983,0.028071066939238012,0.13926429876007626,0.6229538065242752
-1.152765217,-2.732700491,1.234236262449379,-1.070674448,-4.335044275
-0.376117034,-0.947789889,-0.225327243,0.5990881101079913,1.0867151247439564
-0.039601668,-0.52656054,0.013069311565839169,-0.330019222,-1.071684944
-0.985054511,2.521500652,-0.832514304,0.845145416,3.059203592
1.4826865363813195,0.2748267851982158,0.4260780505574578,0.2873689347698227,0.38903161620205595
1.8684005864260769,1.6537722985390289,0.2289355740523197,0.12253024095343139,1.8369643263959348
1.759567276987661,1.4111557271838144,3.4043749902445395,1.9347796670058288,4.899091462723595
-0.004522466,-2.17378581,0.009707665,-2.146542284,-3.111903289
-1.22472168,-1.97695701,0.6628045272437836,-0.541187878,-1.983999549
1.548358154284326,3.064963210492284,1.465075521,0.9462122940477097,4.51318356
0.43900596922466184,1.1820640507452589,0.6616568722007502,1.5071705593646416,1.9357512830611086
0.20100571051685268,0.2540850780520575,0.2524432182837199,1.2559007285643988,2.015791127197276
0.5094011566379056,-0.024065623,-0.396632647,-0.778625336,0.10953494894008609
1.8072568094944477,0.18038939765581685,2.2858644452928245,1.264825471003349,0.46039638312938447
-0.26432816,0.9921258094368932,-0.037045158,0.1401483600145115,2.000160533054608
-0.368058837,-0.458468249,0.005259716,-0.014290421,0.26217964518846937
-0.211139722,-3.075499313,0.35270808975308027,-1.670496139,-5.327892105
-0.994317035,-2.838516678,0.096356455,-0.096907175,-1.543818709
-0.382472826,-0.04406484,-0.261185966,0.6828876416750969,-0.165964611
-0.006280989,-0.958217449,0.00451014,-0.71806204,-1.477844389
0.8173392192046848,-0.342773223,0.5872837071433639,0.7185311720570837,1.844944081549132
-0.592959813,0.19067478484406955,-0.191869084,0.32357856241568755,1.7111424914386122
-0.727973461,-1.254155344,-0.629121925,0.8642099726514794,-1.43523623
0.8817542937025309,1.7307387008159698,-0.140432202,-0.159264552,2.1200893740373834
-0.695372892,-0.281079249,-0.162007623,0.23297949130180018,0.3126300714169749
-0.040724035,0.5784967292778345,0.034599408066790516,-0.849606574,-0.543584995
-1.539409059,-3.118622384,1.5944455752744566,-1.035751717,-3.486591591
2.216758148814511,1.9572091323272307,1.109251405451141,0.5003935165612686,1.4301619467161464
-0.00614727,0.9163910211779562,-0.00089682,0.145889106,1.2525687669321748
-1.757269172,0.9353040796464763,-1.453875103,0.8273491196617048,0.6642563868615514
1.2148521988928094,1.9927995357006498,1.590847992986838,1.309499209,3.973714957089005
0.9279083014860884,2.493488712093403,0.2937227985564921,0.31654291494760994,2.3419903248844314
2.1238323135942463,-0.551252483,3.836600061782928,1.8064514967709933,-0.752680164
-0.167534594,0.46508137730529153,0.10636545490480795,-0.634886519,-0.200033017
0.275969838,1.3003890512024585,0.5271660051525341,1.9102305105150343,3.4137797321287495
-0.032443141,-3.835394698,0.056932371,-1.754835344,-5.500288118
0.8773122661591429,1.2450126474266305,1.1093257653189734,1.2644594269445033,2.173037790263077
2.4394594238824046,3.8715523839704797,-1.132116744,-0.464085089,2.974107746776593
-0.082099556,-0.548671733,0.015955249153594638,-0.19434026,0.017156067197274694
-0.75327865,-0.409465407,-0.701607199,0.9314045987386439,1.1364798081122633
0.7118257900199042,1.4621681402923816,-0.012582871,-0.017676897,1.9259503794549275
2.255776976772022,1.962141863574922,0.302742464,0.13420762193212923,-0.069840855
1.1406933637353924,0.7561972865128275,0.1380225430002176,0.12099881299233613,0.7079379181075545
0.6222557609566636,-0.063674919,-1.338868144,-2.151636398,-3.021857788
0.06164105,-0.645214695,-0.026269714,-0.426172401,-2.233831669
-1.07021474,0.2909547426820063,0.635407458,-0.593719591,0.4654096598229671
-0.719574604,-0.490578357,-0.290486757,0.4036923415433379,2.3814429152972583
-0.321479387,0.8792431068777916,0.10058614688852816,-0.312885214,0.4429199102552633
0.066222143,-0.274736512,-0.019728163,-0.297908851,1.5157140754570038
-0.78649121,1.9779224015251962,-1.394614793,1.7732109074524802,3.462668997812523
0.8996799391174753,-0.690243283,0.8246888078830715,0.9166468785466474,-1.259970886
1.1756788708170463,2.5871510201847014,-0.714882601,-0.60805941,3.2328423617285473
0.88164477,0.18330910027576752,-1.556266615,-1.765185558,-1.921283693
2.9860231383273708,6.171590655098005,-3.95126463,-1.323253185,6.870586779765828
1.2460476733948236,1.433762570849744,1.3280380789456163,1.065800376102314,2.502660271405418
-0.395104394,-0.834654483,-0.281408304,0.7122378511819284,0.7727870775056883
0.29915302187836934,-0.147775252,0.001319867,0.004412013,0.21837959955141556
0.7972950597626384,-0.506218047,-1.245697835,-1.562405059,-2.937447628
-0.342972973,1.328772494609531,-0.587530735,1.7130525761865203,3.159990264000118
0.27243504235883087,0.5637154700759366,0.15746916588982698,0.5780062818879976,1.9185631823626563
-0.263615733,0.596913656,-0.220974463,0.8382445929262425,-0.852248657
2.780508771063391,4.498426950571006,-1.896404351,-0.682035018,4.047713975359051
0.43633091575032945,2.0593775397090046,0.3813534138049235,0.874000443,2.196692298234293
-3.470474861,-4.399260843,0.6276339810053484,-0.180849597,-4.398858528
-1.429926014,3.5833459479604075,-2.172438666,1.519266482486759,5.1475628429437865
-0.47931525,0.10962819707549487,0.056928587,-0.118770656,-1.584488709
-0.387012687,-2.301922591,0.638236398,-1.649135596,-3.10528384
-0.54499748,1.8329127071516707,-0.515862502,0.9465410768132643,2.309037401841425
0.6406539683066151,0.1016101525079666,-1.356683414,-2.117653962,-1.214724673
-0.52501785,2.675122267592143,-0.566910901,1.0797935745559921,4.345028188922919
-0.796207683,-1.549455478,1.001759474945727,-1.258163538,-1.716301503
-0.959516837,-1.173770151,-0.202957731,0.21152076068652947,-0.922305863
1.0826524943108358,0.756696194,-0.439159345,-0.405632783,1.9339682640497464
-0.576321147,0.1394913923476474,-0.359630107,0.6240099095949939,-0.052561637
0.7936454650997699,2.407421196910257,0.6562044954608741,0.826823216,3.1820770321479213
0.17763982223343572,-2.393547593,-0.243376208,-1.37005433,-4.142327427
0.3794521901768851,1.9379862836799315,0.20473030003445267,0.5395417534393879,2.8649056380055633
-2.463565916,3.738600449544502,-2.866556415,1.1635801567996384,4.983522894265059
0.8234479535622293,0.22909167268348318,-0.65149406,-0.791178188,-1.20055898
0.8947087393119328,0.17685917759455438,-1.820225283,-2.034433333,-1.85306538
-0.558753872,-2.474056065,0.8634661667274763,-1.54534261,-5.409466355
-0.429103718,-1.187869097,0.5898995106032847,-1.37472477,-3.006001117
-1.268045126,3.3430047586090454,-1.944243467,1.5332604709257376,5.572271498472141
0.22568916253343607,0.6936127823311782,0.35887006965475676,1.5901076756469854,2.519031373160146
1.8151818792544876,0.80828123,0.3087269098190811,0.1700804273926964,1.069913684257214
-0.115125477,0.7545979438777146,-0.114362219,0.9933702076435086,1.2667854815813813
0.066377775,1.4945962401818034,0.096945447,1.460510650863041,2.0539867316110816
-1.460004395,-3.99107472,0.13967834237033785,-0.09566981,-2.891042106
-1.039346848,-4.050506456,1.1822045899140738,-1.137449536,-4.86671533
0.3913947972712597,1.6589792625873265,0.021104290203283416,0.053920722,1.2373638491139856
-0.574172971,0.5560768107178085,-0.642271607,1.1186029978552758,3.1469545797171974
-0.599236095,1.2586568085014858,-0.792565874,1.3226270593024427,2.248964922749002
2.055133229633675,2.9815902667431677,-0.792678452,-0.385706601,1.7373772332250244
0.6741274822226883,0.31730452666959685,-0.69659172,-1.033323427,-2.438926507
0.003787834,0.5808835580259977,0.001169874,0.3088503344228041,-0.284561008
-0.04465913,0.18947310382788896,-0.057593411,1.2896223381693446,0.37548987213251706
2.9644904079697634,3.5096943554545192,0.35750169920171804,0.12059465540539688,2.334316024516663
-1.48115961,-5.413092984,3.4173861051617114,-2.307236899,-7.681254453
-3.129946687,-4.978648131,1.6950745478173732,-0.541566588,-4.923692166
0.6723447785855708,0.052214225,0.13483742839980473,0.20054804126458114,-1.760850605
-0.329743869,0.2899483823526092,0.2719530785164901,-0.824740364,-0.270287009
0.2838719981988335,-0.383076526,-0.085341215,-0.300632734,-0.943260878
0.7779925947588541,0.25399508679559535,0.14602284431800078,0.18769181776500315,0.4334656619349623
1.5481268548199902,2.7132099952510114,-1.622411179,-1.047983357,1.631100793750039
-1.341668801,-1.393173598,0.6318977605133305,-0.470978948,-0.418760275
-0.51193544,-1.117578815,0.5896911940183501,-1.15188586,-2.643965391
0.20997473743219938,-0.280202493,-0.226329001,-1.077886817,-1.547999695
0.5705418097366424,0.3145075884617206,-0.172696997,-0.302689467,0.30018385154954585
1.9391681829227698,4.2865348073652525,-1.71166332,-0.882679148,2.7163101845457414
-0.314991967,3.8508749442000614,-0.954224786,3.0293622884007263,5.831263408149076
0.8594221476774938,1.3485955530883746,1.4444192309261696,1.6806865343528492,2.078273437524109
-1.211821731,0.049365021,-0.509753962,0.42065094998573405,0.7454808956029928
0.7008110031564329,1.3666167591794092,-0.411571103,-0.587278313,-0.382142831
1.2757217023882774,1.0830158679905866,-0.78382172,-0.61441435,-0.250919369
-0.342034798,-1.077327768,0.09501386,-0.277790038,-2.379288046
1.5357382671760946,2.0998927494904107,-0.00540433,-0.003519044,1.346681849892759
0.44543445680820876,0.6325084690094994,0.21499741143552953,0.4826690170673106,1.661600084193744
-0.753805591,-2.763991677,0.33896704219937807,-0.449674354,-3.47136167
0.043704745,1.718884159590777,0.064520065,1.4762714056608437,4.494550046195709
-1.63144225,-1.226933826,-0.335584693,0.20569817452855269,-0.104776453
-1.658033838,1.8633858057339285,-1.549987437,0.9348346224493357,1.9928509459202963
2.4004960202464285,3.9991064916717565,-1.924798469,-0.801833643,5.270900062874238
-1.215896012,-0.114880794,-0.376644335,0.3097668974243963,0.3022532674172778
1.2483991842358648,1.6979963306079746,-0.517737893,-0.414721429,0.2926678136157731
-1.210062272,-1.071948344,-0.278338913,0.23002032155721555,-1.763271874
-0.666313201,-2.066122887,0.7148542512036593,-1.0728502,-2.704235981
1.1124750921366333,1.792991327904785,-0.363426685,-0.326682986,0.4677535404159431
0.21831760462914143,1.7212873506043351,0.049052706,0.2246850667328717,3.3708941754613884
0.5166440707522864,1.8525105872306313,-0.282876838,-0.547527503,1.1412020910847092
-0.395415545,0.9541272030132963,-0.14971964,0.37863872938387866,1.1228936979726767
0.064441924,-0.229429991,-0.059511066,-0.923483701,-4.197934411
0.23437991642059158,-3.708227039,-0.606041938,-2.585724695,-5.487134754
0.8704885407075724,1.909621307791353,-0.347120182,-0.398764792,1.661845520566155
-0.294649584,-1.853351793,0.22813069586209272,-0.774244078,-3.857800723
-1.233764886,-3.625271427,0.44475099144526825,-0.360482776,-4.133297351
-1.50782824,-1.677725071,0.10883160684734852,-0.072177722,-2.900064755
-0.398449141,-0.987253514,-0.006841508,0.017170341249566012,-1.385401895
0.15266419797575212,1.3950780396739577,0.082069748,0.5375834644095662,2.669688221296275
-0.411181399,-4.146704608,1.2387756270780823,-3.012722924,-6.292712824
-0.521002899,0.2842591102304728,0.061467740696574985,-0.117979652,0.27705959354103465
-0.119585194,0.016954925030144397,0.097924943,-0.818871795,0.9212015859552494
-0.02668009,2.4790580314105264,-0.013308222,0.49880725632012207,3.7344374456937874
1.2712486870888668,4.257554064148895,-0.984661448,-0.774562411,4.336184765
-0.687056817,-2.007939714,0.043832145,-0.063796972,-0.393632181
1.7863317487177313,-0.254137852,0.4023483168581932,0.2252371750919211,-1.288011096
-0.936440433,-2.289381119,0.7730608858116648,-0.825531297,-4.011502543
0.3740769784877897,0.4379547170716504,-0.025305063,-0.067646673,-0.323252304
0.001322322,0.7715365258382716,-0.000256336,-0.193852947,1.6784393709345118
-1.361658261,-4.935258099,1.4611682841915905,-1.073080028,-7.249245425
-1.704942412,1.5233087247826036,-0.136977011,0.080341137,0.8540368703347876
-0.174075571,-1.063487883,0.025911238774030662,-0.148850517,-1.066868487
2.0902166083175158,2.677729168925803,0.12500278362382716,0.059803746,2.3267260966832755
0.7140426603871028,3.206523598468208,1.1332965371627728,1.5871552219980531,4.516441414638635
1.050152050008432,0.6530088714990474,-0.872439551,-0.830774507,-0.594630123
1.8543384124697648,2.0223337918341424,-0.410881431,-0.22157845,2.6976651943941965
-2.873888944,-2.026904002,-0.267009367,0.092908728,-4.145177077
-0.079113731,3.414381246304237,-0.219024896,2.7684814569432743,5.158461445178345
-0.558834598,0.5264282474824035,-0.139697844,0.24998066455122095,0.6841894198637908
-0.376745327,-3.19159372,0.5388554028277416,-1.430290874,-3.358463638
0.894093096,-0.57255915,0.8826026066345701,0.9871484420348345,1.405721624
-1.26733178,0.534737666,0.006034386,-0.004761489,1.5888662539004663
0.7133251632637958,0.9535154874419347,0.34956236674435365,0.49004631372450475,0.7500133178882927
2.1220429468017157,1.9211553338030318,0.22491808484476772,0.10599129729384507,1.796768793770296
-0.515988675,0.002021649,0.070341296,-0.136323333,0.067584023
-0.161529554,0.893392676,-0.092909112,0.5751833610101024,1.377782092
-0.663050379,-2.619260081,0.858918625,-1.295404771,-2.440328461
-1.202121649,-0.650975145,-0.178543638,0.14852376905250006,-0.716221939
0.15206707423523755,1.2903213473195956,-0.037705923,-0.247955862,1.5184639993931437
0.4587674924185263,0.35866611875335364,-0.026472174,-0.057702812,2.102983687165511
2.536864125,3.1709667514222737,-1.073757411,-0.423261695,1.8855382177581543
0.22348037787598826,1.5989833791073669,0.204498422,0.9150620919957028,3.700690165460607
0.043373197074719316,1.476851487133668,0.045734173,1.0544339864992882,3.2951096471112216
0.9939540325824959,0.031432576,-0.124864232,-0.125623749,-0.338129892
-0.748138694,-1.219731198,-7.79E-06,1.0411894628483778e-05,1.2749873527484934
1.6565329543810607,1.3297836085720829,0.9480745152870325,0.5723245727044812,1.634937728465101
0.10518106677188874,0.7930492712037754,-0.017631628,-0.167631198,-0.098218087
1.4949212709586293,2.318546398854205,-0.488272415,-0.326620823,2.3529477752151253
0.11184388166489645,-2.233224854,-0.172050102,-1.538305893,-4.711091732
0.33405791472962504,-0.226115275,-0.038251637,-0.114506004,-1.265032983
-0.102627279,-2.557594903,-0.042516364,0.4142793678097049,-0.760724416
-1.263830626,0.4461325888434309,-1.543606154,1.2213710621665008,1.6157405239512526
0.5274542942855818,2.327188483462126,1.0892957201399476,2.065194523850375,4.309499688350031
0.6895772362998344,1.7135407186258287,0.1248014403147509,0.18098254081648096,2.377979974885261
-0.456300368,2.3244882984115267,-0.473499551,1.0376926786314813,2.390362912927534
-1.200161112,-0.316768554,0.061853202241797134,-0.051537416,-1.413760532
-0.065071753,1.1836550780637012,-0.098430329,1.512642960733336,0.6988753694026459
-1.731851006,-6.305862195,3.459407415420348,-1.997520227,-7.095968941
0.16671412373031824,1.144000974642983,0.069642435,0.41773566243029264,2.7686040650774126
0.7557326119264796,0.5170237127232804,0.6645137009859453,0.8792973738317271,1.6606591210923198
0.9794864089166471,0.8314539795560132,-1.036743827,-1.058456572,0.8267192723835133
-0.566540648,0.27735374224178355,0.2968547934397011,-0.523977926,0.8388429801809081
-0.630373793,-1.68749904,0.26019673587354386,-0.412765788,-3.521305913
-0.636970472,1.0786472748011617,0.10443288036576509,-0.163952467,1.1260491935956352
-1.187423914,-2.356778918,1.5951039138339567,-1.343331471,-3.852678524
1.9875888482545863,3.535339607041591,-3.437570156,-1.729517732,0.4606574624658508
0.5583617859313882,0.029158944902290318,-0.030257152,-0.054189152,1.609095985451424
-1.090469017,-0.132568826,-0.918976816,0.8427353748133865,1.2887629639230223
-1.091222403,2.216575742479262,-1.379832756,1.2644835302477428,4.547281751695045
-0.885432583,0.010119705320604577,0.16243753632170338,-0.183455567,-0.971872543
-1.042134768,1.5863456642382838,-0.651169443,0.6248418750021688,1.9948631434561566
0.9264657907133572,1.0126021816890085,-0.753098968,-0.812872936,0.41056954465732687
1.1747915523516899,1.1900010300757011,1.042826332233077,0.8876692466383115,1.3239526013638991
-0.926656004,-0.982888684,0.36637230809999094,-0.395370349,-2.985648313
1.238060474798138,0.21155771686687852,2.713264253976461,2.1915442009558137,1.9161579960897097
-0.142233168,0.6440640322062603,-0.187076744,1.3152821243363826,2.3914635107483915
-1.518763955,-2.869632054,0.7803811199053609,-0.513826469,-3.698377981
1.1989549661665257,-0.102961339,1.6629249998557434,1.3869786996026134,1.189372395903477
0.2760978064916321,0.23550658675486502,0.3610642976987795,1.3077405513894313,2.9579373250079284
-0.948951128,-5.152837824,1.3817444931600347,-1.456075505,-6.907972971
-0.035850051,0.8399807496150027,-0.009686164,0.27018551362480153,3.5447973546889067
1.3993896149671856,0.4685410130118044,1.0971692862646665,0.7840341778514586,0.93468099
-0.220063466,-0.27436174,-0.126361914,0.5742066882579654,0.7844582452903243
-1.118197744,-2.676360274,1.3946558523390091,-1.247235438,-5.882738139
-0.105469608,-2.720449581,0.14334191531688611,-1.359082656,-3.44372453
0.000118504,0.6681104346145543,0.000102358,0.8637528843451564,-0.160331535
-0.014311818,-1.762231297,0.014511345380833384,-1.013941409,-1.94585213
0.8523630040530947,2.2198150065528477,0.9404766103710712,1.1033756813693052,4.128735411854273
1.144313838852176,1.131350327947148,2.259629026247629,1.9746584805040803,3.3500297073712977
-0.227188815,-2.252799399,0.139719569,-0.61499317,-3.708771332
-1.167516667,0.24149598560297547,0.009622568,-0.008241911,-0.85729275
-1.367063927,-4.227565833,1.193589345664242,-0.873104265,-5.711288034
0.48197229997305713,0.10528594878208619,-0.368655565,-0.764889529,-0.244490806
-0.500904851,-0.156011172,-0.503425249,1.0050316899680916,-0.769657515
-0.12345984,-1.645529526,0.10910435403436339,-0.883723435,-2.46345571
0.4099775716972341,2.011991512284238,-0.04329442,-0.105601922,2.8250334979090255
1.1737261959606642,1.1205685760050133,-0.090163625,-0.076818278,2.1352282506971436
0.5462981217559987,0.6195402814327784,-0.358438323,-0.656122195,0.5608085197869002
-0.133913735,-0.086261675,0.07731386,-0.577340777,-0.440635126
-1.378154729,-3.514000796,0.6340978459753843,-0.460106425,-5.852468718
0.4798469151252153,2.5173917719350016,0.4463743175339926,0.9302431743622065,1.4622832264793746
-0.612989091,-0.969663558,0.2577208538883085,-0.420433019,-4.268930195
0.20609855620679335,-0.825748164,0.11312285992972325,0.5488774982791196,-0.091227289
-0.785082642,-0.158697966,-0.680953702,0.8673656315474342,0.5436506322731395
-0.714557969,0.10686968501861793,0.5119708481208018,-0.716486094,-0.511784438
0.3414118030516234,0.44728689017387724,-0.004958402,-0.014523229,0.072750643
-2.086330589,-5.297391047,1.788483163431402,-0.857238624,-8.153401678
-0.272489487,1.3982211993645979,-0.141286175,0.5185013782320709,1.4152005112240351
-0.741652856,0.066923864,-0.781986649,1.054383656134755,0.6231717878429355
1.0278026378998044,-0.21748185,0.16092651865792665,0.15657336605669872,-1.171086036
0.6392354528571773,2.9745114807016666,0.11057407028240779,0.17297862593224012,2.9104610642097795
0.023672248753349008,0.3117009639929879,-0.006709656,-0.283439733,-1.289429418
-0.657117599,0.20735483276061317,-0.329306304,0.5011375505420653,1.380605163980406
-1.040983768,3.9036837963244544,-1.87997507,1.8059600234243307,4.650449577376257
-0.15686018,1.3085260021499678,0.011035928241903994,-0.070355193,1.048163952308548
0.4961803810838876,-1.096294963,0.4424786565168084,0.8917697542781321,0.12418751695673341
-0.585024176,-1.345016867,0.21125262787140117,-0.36110068,-2.534240551
1.266152246880109,2.232518437207937,-1.682676705,-1.3289687,-0.067047905
-0.971150942,-2.114469721,0.6359518354419549,-0.654843452,-2.959481187
-1.060788045,0.6540919385524109,-1.523387685,1.4360905481770057,1.377232435061211
0.9193791819865516,-0.100315351,0.079692685,0.086680976,0.091417782
0.6037119583368509,0.5758247827700431,0.3657358283801438,0.6058118003620454,2.492406390019598
-0.382763208,-0.379965227,-0.256237092,0.6694402368550167,-0.167610794
-1.41784248,-4.849218445,1.1274176833906322,-0.795164272,-5.045381765
-1.023729666,-1.606628497,0.3256438957500241,-0.318095594,-0.986879646
-0.735333239,-0.19447123,-0.177312591,0.24113229373320405,-1.425103235
0.7894685885393162,0.8870507880653973,-1.412702761,-1.789435047,-1.342936947
-0.664053583,-0.814252302,-0.548179228,0.8255045116152737,0.3811254327157987
-0.67179386,0.32208153570887477,-0.602218055,0.8964328068255706,1.631077094953951
0.074386638,-2.26745403,-0.045236196,-0.608122607,-2.76541696
-0.789391785,1.3304629061742093,-1.346174467,1.7053312353105285,3.918824264261194
0.4909417311163034,0.6235111363044888,0.5416375483899123,1.1032623915639372,0.12796903642023305
-1.470300138,3.3642946532484377,-2.077412767,1.4129174807128302,3.9135851553205208
1.4726150585008453,0.8528566070734538,0.8855410543410019,0.6013391274448208,1.1527278101285212
-1.116142807,-2.147925166,-0.210015858,0.18816217447348083,-2.700525839
-0.797482699,1.4670067972680867,-1.345741618,1.6874869138714461,3.566387882446129
-1.422714613,2.9217879448561046,-2.383074007,1.6750189996838805,4.785456952806599
-1.521596399,-7.471109769,3.4572007164481535,-2.272087867,-8.164944803
1.9334105650211275,-0.223905308,2.409061524615903,1.2460165306842512,-2.035762283
1.2714989716118965,0.2965842626734143,-0.026748245,-0.021036781,0.10624823412545231
1.1974541022465421,0.3943657253855435,-0.083383158,-0.069633699,0.521148175
0.315658534,-2.413435054,-0.503615741,-1.59544472,-4.028827495
-0.253620841,4.119747081974528,-0.700278564,2.761123895888265,7.0119508959054855
-1.182159103,1.5925503172120434,-1.519555201,1.2854066740058783,3.1823590758889146
-0.321804494,-0.998091709,0.016334978,-0.050760566,-0.622793142
-0.572588826,3.525970138957817,-0.925711288,1.6167121076664142,6.361915404398394
-1.24271614,-2.14754901,0.6405862099139265,-0.515472673,-4.08188223
-0.628770298,1.2493422234070413,-0.508261169,0.8083415687521623,1.9582691547957634
-2.915140243,-0.967292362,-0.762823433,0.26167641003748704,-1.466731317
-0.116383302,1.7624742768325803,-0.214817335,1.8457745312942466,3.134362471094304
0.5427925274941354,0.7899208899976375,0.012065450820219226,0.022228476276047456,0.8189637963215137
-0.276517546,-2.645300529,0.30440086741399985,-1.10083744,-2.675049673
-0.210194429,1.0696570286209834,-0.078396432,0.37297102907700413,0.8448315574165555
-2.06284464,-2.741044905,0.7317722703667857,-0.3547394,-2.575405277
0.24440801991919142,1.352187685177034,0.2630427058605175,1.0762441672228564,2.3079758410088913
-1.41139526,-7.82907569,2.808643081401725,-1.989976274,-10.71876981
-0.421062462,0.7754189537371237,-0.416514174,0.9891980686149887,1.8100989926352413
0.6750852386783361,-0.413043257,-0.357910937,-0.530171475,-1.157570042
1.0839543692129598,0.920132445,0.23039878535412084,0.21255395236001431,0.70663897
0.3398406649254909,1.4265070596970149,-0.153985036,-0.453109507,0.10376060358933337
-0.163250817,-0.9007177,0.15781891465353756,-0.966726643,-2.459818028
0.9353301930572645,0.7040752516367462,-0.138867379,-0.148468829,1.0503206775829252
0.7237359709055355,1.0857390330446273,-0.023903049,-0.033027306,-3.058847156
0.24017009005792817,-1.717871325,-0.392261587,-1.633265771,-3.576740518
-2.178897656,-0.687722984,-1.111835446,0.5102742861860985,-0.307115631
-1.392971514,-1.977327027,1.0000565668870927,-0.717930379,-4.25859125
-0.889336034,0.9946072097768976,-1.647439138,1.8524371832113464,3.4104636951845873
0.076483661,-0.158144046,0.014788097422330827,0.1933497588154367,0.6734232820734378
0.12521105985681003,0.43107770106794685,0.029540190056792294,0.2359231691719096,0.047162638
-0.261326159,0.9746893588269506,-0.165719991,0.6341500259743766,1.675654645808938
-0.55871828,-0.503872331,-0.185884907,0.33269881056632444,-0.821189482
-1.01116383,1.4009687658151737,-0.373390502,0.36926805640490107,1.2293441095250528
0.090391945,-0.826540451,-0.013298991,-0.147125836,-0.936362046
0.7590069038029381,0.25594950785647286,-0.933889559,-1.230409834,-0.396290358
-0.861638677,-0.68132769,0.12841901067512365,-0.149040444,-2.328451501
0.665915645,1.093404597,1.2720260305427418,1.9101909381464788,1.7192174897820036
-1.358981766,1.7645963812517127,-2.345510833,1.7259325263455736,4.053300412113407
-0.345150345,1.095345432632096,0.039758033,-0.115190479,0.4961609584968946
-1.422872589,3.2710289142939213,-2.72029357,1.9118321566354222,3.747790224425987
-0.362343898,-0.588732082,0.8112546480156373,-2.238907992,-2.002114233
-0.850719718,-3.082038143,1.0533802533968732,-1.23822245,-4.998054548
1.194480248120752,1.612923326966498,1.007306426343651,0.8433010323347103,3.282091562024962
-0.127818015,-1.434065116,0.076832507,-0.601108588,-0.055198593
-0.397485728,0.9899656804558792,-0.043853996,0.1103284792329819,1.5294889502168987
1.0028931253376534,-0.320170636,1.1073729592124633,1.1041784326117836,0.9706619769021734
1.183842839486711,0.7453784786643826,-2.415114759,-2.040063663,-3.013196758
0.7449759582465216,-0.12205287,-0.954455696,-1.28118993,-3.09499318
0.8412091036033198,1.8563301073073815,0.3945121801545385,0.4689822999592435,0.8271047547587604
-0.230865928,0.20834701278844658,-0.286485417,1.2409168369762806,1.6542577996564063
-0.142883241,0.723725566,-0.073919891,0.5173447255895985,0.5036730816323792
1.6888619105422493,1.6455858032831832,-1.06953698,-0.633288591,1.1402843685654522
-0.13101537,-2.436508176,0.084455551,-0.64462323,-2.093880785
-0.178946085,-1.439648251,0.29238391645572287,-1.63392184,-3.297102385
-0.959640824,-5.247196665,1.9690707010316855,-2.051883008,-5.810556786
0.2302331103556297,0.744609773,0.10581107188909274,0.45958234124384456,1.7716991874009813
-0.69539726,-1.469153478,0.067771573,-0.097457348,-1.972048269
0.3910751974847269,0.09794554,0.5372773091033436,1.373846545521022,1.1518192870107933
0.6259412549803434,0.8350571284837517,0.44445790288886616,0.7100632836588213,2.1595777789836474
0.5138775133773621,1.696582688444499,-1.010924011,-1.967247028,-1.832019816
-0.785148056,-1.841167249,0.9053915126037501,-1.153147493,-3.541010797
-0.765143526,0.28101412190247604,-0.376905058,0.49259393172476607,-0.749996632
0.2507749687957162,-0.15533762,0.34655503315051867,1.3819363025534892,4.343396282574235
0.3961696555182395,1.369278173065105,0.32886741582198487,0.8301176307705472,1.7915723451822636
0.674155816,0.249190757,0.28188238062514387,0.4181264536238014,-0.078344204
-0.612640907,0.11319601885694619,0.095956559,-0.156627736,0.1840128137021137
2.5070176483750326,-0.543424826,3.32655408,1.3268969536615565,-0.894441451
2.842523118079382,3.207504814152238,-0.736595621,-0.259134435,3.9066323307682564
-1.712159561,-3.250520935,1.6451225152560232,-0.960846497,-4.288915131
1.5450671126066566,3.1909860014573153,-1.973429674,-1.277245278,1.6196249290764706
-1.228200689,-2.499080567,0.24166872789676935,-0.196766481,-3.18940434
-0.368478564,1.7519198693616007,-0.551787892,1.4974762332698646,3.894819892
0.13399453464431055,1.3323152717843574,0.22661631510541408,1.6912355097688776,3.1688725077121314
-1.446307483,-3.687141215,2.3942139856473066,-1.655397634,-4.121923306
0.9195863597404467,1.6865404224461433,0.7456259792426538,0.8108275762736485,2.1573677879515682
-0.14361089,2.4771051282660297,-0.205590141,1.4315776505743731,3.3946016030465214
1.8596794480764636,2.7494539877761976,-0.0785728,-0.042250722,3.330022892094259
-2.009046023,-2.690223953,0.2869581380176461,-0.142833034,-2.447318131
-0.129258116,0.5852091499364152,-0.143598851,1.110946494534252,3.627504025
1.124345834855808,2.144638949174759,-1.258394008,-1.119223258,3.3695925666845885
0.9129068803532118,1.7860004990871197,0.6729428598502827,0.7371429379411788,2.9475785181283936
-0.177613418,-1.073806653,0.003364435,-0.018942458,-0.185940399
2.0515298521265937,4.2922221874298705,-4.762327224,-2.321354095,2.5648258105524326
-0.689607557,-3.847950719,1.2533685203333496,-1.817509841,-4.42740998
-0.782702849,-2.356553571,0.5307777337114347,-0.678134409,-2.396293078
0.2382877957721248,0.49701113640751843,0.004884037,0.020496379,0.8748675127562784
1.210915639401883,1.641206393911741,0.6329068843733984,0.5226680239145437,1.2097151703755187
-0.681560423,2.5232007544931436,-0.054124325,0.079412365,4.332743254527406
0.8384164767376067,1.451793716575608,0.2552368642269029,0.3044272999262425,2.6223413449709616
0.3446650585734944,-1.20850961,-0.346396735,-1.00502423,-1.126678386
1.0031205912900303,1.3313376391578626,1.4369136050525873,1.4324435342361896,3.375564157046319
0.6362315722004417,1.299615342966986,-0.162634959,-0.25562227,1.1270622458552375
0.11389139879275194,1.3762963536366004,0.13762038797319984,1.2083475085210562,0.3234087915606345
-0.662631147,-1.819293485,0.086150009,-0.130012013,-3.727643545
-0.607195313,0.9422341554988868,-0.843466721,1.3891192899983322,1.7687394616959349
0.888644158,2.299544238210233,0.28150842531657727,0.316784196,1.870069136401544
-0.533653779,2.2040333994346026,-0.644897951,1.2084575755257576,4.191611043309743
0.9630215777729758,-0.173932002,1.9838150392250755,2.0599902276465327,3.160243999369956
1.3737554731456458,0.584578683,-1.277736169,-0.930104516,-1.108829614
2.039276824736884,3.1048322918946765,0.4576552986606695,0.22442038918365978,3.3471997897149337
-0.37254475,-1.778384829,0.48219431024840353,-1.294325876,-3.976503225
-1.736202093,-0.585545633,-1.135852629,0.6542168300228938,0.37556281186145923
-0.414569615,-0.807271735,0.048448672087827584,-0.116864986,-0.81625708
0.9855456525116039,0.7632249370442398,-0.883325242,-0.89628039,-0.984783557
-2.108396947,1.099993487880619,-0.342090243,0.16225134613986952,2.0207663944402103
-0.23449858,-0.787346666,0.09405315,-0.401081959,0.4651344088506697
-0.158535175,-1.97112216,0.12982981469263083,-0.818933809,-3.056333228
2.143364378048329,1.4453331189832954,-0.345042045,-0.160981515,0.813516107
-0.559116864,-0.547079244,0.5299273011395796,-0.947793449,0.068066823
0.036125242266168325,-1.116564652,0.026067071280927816,0.7215749887258169,-1.636774195
-0.337868769,-0.662679289,0.004877343,-0.014435612,-1.346305608
0.5055412877444889,1.4431043856621169,0.5718701081682511,1.1312035674073098,3.4111332933182825
1.8498074094976384,1.0657765245068034,0.6399655861421715,0.3459633596753568,2.5955198187081345
0.3855071883285038,0.6759612341225015,-0.073168446,-0.189797877,-0.04368013
-0.734007426,-1.300536054,0.5977925376166834,-0.81442301,-1.125642846
-1.298061419,1.4940753676342764,-2.851385847,2.1966494073939034,3.580045992891673
-0.689428235,-1.854912589,0.14437304085949376,-0.209409817,-3.908830295
1.3733627919987195,3.4218862286307266,-1.829151635,-1.331877961,2.105018142125875
0.8605554995565576,0.8172144342545271,1.3640175797115466,1.5850431266948173,1.9899536271451996
-1.151431742,-0.104557638,-0.408504462,0.35477957338602106,-0.517575793
1.7985426128857738,3.4757528469130277,-2.109812307,-1.173067734,2.2475947898981334
1.3813457559582918,0.6108675072121489,2.3950443300273165,1.733848545663923,3.4549082933029114
-0.027534306,0.1954772284171428,0.00417725,-0.151710757,1.7116254614204278
0.7269919431511747,0.742833322,0.16494169098313102,0.2268824194504617,0.3594376751390518
-0.37501844,1.0723356509493442,-0.247750007,0.6606342003477779,1.7212570731618066
-0.879818988,0.5250540655167669,-0.24088301,0.2737870096134197,1.4027163295808291
-1.447999159,-4.482048009,1.5994447552432112,-1.104589561,-5.814780593
0.10489940271007646,-1.161604005,-0.067842215,-0.646735949,-1.862989298
-0.394632409,-1.559952657,0.16305679845000517,-0.413186537,-1.112520569
0.967410299,0.8698541861416835,-0.314685628,-0.325286622,0.387095839
0.2137520636315001,0.14164809143729631,0.027956804592290854,0.13079080555913253,0.19015184589513856
0.8327235542482678,3.070674396357611,0.22392070622755583,0.26890161216791547,2.7685885891994757
0.046813472669882075,-0.486240561,0.000821376,0.017545710794555653,-0.330793813
1.1540634275246733,-0.61374375,-0.543015887,-0.470525167,-1.338112947
-0.411339061,-0.316107451,0.023010412938872904,-0.055940257,-0.590259489
-0.189919976,-2.883482676,0.4219768716455506,-2.221866702,-4.545276758
-0.440583066,1.079109967807364,-0.557340858,1.265007444400904,0.948879005
-0.87340808,0.6522550695366138,-1.018536319,1.1661631508562524,2.779309322840046
0.3567130425319667,-0.776703092,0.3273709322007521,0.9177430964594318,-0.175925157
1.1952411510493843,1.7222675592279264,0.9450227050148743,0.7906544249963063,3.2417470096169896
1.5649708347922695,1.0754140168494977,1.325662119816695,0.8470842333573968,2.5741004550990225
-0.559957428,-0.314296196,-0.38549839,0.6884423179078996,0.9127705367480543
-0.116307579,1.8017806044263343,-0.110816151,0.952785297,2.3386283476014333
1.2552138189428141,1.4125610107837514,1.7761565580576648,1.4150231070222021,2.626725694616071
-0.828726084,-2.542565777,1.2390667531724089,-1.495146319,-3.927950603
1.5576896682187478,2.314321631085391,0.3937015638177624,0.25274711121886606,3.697608665032856
0.19920572460175107,0.539329122,0.10540714241798173,0.5291371150538471,1.7773707831443597
-1.09644178,-3.090842461,0.8583048485407387,-0.782809324,-3.207199121
0.5658911058531384,-0.446753846,-1.556148608,-2.749908229,-4.496096223
-0.669594592,0.1176264089199357,-0.594157377,0.8873389730097704,1.722855925
1.9511223530381234,3.389868246749448,-1.770260116,-0.907303488,2.224376630103706
0.5268506558467168,1.1515490983779801,0.21610733247169814,0.41018708067162957,0.27186517492421847
0.5609709158150603,1.2685848828990953,0.3962806531393653,0.7064192491398436,0.8383949340521648
-1.327358357,-1.23696199,-0.687947205,0.51828295,-0.908792412
-0.329704371,-1.997535456,0.3248921588786454,-0.985404463,-1.617716866
0.015001082530543247,2.2293968102196327,0.011565918887829882,0.771005617,2.268711833801531
-1.43316132,-4.228404603,1.617006311,-1.128279342,-5.162776655
2.565682550557733,3.7974944630026313,-2.698513349,-1.05177211,2.1499531900382918
1.3890780544548478,2.1004769765693174,1.672358158028914,1.2039338989379118,4.7097320167448995
0.6909365787607584,1.4608184142856375,-0.546604641,-0.791106822,0.49765574265504453
-0.258332346,0.36363164741350174,0.057715864,-0.2234171,-0.358756484
-0.477918568,-2.622047909,0.032292806,-0.067569682,-0.948250922
-0.344719125,-0.298947337,0.028623596,-0.083034546,0.2650155981611571
-0.195289209,-0.514592691,-0.112511231,0.576126205,-1.177173749
0.023014555350783793,2.2651960613389317,0.037948992,1.6489126626296304,4.381210296904085
-0.093433056,-2.164419644,0.1494743996959611,-1.599802102,-3.865579403
-1.83641165,-4.160279911,0.3054425432060442,-0.166325749,-3.817935996
-0.318959135,2.329002901,-0.639335344,2.004442808895026,3.490552871013174
0.2028993714216269,1.0270604886697097,0.23572388714312986,1.161777315974495,2.059616521435925
-1.951109896,-5.341922166,2.442059173340939,-1.251625641,-5.901072464
0.7156727563144787,0.7921171773287061,-0.946402024,-1.32239493,-1.687554627
-0.201844919,-3.625063676,0.38637710283195603,-1.91422754,-6.410929652
1.6120062998880775,1.7909344836388932,-0.553870149,-0.343590561,1.312803344116708
0.44096297208740515,-0.241577463,0.4754265178292251,1.0781551919851193,0.016058626
0.3958507306262026,0.2742091215669712,0.3547306191170574,0.8961221785694404,0.2475151838353823
0.5037171000924441,0.5713833478429378,0.8551448113894237,1.6976688129755457,2.820427667120376
0.8998252074120938,2.048440106999339,-0.309247857,-0.343675476,2.2185685928772916
1.1653397436619508,0.6296063062000042,-1.848935264,-1.586606202,-0.12794578
0.5409096594195538,-1.41698953,0.012050689810198491,0.022278563,-1.367836386
-0.69794695,-0.273601899,-0.222714603,0.3190996146922217,1.1651181942960704
-0.228746706,-0.941356224,-0.09230711,0.4035341583357613,-2.117721831
0.9922066551016705,-0.321482046,0.4623595863398544,0.46599121661049214,0.9856571719752649
-0.442275633,-0.149003712,0.08960685,-0.202604086,-2.321791504
1.6230994596857102,1.1654764194132257,1.0191735997019598,0.6279181436603447,1.4376764384126388
-0.861470696,2.7941348415924008,-1.223810503,1.4206060739452788,4.048701368250366
-0.804189788,-2.408637903,0.6964051254182214,-0.865971113,-3.924344916
-1.122451965,1.2917262109365584,-0.69380639,0.6181167760371439,0.9439703597049098
-0.424145779,-1.32128925,0.5674613657052582,-1.337892286,-1.574695476
-0.942382499,2.883003219959547,-1.26566603,1.3430491665505497,4.164788115214365
-1.241137458,-3.474371617,0.8632939998201989,-0.695566792,-4.706182848
0.6131340710353905,1.0884083420250856,0.4849837443174792,0.7909913463110837,1.1344874908504337
0.19028400580762697,1.1535169908571508,-0.067892927,-0.356797863,0.16726639618704553
0.661388636,1.2521239500579129,0.7888756000153468,1.192756507781174,1.8091932757186042
-1.972270018,-2.848660235,0.6115913498699517,-0.310095141,-3.95623562
-0.274912784,0.30277103148331186,-0.391853784,1.4253749059841758,2.4769062839144484
-0.298708871,-0.342352016,-0.059812249,0.200235931,-0.18379228
-0.24342773,-2.779686253,0.3326680852423302,-1.366598968,-4.060414199
0.661553995,0.8719952103281912,-0.140522086,-0.212412119,1.3550560376712995
-1.433498641,-2.337315637,0.8599507969628236,-0.599896486,-3.400013379
0.7811339578032547,0.20628355887256078,1.140685930291821,1.4602948942326321,2.8519151412154473
-1.39380472,-4.165893709,1.3780200965585343,-0.988675154,-3.344196547
-0.494960573,-1.625429515,0.35479762308123175,-0.71681997,-4.07042435
-0.638850701,-2.604871885,0.6528994814695049,-1.02199071,-2.754806701
-0.407065633,0.31222836259952175,-0.26397409,0.6484804138290698,1.9174155107707636
0.4761608850098827,1.4694161037726023,-0.123273769,-0.258891003,1.6323508839898067
-0.604792979,-0.454234183,0.1516249683900452,-0.25070557,0.27609841405345126
-2.380233,-3.84950932,0.7335938033060305,-0.308202518,-4.863694886
0.064897132,1.8224679704756637,0.14414348114280234,2.2211070932656627,3.835151209815867
-0.366561126,-0.743926748,-0.333761141,0.910519739,1.0272423138170326
0.9031177433522297,1.8441887086124717,0.2121889801926395,0.23495162369972675,3.6425132347908282
-0.334843096,-2.145052533,0.019028776,-0.056828932,-3.478831298
1.261874278562489,1.4862406002242619,-0.282809621,-0.224118698,1.487131861380851
0.5473576022031712,-0.026674468,0.046147954152045235,0.084310429,-0.380234682
0.21442062814995436,-1.081569308,-0.102385947,-0.477500454,-1.812904216
-0.267120734,1.093183756957183,0.2570389266282857,-0.962257489,1.0501657195473528
-0.357313416,-0.918826313,-0.252145996,0.7056717866805947,0.7556586846219657
1.2808133618745887,3.5498032297316438,0.2213928714963523,0.172853343,2.9852385635102303
-0.209921896,1.8704681033579318,-0.296362641,1.4117757486758415,3.6083811066830562
-2.564307298,3.728750841429923,-4.911025599,1.9151470660046737,6.845195906792956
-1.134931715,-0.634553627,-0.207819192,0.18311162584515275,-0.117342902
0.6205251049871462,1.943106741486136,-0.422948059,-0.681597014,-0.52801422
-0.341786468,-1.44678828,0.4278893139277077,-1.251919996,-1.638713388
-0.814288574,-1.003859916,-0.495640899,0.6086796682202567,0.45080357519172964
-1.111818357,-1.191332146,-0.538207298,0.4840784419444838,-0.367732511
-0.509912009,-2.746748366,0.7129821574495183,-1.398245471,-2.967429514
-0.352557173,2.6182488813710565,-0.600523799,1.7033373451650504,4.558280947
0.3799924438840845,0.26793747607400503,-0.311798961,-0.820539898,1.5670942731442814
0.088727216,-0.456698766,-0.106726952,-1.202866009,-4.05544843
0.41976070934064175,2.345480792896813,0.12581384989158514,0.2997275521313393,2.706040569396414
0.3952680333617496,0.7021346069376024,0.4320684111997492,1.0931023374822721,0.7629075261021769
-0.396943543,-1.879277126,0.28373426053494016,-0.714797521,-3.520150836
-0.093389288,0.36709058568803077,0.067560546,-0.723429284,-1.100073925
-1.139776401,-6.453316272,1.7469104609506536,-1.532678216,-7.197150579
-0.464665142,-1.463243812,0.5388304255101563,-1.159610173,-1.716571417
-0.14601021,-0.182061471,-0.050584924,0.346447856,-0.111181965
0.3491790516561416,-1.12612455,0.3066183643473009,0.8781121401556675,-0.828851282
-2.809465559,-3.470307326,-0.173993149,0.061931049,-1.148509476
1.813627186109213,1.609576054881908,2.610451199134338,1.4393538093871194,3.15781332
0.5406784948650012,-0.926026715,-0.61182089,-1.131579849,-1.966953328
1.613756991335005,0.5553625435515073,-0.698894096,-0.433085093,-1.277489301
0.35886875780529987,-0.624406696,-0.158700774,-0.442225106,-1.607812079
-0.541205561,1.1300581709782396,-0.398333757,0.7360119446817083,0.40191345700092485
-1.481591059,-5.201534271,2.5314916751376693,-1.708630503,-5.868134302
1.2895401972362754,-0.437481428,1.288019608724899,0.998820829,-0.05942677
-0.499098276,-1.478567263,-0.427968066,0.8574825578996259,-1.517678373
-0.025616113,1.8569510350293352,-0.011546111,0.45073627746408057,3.4458901125097636
0.067706165,-0.156131519,-0.00014738,-0.002176758,0.089503996
1.1787682275331899,-0.315768291,2.786449329098478,2.3638653163647656,2.966409152968812
-1.424221199,-0.070739324,-0.822341535,0.5773973423258848,-0.072529709
-0.285982669,-0.991141241,0.1841413295698648,-0.643889821,-2.967959454
1.1411253026580561,1.355814821,-2.821207948,-2.472303385,-2.540897544
0.21342874210670548,1.508351316136514,0.39326683,1.8426141951073485,4.8449079204632355
-1.156138167,2.3644781873664003,-1.01142865,0.8748337171968295,3.1795637335970697
-0.588706519,1.807182595931133,-0.471175523,0.8003572372087472,3.4252651640707508
-1.929210957,-3.959845034,1.7492991921019168,-0.906743343,-5.296856257
-0.780392799,-3.34384082,1.2563891258124333,-1.609944541,-4.682951168
-1.652351955,0.9984179994165431,-1.927123803,1.1662913564915514,2.0948475378959213
-0.783537643,-2.16220096,0.37747950522552837,-0.481763076,-3.119461072
1.6525886052027154,2.430197467697437,-2.216353708,-1.341140621,1.5287162244129235
-0.113742876,0.19574609324579872,0.051640597,-0.454011705,0.4789704936918559
-1.00629517,-3.961560747,1.4973507139334976,-1.487983604,-4.726539763
0.7808307663730899,-0.814397664,-0.166840374,-0.213670339,-1.08311709
0.17095967061066414,-2.94091299,-0.204290063,-1.194960557,-3.951198252
0.9090667427633325,-0.814428543,0.8931338908000135,0.9824733969313548,-1.62555731
1.0934060158200074,1.660524518940293,-0.948618722,-0.8675814,0.8599175778843683
-0.735523431,2.0963239608440207,-1.797657051,2.444051372,3.9316745562424913
-0.187929369,0.615522048,-0.010502984,0.055887930710752334,-0.519568723
0.068165822,0.8936809479206203,0.059444881,0.8720628510711241,2.2584239055194675
0.17011283351590556,0.7718475794980649,-0.060241332,-0.354125733,-0.032023255
-0.436789746,-2.778265028,0.21648834955200386,-0.495635147,-2.660368216
0.3194543050105656,2.5981195781540936,0.40557778445875226,1.2695956138244504,3.3942431559064787
0.19823737902146488,-0.636145181,-0.089590439,-0.451935145,-0.340276568
-1.268571181,-1.3154565,-0.633655159,0.49950303805420443,-1.126767559
-0.180140947,-0.069118169,-0.105054447,0.5831791626478785,-0.050610468
-1.880139761,-0.596890726,-0.043846848,0.023321057980589976,-3.172785416
1.7991310091321444,1.887237011,1.4371422060127692,0.7987979745321662,1.8304570737497896
-2.527614,0.4994674726763384,-3.182955411,1.259272741,2.1302064699091394
-0.351526356,1.0105717417247775,-0.263462546,0.7494816284801732,3.078722576002119
-0.829501066,-0.712618847,0.30222142993444956,-0.36434122,-0.507193938
-0.187827891,-0.41557219,0.10457191748708485,-0.556743288,-0.076876479
0.23345762481338883,2.86490848,0.4744513059093638,2.032280189129012,4.010860863235417
-0.119103782,0.5102477596752514,-0.012529454,0.10519778039612401,0.4969182760534825
0.073262981,-1.524573376,-0.020396615,-0.278402747,-0.652580926
0.8888062131349339,1.6385452621947167,-1.243534157,-1.399106058,-0.338721277
-0.596755834,-2.452434787,0.36804949561637296,-0.616750561,-3.918354663
1.800659794641247,3.5820478940680536,-0.670893668,-0.372582134,4.622760270916107
0.601868638,2.0971837930245534,-0.1396437,-0.232016907,0.8631735772860931
-1.617474165,-0.658005274,-0.680854769,0.4209370287467692,-1.107192544
1.0965662740210305,1.3217429636909128,1.0681587945782978,0.974094152,1.5855973763656972
0.5375164226401588,0.903321669,0.8224261011063616,1.5300483231131639,2.5792333844976185
0.1835698943151652,1.5469029916691857,0.33182867492727286,1.8076421308908472,4.109912961818339
-1.385124401,-1.710194214,-0.11218064,0.080989577,-1.457540356
-0.028646601,-0.622791064,-0.004878887,0.1703129549180733,-1.01488671
-0.921281739,-3.386960607,1.345076439961273,-1.460005537,-5.598340995
-0.209834604,0.7228756947442837,-0.14390391,0.6857968471064663,0.7089640626388087
-0.444173616,-2.055973679,0.30513724192322667,-0.686977414,-2.79093511
2.729926041274881,3.2561696790918897,2.396509333927656,0.8778660292234441,5.3682964389727985
-0.242583105,-0.714202376,0.058984587,-0.243152083,-2.303564405
1.1967780418654708,0.20792846696082257,1.2004494550570437,1.003067747788763,0.339269066
0.2942625105305393,-1.176408222,-0.727876921,-2.473563212,-3.854624747
1.647714597,0.30902013638286907,-0.9551059,-0.579654936,1.5583636724110144
-0.12611831,-2.304279674,0.11666758225129951,-0.925064586,-5.649057465
-0.211263713,1.6838522106336087,-0.071946866,0.3405547735587572,1.518822531
1.3656402492619768,0.9060811340514753,-0.218763996,-0.160191527,2.0129998684407813
0.12647721506920973,-0.569254331,-0.033945404,-0.268391454,-1.958199912
-1.428932319,-0.504300147,-0.174314063,0.12198902684178774,-0.234181846
0.16326572107974083,-0.262399405,0.14703824516140102,0.9006069626188457,1.0647861200604187
1.7068541795826062,1.3167000612312072,1.3735480421795763,0.8047248901575549,3.195633850935994
-0.121513826,-0.002475791,0.073530317,-0.605118934,-2.819525519
-1.18401068,1.1870995636361505,-0.673172836,0.56855301,3.0728356220045616
1.2876233855339085,0.854496836,-1.82151455,-1.414633013,-0.336233095
0.13134122496129658,-2.323537596,-0.26901911,-2.048245778,-5.763556471
1.2046333544825223,1.655251655670778,0.9579625100125122,0.7952316000946419,2.4069078150187977
0.43372360295932827,-0.236596323,-0.275782307,-0.63584805,-1.919939021
-0.289254968,-2.433861058,0.096112204,-0.332275034,-2.573937271
1.7295894799117661,0.19492103284323548,2.3359995119414076,1.3506092278386066,0.6718159216220725
-0.65767438,-2.126144119,0.6404420190624975,-0.973798035,-3.80832387
1.156127378131412,1.8070415872422867,0.7156765664016979,0.6190291657640772,2.316540777185423
-1.57900814,4.935589690573981,-3.450616162,2.1853061265188396,7.837325856419376
2.213003864167379,3.661690137987935,-3.092653459,-1.397491215,2.9359541129871967
1.573098150207967,1.272480746565656,1.2367893149181983,0.7862124272123084,1.9566721448039595
-1.214131572,0.5884108469568881,-1.042441942,0.8585905896054911,1.3303446815528341
0.9111552094332976,-0.737721636,-1.710598148,-1.877394905,-1.98102028
0.864161295,0.3747362510865745,0.5112937034579331,0.591664665,3.784363504166299
1.310850721110576,-0.124809032,2.488076444918381,1.8980623841061313,1.0670026508240942
-3.175012087,6.322725811,-7.461207126,2.3499775502295597,10.093601846437702
1.1201682627764862,1.6131195912211738,-2.346031568,-2.094356398,-1.322275154
0.6295285951486056,0.28378971984546797,0.9692499165242208,1.539643987570447,1.4416644338475348
-0.920117337,-3.521084488,1.7709597417751843,-1.924710764,-3.675032328
0.6756342919990284,-1.084447887,-0.36654642,-0.54252193,-2.474693987
-0.174685001,-0.770211705,-0.038821623,0.22223787155356342,-0.428265992
0.7107844401898479,1.924752493848108,0.21455121958347584,0.3018513172941293,2.1472801251500284
-0.403543393,0.8869536566171816,-0.740498409,1.8349907866399005,2.0969426643757085
-0.084496793,-0.624008787,0.084521214,-1.000289022,-2.288240764
1.338687404000998,0.025293365845091453,1.4800402872307563,1.1055906575405807,1.637331954473439
0.085778083,0.4858424435882705,0.082690313,0.9640028152082077,3.508233425468353
-0.091924601,0.4517776433160182,0.04206677,-0.457622544,0.5682823558742076
1.0966393693727947,1.185376491,0.5069818735293328,0.4623050090015398,-0.241826989
1.0502687996813116,1.8918483487473925,0.1656587619202453,0.15772987064883962,2.2161327935863833
0.6027989373827847,1.5582507606019247,0.38018553489612616,0.6307004065846648,0.7784074976020565
-0.099318891,0.3613760227174171,-0.037511879,0.37769128286346193,1.2801044454083954
0.21372333198822693,-0.410600892,-0.206699889,-0.967137688,-0.668627741
0.22460635371996993,-0.466730339,0.1173794765990153,0.5226008732832165,-0.155648024
-0.718996783,3.000061395368173,-1.27380401,1.7716407638127873,4.210443623764724
1.7706101433123607,3.387421407497747,0.741033102,0.4185185006220804,5.312767265240867
-0.543066935,1.013553492105181,-0.309324761,0.5695886471779569,-0.262020986
0.8602061931826401,1.8767912538555906,0.8541252863440256,0.9929308729850967,2.7026400309322653
-1.682043576,-3.521808434,1.2507415824330503,-0.74358453,-3.680327089
0.38909388501872716,-0.57735636,-0.140579123,-0.361298722,-2.102723172
0.6490772866881094,2.0350341277900745,-0.908845994,-1.40021229,0.2806380292746325
-0.237176149,2.179291976561923,-0.211508473,0.8917780040203751,4.3516590757412255
-0.099281963,2.7523461938837874,-0.091671323,0.9233431753062354,4.225510035109132
-0.134725355,2.1039536538073262,-0.233511484,1.733240810119846,4.240745056281119
-0.894502393,-0.278920722,-0.182595196,0.20413047194225956,-0.454943134
1.1986720421666988,1.5542198933062146,1.7138130416501536,1.4297597519270533,1.4965892824911522
-0.055145581,4.02580042,-0.153603031,2.7854095816205438,7.089335279942211
-0.179840324,1.4241525925455112,-0.172075975,0.9568264305532563,0.9773573381354437
0.4990566914878182,-1.767701844,-0.684218605,-1.371023807,-4.464675788
0.1577732201952047,-0.909451319,-0.283079001,-1.79421451,-3.980090562
-0.239922904,0.9202256695323436,-0.079306088,0.33054821638814647,1.8940929422500785
0.5505172922956634,2.5992306137477703,0.6747673429453113,1.2256969079600093,3.842604365160431
-0.067494534,-0.246985429,0.018674807328325826,-0.276686217,-1.2279624
-0.138021962,-1.162375827,0.06149156,-0.445520109,-1.474688395
-0.157277213,-1.350774371,0.11711531215520744,-0.744642596,-2.716631559
1.667120255541958,2.0711557192281207,1.8309038499724517,1.0982434193850341,2.3641962235394836
0.6688310075856692,0.5119038707660798,-0.737703653,-1.102974659,-0.867103961
0.12228440788925918,0.8354308494956475,-0.0099222,-0.081140356,1.215001021523285
-0.840142585,-0.800507106,-0.017815677,0.021205539862696066,-0.292491616
1.3940268397815978,2.348679925,-0.64468901,-0.462465278,1.2520289416355543
-0.538857311,-2.408890087,0.18849762925054844,-0.349809914,-3.03807012
0.09461555,0.4011853964140515,0.020541219,0.21710193675881595,-0.594926383
-1.890056538,1.7169924712231104,-3.205556832,1.696011080891277,2.659367898183546
-0.978382435,-0.494892884,0.1683485601534375,-0.172068257,-0.523859349
1.2793240250233522,0.8824225254441924,0.063650304,0.049753074746716745,1.1512261969156494
-1.228192137,-0.053851723,-0.658078539,0.5358107411113461,2.001375454264574
0.7771792663313181,1.382106508708982,2.1179516436665073,2.7251777490981173,4.557457343
0.609133394,-0.420065402,0.17733724119439326,0.2911303878237305,-0.322307536
1.4857635689774271,0.5263617241657913,0.7096556047675793,0.4776369670014173,-1.176398631
-0.534329431,-1.936155464,0.6417197331953746,-1.200981447,-2.312763323
0.5844014209277713,0.45845549475113934,-1.022856711,-1.750263901,-2.122721205
0.5760586750804045,-0.574587519,0.7539253328800261,1.3087648281224051,1.0450772631615788
-0.823911416,-1.54934767,0.9132285827313397,-1.108406275,-1.56101262
-0.950575354,0.094653548,-0.397260459,0.4179157993233124,0.5358634611609362
0.3356967519287221,-1.570853249,-0.170627102,-0.508277488,-2.185813046
-0.698304132,2.410064522361547,-0.961057017,1.376272848751259,5.278072188192909
-1.176481486,-3.599053845,0.4703963004843993,-0.399833152,-3.417757887
0.062708475,0.042644643593049536,0.033306031999856635,0.5311248928785354,0.6164314934182581
-1.603800679,-4.372392789,0.8428259397165261,-0.525517884,-3.830396608
0.029451413465652627,1.265368831671376,0.007005507,0.23786658073295505,1.2447307730856714
-0.883101166,2.2782513205395363,-1.416703641,1.604237086393551,3.8741190286986362
0.039742565,3.339909864293322,0.11104372826936676,2.7940755252749985,4.276667590326309
0.029013881147911137,-1.583308519,-0.069303036,-2.388616531,-5.958931323
-0.620605383,-3.069991512,0.8198994332672483,-1.321128459,-5.481808311
0.37654429450607413,-0.582988331,0.11666611070444131,0.30983369661058385,-0.328598189
0.091212813,1.1392428075386765,0.015854862868347183,0.17382275920218465,0.1872117650011198
-0.5036283,-0.19987992,-0.416501726,0.8270022282329675,0.4600972625935902
-0.655763664,-1.556917886,0.6527953939721239,-0.995473567,-3.329988036
-1.378603556,1.799570984741455,-2.090103782,1.5161021264940349,2.713992408090647
0.45893512158809163,1.365648830658423,0.121004056,0.2636626631359211,1.079742982863205
-0.321337131,2.5437563144802837,-0.354941652,1.1045771475934107,2.890106860640791
0.358338571,0.9254985275848275,-0.363892729,-1.015499748,-0.526620175
0.42262008092144715,1.8027113006111712,0.7983323943868624,1.8890072441570738,4.861775012
0.5927248276782492,1.7075794141951652,0.6170102636296385,1.0409725302827575,4.106090753231261
0.085508238,-0.505218333,0.002154938,0.025201520113211272,-1.630032826
0.18522068821905105,1.281411455091315,0.010616436394464619,0.057317767774996614,0.6114896847734523
-1.098378908,0.7945758476055169,-0.684089765,0.6228176448243913,2.2565777579927557
-0.350921895,-1.559044806,-0.016154863,0.046035494,-2.270930059
-1.235871967,-3.622037172,1.451728916586115,-1.174659637,-4.541923993
0.7530575906238589,2.211099796529041,-0.03100622,-0.041173771,4.3780288468454955
0.8892462672693429,2.1444976932896536,0.037264849012358645,0.041906107,1.2726229827648152
0.42674605534079546,1.1287818994219236,0.17038489970215537,0.3992653184950651,1.7077130590513063
-0.042371211,2.0500243428877702,-0.087012228,2.0535695337757955,4.084635914034441
-1.764138889,-2.123092215,-1.514131156,0.8582834183059407,-0.663017051
-1.906368054,-4.140627925,-0.561139515,0.2943500411409523,-3.417967344
0.48470336348781484,-2.405190563,-0.319305559,-0.658764891,-2.712625446
-1.126591712,0.069031783,-0.434554153,0.3857246137779043,0.028383362987783323
-0.262804356,-4.267946388,0.7087901585485056,-2.697025916,-7.434529683
-0.371102975,-1.073414044,0.2754770175247914,-0.742319615,-2.011107647
-1.025520113,1.9964134065258965,-1.894937521,1.8477819179265245,2.4430451061300666
0.062504056,1.1976084743858701,0.052972337329139016,0.8475023921824439,2.525010827206298
-0.082572237,0.7639201946113753,-0.027998529,0.3390792080919254,2.8642632444237597
0.1513602194587595,-0.439506688,-0.346675091,-2.29039765,-2.29797076
-0.277058825,-1.590774851,0.13634038271349452,-0.492099043,-1.855284176
0.3635562158318967,-2.429834889,-0.523970631,-1.441236893,-3.40032752
-0.477386355,-0.180770365,0.064456828,-0.135020256,0.5269773816425357
0.45959767806358603,-0.142863479,0.6644419844291349,1.445703527547431,3.733419654784713
-0.013369546,-0.616230367,0.003678088,-0.275109415,0.3681581382242757
-0.245015927,-2.06616291,0.086857143,-0.354495907,-3.408055792
0.18681237953917543,1.345154839585089,0.1875233398296307,1.0038057450593427,1.9884206961896063
-0.193955462,0.065005295,0.097567928,-0.503042951,1.159268590377888
2.0514425527813347,1.394582313324526,-0.104505832,-0.050942607,-0.741150691
-0.636101287,0.043976183119484716,-0.301370294,0.47377721193166034,0.21033489152884088
-1.146547936,-2.580566215,0.4848541851880394,-0.422881739,-2.480928603
-1.994872691,-2.027673086,-0.593372003,0.29744855697423167,-4.507635273
1.7344833106434754,-0.891842198,4.691938659,2.705092998114608,2.767774318766402
-2.279865199,1.814291035296181,-1.857356672,0.8146782854550872,2.5994791107369606
-0.622508608,-5.922337723,1.3453321695677167,-2.161146292,-5.940901712
-0.938461022,-1.337086857,-0.156572102,0.16683921701406074,0.35308425214061967
-0.097760696,-3.231295378,0.035787781931583905,-0.36607536,-2.208084067
0.8566218552639844,0.6777355666340805,0.26391164866976774,0.30808418796230497,0.6015737455235378
0.2888076394358745,-0.341478861,-0.147819491,-0.511826804,-1.546468306
-0.4348287,0.4547276644447378,-0.608646628,1.3997388561241957,1.9154014003169115
-1.841735802,3.506604281635335,-2.842498407,1.543380111113546,5.125279915777334
-0.498775957,-0.130286171,0.11481895956561555,-0.230201472,-2.469585034
-0.90501798,0.065823033,0.3918869408902845,-0.433015641,0.2781605495063191
-2.330073209,-1.3576256,-0.974484433,0.41822052176782076,-1.404497522
-1.488330548,0.020549260477206066,-0.588229178,0.3952275106148664,-2.132954847
-0.95827353,-1.008035128,0.5316437147513682,-0.55479328,-0.891379492
1.3010450282438444,0.5376005403471736,1.0647105743144696,0.8183502885765761,1.4014860032497365
1.7840960069865515,0.9410155274939692,1.9714850525814924,1.1050330502737085,1.8571320736710555
-0.602352895,2.999502752165017,-1.081074091,1.7947520454003043,5.484065503746175
0.37029640345058074,0.530458976,0.2589424799896483,0.6992843505276076,0.11256484068989692
-0.194068816,-0.185350497,-0.233502196,1.2031927705899432,1.5986021206923784
0.16922303888308862,-0.631432688,-0.086432032,-0.510758067,-2.839861354
1.1309992165317253,1.8084077014095543,0.8657167093237613,0.765444128,3.798465206189445
-0.035244648,-2.567991181,0.031659388,-0.898275062,-5.214613025
1.1785247391727518,1.6337786981430285,-0.218215695,-0.185160046,0.5490178970653022
0.22067916924254047,0.7999489097163137,0.22779398659690278,1.0322405480262737,1.961709114097264
-1.23638564,-0.284744257,-0.296726842,0.23999538005738322,-1.015395252
-0.077113995,2.1109408243322587,-0.11491465,1.4901918946105936,2.269948419373632
2.5562665292438878,2.720270537,1.9580343077383033,0.7659742383426136,3.4997689157647427
0.4479132355050832,0.1347549169589785,-0.34168799,-0.762844147,-0.663172202
1.0428531862754007,1.632885702957111,-0.453694051,-0.43505074,1.5752880792939903
0.6065786593109389,0.4503991685445736,0.253668935,0.4181962734265013,1.290480643254159
-1.361830749,2.013546418121199,-0.116473661,0.085527266,0.3650732867296158
0.7348675303865013,0.7114086276772491,-1.129191309,-1.536591647,-3.273200252
-0.965742384,3.227058246260804,-1.746178496,1.8081203894428857,4.406113668973474
-0.214545085,-0.582020311,0.11614133032468332,-0.541337641,-1.773849618
-1.192623903,-3.432613784,0.48386097953349944,-0.405711288,-2.672808254
-1.310353803,-4.317557251,1.4795115306330675,-1.129093171,-5.181603254
-0.426953124,-0.227503027,-0.190026411,0.44507558409170317,1.370738247805988
-0.253014475,1.907450723561539,-0.175814651,0.6948798141647418,1.7285307577407094
0.38464046501941784,-0.095635028,0.25567457658487935,0.6647105539766132,0.7914100645117714
1.4567022583785625,1.4949001217921498,-0.451444606,-0.309908633,1.689887434
-0.074760028,-2.647284411,0.10127155245592423,-1.354621643,-5.180435008
-1.365871841,2.1039678592735114,-0.900813414,0.6595153271931182,4.779251588513393
0.49017147965618607,-0.152318448,0.16964645167735487,0.3460961290451814,1.1820452531315628
-0.690383498,-2.110942243,0.17429309180497768,-0.252458369,-1.539538827
0.3955241179561845,0.2802401907249417,0.090735508,0.2294057527237371,-0.213338755
1.0925004549215802,1.5810143159498906,0.004228878,0.003870825,2.6587388897986832
0.5024542161762523,2.3243411132284857,0.4956291611230878,0.9864165632739553,3.2888519131885574
1.4328878834964323,1.3985870780104281,0.2987064480172759,0.2084646338751874,1.3315946297009522
0.018341491,0.622266027,0.026000532223912458,1.417580105094474,1.3622559502712603
0.3863744488342239,1.4453595450861152,-0.032285416,-0.083559915,-0.500935609
0.5036385307026238,1.749430741974275,0.14914333823933676,0.2961317078565605,1.7803039473729512
-0.933285198,-4.87142091,1.7126010771877986,-1.835024364,-6.074744707
1.6723209472324017,2.174283108776694,-0.155390677,-0.092919171,-0.045833946
-0.287285793,2.4952617697839545,-0.614528549,2.139084369952428,3.972956955453408
-1.000739683,-3.984125525,0.9616141357282987,-0.960903372,-5.6303194
0.8441518382252193,1.943565461089175,-0.597415287,-0.707710698,2.0802352139192255
0.8711291273281773,0.8158168454306245,0.5807886506882929,0.6667078765574262,1.2778930622901021
-0.729549627,4.394710865,-1.969081027,2.6990364390092565,6.580359952372326
-0.478496913,-1.368733586,-0.457829739,0.9568081343906191,-0.511245475
0.21503986398423605,1.264102389984084,-0.182013611,-0.846417996,0.8470570022738734
-0.865793747,1.2067474253236976,-0.88971358,1.0276276339302706,3.3541547881348084
1.2614102049242724,-0.242112767,-0.8854423,-0.701946358,0.23049872492914703
0.6420686018591832,-0.345288931,0.1667199833747373,0.2596607011960723,-0.85987309
-0.411174894,0.49621053965167106,-0.20470259,0.49784798,0.41963797
-1.361492025,-1.636809612,-0.9205671,0.6761457894988648,-1.752825072
-1.372093929,0.6145415832042425,-0.319978304,0.2332043729189933,1.5414728087568363
0.068379959,-0.565510421,-0.100921643,-1.475895044,-1.372064072
0.9579798562521723,0.31676376109061877,-1.647008026,-1.719251209,-0.371871574
-0.458571454,2.5984428137507525,-0.341850161,0.745467599,3.5886286250353847
-0.672646899,0.077275783,0.7499103209320611,-1.114864756,-2.634470124
0.6413592419512452,2.147845321499976,0.09517623,0.14839769019381868,1.7466726464435283
-1.261683575,-0.115900492,-0.042093865,0.03336325,-0.169127192
-0.625953782,1.168472199975166,-0.689207754,1.1010521447895618,3.8895028424297604
2.430168621558571,0.047237135,2.8744221861053054,1.1828077116154252,1.1523424544895926
1.0237489519546523,0.14248097408660576,-0.820331222,-0.801301159,-0.177921198
1.3155496219324583,1.4461403587877462,1.1005837400665415,0.8365961433289413,1.7905619975291602
-0.54661684,1.0517122622401145,-0.399791686,0.7313929181932237,1.3563511210159898
-1.670908698,-0.842230095,0.7917339297470842,-0.473834346,-1.004042643
-0.255831007,-1.112794938,0.17901078807153056,-0.699722797,-2.821098774
0.1963090149682372,0.15301686653326674,0.090195854,0.4594585430912987,0.5149094020986333
0.39428265742868734,2.2228556727655007,0.6729514686243916,1.706774203595567,3.087650016780195
1.0526377823309878,1.7917410025153286,0.299997887,0.2849963129489786,2.255897744
-0.301148289,-1.90813273,0.1776658615146059,-0.589961385,-2.271923847
1.3379664157028412,2.290762740351498,-0.198391073,-0.148278067,3.089837183608377
-0.094022647,0.8751554249371101,-0.03978209,0.4231117873069724,0.6510162476077456
-0.338662998,0.4224693324153931,-0.058248872,0.17199656376326358,-0.640247512
-0.740512629,0.5886513519505641,0.1308194189959727,-0.176660618,1.188714662532047
1.8910020970685775,1.6264558135948595,2.757984921,1.4584779812976967,2.1176879231892674
-2.526002588,-7.778956792,2.8197041943431627,-1.116271301,-8.383107003
-0.643176119,-0.008839654,-0.692103735,1.0760718793096875,1.1861298866589183
1.8671443547391717,2.2968631587503463,1.5366333586041967,0.8229858364747886,2.7660231875074266
-0.344960585,0.2321744873662248,-0.29375594,0.8515637805760762,2.224946874592444
-0.320163741,-0.025587192,-0.179056297,0.5592647581284619,0.10420939634269372
0.39556938005905645,1.3180312597230894,0.7923094900116754,2.002959606968031,4.700107005587005
1.8258550769612218,2.3778948593067755,-0.771978515,-0.422803827,3.207220587031368
0.38366659815716236,0.9707746434840946,0.41485542792636576,1.0812914908908162,0.887147102
-0.381838261,3.7509281356587882,-0.687441788,1.8003480997199182,5.564202708
0.1681670189757454,0.7370397374445252,0.17637122485451415,1.0487860576273402,2.042542366753967
-1.638724289,-0.325513909,-0.766979249,0.46803434472023386,-0.500547485
-0.683622266,-2.963263085,0.9394885941609965,-1.374280273,-2.792805848
0.511780835,-0.408422186,-0.306451912,-0.598795208,-1.162167126
-0.543443644,1.8447803093191097,-0.511132372,0.9405434737943137,3.718914363005349
-0.514761615,0.17572960090138023,0.5623257552024127,-1.092400323,-0.565588985
0.5015874929126762,-0.617432929,0.089404568,0.17824321645747113,-0.371376772
-0.617289628,-1.559897622,0.33545783491312425,-0.543436695,-1.941495928
-0.378075698,-0.085905937,0.12849415691375315,-0.339863571,0.7023604051601025
0.7747022055216044,0.47352456469193493,-0.701085067,-0.904973629,0.8121324713168057
1.2346620202397702,1.1562538491130916,0.39284606562093416,0.3181810561765266,2.234486406068489
-0.741543735,1.6493380154784902,-0.79172131,1.0676663720301873,2.0310658025149406
1.0027460583437275,2.549994564701766,0.7664430341986089,0.7643441007033934,2.7245785700217953
0.604701142,0.4735107530927636,-0.016706785,-0.027628168,2.0122100926014324
-0.270717042,0.6381725478699781,-0.085247903,0.31489670043624063,-0.704769234
0.31440117259957895,0.4362865594264752,-0.446592037,-1.420452836,-0.720333733
-0.275004585,-1.607862255,-0.267485511,0.9726583714526486,-2.807621044
0.28158022265027477,-1.710443611,-0.26003259,-0.923476045,-2.820539558
0.3532177356352689,-1.179097074,0.2537365853606608,0.718357432,-0.585606208
-1.786148309,-4.339977843,1.7604663625236472,-0.985621605,-4.735219855
-0.044776069,3.6873431434600588,-0.037664268,0.8411696029565003,5.644952594348792
0.4158310975328679,0.10213630509719607,0.45099521240499757,1.0845634563666808,2.3449475347470594
-1.748162668,0.000881151,-1.962164548,1.122415312727891,2.341290749766875
-1.080797863,-1.610454119,0.5001895884497636,-0.462796611,-2.240418112
-0.745524348,-2.146021156,-0.261057779,0.3501666708549586,-2.72244305
0.014552483,-1.691275654,-0.008378557,-0.575747616,-1.557544916
-0.888064335,0.15409075714840742,-0.518281093,0.5836075972234719,0.8284696470711227
-0.585675661,-2.994461385,1.1277957673627859,-1.925631953,-4.675505356
-0.208514523,0.9031081779933736,0.058510192,-0.280604875,1.5782266884171054
-0.166456695,-2.52721814,0.30922901541597764,-1.857714495,-3.093965968
-1.051854829,-2.621467133,0.7733306765093918,-0.735206661,-3.268182548
-1.136167756,-1.203803792,-0.093004711,0.081858256,-3.370273419
0.7832941560365974,1.0317200282362302,-1.257740852,-1.605706926,-1.507182357
0.3724225565101831,0.052464511,-0.230806714,-0.619744185,2.5923409045745824
1.2331324998777888,0.5222870855954349,-1.465830188,-1.188704529,-0.136710923
0.4608113702462063,-1.2495872,-0.342134482,-0.742461024,-0.418303083
-0.590220819,0.3341260126442661,0.15031584478703566,-0.2546773,1.2812468116695486
-0.312085843,1.6588273911845157,-0.355955604,1.1405695318682623,3.070430973667937
1.1451548097458375,1.9692304890028463,-1.913839628,-1.671249696,-0.104452924
-0.463360766,2.1835777496423603,-0.176071056,0.37998697447304663,1.7292438857562158
0.4214007797245221,1.6099387089021855,0.290844354,0.6901846608080854,3.315733454107824
-0.407340572,2.196099706792787,-0.834233617,2.048000306853233,3.8452597276614706
-1.44737123,0.914781196,-0.04888172,0.033772759,1.8117731501648162
-0.590093464,-0.220303285,0.17360497106183462,-0.294199109,-0.498624746
-1.294839416,-2.328127926,0.7125161786168548,-0.550273779,-2.436225955
0.31211366651751266,-0.81005405,-0.187495585,-0.600728533,-0.947034325
0.001487013,0.8579296659336297,-0.000211662,-0.142340642,0.8499453128360646
-1.059602678,0.978040234,-1.001776201,0.9454262634234671,1.9856119818969076
0.5715142003537047,0.4415420536402187,0.815500641,1.4269122984649085,1.8382776904966078
0.17406385025573898,-0.291447947,-0.059326543,-0.340832074,-1.77759266
0.9304445712141584,1.4097602456071143,0.073966096,0.079495435,1.1954519564710577
-0.764579396,-1.191721123,0.3746054115897987,-0.489949655,-0.854117065
1.4730524764809436,1.7499312078627336,-2.373110108,-1.611015321,-0.992194119
-0.64149709,-0.869925266,0.14520239644412086,-0.226349268,-1.609158651
-0.411950075,2.1024804119472877,-0.596084907,1.4469833700283818,3.817924629208368
1.3331842759273633,2.959084513998048,-0.391814871,-0.293894009,3.9119048701852046
-0.769305569,2.6444176076156065,-1.250690728,1.6257398600301478,5.299641078607724
1.5016117864072998,1.4517051479859329,-1.947963053,-1.29724811,0.4610233795749164
-1.849155301,-0.398903309,-1.080202677,0.5841600628284823,-0.335354639
-0.874820026,4.758180669,-1.908497338,2.181588533285758,5.4873025511100995
0.6247215354950694,-2.222642431,0.16503689604398958,0.26417673582071055,-0.911584694
-0.387158748,0.014160967897060596,-0.095728914,0.2472601076745409,0.9117392061482765
-0.809661298,1.9170716265330232,-0.969994753,1.1980253420115685,4.403276332256694
-0.342415773,-4.487931021,0.7374220779914898,-2.153586766,-6.86582344
0.9680437425257846,1.9773077340857101,0.3424254594365471,0.35372932481656566,1.9157110596830804
0.3196327898693911,1.620599507867777,0.024455891357930044,0.076512461,3.0903985334311375
0.31272597283697334,-2.709520247,-0.493982031,-1.579600268,-5.454249086
-1.221069491,0.6423525360733957,-0.11340276,0.092871668,0.10065428307328161
0.23102308046806674,-0.32298494,-0.245244245,-1.061557332,0.5270682449619393
-1.18035829,-5.10039459,1.3573930369366594,-1.149983906,-5.106820975
-1.073540174,-2.823586196,-0.029443697,0.027426730800107806,-2.051344142
-0.72646205,-1.211649594,0.2507505521094852,-0.34516676,-2.739982714
-0.160870657,-0.018153971,-0.091179992,0.5667907,-0.573993402
1.0622757485724095,1.0087619013032012,-1.436987186,-1.352744038,-1.076007212
-0.368945408,-4.193360058,0.9102110355231958,-2.467061567,-5.019038034
-0.468863858,-0.09873135,-0.142631864,0.3042074190454777,1.7182429843520093
0.2383357969744874,-1.025189357,-0.094245526,-0.395431685,0.045362573
0.6485203834579618,0.37262983311198605,1.020892735175259,1.5741875833289594,2.400311540056816
-1.056814276,2.8018887120701086,-1.057807719,1.000940035062589,2.669836937095408
1.3974697806996323,1.1856073951553219,1.289576483668532,0.9227938245812481,1.8047046682430186
-0.165758559,0.3171964563624376,-0.067960651,0.4099978411513566,1.1952014401084716
-1.0392328,-1.497799396,-0.642726579,0.6184625605876711,-0.68042511
-0.389143176,-0.227137132,-0.006869055,0.017651743,-0.261441265
0.6471979036264425,0.746384191,-0.350427121,-0.541452805,-1.195610928
0.5063584344077026,1.9512163351175837,0.5899961901222446,1.1651750025895682,3.3700867683996565
1.1057379394752402,1.6369799100415472,-0.223580973,-0.202200689,0.6534844927354697
-0.100194032,0.7207227897043934,-0.163255444,1.629392902001764,2.498893416745515
0.4801994502678856,0.6110145451101231,0.18539024940007343,0.3860692662114691,0.885360921
0.6450190997155547,2.0196033543704974,0.9290054776520797,1.4402759206072493,2.393974182617862
-0.236669227,-0.355073827,-0.022036839,0.093112398,-1.610703637
1.016688201815159,1.5035991470497438,0.6127733029344687,0.6027150721730075,2.3600706584059408
0.4456209550178092,-0.023126968,-0.279079748,-0.6262716,-1.594949646
-0.647399842,-2.446337066,0.6800952032344348,-1.050502579,-4.158987218
0.6057529401726635,1.1574527995128854,0.7136525590076999,1.178124795901578,1.6998831440140645
0.2608609,0.066560077,-0.060357375,-0.231377624,-1.004037168
1.5215431472247138,0.3775626318452735,1.1210872803665617,0.7368093914467155,1.0582719470854056
1.171331905592398,1.794424316776961,0.45074490130508116,0.38481398752398716,3.860179988267258
0.7316048146862424,1.9362838370048423,0.19229366760629882,0.2628381658324191,2.4202466458651384
-0.661356639,-0.600134813,-0.398656846,0.6027864889195216,1.2147384741663292
1.6351061496493917,1.1454211000295094,2.7423707956313077,1.677182118249229,3.909725886140209
0.978812934,-0.14681072,-0.690232266,-0.705172808,-0.441664161
-0.725279259,-2.975277893,0.8735513597393799,-1.204434497,-4.594199653
0.19773728193235096,0.5704312569672875,-0.059138379,-0.299075511,-0.705354373
1.3251560596634806,2.7617471073376523,-1.890741797,-1.426806891,-0.119820167
0.15675920825516532,0.8667518289024134,-0.028876905,-0.184211859,0.37120225869673373
0.5306043245435333,0.7182775413962239,0.5169782079767765,0.9743196277593873,2.3375136888281522
-0.657300864,-1.212002412,-0.254565295,0.3872888486194369,-0.253367583
1.5864400870631974,1.8647522950463773,1.3789803887533463,0.8692294149639785,3.9396886674175353
-1.19817963,-1.829102326,0.070367875,-0.058728987,-1.80837747
-0.859426008,1.4201917177749463,-0.839457946,0.976765816,2.7457032388114473
1.8985997642664703,2.958175680094836,0.7870850543448236,0.4145608090544119,2.762453566680666
0.9680445235766397,0.14362623653285267,0.4413652099899564,0.4559348245256755,1.3157875042404883
-0.141483279,1.131327935431857,-0.047028241,0.3323943422446248,2.7586950967030157
0.15745473114837572,-0.689307445,-0.129736026,-0.823957623,-1.90084414
-0.372298066,0.30623496038643083,-0.11639994,0.31265255235209727,1.4730810971376074
-1.271232176,2.2290161178548775,-0.702934392,0.5529551604291292,3.2206272701867897
-0.376694163,-0.159821191,-0.157130754,0.417130844,1.251754045219616
0.8241047160784033,1.3279567126384464,-0.545866391,-0.662375036,-0.036435247
-1.09119173,0.5003936991166404,-0.490242262,0.4492723399356434,1.9030268385725528
-0.292990415,-1.665505499,0.050866195,-0.173610439,0.14494690751407902
2.0785613603469586,4.980860046865498,-3.255546263,-1.566249775,3.841429088118076
-1.830998274,-4.111617934,1.7803984618189888,-0.972364904,-4.764299301
0.905287715,-0.500221284,0.2270096373736162,0.2507596575515755,-1.460509187
0.3329044273902096,2.583174571843741,0.16719582249890905,0.5022337005537407,2.281814592131308
1.1788660199566605,2.3345175437783263,-1.658518014,-1.406875748,-0.29724302
-0.037528742,1.1240065047005707,-0.031067454,0.8278309347008861,1.874998020650353
-0.871794183,-3.296323635,1.1461806652960238,-1.314737684,-5.283904437
-1.822670549,-6.402873842,4.053738462331081,-2.224065377,-8.330066674
-1.12388367,-4.508411662,1.9204399629526903,-1.708753329,-5.541686857
0.1538190110605645,0.9010046843553926,0.1114406928334962,0.7244923242265398,1.0977863029103503
1.765267166,0.43158953218042806,1.0154976433045004,0.5752656950070841,1.6188149285553965
0.24626092230117175,3.4166795688917966,0.17513577999511862,0.7111797452822473,3.890034004130042
-0.72278962,-0.231096235,-0.525002839,0.7263563627324664,-0.312402065
-0.468050334,0.21482066612492456,0.1402733931351943,-0.29969724,-0.383439894
0.745704306,0.13762718445864028,-1.145250478,-1.535797057,-0.932432807
0.9883051867433655,1.1715845127990323,1.0461907637053434,1.0585705485900774,1.9546708741005259
-0.0261427,0.6379771348681117,0.006674224,-0.255299704,-0.613619804
0.4423117230699699,-0.964387786,-0.049830706,-0.112659701,-1.962320863
1.4454872670797314,0.6557936161110554,-0.337403513,-0.23341853,0.14054678430273565
0.9338817330289992,0.5102470789733093,-1.127201872,-1.207007089,-1.172869311
1.3317761996862625,0.5568380419572174,-0.269199635,-0.20213579,0.362079862
1.3647050460420158,2.2306278158347133,0.042061844,0.030821198020268302,1.4742919301724213
0.041989337,-0.028526461,0.045739344774132065,1.0893085623940255,1.1401852105502541
-0.100897534,-1.069763465,0.1620205527767684,-1.605792988,-2.520278817
-0.872478755,-3.37891233,0.9809855649987895,-1.124366135,-5.75408739
-0.123965697,1.2438602623805137,-0.138384221,1.1163105941548632,3.162252565693916
0.17240900861251088,0.771099876,0.21721813386487462,1.2599001387048876,0.7112794757839751
0.009034045,1.1024468151647455,0.007883138,0.8726033633180088,1.8419871003209736
0.008069027,1.071662231274921,-0.008202362,-1.016524313,0.48731291644221975
0.9721257436833849,1.3143064115639127,0.10694730405070288,0.11001385854208479,1.5134369789167623
1.3124723904444566,0.16314137842001908,0.5013950388156049,0.38202330385465255,0.8639944646106718
0.2600184322881188,0.5651342222387251,0.11746638342528583,0.45176175547095365,1.3206045577828824
1.323027982185251,0.29326224490914576,0.5412933481366944,0.40913219933764194,-0.002767651
-0.164584126,0.5271259085007527,0.10767433643721129,-0.654220666,-0.389772162
-0.940399943,-2.984626649,0.869801703,-0.92492743,-2.875720619
0.7069065167464991,1.3055698763855683,0.25388729279285177,0.3591525707831284,0.7267305855698389
0.3637769316380302,-0.004037067,-0.292135675,-0.803062673,-1.587649262
-1.216619307,-0.710303257,0.001771938,-0.001456444,-0.170956859
0.6099956188204344,0.7424727887555682,0.757521164,1.2418468922654722,3.9474712277344155
-1.879246211,-3.17852595,0.4000385672456025,-0.212871823,-3.745754664
-0.634950259,2.1265453615998964,-0.158435941,0.2495249641726851,4.662291478422313
0.034104985700224355,1.660795368658236,0.055228107,1.6193558064027334,2.9022963514482427
-0.031935451,0.3112320132840618,0.004934774,-0.154523376,-2.648697228
-1.954694521,-0.966743904,-1.161948245,0.5944398125285555,-0.450708676
-0.202995363,-0.826327589,-0.129581764,0.638348396,-0.320854819
0.1691545465668619,1.5792573254601732,0.062009496,0.36658486382994687,2.739035422
0.17496533190052346,0.24976352228211018,-0.156377483,-0.893762676,-2.607987632
0.9332278581216914,0.4339569515568493,0.003705372,0.00397049,-0.707947832
-0.106222876,1.3119675690821477,-0.153108103,1.4413853967898609,3.029770903714845
0.004434126,-1.885269796,-0.001585222,-0.357505065,-1.681649053
-1.509910034,-0.960565872,0.000268185,-0.000177617,-0.989653621
-0.837461807,-1.2072918,-0.171128144,0.20434143107302533,-0.783818873
1.164902974869309,0.4548893883110563,0.4747559910516242,0.40754981427091586,0.5238542357611964
0.6195895785238598,2.7805506698946125,1.3840995447695745,2.2338973939282845,6.801012575
0.06955947,0.12805521635090655,0.095778376,1.3769279161830426,1.7582328256559339
0.035363015,-0.713164927,0.001428532,0.040396203612298634,-0.123506771
-0.052446097,0.8654623598027391,0.001833498,-0.034959664,-0.790910934
0.1893114054610199,-0.285041923,-0.028200922,-0.148965785,-1.068565475
0.3763220198593409,2.046855490936504,0.022792481474692535,0.060566431,2.659741275065707
0.7944948434384173,0.1418433336703685,0.24160572665786703,0.3040998046157795,0.039059483
1.0763780655593969,0.25228514476935204,-1.49571918,-1.38958534,-1.182506714
0.5938901583303636,1.728797143528343,0.1408938505933093,0.23723890456344993,1.5074286683790739
-0.879098149,2.0097904227250964,-0.518779587,0.5901270379169389,2.0973583976324557
-0.397925642,-1.387420782,0.1807818277826712,-0.454310577,-1.073546269
0.19531188240653494,-0.883197773,-0.13310833,-0.681516804,-1.918983004
0.5847590566260353,1.1132669179378756,0.7908686001462544,1.3524691771503936,2.854554188775362
0.12457621724443417,2.930434786720348,0.1020834426597418,0.819445677,2.946342780074779
1.9173222045317193,3.0525726718378587,-3.038754635,-1.584895136,1.0794500111922254
1.3190158505212533,2.945853657159211,-3.621359298,-2.745500971,-1.135837207
-0.548176871,0.7890151466907185,-0.563032048,1.0270992420217053,1.853333996380778
-1.708235016,-2.122153646,-0.038409365,0.022484825,-0.883110624
0.36825905211072774,-0.310372338,-0.021851638,-0.05933768,-0.104632161
-0.244625632,-4.028917229,0.264215752,-1.08008204,-4.280737714
-0.793086063,1.4460975051216653,-0.331340141,0.4177858574100665,1.4734780974320465
-0.326850731,-0.638099479,0.18270486423995605,-0.558985637,-0.72986301
0.6235742740526187,0.9940831379272655,0.2742598535884791,0.43981906406442994,0.546683701
-0.208675951,-0.418481319,0.12279132387372614,-0.588430643,-0.007418685
0.15249816916564193,0.4058675889313428,0.055415236,0.3633829604593645,-0.525740767
-1.342268283,-0.384721278,-1.11698741,0.8321640489347272,0.088843182
0.5581789128046173,-0.276127416,-0.516351039,-0.925063679,-0.741498557
-1.066200527,-1.74684395,1.1042992970334509,-1.035733212,-0.221994788
-0.644813105,-2.243203848,0.13731481021781575,-0.212952884,-1.266098494
-0.411948424,-1.4661113,0.43775964041711407,-1.062656428,-3.283321904
-0.050970056,1.5518357904644233,-0.024663145,0.48387517132691077,2.851645036789259
-0.378854726,-1.885276721,0.2166870173541104,-0.57195279,-2.089155689
0.6761220597801041,1.2585022761219713,-0.272424552,-0.402922146,1.8643855130846252
-0.792732004,-0.81176373,0.3128784672743063,-0.394683784,-0.601192245
-0.575713892,-3.173129042,0.12318850101798999,-0.21397521,-4.709173572
0.11210432712249242,2.2908448640571293,0.23109219831570202,2.0614030184864833,4.646631048411353
-1.483059148,-2.878852433,0.2874616302683952,-0.193830186,-2.777302883
0.258749483,0.29382124496946027,0.022104223,0.08542712,0.8075322874922202
-0.24871193,-0.065922033,-0.067991828,0.2733758199015659,-1.04531143
0.35282996271516326,-0.566107686,0.16252503909429117,0.4606327587475792,0.2824243744772759
0.8894807623510282,-1.515703059,0.07213083,0.081093188,-0.648505574
-0.127851825,-0.448421662,-0.103099367,0.8063973073105029,2.4727290901780044
2.545680455690177,2.7980737715811603,-1.091590812,-0.428801191,0.5926796025094996
-0.563493586,-0.773138633,-0.078523361,0.13935093968180023,0.8031680308679762
-0.16168783,0.7577207764315435,-0.270940401,1.6757006468841378,1.1709490073930993
1.3030129133973176,1.5776635701617225,-3.850768419,-2.95528032,-0.916959557
-0.091776913,-0.89891186,-0.014715056,0.1603350471136207,-0.497348596
-1.387721243,2.0650696487641316,-2.362563449,1.7024769640654989,3.573340903791988
0.7975034675891941,3.0613534059560257,0.20685533157370042,0.25937859831382537,3.7344123105321008
0.5735178890505583,-0.525637796,-0.148060581,-0.258162097,-0.51877656
0.15678434609447642,0.6769199923655213,0.11364082258403742,0.7248225056572853,2.5066323005164204
2.6745790664153586,0.6111834523442136,2.0791952835286214,0.7773915939285696,0.9242590915355413
0.7763096967060052,0.24828457500882983,-1.716759785,-2.21143674,-3.305724572
-0.058388328,1.5755017280662398,-0.036107516,0.618402987,2.706475796
-0.568321471,-3.809989738,0.4613269078732654,-0.811735842,-5.093452786
0.17077374428055453,0.11498105806107656,-0.057147626,-0.334639418,1.2609793250013204
-0.498600573,3.276730383807504,-0.727777204,1.459639728225811,5.521398334352547
-0.766729575,1.5287661857397477,-0.969207612,1.2640801192160374,1.6386574998183712
-0.095084906,-0.474526655,0.075011386,-0.788888464,-1.671380038
-1.065672628,0.7212609387707405,-0.708414749,0.6647583232931571,3.151545045
-0.231161663,-0.110669422,-0.279393398,1.2086493683008148,0.586043862
-0.788788258,0.5918602607378726,-0.901383893,1.1427450706567557,1.5393238157155433
-0.123758957,-2.554994384,0.1117957020324299,-0.903334228,-2.955924819
-0.259948711,-0.851727476,0.047064397195341535,-0.181052628,-2.430036878
0.47327220105930085,1.7265450751961517,0.5038208403949483,1.0645477153893088,1.7863694787294624
-0.031356369,-0.591556252,0.028935378,-0.922791098,-1.556246071
-0.164748794,2.6629636845962743,-0.241537506,1.466095745,3.965412008840672
-0.320351781,-0.671770592,0.091399323,-0.285309239,0.9130939389529391
-1.753518588,-4.466567076,2.3715401516831625,-1.352446543,-4.352924428
0.9540893341155414,1.509460760431855,0.38952115638512774,0.4082648683482256,2.0966984201110197
0.10001145127206525,0.3350869582230906,-0.047942725,-0.479372359,0.7729524476369601
1.276433493818663,2.733475679546313,2.0429521941422952,1.6005159720703224,5.250242704727384
-0.45287486,-1.951469152,0.5507210804020204,-1.216055755,-2.820636244
0.059178826,0.5876824115403939,0.013438855998898198,0.22708892373167403,-0.33082783
-0.134829234,-0.414767421,0.009958049,-0.073856753,-0.602627133
0.6089079692857544,0.8676958223731337,0.3340415459713935,0.548591188,1.2808376838512299
-0.022085886,0.697382193,-0.019715612,0.8926792591792787,1.9407483251721103
1.5902309501085419,4.478536634540429,-1.7768369,-1.117345188,3.2739515128724546
1.0744720745715326,1.1069698567919362,0.42953600980201156,0.39976470302711004,1.893182902241716
1.5208390190302292,1.0438786341169477,-3.885915709,-2.555113106,-1.934813263
0.10342328601839391,0.6480561967356195,-0.012748783,-0.12326801,-0.495303469
0.5434707563423034,-0.133477799,-0.522890506,-0.962131816,-1.035418332
-0.727754311,0.40190298390067514,-0.78401337,1.0773050173529193,2.533313202693175
0.10283790230625267,-0.745232801,-0.007955203,-0.077356718,0.6278495954941583
0.2597146588465896,-1.167947744,0.087770629,0.33795023225961185,-0.621601678
-0.079329815,-0.424591269,0.013206253428189183,-0.166472763,-0.820761625
0.39018139918208333,0.8674423984280113,0.16960143757380702,0.43467330305681806,2.388270678049416
-0.966052205,-0.541737678,-0.184821485,0.19131624930251648,1.8471694922825082
-0.004792927,-2.785357851,0.007527905,-1.570628061,-2.602971725
-0.086008781,3.0510505520711537,-0.192311015,2.235946285069103,5.249384913558665
0.20449691619375582,0.9263601046525654,0.19134158175895732,0.9356697661771382,0.5463016566328251
1.0180709685259923,2.0653566782418324,0.11478002960746289,0.1127426605373557,3.241480564099103
-0.05172432,-0.754668965,0.043416483,-0.839382376,-2.436147261
0.29864137254308576,-0.324482976,0.036886874,0.12351562052163519,-0.803670776
2.0968896564462782,1.726214381040846,0.7816623433457983,0.3727722824817245,2.145960816698529
-0.920592205,1.9182227156483005,-1.511125745,1.6414713664130807,3.472001153777501
-1.873563295,-1.195240401,0.1601655967330541,-0.085487155,-0.664076238
-0.168595649,0.10885178813312762,0.006107183,-0.036223848,0.8046617541092594
-1.065045731,1.8763869476003876,-0.984675011,0.9245377752970475,1.4639813806506015
-1.49852808,1.151572184475412,0.20726188608418136,-0.138310312,0.7517420219254454
0.46844207383158243,-0.023395158,0.1070013666813378,0.22841963320273337,-2.084170477
1.9746204117388766,2.6940194711905168,-0.738018348,-0.37375201,0.945139563
-1.139945031,1.9604711770051084,-1.292710579,1.1340113291461345,2.1308960586512646
0.2376992128689673,-1.250225661,-0.45288646,-1.905292218,-2.566379219
0.520619054,0.3698602175896216,0.0655566,0.1259204783262253,2.4488163093002564
1.1002429550741466,0.21406772907138782,1.6629852748502716,1.5114709593738787,0.5945954644483453
-0.243982693,0.8518083755148296,-0.113419574,0.46486729326422876,1.744342586034835
-1.071619023,1.9288988306217474,-1.604415156,1.4971880129224715,4.454231971195013
0.9871167011705806,1.7935382550955792,-0.45393922,-0.459863783,1.779980760439447
-0.882657798,-0.649931238,0.036194650827415006,-0.041006436,-0.101069577
0.8012379194254945,0.7427614747925192,0.20437204203955853,0.2550703568624134,0.4483819877979679
-1.567691873,5.224326442915819,-5.067662282,3.232562705361812,9.262938771
0.9358430172309672,0.7352152374279252,0.464129868,0.4959484221090728,1.7526002844949007
-0.270160556,0.017954576991583426,-0.205814678,0.7618235626756923,0.29720468090435237
-0.150398121,-0.989155011,0.23932054046579118,-1.591246882,-3.262452783
1.6125110818180555,0.34189153744573186,-2.339980458,-1.451140699,0.42078711834552673
0.2163889295800427,-1.139939688,-0.182761133,-0.844595577,-1.806609664
2.1092110688758905,1.4847147420901972,-0.234346262,-0.111106122,2.4873521283358655
-0.320628996,0.38580355110540443,0.1500206761864379,-0.467894913,-0.571725801
-0.116702163,0.18301177554007642,-0.174488629,1.4951619177409505,0.4899003917420677
-1.403799291,-3.1737482,1.7284529640403261,-1.231267871,-3.21123026
-0.466570779,-1.386666306,0.08167046,-0.175044096,-2.207686884
1.400458106438037,1.953782708045988,-0.707304227,-0.505052042,2.481790618022544
0.47378044218934684,-1.074343022,-0.226189109,-0.477413351,-2.148791703
-0.184572357,-0.295596715,-0.0459514,0.24896144187673375,-1.093392711
-0.984492843,-4.346309912,1.9965858940487382,-2.028034951,-6.324174636
-0.19719276,-0.559256709,0.032447122,-0.164545197,-0.91424318
0.2945636045476554,2.372532943,-0.023819122,-0.080862408,3.2015728606725116
-0.748378414,2.506675800047031,-0.572894266,0.7655141506238974,2.6059613025406323
-0.370158297,0.38884404592095134,-0.146178218,0.3949073106653619,0.7905556571632815
-1.857956935,-2.220581365,-0.86194897,0.4639230079276251,-0.952105794
-0.935569141,-0.433189739,-0.393843819,0.4209670900912675,1.1826453281385358
-0.663845498,0.44375577181035575,-0.706915472,1.0648795156975117,2.9309563848506466
0.7461478731082082,0.9559934535725958,-0.543139986,-0.727925396,0.2971353882654625
0.2411658914534081,-0.609126421,-0.227866969,-0.944855706,0.2412778411011447
0.7347159013738167,-0.263144225,-0.222165867,-0.302383366,-0.247732151
-0.918924081,-0.701428769,-0.335818047,0.36544699852897156,-2.274565646
1.1012837964238957,2.418166839884748,-0.725744528,-0.658998643,0.15074759683647443
-1.090243581,2.1725312232612812,-1.709734026,1.5682128800748574,4.365988135017486
-2.891998336,8.340138867465743,-8.538433295,2.9524336820563875,9.821218913
-1.321271126,-1.073552621,-0.249214712,0.18861739079055811,-1.261508714
0.048016330797891034,1.8159206753769004,0.032279339090882674,0.672257512,0.34001974245484856
-0.983157229,-0.636546351,-0.61028472,0.6207396964716947,-1.546954325
1.0671694693183646,2.1606985628401905,-0.275690025,-0.258337624,0.9664605327524317
-2.607915735,-3.62022491,1.5092585144808925,-0.578722117,-5.057604748
-1.064997544,-6.331678892,2.229606502740909,-2.093532062,-9.144834146
2.0696735932984134,0.9651623446362563,1.7635738106984855,0.8521023877431319,-0.063400839
0.9238957731382623,0.40627571246166033,-0.782618816,-0.847085611,0.3806385555677893
0.6325574871378035,0.7890949400712786,0.5962274452872349,0.9425664187219492,3.919893362320697
-0.25300715,4.099028612072599,-0.368265555,1.4555539437544276,4.721823904269045
-0.481330093,0.20938827765985257,-0.414416294,0.8609814748925043,2.326033058018951
-0.326054073,-3.812573903,0.49215714795782767,-1.509434138,-4.352041959
0.48101532156080695,-1.068531236,-0.616997801,-1.282698853,-0.620132418
-1.336774056,-1.273200447,0.15806274216111602,-0.118241928,-0.049797344
1.8840028820709553,1.6801011541604232,-0.914719374,-0.485519095,2.279952746527006
-0.649074079,1.9353942342995776,-0.272579094,0.41995066933834624,2.244575524808834
-0.097549656,-1.698505232,0.087826352,-0.900324572,-2.19236703
0.35084597410157414,0.8075695524577835,0.27181834835906044,0.7747512253920456,0.84357561
1.045565186,1.6929516580894168,-1.051407927,-1.005588117,0.9013940449255087
0.9226931910795442,1.2012918586930443,-0.882332433,-0.956257661,0.8892888579178262
-0.338406905,-0.217410353,-0.173366972,0.512303294,0.9427922997633127
0.8567592943892403,1.3146443553661615,0.2624789784307045,0.3063625689848144,2.555220281995923
0.9674591438349801,0.4603398551058502,0.48901245494194845,0.5054605748037247,1.5038552716828621
1.3004597524248669,-1.02778698,0.742621275,0.5710451815882248,0.8567033801039287
1.1263565768105723,2.2223133159379813,0.5904501273366481,0.5242124381326789,3.046785192
-0.108619931,-0.643883559,0.020327191222672417,-0.187140528,-0.15806735
-0.376169118,-1.311674822,0.17898372534660925,-0.475806537,-1.854316416
0.1971776644458374,1.2705506104762796,-0.06076329,-0.308165179,0.2559338247524524
0.8004518565276043,0.7168247889617003,0.4159373075376304,0.5196281377145965,1.027828091639435
-0.432996648,0.49329092900516547,0.4614122911183165,-1.065625551,0.2916354866069514
1.269719643982328,-0.528365465,1.5944953430244277,1.2557853622107307,-0.379805313
-1.042635553,-2.833998029,1.3656710485908794,-1.309825898,-3.272094508
1.3580774747558935,0.6385162273618998,-1.388372266,-1.022307115,-0.438654906
0.24781987207807835,1.8233753985442884,0.264682858,1.0680453332931137,2.6196698409785895
0.31868918549449426,0.4523200469129385,0.11213011968888618,0.3518478969247087,2.234483897752755
0.009310418,1.9885432355381165,0.011738646822895141,1.260807758308297,2.224837866992787
-0.169004731,1.6492365298313956,-0.313731383,1.856346754,3.6809989426047123
-1.000399648,-2.3155269,0.20413831820402178,-0.204056767,-3.919634113
-1.344523089,0.010169658030226802,-0.791605029,0.5887626887482077,0.2641690660075481
-2.135062812,-2.134419287,-1.322210761,0.6192842445146673,-0.284123711
-1.500118489,-5.335977062,1.2326111576435768,-0.821675866,-5.880480745
-0.010873675,1.5172653836904202,-0.012300024,1.131174500979627,3.2575557610572563
-0.404645201,0.025754713053892653,0.24827014072718975,-0.613550191,-0.502326305
-0.806640983,-1.793883219,-0.030830507,0.038220854,-2.577203246
0.044532046,1.1187185026833553,0.007004365,0.15728818227254443,0.47650394906039373
-1.739738204,6.2119191557749955,-3.709384133,2.1321507591149835,7.926780495452107
1.5311892389540787,-0.153062136,0.7274401040137285,0.475081777,1.1412333211657362
-0.153226814,-1.15296187,0.06493473,-0.423781764,-1.039263203
0.2385320800033052,-0.914709779,-0.115184487,-0.482888872,-1.163190912
0.13778184605568258,0.23831828505064212,-0.113225312,-0.821772353,0.09261706
0.034805843,-1.30674659,-0.014405088,-0.413869811,-0.993068465
0.8091575160867674,1.8685186057290633,-0.981986035,-1.213590698,1.247802080525255
-0.207404297,-0.303695117,-0.012412385,0.059846323104456124,-0.37173044
-1.60583512,-1.773950196,1.192105832290475,-0.7423588,-2.412282164
-0.767822392,0.7463489704227728,0.042775743,-0.055710466,0.2978566030526414
0.7909276486156958,1.7030347903331373,0.3971512041850554,0.502133419,2.610078357921836
1.4952187388815183,3.061507912170313,-0.165944258,-0.110983265,1.620612112113432
1.0944444145321999,2.131125637527428,-1.272940243,-1.16309264,0.9779595984623383
0.2487370638290365,-0.321511596,-0.500707893,-2.013000739,-3.551306834
0.6101730381028421,1.5189001200924281,1.2414288698637557,2.0345521554404016,3.7750708656504557
-0.199869589,2.630248032527588,-0.200872634,1.0050184941185614,3.3129658876758534
-0.165996144,2.1761219072661078,-0.244838385,1.474964297920283,2.8539975331993066
-0.392121836,0.054855086,0.059985622,-0.152976999,1.317819304883008
0.6306324068020853,3.5321890874137956,0.8293790039498448,1.3151544307017085,4.540287676001471
0.45131227320065986,-0.365314578,-0.332636517,-0.737042922,-2.270733401
-0.464783656,-0.354683751,0.050434211,-0.108511155,-2.083305536
-0.517356067,0.25545405906892404,0.064407885,-0.124494307,-0.221978382
-0.473841606,-2.913881544,0.720767294,-1.521114409,-3.798872432
0.9135137759898296,2.0947561276574183,1.23105029,1.3475990425257316,3.2297568811619555
0.065370466,2.5336333833297866,0.059764565357270816,0.9142441368072494,3.512770204304976
0.11123223384838533,-0.324751274,-0.019561947,-0.175865814,-0.826228938
-1.052609557,1.5276452140774697,-0.982336568,0.9332392633374998,3.2878799816983437
-0.697709818,-1.626387067,0.7570315141906575,-1.085023451,-1.768821135
0.7073990491202367,1.9413202312295805,0.35539114355774587,0.5023913221253709,0.6972538772150549
-0.023784323,2.670239186508772,-0.040545222,1.7047036027235685,4.7650492848716715
-1.288094062,4.819032538,-2.705726421,2.1005658676489256,7.3818156668605805
0.9872430970304099,-0.10876509,0.9817934709527457,0.9944799552470345,-1.362969019
-0.07136085,1.3916473228959458,-0.08677975,1.2160694552762399,3.7842955687380337
-0.26882746,-0.647570708,0.068169922,-0.253582437,-0.780074517
0.8201139810586564,-0.268249237,-0.397945587,-0.485232049,-1.761207015
0.43712668176091646,0.10799818723183305,-0.395979105,-0.905868073,-1.629200461
0.21882644316698893,1.262754961401166,0.16927456860343512,0.7735562766253975,2.9810147722111227
2.373680324958121,3.3645922793978835,-1.409858544,-0.593954682,1.3573548071796309
0.12510075096033857,1.1664417413831418,0.085347917,0.6822334475278807,0.085171377
-1.066182824,-4.617834692,0.9802112929212109,-0.919365114,-6.521950697
-1.4795476,-5.521147502,1.8642987172950323,-1.260046461,-7.554738699
1.1603067319292535,0.9910784980858682,-3.382461019,-2.915143838,-2.360992606
0.13338360122054108,-0.406632574,0.12869973335710835,0.9648842299909998,1.332471797931543
1.0952654538745916,2.2323097659735742,-0.315616799,-0.288164662,1.6503354130029297
-1.272627875,2.7112638710265795,-1.237947162,0.9727487401631373,2.325764006821113
-0.081777982,-3.061127267,0.1909880447762203,-2.335445788,-5.433518304
0.6042913477292388,1.733367487945995,-0.176268602,-0.29169473,1.3826883368007343
-0.43153819,-4.115403399,0.8155718227798306,-1.889918069,-5.034612434
1.0331639707740652,-0.885911458,1.8168942152466536,1.7585729532219396,1.6729313545649092
-0.032919978,0.023150922769334725,0.030098927940395988,-0.914305844,-0.403385738
-1.298182057,0.096543655,-0.442047505,0.3405127215715958,-0.675078015
-1.580814385,-3.220481911,1.0414397021203683,-0.658799485,-3.776932841
0.9030911962525667,0.9068011616598065,0.3895883422998127,0.4313942422608413,1.481140460024023
0.24986307,2.4861859280058995,0.008908056,0.035651751600329455,3.2170204693130184
1.1973861531230354,1.0060098373224553,0.4155046903945252,0.3470097673259386,1.322491308365553
1.541930527005624,1.9127199266405437,0.003456803,0.002241867,0.9425427985059993
0.056876551,1.9803523611290719,0.023421075138194483,0.41178789168911856,4.035947721865036
-2.8231724,-9.25507988,4.728130176542189,-1.674757864,-11.06768912
-1.450817348,-7.75481199,3.0753501994080454,-2.119736302,-10.25197852
-1.136620762,-1.281646324,-0.252013582,0.22172178334813286,-1.227080992
0.15400250101996626,-1.299933643,-0.201022761,-1.305321407,-3.499664228
0.021519555375906885,-1.176166535,0.006044027,0.2808620963251457,-0.71276433
0.8064795149685214,1.096543957,0.9736693055730665,1.2073081677853539,2.2559845867912163
-0.372919672,1.0784930895402414,-0.477755573,1.2811219384485661,1.6616955502225412
-0.173401233,-0.180931319,-0.012547349,0.072360208,1.749986642
1.3654269257714189,0.742709259,2.214087632,1.621535059774266,3.5067673586051695
0.6266621752680861,-0.096598327,-1.122455576,-1.791165352,-1.447982717
-0.079063501,-1.478979751,0.068640777,-0.868172744,-1.965901773
0.7008533645496642,2.393488930107623,-0.177296461,-0.252972262,3.7136659982181417
1.2338125983963653,2.256646048499833,-0.995685524,-0.806998993,1.456513259542679
0.4181621782879935,0.6018439496403915,-0.263773914,-0.630793333,0.480887803
-0.981663611,0.46778767609811744,0.40773539428340944,-0.41535144,1.0262883220730883
0.3952950218701809,-1.493059308,-0.432193333,-1.09334373,-1.89347616
-0.081358349,1.808686190712018,-0.013987112,0.17191981638830423,1.9514663080287924
-0.283927404,-0.145085487,-0.087534836,0.3083000597023764,-1.686213365
0.011300793242851437,-0.356117745,-0.007259483,-0.642387031,-0.84712624
0.23692978881732182,0.15926517957081088,0.02952407,0.12461105096645361,0.6347091223841981
0.937732782,0.9153285486817052,-0.608239961,-0.648628236,-2.016975333
1.123474682246436,0.1862656166253418,-2.423462424,-2.157113518,-2.179682183
-1.11108962,-4.038941125,1.3893440796995435,-1.250433858,-5.818378662
-1.304170109,-3.511880647,0.9237355002491313,-0.708293721,-4.867898892
0.377675882,2.6345082079694473,0.6093676200189819,1.6134671274236017,4.345059491798449
-1.311678735,-1.235964989,-0.607808717,0.4633823057575819,0.42929879579153574
0.5140442891627314,-1.325415479,-0.197993304,-0.385167792,-2.877641212
0.009717388,-0.434259747,-0.001108695,-0.114093944,0.1509073022750591
-1.320503032,-4.23611637,0.7631354994027033,-0.577912721,-5.675607824
-0.815904343,3.4137372358330778,-0.838196202,1.0273216575899196,3.8568984399193598
-0.751465922,1.1172465353044254,-0.747395184,0.994582937,3.7280412667852043
-1.777816049,-2.158443841,-0.010249272,0.005765091,-2.64862711
0.061247865,-2.304029497,-0.11917814,-1.94583338,-4.847752957
-0.123231283,-0.498973737,-0.043817246,0.35556917404365734,-1.355606842
1.4924311708997475,1.4235687951571063,-0.027983819,-0.018750492,1.037239840717803
-0.309868666,-1.248575859,-0.046780329,0.15096824668612877,1.1378136038884972
0.9186416510962284,1.269486000698264,1.100625796397265,1.1981013435259247,4.380845441507056
-0.585428686,-0.741135955,-0.212197177,0.3624646040158117,0.11528634256998171
-0.849486037,2.9755763571431433,-1.113498733,1.3107910955394209,3.7593022002341643
-0.957269506,-0.551676224,-0.428875926,0.44802004374392057,0.7992414341598922
-0.557175517,-3.348025932,0.35952349900775177,-0.645260762,-2.504743646
1.3272399963461556,1.6699194108435065,0.7364620238564035,0.5548823316686184,2.311620038102839
-0.307427432,1.4834747981721077,-0.116179328,0.37790813592893163,0.9058039985325015
-0.622215573,-0.627494358,0.14288599123956783,-0.229640654,-0.347437072
-0.650549868,-1.538134474,0.10324595409712047,-0.158705672,-0.144367318
0.501472298,2.019085690412395,-0.184663374,-0.368242423,2.3238189570444394
-2.113067328,0.4942371990971569,-1.426821342,0.6752370465686439,0.7345595508408792
-0.13222134,1.196143225471495,-0.16898576,1.2780520911654125,1.7850870608506364
-2.665366146,2.065539258,-3.375685417,1.2664996969368054,3.4945167704013635
-0.176392345,1.2703271020949989,0.044994294612830305,-0.255080767,0.9085687486063693
-0.928962611,-0.48044587,0.3065598279579064,-0.330002332,-0.656879267
-0.396110535,-0.007385877,-0.014901124,0.037618602,-1.154906177
-1.270227765,-3.68170868,0.10677956041409471,-0.084063318,-2.356286234
-2.030807119,-5.829689904,1.307575773622388,-0.643869997,-7.720315738
-0.501992773,-1.529550829,0.19596841932466025,-0.390380957,-3.303151442
-0.334363115,1.4900377131937568,-0.157433234,0.47084509800707564,2.3817649956840343
0.7962504736857939,4.110461849471538,0.52424779,0.6583955774682877,2.0659575531988428
-0.602929441,-0.393844331,0.42973229036111055,-0.712740598,-1.23613553
-0.663152754,-0.772940369,-0.29320501,0.4421379666247756,-0.592662199
-0.499776018,2.401200098761843,-0.654824269,1.310235476863769,3.4820721919701625
-0.946800639,-3.518038138,1.5739485095956571,-1.662386405,-4.926837395
0.23812523654309498,0.7148022557914192,0.3598930265909471,1.5113602901379797,0.5758961838384855
0.9967273789837375,1.7490671071701693,1.1195981653429945,1.123274216149792,3.3662198536429564
0.8946295163917091,0.086894858,1.055035444010523,1.179298720509218,1.2279259720458744
-0.026416782,2.7527479859595587,-0.03326499,1.2592370455011226,3.770750780729611
0.1435346479928583,1.4760349492095968,-0.049233521,-0.343007917,2.2327129728087565
1.134378071135058,1.540849616380427,-2.200169382,-1.939538006,0.088635343
1.7460817022923738,2.709952049663587,-2.108348383,-1.207474072,1.2815509409039043
-0.41256959,0.5212517066088318,-0.386461041,0.9367172252613755,1.3662863524337603
0.9621647760734244,1.258655323,-0.247979897,-0.257731215,0.6923973378606563
-0.094459222,0.06562944,0.018410320065019695,-0.194902304,-0.35892331
-2.771637348,-5.366007728,1.1715907639180334,-0.422707092,-7.900086559
-0.361193083,-2.522713783,0.4954294568817692,-1.371647132,-3.264919191
0.3898687646601973,-0.156566363,-0.102328093,-0.262468046,0.138794567
-0.106297134,1.9343144532861547,-0.146826889,1.3812873715427727,2.759983532154644
2.7861849138111663,4.2576015121275255,-2.266238652,-0.813384152,2.9332123133669525
-0.362069814,-0.810660992,0.18194367135717726,-0.502509915,-1.543028464
-1.073092524,-2.766170256,0.5432869455026432,-0.506281549,-5.317389978
-0.305387546,-2.972703342,0.00973471,-0.03187658,0.12221008239228537
0.23834382128012693,-0.248082661,0.039728464,0.16668552167005982,-1.296954121
-0.158158021,0.6493103895450998,-0.29584644,1.8705749921489385,2.4370664339962564
0.2824622231976756,-0.577814291,0.00883925,0.031293566,-1.29462926
0.6519726257349084,0.574189858,-0.099666717,-0.152869481,0.5731872422630353
2.7398153127987377,4.047653639300523,-0.998470535,-0.364429869,2.9390588201298806
1.8638252096464931,4.757949894113285,-1.375855232,-0.738188981,4.124140017287739
-1.259932771,-1.173231031,-0.367852253,0.29196181070246086,-0.822625612
-0.44308993,0.9790442097848703,-0.424506526,0.95805952,1.538647693532012
0.2296806511348093,-1.214859639,-0.198414662,-0.863871907,-3.512497617
1.8077327743055662,2.705490271,0.24040741152089373,0.1329883569839272,1.4791373075546703
-0.392372196,3.607883379210443,-0.942769733,2.402743471889197,7.4208915236453805
-1.042985165,-0.315235762,0.2751001287725754,-0.263762264,0.327661165
0.10896761847707298,-0.130252143,0.012741973718228945,0.11693357986813196,-0.659282126
-0.114673336,0.9764040019303297,-0.042847676,0.3736498604440911,2.8495242030614216
0.3832263173925246,1.3071410771823069,0.34890564099458893,0.9104427988363276,1.4521984448615708
0.21821917095322402,-1.134388756,-0.132155571,-0.605609352,0.17632932495976972
-0.049830118,0.4786303094073986,-0.008476386,0.170105683,0.8039916014217232
-0.601169515,-1.01137998,-0.041538939,0.069096882,-1.039346646
-1.60773662,-1.420662394,0.22480505297148531,-0.13982704,-1.267461288
0.8687412327560644,1.8249681751656972,0.305966089,0.3521947362708601,4.0120593967888905
-1.848039803,2.650357285584627,-1.930841519,1.0448051582998608,2.9539079989748522
-1.479824369,-5.179051155,2.0282168231571513,-1.370579419,-5.48141657
0.6468611455713822,0.29204007777211816,-0.237761971,-0.367562611,0.5475833774122766
-0.219929123,0.11623951236133945,0.10678878003934307,-0.485559978,-0.325035552
-1.335029481,1.6696514209545952,-1.482252604,1.1102770577025896,2.4116848602178935
0.4327701511723834,-0.626456629,-0.053622817,-0.123905996,-4.221306891
0.039244611,-1.028851428,0.025168286,0.6413182714313126,0.37109396271394757
0.033125990486231306,-2.019987407,-0.039373246,-1.188590767,-3.33480282
0.1934690152516439,1.8191868347201339,0.074099096,0.38300239524151564,3.2626782151077274
-0.315719702,-0.652169626,0.1787155161509076,-0.566057534,-1.897387332
-0.57108296,-2.511334728,0.94254963,-1.650460083,-5.065629941
-1.520862182,-4.676713548,2.060824639074308,-1.355037073,-7.844458066
-0.289214945,0.8897575600195332,-0.192431381,0.6653576669128519,1.3164334360625003
2.7637746737421205,2.534216492731826,0.6525960718841441,0.23612491933017687,2.813762541625775
-1.769322061,-3.517550647,0.8956350661094955,-0.506202396,-2.471827533
-0.025912023,-1.519909687,0.019063006,-0.735681915,-1.734638804
0.7888088659176483,0.093126907,-0.065776681,-0.08338735,-0.349950089
-0.010593248,0.7510841074607039,-0.01242183,1.1726176964514523,2.079799285463947
-1.347647231,1.0162949064868485,-1.437699609,1.0668219224237006,1.9133179415549686
0.2133724545427849,-2.139090438,0.017860896316877428,0.083707601,-3.991493866
-0.247795614,-1.160883472,0.048297556,-0.194908843,-0.291597992
-0.078887792,-0.389061728,0.061900803,-0.784668978,0.5730312646260545
-1.816609394,-1.031614973,-0.19443934,0.10703420359506016,-1.680541272
-2.08374823,0.9866185312310088,-2.142175886,1.028039690625151,0.8577684888362878
-0.533728004,0.5934243606401008,-0.168967793,0.31658034092946813,-0.610110707
-0.3268981,-1.053807099,0.1292087326094366,-0.395256909,-1.048290953
0.936065311,1.167720479439816,-0.7707349,-0.82337727,-0.685261915
1.0799560137812274,1.499167127521155,0.8089106125458513,0.7490218140585462,3.768366795889919
-1.008949288,-3.108500719,1.0062025318145391,-0.997277607,-4.28783394
0.8158156003823596,0.5932898245511603,1.4883229495032493,1.824337446851588,2.7133888550826493
0.004909589,0.5691539462098889,0.004004448,0.8156380611854881,1.4598215563651895
1.1233478161118446,1.0237461952578695,0.063801592,0.056795937,0.04669984
0.081223695,-1.238761365,-0.043100743,-0.530642487,-3.583615323
0.5698178340076084,1.4076756720171428,-0.230003054,-0.40364313,3.916194477439918
-0.929657679,-3.024977347,0.2178165378030783,-0.234297573,-2.83994958
1.1622881318866982,1.5145666168568759,0.5925005373429161,0.509770788,0.38373451343645226
-0.700380381,2.801636234810215,-0.583026784,0.8324430543590889,1.7597516004268223
-0.553344451,-1.245903006,0.6948501442890351,-1.255728043,-0.427400735
0.508317647,1.6589157918548678,-0.298231544,-0.586703108,-0.074835462
0.1391358080313513,-0.32199905,0.075957219,0.5459214287442642,1.4918760086295513
0.2098603891909933,1.6832596571550582,0.3220895985865675,1.5347803357661494,3.842746936908398
-2.088060042,-3.558557821,0.4613413925653027,-0.220942589,-5.33041839
-0.241155499,-2.182973333,0.21815238726347216,-0.90461295,-2.784734425
-0.409714772,-0.832888788,-0.24098533,0.5881782800394164,1.2453210138408932
-0.867152152,-1.476525451,1.0413252046326718,-1.200856393,-3.174342665
-0.078031231,2.2296493356884106,-0.125826347,1.6125126468042752,4.102335207799588
0.22296772043101912,-1.677596484,-0.129784203,-0.582076196,-2.591554082
-1.214513846,-3.400096217,0.4119202776306844,-0.339164744,-4.140285893
1.2281423737431636,1.599039131722871,-0.47718562,-0.388542591,-0.107269102
0.2165423975103128,2.0772923277825774,-0.047812628,-0.220800308,1.511233331544348
-0.233878796,0.7322813202599291,-0.009273778,0.039652067,0.1520126941875729
0.31086400808335063,-1.231268741,-0.009977678,-0.0320966,-2.289519879
-1.325347255,3.237882702,-2.991905443,2.257450213797416,6.328462018283138
-0.457425919,-0.537532878,-0.193772946,0.4236160163587199,-0.146527563
0.8808104430707594,0.44757153051287357,1.0785550161690234,1.2245029843298285,0.8623179197575603
0.39821308068567696,0.008525316,-0.162805287,-0.408839626,-3.03424285
0.5112288594507745,-0.2985671,-0.596832784,-1.167447363,-2.207065702
1.2179661511228468,0.6087510058702047,0.24273796087940247,0.199297789,1.4052401985465202
-0.391339369,-4.488731646,0.4896520595738557,-1.25122106,-6.945740656
0.3082687734148116,0.8703812705974655,-0.176693117,-0.573178771,-0.111957404
0.1799185406630927,2.9441345387076145,0.2558661968900382,1.4221224557904881,3.701630676792689
-0.507799039,-1.549174602,0.19151851690157798,-0.377154154,-1.545436577
0.39411119382901394,2.0140208234031602,0.40449459999694426,1.0263463873407137,1.7607749363075262
-0.192762767,-0.552984106,0.18020226443532145,-0.93483958,-1.534103169
-1.496933173,-3.079653583,0.9681201127819772,-0.646735693,-3.570999538
0.26112033477807095,0.36521929131620184,0.20232192041051045,0.7748225375954196,0.9557027115259689
-0.266756782,0.12950195676639642,0.1367944684379754,-0.512805962,0.845329859
0.35637259094467794,0.9716299530000654,0.051400852,0.14423345917556243,1.6694856175089758
0.069617229,0.8118872059407148,0.059753855,0.8583199292357777,1.930002646202973
-0.422995095,0.4764887894463986,-0.115186056,0.27231061898807823,1.6116542912175191
1.0805437495766146,0.3874729407284975,-0.667526454,-0.617769021,-0.488464083
-1.544101702,-6.137549247,2.2332638294408844,-1.44631913,-6.185123452
0.6503539702668776,0.6270173532340759,0.26947259609377017,0.41434758364462676,0.007181164
-1.511441876,-0.73682811,-0.809541905,0.5356090216588608,-0.429342918
-0.817774162,2.291728833071807,-0.642762884,0.7859906977194381,2.7834266663633107
0.48850800840493647,0.7734491380628481,-0.791177377,-1.619579134,-0.053230094
-0.500902502,-1.666585315,0.4064992032572148,-0.811533585,-2.103278194
0.5017277789893677,2.4973340895921794,1.037124636901928,2.0671062682457255,4.891508342289063
-1.139521147,-1.553904016,0.12339985421770144,-0.108290973,-2.363677798
-0.416741946,0.22997366908362005,0.20052697395777563,-0.481177803,0.32600983626393276
-0.652762276,-1.303386192,0.2271908267652861,-0.348045276,-2.656972357
0.030132566,-1.271455376,-0.000373033,-0.012379741,-1.09915814
-1.37096171,-2.100932709,0.9436749323681458,-0.688330626,-2.86675506
0.5294916126562778,-0.61757805,-0.991753121,-1.873028953,-0.265249213
0.3167340891821106,-0.576533769,-0.005078536,-0.016034068,-1.067643729
1.4441953501869016,4.253339300657149,-2.4266517,-1.680279403,1.5205469347755083
-1.670572093,-5.050545091,0.7398971921256304,-0.442900486,-6.648365212
-0.35751302,0.874368985,-0.333209701,0.932021163,2.188458846080299
-1.60995281,-0.954616099,-0.969611624,0.6022608974285337,1.137649877759492
1.6148392585005666,0.563389121,-0.695576371,-0.430740315,0.15698765810003848
-0.280500924,2.9030137565730043,-0.566471838,2.019500790690373,5.399021127306748
-0.104200763,1.302762906850303,-0.121567597,1.1666670479103523,1.5468192320124063
-0.325968646,0.3212324555825343,-0.222890442,0.6837787768354626,0.4794174085381112
0.13716876799708266,-0.587951682,-0.029563642,-0.215527502,-2.584528447
-1.025112153,-4.827830923,1.2030444834073841,-1.173573525,-4.308244926
0.602045309,1.2434307352657155,-0.092787342,-0.154120197,0.7886108562368392
0.2820957991732682,2.3450375467354965,0.4512176084988974,1.5995190634574166,4.068496488798065
-0.248919092,0.7967149353686002,0.028091148,-0.112852524,0.6008902431669708
0.086610504,-1.214627979,-0.076484873,-0.883090038,-0.911016577
-0.016956886,-0.174134054,-0.005179716,0.3054638525048343,0.9239869524594324
-0.44244253,1.2128727821772518,0.041782097,-0.094435084,0.3360127701264526
-0.451369773,2.179698877698965,-0.794626341,1.7604775246016624,3.1884376356844024
0.8940137200579031,0.697902479,-0.027629477,-0.030904981,0.5337682821632175
-0.640301382,-0.815422199,-0.910321441,1.4217077565309655,0.9385394950211379
1.3181641267573527,1.0871976586297567,-0.877133483,-0.665420538,-0.291600854
-1.203875476,0.32637267812229054,-1.197317716,0.9945527925629594,-0.449570213
-0.613596899,1.5144685678302352,-0.252004817,0.4107009295798609,2.796629738
-2.062933521,-5.083431182,2.1271042550875534,-1.031106545,-6.540772507
-0.280522582,-2.30451868,-0.039148126,0.13955427775591314,-2.225143017
0.4505082241334553,0.36936484870697495,0.4944915976823922,1.0976305674186928,2.5825587460895236
0.36889375880431874,-0.608377996,0.032070952,0.086938179,-1.136053371
-0.769847475,-3.279706935,1.187129604887659,-1.542032212,-6.927333506
0.059745364,0.084557873,-0.060690107,-1.015812824,-1.020360646
1.9371981131797782,0.3030773324627939,4.317277445953503,2.2286194770585377,2.5138397801119474
-0.223556912,-0.239887613,-0.115385797,0.5161361166149154,1.1031149888852323
0.037902463,1.3486874543181575,0.014151197223962554,0.37335824607259166,4.244776942
-0.126850725,-1.249595428,0.021005217,-0.165590045,-1.163366652
0.019029485,-2.181263565,0.000857843,0.045079666,-1.974901564
-0.132828578,2.637651889053095,-0.066249407,0.49875868882937446,4.165456708464612
0.24204006522972604,0.640762887,-0.095311185,-0.393782677,1.1547818407245543
-0.030888114,-0.616097348,-0.033939631,1.0987926015116138,-0.232786378
-0.159774915,-1.290751783,-0.251842576,1.576233520324628,-1.235332566
-0.464419428,0.6571938002273343,-0.363118567,0.7818763498172062,0.16747261944418446
-0.659167756,-0.353297873,0.1884885097455541,-0.285949226,-1.729609297
0.074066619,-0.261191567,-0.022285541,-0.300885087,0.26622966644563095
0.7220250616319239,1.8461389921482159,-0.799491295,-1.107290228,1.0488681468046521
-0.247669779,-0.375228131,0.084282529,-0.340302032,-1.263429557
-0.276368045,-3.715315146,0.3919644382420841,-1.418269751,-6.002763796
0.364970288,-0.297390546,0.4057240876788772,1.1116633345191353,3.4727523841002976
0.2861724430442983,0.8294866842720894,0.34947991773672205,1.2212214216678579,0.6264009590763882
-0.773602055,-1.377300235,0.39037592814654987,-0.504621111,-1.95655584
0.43750037374518763,-1.728318705,-0.647638699,-1.480315761,-3.7550055
0.17498840168205335,2.369815069,0.3447956551431486,1.9703914763998356,2.912208654485108
-0.275206636,0.18242637694498842,0.069734433,-0.253389359,-0.215540548
-0.529398111,1.622690534473002,-0.495792513,0.9365211222695576,3.5548281510600903
-1.093614444,-1.181013732,0.9480552024972163,-0.866900769,-3.778319126
0.30340485636302084,1.003335807454335,0.060541783,0.19954124627744665,0.20541426238737015
0.4521821069694674,2.051171877032357,0.22098916636827518,0.48871718487347615,4.007950913691559
1.3018300131371539,2.09300253,2.270525975461232,1.7441032642884855,1.8026124040758607
-1.053052372,-2.590066532,1.1476605454803963,-1.089841851,-3.032782321
-0.315501272,-1.261292162,0.4337442288784226,-1.374778068,-3.99609772
0.5132861451970002,-0.376218688,-0.400587504,-0.780437008,-0.387267537
0.6955743732595218,0.5137829657114096,-0.301148013,-0.432948689,-0.788759676
0.3816653682185164,-0.06954086,0.39314382811300547,1.0300746697245984,-0.306635207
-1.153115326,-1.628998949,0.32292232835178186,-0.280043393,-4.260272902
0.9825472836112428,0.39552254785747354,-0.56938837,-0.579502259,0.6000285022321045
-1.131473741,-1.236238892,-0.204014276,0.18030844964826054,-2.532619671
-0.309205564,-0.281828195,-0.447996007,1.4488614009974747,1.415017666739853
-1.537945299,-3.436125378,1.344671421393869,-0.87432981,-3.748354863
-1.538450442,-3.736543473,2.037442283077616,-1.324347036,-4.700380423
0.9569009658128782,2.6028361188030664,0.489201453,0.5112351966393461,1.769215762
-0.230433462,3.875921880909348,-0.409219317,1.7758675924146246,5.714243681086109
1.282064639153498,1.3409898212787186,-0.555515487,-0.433297565,0.8740618261996371
0.6067218290793465,0.4628814387254502,-1.039128923,-1.712694142,-0.541143878
-2.623597819,-1.688224996,-0.927182267,0.35340106639458435,-0.396436143
-0.771712403,-1.889323045,0.638823548,-0.827800027,-2.340184866
0.5545941162200689,0.797778259,-0.343131379,-0.61870721,0.8371082205230183
0.20060419669835353,0.052785589785594285,-0.032711782,-0.163066287,-0.360113911
1.209265120344971,1.3005801827647434,0.7114936997955266,0.5883686611192064,1.5945150015848357
-0.441119555,-5.51971962,1.0041958644220215,-2.276470975,-7.298483248
-0.814971072,-0.556691624,-0.19414112,0.23821841872250904,-1.226071775
1.0719752371586717,1.789059867783065,-2.055521789,-1.917508649,0.3120214787704323
-0.960583731,0.6537824798258673,-0.772050996,0.8037310766091308,0.2586855638518113
1.0616306136934095,0.21305041545476588,-0.568308982,-0.535317062,-1.328874354
0.6708032853218554,-1.715504367,-0.558062467,-0.831931624,-1.146536749
-0.319929724,0.5930194016972021,-0.182701171,0.5710665715134158,1.718061779642562
0.4093602244003047,1.4490488757203257,0.285649421,0.6977947628998451,1.940430345
-0.104914478,-1.920716547,0.056519928,-0.538723811,-2.503121933
-0.272764271,-0.039909913,-0.260410275,0.9547081579659769,-1.077746786
0.099416803,-0.502093683,0.008961818,0.090143892,0.6566408125032004
-1.259685281,-3.615749758,1.6159222494511791,-1.282798389,-3.81555658
-1.121445303,1.4569666778704213,-0.051800212,0.046190583,3.3641732100020554
-0.768419138,-1.57823591,-0.889257578,1.157255896272452,-1.557511839
-1.439943507,-0.703971191,-0.615854758,0.4276936940524556,-1.230900442
-0.06514324,-0.613219385,-0.011593708,0.17797254083208663,-0.086068614
0.4590925725308469,1.6208833546597043,0.3075592765140522,0.6699286699816669,1.4868267548743734
-0.47480025,-0.203918483,0.22580273682931357,-0.475574174,-1.811598625
1.9161403373935333,-0.338042521,3.7448672236799494,1.9543804546038506,2.150875259011424
1.3373806892166387,1.0273347879807855,0.5755489043553406,0.4303553273918321,2.388996693
-0.200353862,0.8894222576963725,0.10510221382471345,-0.524582918,0.1175889611206318
-1.328042575,4.511267911662836,-2.783167282,2.095691308,7.138176231493253
-1.561855382,-2.595007234,-0.255519854,0.1636002005748841,-2.501789867
-1.638420046,-0.439375512,-0.146080598,0.08915943,-1.202129939
-0.40639292,2.881725603913089,-0.635499792,1.563757044432162,4.702300789767767
-1.755467243,-3.774853876,1.5504232086871998,-0.88319689,-3.894539266
-0.115146272,-1.435504904,0.014390818,-0.124978583,-1.572121128
0.5946498912174434,1.4621060839064333,0.4129484507205166,0.6944396304774826,2.471838640580305
-0.874724122,1.8648610048942145,-1.348657359,1.5418088116668287,4.084489193794493
-1.358855395,-4.760176932,2.9250863209789615,-2.152610448,-8.022297216
-3.000631897,0.8822817183133709,-3.164635401,1.0546563224083148,1.107632238490715
0.7456914480744931,1.6044032887959527,0.5574512527390005,0.747562888,3.5273593022716536
-0.446304741,0.6760085606940487,-0.558736021,1.2519159416381702,3.1329097261502286
-0.916819194,-4.931504166,1.6043159458698801,-1.749871684,-7.947880018
0.10871567886487728,-0.980301109,-0.135547428,-1.246806623,-2.933280256
0.8801698513683557,0.061286343,0.711639922,0.808525674,1.540144690552279
-0.456691318,-2.04942128,0.49679375217414296,-1.08781081,-3.455135759
-0.313590405,-0.176678383,-0.109222951,0.34829812883382394,0.9693396729413181
0.8204411816521002,2.0529239684493628,1.308476791067375,1.5948453348386664,3.562167357758679
1.7043130377122346,1.1767003700000043,0.5386258960337243,0.31603695102675666,1.8621604657845046
-0.732263289,-1.650247926,-0.199444026,0.2723665501176037,-1.546359649
-0.79758964,2.355041347372101,-1.484191564,1.8608460908198885,6.400004655119403
0.10359594513735272,1.6921099705454603,0.050123629,0.4838377499104726,1.7597605327138008
-0.172375329,-0.383965343,0.1826300407867773,-1.059490602,-1.686545716
-1.2545626,1.2551075227694088,-1.094197676,0.872174633,1.1575971723164553
0.2720380771035543,-1.015245879,-0.053892093,-0.198104962,-2.770488487
-0.003185153,-0.082297028,0.000282393,-0.088659023,-0.93150838
1.4032774912619521,-0.471897075,-0.028999599,-0.02066562,-0.474727528
-1.01790867,-4.175560805,1.034052981,-1.015860275,-5.249012993
-1.43235166,-2.213988177,-0.175622556,0.12261133943802591,-2.549330389
0.8293892142817522,2.0418419518379696,-0.097044244,-0.117006879,2.736967450458368
1.8271903439314117,0.330306418,0.88780178,0.48588357663466175,1.9435314425461767
-1.085628219,0.9078668346360208,-0.635469943,0.5853476653526534,1.3317012706738227
0.10371712717102109,1.2507026767072957,0.095671352,0.9224257836125385,0.9878932259829964
-0.265683367,-1.354980059,0.37772480079774434,-1.42171038,-2.427178881
0.24643241761483614,0.061484399687992554,-0.061823694,-0.250874843,0.4629690935625148
-0.36461898,-1.701951838,-0.055072287,0.1510406468852759,-1.822774708
0.28584721500471805,-0.048864687,0.042766941,0.14961468600620553,-0.982786325
0.30175966270776067,0.17813369724689254,0.20058732276614819,0.6647254340299522,0.5852398766569611
0.9332634739876962,0.9457269837125523,-0.394769432,-0.422998909,0.50269786
-0.333283556,-1.577223525,0.4042748187448348,-1.213005596,-2.228693064
-0.504933078,-4.038035714,1.0438957370494473,-2.067394242,-5.208379931
0.16616051301641852,-1.417760115,-0.221210512,-1.331306144,-2.698441717
0.21971209672729658,1.6212535752313677,0.32191773504349075,1.4651798414315362,3.871118423456965
1.3338619276396915,1.249206965708281,-0.463282067,-0.347323855,0.4175067618853457
0.8039614643576102,2.9116156662055923,0.35052459632890404,0.4359967633635076,3.2432177786650436
0.17337208487115352,-0.782735126,0.038492329,0.22202149107562433,-0.569807689
0.064507514,-1.780857193,-0.040484941,-0.627600393,-4.619449337
-1.056263031,-0.971781922,-0.414114858,0.3920565674249191,0.2749057912040662
-0.771934777,0.15356889309108757,-0.026824474,0.034749664,-1.16429359
-1.187753158,-4.80317551,1.5932758139124892,-1.341419977,-5.824766025
-0.83050426,-1.398460908,0.084516695,-0.101765516,-1.718103727
-0.736692967,-0.604993986,-0.194542925,0.2640759905051421,0.3131653271584782
-0.259963504,2.656221956588964,-0.31076055,1.1954006811492075,4.426350070651039
-0.460119652,2.0981842191021385,-0.795383985,1.7286459770738878,5.749379437102819
-0.051932733,-0.205139502,0.03324467,-0.640148685,-1.471583235
0.6577136992339072,-1.174768921,0.35217595667109886,0.5354547990733763,-0.291048299
-0.225850411,0.23602848377615188,-0.140147476,0.6205323024449844,0.49368579121124173
-1.372900089,-3.631843703,0.8503607810386413,-0.619390142,-4.995589951
-0.343660647,0.5631380761040421,0.21959433665827183,-0.638985983,-0.635405797
-0.128890697,2.299428412124175,-0.123932929,0.9615351028556828,3.958137763630582
-1.661694879,-5.802955945,1.1672440257477221,-0.702441851,-7.242130841
1.8737188811659822,1.155321535085238,3.578157743721104,1.9096555943837634,3.9949805281970834
0.36596853241055066,0.7349179910895005,-0.28489991,-0.778481985,0.5249901087429608
1.3100416085713344,1.990055257642096,-1.793751954,-1.369232811,0.5612720082299782
0.42767280782092415,-0.483734294,-1.049570483,-2.454143598,-2.732003113
1.1195077731228742,-0.052217165,-0.126520499,-0.1130144,-0.263572174
-0.704302247,1.6112243422382602,-0.78786819,1.1186506821915423,1.1611065830446268
0.050338549997042924,-1.366818915,-0.037151369,-0.738030188,-1.490038572
1.963694372859602,5.237343403,-0.007727267,-0.003935066,4.371043198635855
-0.011579634,1.3156983634782997,-0.006250399,0.5397751303991096,2.759565230403834
-1.070072971,1.732261313653754,-1.427323715,1.3338564321400779,2.6916826522509028
-1.11009737,-4.482822556,1.0074214961537429,-0.907507326,-6.098492681
-1.038898953,-0.673670724,0.4859614749767171,-0.467765872,-1.001168529
0.6963880391028807,-1.494256256,-1.231675127,-1.768662093,-3.061633472
0.7010825305128472,-0.587252175,-2.177787917,-3.106321756,-2.862774696
-0.624396266,-3.996807149,0.7805274492634208,-1.250051437,-3.594822364
-0.471710791,-1.420604899,0.21072161552323693,-0.446717819,-3.167576013
-0.054975636,-0.598206868,-0.044698111,0.8130531045398297,-0.002576347
0.47627845018589376,-0.652512494,0.056981283,0.1196385921087502,-0.646545045
0.3629211146247935,-0.095419478,0.2418103512671261,0.6662890130190471,-0.135004045
-0.490963996,-3.730513346,0.5515250566990646,-1.123351329,-4.078398309
1.4806855432448651,3.410277247250039,-1.317814819,-0.890003164,1.8465852661302904
1.213128547389878,1.5230477796566488,-0.262183985,-0.216122179,0.9471264777734097
0.902693202,0.6678063646188701,-0.57686414,-0.639047839,-1.044429438
0.10186168684300853,0.9082936827046064,-0.033732423,-0.331159084,-0.609694168
2.6065992020886033,5.150742306187947,-4.582302172,-1.757961933,2.7299136996999125
0.24994940113334782,-0.094698303,-0.026254156,-0.105037884,1.741650290844965
0.325040715,0.15510480601269705,-0.155860334,-0.479510187,0.5147889180256733
-1.816204392,-3.283994995,0.19141391615520034,-0.105392277,-3.89883998
0.41067557167976876,-1.121018346,-0.129741815,-0.315922894,-2.69154766
0.025816718986006463,-2.966264846,-0.035532924,-1.376353195,-2.771956678
-1.020189616,-1.127273753,-0.234459656,0.22981968489376647,-0.078024808
0.32190972600321843,0.6078259479102641,-0.122812342,-0.381511747,-0.407244499
2.0020686206409466,2.9216769519503374,-1.633761137,-0.816036533,1.7398030146247019
0.25443585005954716,-0.367860049,0.23808480144589253,0.9357360662429138,-0.527306059
1.0390634893337756,0.5350650169991227,1.361916840630312,1.3107157114177332,1.8568154813455948
0.18725274900535666,1.0957953302343308,-0.197281079,-1.053555049,1.395002281125932
-0.286552087,-0.743282375,-0.16174224,0.5644427221270183,0.21369712196009782
0.4715212975572299,-0.520994227,0.17373079715141487,0.36844740216708594,1.530193040405111
-0.900025243,0.6368336971595394,-0.994340764,1.1047920838117495,1.8733794296514732
-0.16376319,-0.179981539,0.096297038,-0.588026152,-0.593501477
0.7795477380480106,1.016505592587205,0.19118352051916898,0.2452492787650093,2.0686335129994435
-0.226838322,-1.061522198,0.11286805923109826,-0.497570509,-1.238007147
-1.162052365,-3.376033748,0.3883634352053011,-0.334204763,-4.17407189
0.49876165182799576,1.085697905235615,-0.027538011,-0.055212767,1.687954362316009
-0.078608191,-1.390958315,0.098143163,-1.248510641,-4.063341856
0.6515216133252946,-0.093009317,-0.254543813,-0.39069128,-0.916716612
0.785970339,0.8190694897943125,-1.50757125,-1.918101961,-2.306546398
-0.094265146,-0.118457706,-0.001734807,0.018403485,-0.130319
0.34897541680786104,-0.705095893,-0.151660223,-0.434587124,-0.11488659
0.35991148189263306,2.473452564603291,0.016182793340225706,0.044963259,1.9499504730196362
0.11053598674069769,-0.049063664,-0.194560712,-1.760157189,-1.479889532
0.37848197097608316,-0.134322698,-0.21719699,-0.573863504,0.6297251298323463
0.5037778223045813,-0.38493949,0.11185596357937054,0.22203431478518526,-0.796460522
0.48038351221516556,1.8057915019753565,0.49122897040291214,1.022576666167695,3.5236679436092357
0.8411943685462934,1.6122226628732088,0.5646994862917931,0.6713067840286143,3.7860896367320853
-0.297320549,-0.649531652,-0.052839408,0.17771865355556232,1.067300264639228
-0.700500777,-0.354555385,-0.13099132,0.18699668088679883,1.048352121996922
0.49627865662537973,0.3795599449244412,-0.300963548,-0.606440643,0.6061409752321709
0.095944202,-0.318498442,-0.028493873,-0.296983794,-0.489027247
-1.006120577,-3.721074802,0.7110139230668935,-0.706688581,-5.578041341
0.5478553201021629,-0.674729238,0.2782511108270105,0.5078915922092767,1.2760066905754712
-0.498442502,-3.315972239,0.37930569732200625,-0.760981851,-4.844629818
-0.084726648,0.6502274549851019,0.016145569705241707,-0.190560704,2.6578109254511766
-0.549028895,-2.359604338,0.2807797744885964,-0.511411653,-2.881858646
0.27591180788505515,-1.056565506,-0.073705189,-0.267133147,-0.95971994
-1.428121227,0.9690856019322797,-1.575845285,1.1034394382755095,1.9050430166674996
0.9769972069892827,1.0900338063571846,0.7544619093923431,0.7722252469045383,2.109431618904627
-0.968487375,0.870780433,-0.482605885,0.498308906,1.109034145787382
0.6508689858751371,2.547452454398716,0.8503938169638262,1.3065514495523467,3.255365228421016
-0.046851697,-3.341464729,0.10345483334550923,-2.208134162,-5.017221774
-1.454589485,-2.175465559,0.6051227692758016,-0.416009311,-3.191081253
-0.341934259,0.5062247367981677,0.061785162416343804,-0.180693103,-1.330461419
0.24612186010131498,-1.063638929,0.13537736494988048,0.5500420194051556,0.7317434386410315
-0.810416827,-2.056810442,0.2542093453135623,-0.313677279,-1.757690659
0.10498614198975759,1.2293535297136358,0.064080994,0.6103757358435165,3.358448976340354
0.5360520264319939,1.2147436915058631,0.44803857650285983,0.8358117391795741,2.659429303946772
0.16237670574952154,0.10593367853943897,0.041663405378687755,0.2565848665692032,1.0827183286256623
0.10535701365345637,-0.941059857,0.090285539,0.856948544,-1.677338463
-2.5536016,-7.685616968,3.1728959775684813,-1.24251801,-7.652258814
0.1194429990039538,0.10078499763607762,0.1127771744809688,0.9441924216691482,-0.586514073
0.7356741310107225,0.9557111503979657,-0.784041802,-1.065746054,-0.617490444
0.3929868936290813,-0.468632711,-0.643691107,-1.637945483,-3.637774904
0.8100076888484959,2.1483473326298603,0.606129706,0.7483011761417757,4.5922561966763356
-1.528780693,-0.073886401,-1.071182287,0.7006775351461788,0.11855427916347439
0.5120389325377486,-2.24177576,0.4496719089297949,0.8781986688026777,-1.605036618
0.19601206891416764,-0.047048864,0.1619104183341702,0.8260226996791186,1.4352478711903964
-0.356626325,-4.369764715,0.6458051385014221,-1.810873437,-7.477325255
-1.600198134,0.31521264792317605,-1.509029029,0.9430263643067169,0.4583207644473195
1.470130606159444,1.710380715,-0.157407049,-0.107070112,1.4893906146117524
0.9737705771025909,-0.398781319,0.46950143789278476,0.48214789903568916,-0.915963973
0.13193024781832893,-0.65208807,0.013177573,0.099882878,0.30409442807576725
0.067211075,-0.437012185,0.035535942,0.5287215197362286,1.3363692685933075
0.1892785579047947,1.0873280598972677,0.012539739123269307,0.066250183,-1.659263887
0.34537902400707104,3.215130417,0.2298047834854445,0.6653698328846388,5.243678902322889
-0.787494531,1.876407317417955,-0.734614315,0.9328500527513326,2.8312019016469816
-0.796477903,-4.707922126,0.6255739882769866,-0.785425416,-5.583318758
0.7059609828281622,0.776135354,-0.114926335,-0.162794174,-0.275786075
-0.713656201,0.059168855785250135,-0.361895835,0.5071010862799085,1.854096844263553
-0.347144758,0.3704193174482814,0.1412749585682287,-0.406962673,0.087233196
-1.121652368,0.9881439152194874,-0.721093794,0.6428852778932262,0.6415196411265262
1.6341741427146745,0.8406761739898427,0.7851948646023226,0.48048420549474874,1.2128817941756496
-0.958589828,1.8778796770308779,-0.812926989,0.8480446642780085,2.5011852249806434
1.8537063260839142,2.2510195730991946,1.0053297823319554,0.5423349794871692,2.3992230111272534
0.1057198399201363,-2.103210007,-0.038368991,-0.362930847,-1.852080611
0.6751264963998297,0.5899287656603006,0.3319254034029173,0.49164920229458947,0.7028626355152923
1.3299902751803787,1.146836684508778,0.9776393347246606,0.7350725437387646,1.641294444109872
-0.642066971,-4.538448928,1.2094897406160277,-1.883743901,-6.603302931
-1.971163152,3.6072230969539576,-2.781269955,1.4109790716251092,4.913075391151874
0.6762502097913338,-0.792588589,-0.474197077,-0.701215423,-3.79209363
-1.106051654,-1.464440807,0.00358911,-0.003244975,0.055657889665501115
0.5298348262660588,0.22512775197406637,-0.843066214,-1.591186861,-1.922549894
-0.939116282,-1.689428869,-0.090397933,0.096258509,-2.146340946
1.4878572549016786,1.5514768651147526,-0.761446722,-0.511774042,3.0994296033717528
-0.223742484,-3.055973855,0.5714822456923814,-2.554196391,-3.048711428
0.7985842943728104,1.976595671872964,0.6082471506658026,0.7616567905877811,2.775044703732681
0.7384543725137448,0.7557654892022626,1.493225759146348,2.0220961710380485,2.526043974416062
1.7497604751951685,1.5675493365448552,1.5388765469174213,0.879478402,1.6588865488913749
-2.802443855,-5.748346236,2.4244537193715967,-0.865121246,-8.399579295
-0.378817738,-3.116115559,0.6123423444334519,-1.616456367,-4.994080321
-1.580873856,-0.988777525,-0.036579463,0.023138761378415435,-1.232144058
-0.280210384,0.49585805527169524,-0.006838495,0.024404860483324655,1.3467412341605232
0.48945570362829904,1.8524136880068118,0.6656609008301114,1.3600023370769128,2.8476720434694123
-1.120121292,-4.473706669,1.4061787453073082,-1.255380784,-6.220420422
2.015956521047897,0.40092888323339104,0.6210399037628568,0.3080621517769835,0.7694240400740111
-0.529659474,0.7428925387171825,0.21644202131515672,-0.408643727,-1.132253455
-1.116208131,-3.759817719,1.5324997040128014,-1.372951568,-4.782656541
0.27274664987900976,2.4315157601996447,0.10176980650056278,0.373129446,2.9717120133302775
0.20786036,0.3128423452976856,-0.118430172,-0.569758335,-0.948184888
1.4715442408411394,1.3373345514274626,-0.852103642,-0.579054043,-0.994446427
-0.930235884,2.3919369177955323,-1.113764928,1.1972930165845854,2.0071395149174966
-0.69339416,-4.153576413,0.9600174795487603,-1.38451913,-4.905787897
0.8936274935576085,1.436969708892285,0.7555993976776659,0.8455417980366284,3.5511800508050224
0.2965601417364563,2.249333006789082,0.6251573155954121,2.1080287861170834,4.376621484041216
-0.353929754,0.28592309927958703,0.11781769776561232,-0.332884411,1.5216426062527728
0.3788986139318088,1.1232648812980193,0.72274254,1.907482669511271,2.832664652673524
-0.969533873,-2.192608208,0.8269413731393774,-0.852926748,-3.961701964
-2.476816144,3.7524520634364507,-3.708007809,1.4970864183440347,6.315999155184205
0.5445307472906107,1.001006407206483,0.3097248756994851,0.5687922624031145,0.4928996597714723
0.19636738808359455,-1.709982005,-0.201410387,-1.02568145,-2.079135036
-1.752408223,0.9416933065316766,-0.526216037,0.30028165241260146,2.5537569689378303
0.29699698078133885,-2.205426245,-0.609184175,-2.051146019,-5.969584089
-1.67820121,-4.014677087,1.145567975,-0.682616583,-6.326722824
1.8338626233597184,-0.853185775,0.9903331119792134,0.5400257900261246,-0.884587882
-0.363846126,2.4060989599040576,-0.545532916,1.4993506207864242,3.0697514440681752
-0.639778966,0.22913862559134135,-0.396519526,0.6197758083036293,1.2685775091653797
1.0000024059723631,0.4896969261149443,1.496419136,1.4964155356625075,1.9200004925967449
-0.207800896,-1.203622843,0.1294185739224666,-0.622800846,-1.676424368
1.0569334146589646,3.019721259703964,0.43441320829374247,0.4110128436368079,4.716443136497606
1.0581957657571077,-0.387900724,0.7830971917394796,0.7400305473526411,-0.251889706
0.8557421975400276,0.9710921456779582,-0.027622303,-0.032278767,0.7544741300430053
0.038815599,-0.561274223,-0.049464937,-1.274357181,-0.405594557
-0.155212039,1.3146406864248519,-0.047548822,0.3063475123469123,0.6176402602733182
0.1282462783369202,-2.461199741,-0.245379095,-1.913342814,-2.805849709
1.908859085667015,-0.086607928,4.993129502834978,2.615766423,1.9581755974486241
-1.14616585,2.168573523348843,-1.102874682,0.9622295779328287,2.814721228526743
-0.72175282,-1.476653918,0.4932358419592451,-0.683386096,-2.17806667
0.6253930589718937,3.8771720036172725,-0.200296018,-0.320272212,5.864324844580507
2.247187424100002,2.6721638830326033,2.979280299872957,1.3257818497565497,3.6416250163745434
-0.471566733,-2.253837759,0.5819031981914001,-1.233978475,-5.506252111
1.384019881087724,1.4952526092409517,-2.352930249,-1.700069689,-0.048280058
0.8436257446433543,2.4529580416667955,-0.13713718,-0.162556894,2.993615044
-0.758073961,-0.502136285,0.39745207175243574,-0.524291945,-3.546216187
-0.797823293,3.9149894658074342,-1.145755102,1.4361013423638471,4.789496447966572
-0.162682762,-3.652935352,0.17213503374882544,-1.058102479,-3.82365656
-1.403968026,0.6302137545489793,-0.880477965,0.6271353395823833,2.2053535479365554
-0.425999552,-1.083133777,0.2674577098079559,-0.62783566,-1.789293942
0.093258853,-0.15131804,0.029878812607013736,0.32038580247191617,-0.444703713
0.46301477788486073,0.6201851424910553,-0.144904329,-0.312958325,1.0368505188215598
1.4108086735334613,-0.368053245,2.4631699119280372,1.7459276783143594,1.7673736182724464
-0.02943099,2.1054232141965046,-0.04428335,1.504650349762574,3.2627290344546758
-0.248897497,2.359023466228547,-0.113071538,0.454289575,2.3995567368206094
-0.700656998,0.4055626548647756,-0.00811523,0.011582314492980987,0.9381694338303719
-0.977522957,-1.690475849,0.8572595678104243,-0.876971289,-1.818497695
0.756323231,-0.541282739,0.36699451308109016,0.48523501303804045,0.7142455968441013
-1.168260128,-3.732453722,1.582803195989774,-1.354837983,-4.298138842
-1.152780818,0.7885273429897417,-1.105909958,0.9593410476695103,-0.213850497
0.020844674283525627,0.3937141941660193,0.000158182,0.007588618,1.5051332743606811
-1.00217723,-0.902658682,0.1077495652816604,-0.107515479,-2.542103228
-0.305172648,5.061814474830685,-0.718393201,2.3540550126594697,7.020328912076301
0.077313061,3.7027932177950245,0.16545174096020587,2.1400231497375293,7.0094672903056905
1.3645380688597282,2.6583787619193417,-1.534045221,-1.124223102,1.093306212504574
-0.807100894,-1.265378659,0.1549759535011095,-0.192015589,-1.671334586
-0.22075228,-2.005746398,0.31815570790980996,-1.441234074,-4.397329244
-0.242556638,-0.765019579,0.13754942870272097,-0.567081691,-0.534195596
-0.788922929,-1.542020728,0.41808025170213886,-0.529938016,-1.849722998
0.033471423,-0.318107488,0.056322655,1.6827086885212106,1.9686769294331157
0.6754589046465613,-1.008171216,-1.713201186,-2.53635147,-4.345082785
-1.396593082,-2.73687982,1.0094109463141248,-0.722766681,-1.735896382
-0.435980512,-1.417735406,0.3874370713496521,-0.888656857,-2.610608474
-0.898985758,-1.415417503,0.2870762102324176,-0.319333435,-1.881085211
-1.79996446,1.3789421690193364,-2.175472551,1.2086197251629895,2.514952735881407
-0.347320937,-0.788618327,-0.235946715,0.6793334051708949,0.6972882852190222
-0.029992388,-0.345610704,0.028754907686589108,-0.958740199,-3.744920711
-0.873932182,-0.863458901,0.27665238711367857,-0.316560475,-0.032605728
-0.869294576,-2.550111543,0.6225229611494539,-0.71612429,-3.279460687
-0.298501579,-1.664014511,0.20453579945983164,-0.685208435,-2.001336187
0.2571201557615524,0.8146515368807197,0.030147954,0.11725239309519189,3.1573766058211525
-1.948710633,-5.847363364,2.244031896514145,-1.151547007,-7.035160826
0.4906105017173409,-0.723061627,-0.415140238,-0.846170713,1.1245812127528187
-2.025294443,-5.452590863,1.4476042079229796,-0.714762346,-5.810597397
2.118660071662276,4.451124970069738,-2.977228882,-1.405241417,4.1893764848378865
-0.717905177,-3.891613327,0.8050810975864612,-1.121430968,-4.312425127
0.8235442583834112,0.001142253,-1.222601908,-1.484561268,-0.919760021
0.6503945073522118,-0.448620164,0.11561884432490321,0.1777672520568989,-2.468532649
0.18834556744603942,-0.211475481,-0.046122895,-0.244884418,-0.075891238
1.1102360792255932,2.375985002235618,-1.650100757,-1.486261154,0.5034038150409053
-0.022022548,2.5091048490775854,-0.04997772,2.2693886114609323,5.165880559
-0.506524329,0.8309693200316981,-0.478306924,0.9442921029425057,2.2190809010512833
-0.771987869,-2.94523998,0.7730403307603076,-1.001363313,-4.359196532
-1.159001644,-0.232874947,-0.729805511,0.6296846210620377,0.2735620424106507
1.6056764452067673,1.5077702387474883,-2.373023059,-1.477896164,0.5611562236737163
-0.463596425,-0.132469189,-0.002599375,0.005606977,-1.463165033
-1.039568902,1.9449436781413962,-1.94780493,1.8736660229232178,3.9113700321717815
-0.549165298,-2.121848003,0.877940913,-1.598682429,-2.327837672
-0.09484653,-1.82045744,0.097696228,-1.030045358,-3.997742708
0.5778482286852131,-0.001976869,-0.156566064,-0.270946688,-0.690429184
-0.395120225,-0.395883031,-0.112100771,0.28371306739391255,-0.234300441
0.5601347616755422,0.5497778270127508,0.33656279419525204,0.6008603950743658,1.1189676184282558
1.3447478358307465,-0.751452477,0.27096054927796387,0.20149543435448047,-0.051087091
0.5077187078279779,0.2331669227709804,-0.069047762,-0.135996096,1.3962469262753434
-1.266520184,-1.941460424,-0.128617167,0.10155161275304009,-0.513566509
-0.068172925,1.5847238997699462,-0.122309539,1.794107247856502,4.244468976713778
1.8807590083909331,0.14410523629848626,1.3026431353533243,0.6926156565203903,1.6550013356059008
0.22867140777053022,-1.70740579,-0.396265496,-1.732903558,-4.493867821
0.6559918436523341,1.098545871850372,-0.460290357,-0.701670854,0.26097299781775674
-1.206939463,0.28929964850113743,-1.112540942,0.9217868638531568,3.259551542368275
-0.61702909,0.3058992660732792,-0.512332736,0.8303218513978402,0.7799544186314054
-1.595037266,0.1902577924518829,-0.562292506,0.35252625023084444,-0.093564726
1.4354347846003153,0.868436968,-0.607701996,-0.42335744,1.040432756582396
0.21818753472779776,-0.653017756,-0.043831,-0.200886818,-0.044490951
0.4516790147612271,-0.093864589,-0.758252895,-1.678742803,-3.370526104
2.495542984,2.022966828666957,0.7785298959601886,0.3119681371744932,3.6825202453651498
1.3248207409969786,1.7809273218419674,-1.093698139,-0.825544246,2.7506489802747973
-0.613074742,-0.93502937,0.36959914318475223,-0.602861475,-2.195882756
-0.54911752,0.4418673192084418,-0.447346886,0.8146651116251153,0.023258317
0.015636751,-1.538460048,-0.031613671,-2.02175439,-2.118252774
-0.743968266,-0.953687061,0.43501206211984217,-0.584718572,-2.649789708
-0.300289944,-0.472095578,0.066229692,-0.220552479,-1.458048958
1.5860042444164777,0.8744264003880078,0.07369399,0.046465191,0.7376026477408372
0.5778876273264598,-0.423516844,0.2041655656785085,0.35329630887420166,0.5177497440873964
0.5005391914655405,2.4264861132205366,-0.402786515,-0.80470525,2.401124351791651
1.0443600129706534,1.2821912735753755,-0.022696897,-0.021732829,1.3756644546753505
1.1252504945951713,2.8244804714969822,0.11972132369161687,0.10639526422486818,1.548516842076296
0.564929462,0.7579940008102991,-1.026811081,-1.817591664,-1.923376455
0.7759188441564738,-0.860927897,-0.867869771,-1.118505856,-1.103688934
2.5143195125270075,7.306791920221203,-4.111680173,-1.635305359,5.823946851747297
1.6672716464308504,2.0071949991743527,1.298817768575736,0.7790078907394196,3.466364276925451
0.44611439390169266,0.5694620018221804,0.1969910690298088,0.441570753,1.5211439677188348
0.08408674,0.25777371432647733,0.12738124396870393,1.5148790929755533,1.5918209380213706
-2.549208047,5.274863476494193,-5.7714703,2.2640248241080045,6.568258837256812
1.1974413276484532,1.0301203289902512,-1.875468692,-1.566230134,0.3004323454701888
-1.174010955,-1.07533101,0.7267545282537595,-0.619035559,-0.278764126
0.24198029731610624,1.6428548797955949,0.2686769324094566,1.1103256562185133,3.167433565829588
0.10918494092209781,-0.04109351,0.013537297,0.12398501679253547,0.26954077962673606
-0.602649131,-1.514049842,-0.053683705,0.089079536,-2.116136913
0.6059901121286583,0.8006786564660684,-1.353826304,-2.234073258,-2.433863032
0.33357113375331915,0.8902644050125077,0.36288835234492833,1.0878889556831068,2.650652873815215
1.7581532782175147,0.9340252066235885,0.05714687,0.032503918,-0.167584327
-0.117342921,-0.212347667,-0.029211115,0.24893802220165645,0.9603659977575448
-0.853334954,-0.576590598,0.7132787108146232,-0.835871902,0.17298571939233942
0.36923085522970023,0.5834623223093421,0.4257008372102103,1.1529394989088326,1.9062474490193617
1.1104550720053357,0.36009050589625935,1.3454041840909787,1.2115791246388348,2.697690235226233
-1.079133688,-2.420812647,0.4208979929159081,-0.390033225,-3.137237604
-0.176188633,0.37485085702159116,-0.012433991,0.070572039,2.3410085193313073
0.15805626578401635,-1.415799146,-0.024544647,-0.155290566,-2.682502715
-0.065913839,0.8225140919055252,-0.01480885,0.22466981742033534,0.5191250739905227
-0.247520346,2.09597297,-0.126716285,0.5119429067666521,4.278240290285095
-0.713671654,1.462686416257874,-0.81580147,1.143104766717901,2.6233095109072604
-0.239750504,-0.305802022,-0.261769276,1.0918403554421974,2.4032734624063634
0.045253564,-0.727915901,-0.030426715,-0.672360636,-2.263206969
-1.212665671,3.1999214005985315,-1.319816796,1.0883599886263056,5.253007316291724
-0.479346971,1.051556813176281,-0.479647884,1.0006277563632997,1.693742478136335
-1.44945645,-2.553129878,0.3285097873260056,-0.226643434,-2.236017033
1.0243018818904992,1.1015596277601807,-0.084243178,-0.082244482,1.3870326647128342
-1.109473942,-3.158540902,1.174189610860623,-1.058330048,-3.723709367
-1.719069486,2.452761012689187,-2.847045725,1.6561551163845407,6.407082289099646
-2.030979632,2.235621967279124,-3.646493924,1.7954359887561777,2.3415386766209814
0.6998077446867423,0.5317225101687351,-0.33746397,-0.482223829,-0.313836097
0.36877940552127125,-0.4427092,-0.25149717,-0.681971841,0.830741899
1.0390524943832142,1.014368014308445,0.900378193,0.8665377334597124,1.021807129966608
1.7325091670258834,4.400305601805671,-1.967060813,-1.135382629,3.265280267224523
-0.178475557,-1.380963038,0.17046642271791151,-0.955124754,-2.726169484
-1.081062474,1.6394476260235797,-1.112759993,1.029320709141859,1.5330858801667007
-0.363544171,1.4694334010156902,0.004473279,-0.012304637,2.255838833647587
-0.11161536,-0.935599096,0.047594219,-0.426412807,0.8974182073507895
-0.740243617,1.9905098816409166,-0.501450266,0.6774124820186032,1.8772700727203169
1.3465737118562744,0.063405664,-1.520311503,-1.129022117,-2.388189455
-0.62280667,-2.445919012,-0.273568265,0.4392506993060651,-2.572121997
0.7067283950689268,0.011136712360079015,-0.589885082,-0.834670131,-1.268734738
0.7253235968694743,0.14310568606427276,-0.039551621,-0.054529621,0.4087069995002989
-2.254073154,-7.065966071,2.4352334057530696,-1.080370174,-8.767728445
-0.563277138,0.31393605514805567,0.04030439,-0.071553392,-1.067787845
-0.682596723,0.12512842922783984,-0.291383349,0.42687481306309205,1.7596121041227715
1.619835789849994,3.0695963745125256,-1.723549495,-1.064027296,3.072040874
0.3913673888479678,0.7032978697247725,0.03240051,0.082787967,0.6647895849357415
-0.66523395,-5.280599807,1.389777724686484,-2.08915634,-9.584120702
0.4150244058794438,0.3015660278878708,-0.05982412,-0.144146028,0.1128875028286031
-1.40999571,-5.766667681,2.135883364577503,-1.514815506,-7.198021537
-1.312019233,1.9821828150347627,-0.992610943,0.756552128,2.5472582082374386
0.20265061935484743,-0.211706232,-0.271335167,-1.338930853,-0.6762156
0.212296467,-0.514205064,-0.389329291,-1.833894345,-2.522283505
-0.584782857,-0.276292666,-0.350951015,0.6001390275974631,-0.374539812
1.7488196388378412,0.5524274054589997,-0.270240197,-0.154527197,1.1800163167235083
-0.408198436,-1.856898114,0.15008453659271734,-0.367675433,-5.307893347
-0.748078015,-1.228835661,0.20738258073090846,-0.277220526,-1.264776837
0.41345389942093874,-2.042805609,-0.457898194,-1.107495164,-2.696183347
-0.742948732,0.8840528435799939,-0.576045105,0.7753497382908259,1.6559775836648754
1.501654229659699,1.493622040650563,0.42128499362108374,0.28054726933813134,3.1508169234596015
-0.562463803,1.3752459414481695,-0.606954131,1.0790990062923642,2.933723585
0.060820519496546516,-0.823588279,-0.020347124,-0.334543747,-2.563996278
1.1016723030284699,0.07920724,1.3004171202785493,1.1804028445697825,0.7745652788337258
0.065210964,-1.55076832,0.036910426,0.5660156494593261,-3.32430135
-0.239859118,-1.588708091,0.084673194,-0.353012198,-0.514151838
0.768110511,2.0275758566949076,-1.058479825,-1.378030647,2.1497890973311913
0.7724291243191577,0.6925952210518481,0.7652145320313163,0.9906598650145403,1.6494385292563951
3.444803511384352,2.197977223402384,0.8602626713780573,0.24972764586864532,2.870768936498498
-0.655807485,1.5914698132740055,-0.307798928,0.4693434206827927,3.3964658919326265
1.5134074739868086,3.2266801164070054,-0.771208346,-0.509584074,1.0704250530977943
-1.044826598,-0.722526153,-0.188825891,0.1807246212311296,0.067114838
1.032099479556031,0.3686631722793908,0.18865309128857422,0.18278576341277242,0.30528965
1.930950731962939,2.8172044227927193,-2.252243137,-1.166390784,1.2799816972274338
1.1215478364172056,0.8685746692290157,0.11941012101961826,0.1064690396096478,1.0690785429255807
-1.602602338,-2.254946337,0.2993682310977076,-0.186801319,-4.342998756
-1.010176584,-2.421685618,0.4222333927998332,-0.417979787,-3.087240243
0.070057911,1.519123922029413,0.091797009,1.3103018332500498,2.0941347017898497
-0.294135087,0.1743148256459841,-0.357434539,1.2152053782840146,0.38846210828218375
-0.04290402,0.8606788797938167,0.007409966,-0.172710302,-0.562660243
-0.609927827,0.4375414140440054,-0.281403772,0.4613722467663476,-0.624806411
-0.080777265,-0.784028838,-0.01753407,0.2170668897617077,1.352503223768783
-1.00548875,2.899494707600244,-2.001407685,1.9904824242243222,6.245727666576347
-0.066069292,-0.021060874,-0.029018412,0.439211798,0.3827469945051707
-0.539660305,0.6744971600119463,-0.741343424,1.3737223542401702,3.7466219455539607
-0.301357643,-0.152085116,0.12563068564174085,-0.41688236,-0.030679118
-1.070966956,-1.058696032,-0.11412983,0.10656708787018011,-1.855596694
0.5608196660246219,0.7684671814435177,-0.077805686,-0.138735659,0.546331266
1.1302339289727066,1.4427409027208593,-0.128883658,-0.114032728,0.5071772790766809
-0.815398835,-4.34392065,1.4243094267180991,-1.746764119,-5.80552769
-0.058242484,-1.763273757,0.069788729,-1.198244372,-4.99641552
0.7325190341034808,0.7889190610519505,-0.113713145,-0.155235755,1.3326567116796895
-0.617843887,-2.357323511,0.5912636867001669,-0.956979099,-4.152706132
0.2922550314280706,-1.198002457,7.144264789349126e-05,0.000244453,-0.186008336
-0.375951744,0.2609879490078777,-0.743349914,1.977248211253771,1.6115912973920614
-0.770593456,1.4572241475435228,-0.764783759,0.9924607499210859,1.9602900816360531
0.2982033592069232,-0.689730507,0.1602206237643871,0.5372864483837355,-0.39586123
-0.957029308,-4.035637588,0.9846446967306117,-1.028855322,-4.998099348
-0.850871032,-1.434285112,0.15849231859466686,-0.186270672,-1.75033175
0.5045210704169014,1.9202598850274328,0.24579635548541157,0.48718749304623177,0.7624964772810658
0.5392807168941226,0.8433795186908826,-0.030038923,-0.055701831,0.6482253385288091
0.062779979,2.260364580952527,0.047749001,0.760576877,2.7485484022343725
1.3593446884858473,-0.420270387,0.070658479,0.05197981,-0.94585494
0.26492002725174923,-1.157868191,0.038857788,0.14667742684547366,0.18542318388088685
-0.201309049,-1.447560832,0.46049023498613384,-2.28747906,-5.210785634
0.7735810605508235,-0.886774304,-0.744108725,-0.961901425,-2.791441129
0.6557050988154204,1.2107962987794443,-1.287526175,-1.963575054,-0.355295721
-1.053773364,-2.361753282,0.4178312790351065,-0.396509623,-5.780760461
-0.59113662,0.8948856997318644,-0.406751548,0.6880838270511647,1.9008880124078888
-0.209823008,0.29204882342529603,0.14592591426898507,-0.695471462,1.1952935016759711
-0.426721539,-0.306604541,-0.030643949,0.07181252,-0.686839851
0.1189654422938081,0.19785545653853803,-0.061061915,-0.513274393,-1.779411565
1.1983074696552194,1.0869278732841734,0.2066508556295745,0.17245228028915877,-0.053328019
-0.030515507,1.0191754970419227,-0.037177291,1.2183081437571175,2.0597983970287297
1.8616485091021215,1.2999888450304469,1.7772370059877947,0.9546576581445878,2.684372870160037
0.7284619832735857,0.534263195,0.48317394471738123,0.6632795613383676,1.2916778414381316
-0.347009685,-2.697266528,0.679704807,-1.95874881,-5.297908806
1.2808237064582513,2.306172448,-1.430476206,-1.116840826,1.4468339880459458
-2.198748112,-0.452609584,-1.265577277,0.5755899321226904,0.097180475
-0.562599965,1.6093538295266465,-0.886799635,1.5762525586594751,3.3752005745205786
-1.143849804,-2.556684438,1.3567193987789992,-1.186099254,-4.495171732
-0.216882471,-3.210813427,0.34410780950433856,-1.586609596,-6.970601531
0.1400137487009358,1.1022002950401641,0.09728939,0.6948559741880248,1.2124434941136073
0.091152691,-1.423139903,-0.000788883,-0.008654526,-0.962249646
0.27822139979056293,1.284342583426472,0.31537376393718997,1.1335352498930502,2.2752279236039197
2.0914063114920958,-1.248602037,4.103083890001948,1.961877932306056,-0.898703251
-0.029920625,1.6096637588131093,-0.058174518,1.9442948422712654,3.103531461
-0.970961934,-1.588565946,-0.511284716,0.5265754485709652,-0.651498986
0.914900161,1.1658933876018902,-0.438031329,-0.478775005,2.0658579690479284
-0.640136172,0.5771365550394898,0.32909326721595955,-0.514098846,-0.029972691
1.380842363601751,2.100856373574417,0.30394536152308466,0.22011590137652062,4.958956469881625
-0.613279237,1.3642739820394236,-0.579861661,0.945510015,2.038979729690018
-0.177914888,0.790567639,-0.127456986,0.7163930346107742,1.354522802355032
-0.240578141,-0.875693913,-0.257776778,1.071488776287879,0.7700858799209475
-1.100763074,-1.518651443,-0.461086709,0.41887915709053575,-2.869167772
0.018433323452799306,1.984884293946965,0.0035983,0.19520622870953874,1.614090085321223
-1.367470279,-3.631361493,1.5658197377984884,-1.14504846,-5.028947327
0.17552918761621197,0.031785838193992166,-0.080956037,-0.461211256,0.9348806516876826
-0.351062893,-0.150405999,-0.254127664,0.7238807334987383,0.3178784853878195
0.41489099291390796,-1.222857106,0.44946275540574887,1.0833273391862106,-0.561836849
-0.005814115,0.9718733702977769,-0.00180329,0.3101571793299139,2.0076280204550967
0.350943456,0.2972148187442346,-0.136850673,-0.389950775,0.13277890956232138
1.108271792687292,0.8614778490897994,-1.260880367,-1.137699592,0.050480799
-0.149138205,-0.107448531,-0.112566577,0.7547802881795124,-0.037321466
-0.650013111,0.17607018627692628,-0.468080371,0.7201091221844753,2.820813493948142
0.9831474815397195,-0.543291333,-0.370010955,-0.376353458,-0.449376678
0.2848005553282528,-0.335010144,-0.394668939,-1.385773066,-3.454573061
-1.126916144,2.4810930345157742,-1.73984774,1.5439016904240936,4.845900025510173
1.8894873195657504,2.982335701567476,0.9730490725271908,0.5149804724547296,3.408466430743189
-0.122797567,4.063547068,-0.1724771,1.4045644726217414,6.961938265291797
-2.051439593,-2.925917732,0.32132067524066954,-0.1566318,-2.168366797
1.5735614702348677,0.7626863226920805,0.30704961003745707,0.19513035610336038,0.6924977696394519
1.1044461842799203,2.3470195917722636,-1.234766463,-1.117996042,1.172575877813943
-1.634169645,-5.531907296,2.4973310408698435,-1.52819571,-7.990790093
2.501810994456098,1.743090680088458,-0.250773449,-0.100236768,3.521782756149621
0.8411194706538121,0.00077461,1.1158360933888416,1.326608326545442,0.792395545
1.1871192639807293,1.4932582686061477,0.20373900408636283,0.1716247139341091,0.9080621236603333
-1.376524416,-2.989596358,0.6285380073387625,-0.45661232,-5.235109111
-0.127550947,-0.469076691,-0.144529436,1.133111429441821,-0.737304441
1.075054107290667,0.2898729017596161,-0.143041753,-0.133055399,0.5487100400125718
-0.699282095,-1.499067939,-0.026837909,0.038379231,-1.588591271
1.9325128815506578,0.9201892753204006,2.643691045243242,1.3680069460245623,1.0236022930811097
-0.02216026,-0.874517637,-0.014726978,0.6645670239584284,-2.376292206
-1.968142118,-5.101082711,1.2179617125565432,-0.618838295,-5.638190264
0.2348493801755167,0.3451150484022167,0.18262159065548134,0.7776115505137698,3.561116581914974
-1.33765823,-2.176997645,0.9620132791448758,-0.719177184,-1.047224136
-0.570424774,1.4022769916516522,-1.123761031,1.9700424713847542,5.081955950299122
-0.084950157,1.6532554961606212,-0.124444486,1.4649117850786932,2.731470950468409
0.19470083476795197,0.6362631561070679,0.071732956,0.36842654821995957,-0.082050602
-0.274676365,-1.703511331,-0.047142184,0.1716281054164373,-1.710345746
-0.358095396,-0.37477693,0.28224658854942597,-0.788188264,-1.470240268
-0.727626922,2.576875235890683,-1.018154643,1.3992811582183067,4.005051517470454
-1.164743912,-1.722315105,0.19797445643434855,-0.169972519,-0.672782056
0.551073828,-0.531482354,0.076084983,0.1380667692054416,0.10583448962418113
1.4436133438196614,1.732889006238827,1.0290801647129808,0.7128502719364828,2.879591869448382
0.089216204,-0.319965963,-0.009278313,-0.103998069,-0.122822001
0.053008158020587316,0.18579746281766674,0.052352012,0.9876217952887795,1.3504621982573244
-0.853891955,-1.817689026,-0.057964381,0.06788257,-1.120735148
-0.705218343,-0.053128909,0.078720768,-0.111626092,0.734523226
0.10927755422328253,-2.329455175,-0.122405188,-1.120131106,-3.443877402
-0.056065218,2.143690005746657,-0.062114465,1.1078965936327039,3.4683373845368384
-0.092530464,-1.258547208,0.063202267,-0.683042798,-2.640589182
0.5119750469993135,0.23984955853067236,0.3547937157729703,0.6929902499202193,0.8930843833785859
-0.455769627,0.5184620329879137,-0.15222353,0.33399226483187183,-0.550292925
-0.784028881,1.7107879209173293,-0.93859885,1.1971483108912582,2.2152828064300527
-0.430797974,-1.770315009,0.26770858672441306,-0.621424898,-2.676303257
-1.010860376,-4.078210949,1.1268141856835507,-1.114708037,-5.662360322
-1.152792176,0.6600842926228923,-0.139021085,0.12059509771332412,1.9524709245898089
-1.357043749,4.561861123000325,-3.207316499,2.363458437160091,6.989239065708307
0.48775737868351626,0.34162716456053976,-0.265470491,-0.544267505,-0.576771617
-0.235560069,-2.856482379,0.430815967,-1.82890067,-4.23720915
0.7594163507817041,0.26471480118513746,-0.078804051,-0.103769231,0.7729724026548548
0.6886985847224886,0.8525877994830966,0.7889520284531448,1.1455694057670431,2.336816575
1.0650968428097136,1.854995932054229,0.21347346086925248,0.20042633898539391,3.5970101201238145
0.5974255941020608,0.6824088924604815,0.087373639,0.14625024331864672,-0.705446204
-0.632352022,-2.710015721,0.6158891998584807,-0.973965732,-3.391927531
1.1882314234199365,0.024973778,-0.183950145,-0.154810032,-0.396712917
-0.298398258,1.8310544791788366,0.098749743,-0.330932707,1.1996610156241778
-1.107624439,-1.1509964,-0.018895488,0.017059471626128003,-2.236746787
0.6301325217042705,-0.140976431,0.2807075852409383,0.4454738893363738,-0.447116744
0.038665028,-2.309625124,-0.03123421,-0.807815529,-4.508552287
-1.94168701,0.728353124,-2.52020145,1.2979442296141983,0.053440617
-1.033995787,0.8710386751267538,-1.038491094,1.0043475098537786,1.9089044500931822
-0.943380278,2.3207584790725972,-1.750801314,1.8558807661175816,4.056045238
0.6015813364048406,2.1946775041642734,-0.231061203,-0.384089713,1.508737155461107
-0.895817424,1.247726512726649,-0.747894125,0.834873385,2.723806464684754
0.44413480100574454,2.2424506100815997,0.035040211,0.078895441,3.463289943603309
-1.69738502,-4.186494233,1.4736913685975717,-0.868212781,-6.505952028
0.2467317176373476,3.0168923212232253,0.4538436868153983,1.8394217458594804,3.2258088748341325
-0.021984269,1.5761748688853716,0.000247362,-0.011251792,0.9753576313370319
0.2767618267038998,0.36936522274166833,-0.294070851,-1.062541228,-2.23752577
2.627973751440351,3.187095567286056,0.1712483538595827,0.065163647,3.148885316727453
-0.237919242,-0.995575911,0.20937962619467573,-0.880044943,-1.172655713
1.4631946087914511,0.7040901671474922,0.2090651738558648,0.14288268464066137,0.5733497967004149
1.235874290574836,1.1867229862070623,1.3171976235764813,1.0658022693908615,2.0653302752970233
-1.402939459,-1.85635433,0.1776444879839974,-0.126623061,-1.351391502
0.3339430610225938,2.223700274691728,1.0175821721802094,3.0471726798700036,3.173635961806727
-0.629673169,-0.469814538,-0.042995007,0.068281466,-0.889321445
-1.154544656,-0.593498133,0.4750501200969166,-0.411461019,0.4059666930242618
-0.55960645,-0.050900903,0.012297872,-0.021975929,0.25793218387114414
0.40062797999302935,2.383420026037736,0.42418970767889363,1.0588119873361672,3.2150217245360126
0.8500207464733185,1.1972625307757436,0.008532208,0.010037647356825436,-0.23188175
-1.6636406,-1.482857694,-0.150937997,0.090727527,-2.593586635
2.304574699116831,2.4263338642317756,-0.320341955,-0.139002635,1.9761675226551159
-1.42648938,1.0552460263450083,-0.713126647,0.49991724931289133,1.9624453606943901
1.5930157289037141,0.006130716,0.18215838344406343,0.11434813865235448,0.8668773377413987
-0.507121863,-1.91708812,0.39517698093067116,-0.779254474,-1.471484604
-1.289627458,1.849613148337463,-2.369899233,1.837661890705569,3.267647015499026
-0.521924868,0.5985505865286487,-0.21383921,0.40971262890840876,-0.310586877
-0.433304781,-0.544229547,-0.064094509,0.14792015206669792,-2.860426257
-0.365294616,-1.186016802,0.19322100575251322,-0.528945671,-0.596453297
1.631416802751984,2.8607249013235023,-1.757452801,-1.077255548,3.4701635726075386
-1.445130894,0.092313115,-1.164711592,0.8059557767627682,0.39819145631816133
-1.280584473,-3.342101699,0.6404763474669918,-0.500143771,-3.266579844
-0.980335932,1.8035037239440637,-1.407862924,1.4361025412095805,3.8328071613113917
-1.158713715,-1.382624164,-0.075123938,0.064833908,-0.930349005
-0.278502825,-2.102393056,0.23588809768497998,-0.846986373,-3.780666487
-0.483707415,1.237365129367359,-0.588748504,1.2171583181455872,2.774071293085001
-0.664074011,-0.29133157,-0.046765275,0.070421782,-1.787124273
-0.347332069,-1.136033685,0.10963051633310074,-0.315636033,-3.952451211
1.5701892739376273,3.538073851406815,-3.529416581,-2.247765056,0.9284843071121969
0.1851663468665079,1.0380648326840407,0.27407783657268997,1.4801708907195814,3.876693114693957
0.7041436720228513,-0.263547647,0.6242318690887841,0.8865120768542902,-0.756703616
-0.655073712,1.3719692495705123,-1.058358793,1.6156331322426678,2.9017368601219227
-0.111553985,0.9915242009507059,-0.097767253,0.8764120185219889,1.8820741406431742
0.5074391767363566,2.016807003023658,0.5697531547574436,1.1228008811260204,4.010282071363298
0.11220674114949031,-1.53864865,-0.099792786,-0.889365333,-3.508208224
-1.153860318,-2.548040644,-0.546794166,0.47388245991227507,-3.09364009
1.3215321014514472,3.6045182218540237,-0.459950408,-0.348043311,2.0711499434623954
-1.415818861,-0.664226391,-0.888437542,0.6275079151677697,-0.620341561
-1.194618979,-1.159625551,0.033330603,-0.027900614,-1.432557991
0.6694992445980353,0.3792748573466717,0.18546904081786886,0.277026512,1.0957951556471377
-0.880247389,-1.317144503,-0.427260645,0.48538700632041953,-0.467024186
1.7999817286476778,0.5618138214810464,3.0327606264569034,1.6848841175379095,-0.561919831
0.29511469511093513,0.4952446572397866,-0.480682267,-1.628798141,-2.138348039
-1.432151645,-3.83365455,1.0799133654498896,-0.754049593,-1.995592457
0.6166240659332409,0.41560722920962867,-0.570572164,-0.925316081,-0.040267849
1.0796794321284935,1.0494363181091897,1.5042855078174615,1.3932705051645693,2.4651624820803617
-0.557712162,-0.372388278,-0.499877356,0.8962999002347017,-0.239802623
-0.388614767,-4.043861744,0.4312957802133209,-1.109828595,-3.992986681
0.017263964975167523,-0.343597903,0.002500567,0.14484311834507188,-2.248952867
-0.271420663,-2.176457133,0.1500839680730358,-0.552957046,-4.083927539
-0.069103482,-1.390478803,0.10214673364509953,-1.478170566,-1.909029415
0.38630038892077906,1.1506512947978598,-0.427118067,-1.105663053,1.1768642197676804
0.6537874883440135,0.2898534719084694,-0.483164115,-0.73902319,-2.383262138
0.827142469,2.4197467925616656,-0.154564505,-0.186865638,2.2605432415102724
0.9224546896532684,1.085985817638156,-1.395874763,-1.513217699,-0.792729481
3.834986471986452,2.9297537126721416,1.2837042926033848,0.33473502500738933,3.3725098016617623
-0.045960391,-0.380183258,0.016137999239736713,-0.351128416,0.033410564858161296
2.8904780210809635,3.5383407228839863,0.6202058195622081,0.2145685990479413,3.348002579488462
0.6638101469911284,-0.326232558,-0.388656971,-0.585494169,-1.550680604
0.6267507570712161,1.5449735973614755,-0.792224136,-1.264017837,-1.412857439
1.740238375411024,2.395453121,-1.830124438,-1.051651581,1.0488071858936672
0.789174772,0.30772515470407735,0.1661989888010136,0.21059845635739968,1.972576077
-0.472967102,-1.5817292,0.8188655625977169,-1.731337251,-5.574204821
-0.847228112,-2.384701894,0.3583570799792186,-0.422975908,-2.509653517
0.25445447128358356,-0.464057443,0.32549254756865575,1.2791779445915177,1.1383260724900612
0.4494010712892622,1.090137469245234,-0.038676074,-0.086061375,0.3121895348976149
0.26525890714715045,-0.718565437,-0.007113938,-0.026818849,-0.951745923
1.4178855800924222,0.8830216391454884,0.5555993561679147,0.39185062882979527,0.22390617252922151
0.9836681899905042,0.43196384156403134,1.5131283582013866,1.5382507776489076,2.3335463038867355
-1.367361575,-0.629267371,0.5111917113747332,-0.373852623,-2.323004094
-1.042888983,-0.967875755,-0.091719642,0.087947656,-1.986194864
1.6488954761457635,-0.207834825,1.084399996,0.6576523568432535,0.7550717407652462
0.553902711,0.93248985,0.6352963064630414,1.146945652104587,1.610265241509361
0.27027660870225545,-1.411633567,0.019442892752015287,0.071937016,-1.256857994
0.2878567041290034,0.5380378002072448,0.077261116,0.2684013067379421,1.1987464093275957
-0.087981632,-0.378392895,0.1413989242864238,-1.607141406,-1.532088243
0.6319999331775918,0.004703699,-0.666979781,-1.055347867,-2.573989441
-1.581575889,-6.311823662,2.6812043090366906,-1.695273889,-7.082344895
0.7179875417573415,1.4409754389285077,0.13360750897838028,0.1860861104238152,2.722704282
0.4580671829714673,0.2030696442160775,-0.383918974,-0.838128092,-0.041372101
0.6469393788792519,1.237815061931257,-0.135787993,-0.209892916,0.22698257167819702
1.5675952329105103,2.986147392290203,-1.306373015,-0.833361181,0.665965747
-1.154904265,-2.605956574,0.1376307079831475,-0.119170664,-1.693399306
1.2488697976174343,0.168463499,0.3077259357477453,0.2464035372901306,0.5006628717044148
-0.307745087,-0.379883199,0.019467647786160322,-0.063259004,-0.176190961
-1.159725629,-3.781643378,1.4473629156270038,-1.248021842,-5.702707801
0.6993904309796098,-0.189208449,-0.21135521,-0.302199173,-0.383180093
-0.475041828,-1.181463129,0.3491904768059501,-0.735073116,-0.598674546
-1.269900234,-1.867087074,-0.42030807,0.3309772365945037,-2.362883173
0.6092717696535275,0.045084949,-1.050923458,-1.724884544,-1.962139214
1.2652185580649264,0.039935538,-0.121215509,-0.095805984,-1.185932385
-0.01483496,0.6902483977668987,0.004755385,-0.320552631,-0.409416609
0.9102558165707373,0.098721762,-0.255093453,-0.280243695,-1.232054236
-0.729646778,2.470757431419182,-0.978233548,1.340694672,4.599111237070055
1.7537278244849834,2.269115243901068,-2.233332673,-1.273477356,2.155861420204548
-1.350144649,0.5116317426177814,-0.825375839,0.6113240089497547,0.4159633879453908
-0.092585753,-0.943817571,0.1274152583684878,-1.37618645,-1.405284061
-1.171109106,-3.844230086,0.8888893654880274,-0.759014989,-4.950000291
-1.764029743,-3.946232983,1.4128389929245397,-0.80091563,-5.147603719
-0.250154649,-1.179734026,0.029160497576358378,-0.116569881,-1.188344873
-0.685232619,0.17683983763690847,0.7148462353478628,-1.04321688,-0.602579203
-0.388997856,-0.803929021,0.001404467,-0.003610475,-0.660077133
0.6337577941087971,0.6080429808097638,0.434745868,0.6859810993789518,1.5200372193881952
1.9671114209440428,0.9503761648244563,0.12379792504808344,0.062933865,1.3014785338658221
0.4562006662023245,2.2621762074757785,0.6815332717496276,1.4939330918192222,3.5861824429144677
-1.87587456,-1.888402957,-0.007335295,0.003910334,0.3846248622549904
1.1175650949969422,-0.237117697,-0.406619365,-0.363844009,-0.073939799
-1.250813254,0.084999093,-0.00801398,0.006407016,-0.364803526
-0.17430402,-2.001287184,0.11205694094089008,-0.642882138,-2.327551537
-0.057395422,0.11483995744115807,-0.01616987,0.2817275260545152,0.12437793639367789
0.22550900480175115,-2.757062738,-0.111134484,-0.492816168,-3.817153999
-1.121362965,-1.295975834,-0.701166501,0.6252805939884251,0.8304650236239678
1.300397420374489,0.10451545316031385,-1.337351493,-1.028417522,-1.570084596
0.25381200686623356,0.17844248727560846,-0.168136759,-0.66244604,1.3947456122315782
-1.090040255,-1.077310299,-0.103159212,0.094637984,-3.703137373
1.4824556038865284,1.9659982516038754,-0.658259231,-0.444033015,1.323451139106827
-0.308994041,-0.137545298,-0.437907414,1.417203428671238,0.3219076841899964
2.236700667309216,3.2143532772201224,-1.895001837,-0.847230863,0.3905358926213378
0.000766803,2.044480985517978,0.000977634,1.2749477347165965,2.7384820547255324
-0.999598468,-2.706633371,1.454109231,-1.454693338,-5.160101545
-0.008492284,-1.059426593,0.002968394,-0.349540114,-1.768406413
1.4802495013631973,3.069448781325196,-4.125023522,-2.786708267,1.8735955720832274
1.404588852555859,3.118802417,-1.010302314,-0.719286866,2.4260780658541377
-1.230675845,0.2011651426717263,-0.625759072,0.5084678263856353,1.8176356550860733
-0.601036991,-2.89460528,0.49181724708952856,-0.818281162,-2.901934039
0.45196947199673065,0.13357042653420403,0.085846741,0.18993924563183104,-0.308678571
0.8550018798125325,-0.228152389,-0.952758619,-1.114335116,-1.482565764
1.6376729188950332,0.9563972267506908,-0.958385787,-0.585211965,2.5408250533484207
0.1630927917442754,1.8924203535828834,0.076908927,0.4715654585959746,1.6747678263491923
1.1146433369880884,2.484849117282608,-1.923431346,-1.725602515,-1.080482523
-1.007615666,-1.34577734,-0.343854981,0.3412560884591824,-0.379508845
2.2436076843699087,1.6106543387500087,0.3845047207922168,0.17137787656499337,3.279169425858496
-0.669478674,-0.66159533,0.3421025474803075,-0.510998424,-0.006041121
-1.926907278,-0.808043105,-1.311942136,0.6808537967998148,2.033130027970576
0.9079502177265915,-1.779437558,-1.204057752,-1.3261275,-1.814862389
1.6269971874352616,-1.090877064,3.4274155262427426,2.106589705693096,2.593312622900727
1.846380667,1.886850101534334,0.7340090117402334,0.3975393724714764,2.475403804480899
1.7306066315022997,3.7634559888859713,-0.386949605,-0.223591889,2.6024637431727204
-0.377858336,-1.613228867,0.3869421330630295,-1.024040219,-2.857263484
-0.516328548,0.062242079,0.010222259317010839,-0.019797974,0.4549765894275192
-0.651515132,-0.305597144,0.3063574843463784,-0.47022313,-1.963688905
0.6394951452558818,-0.634822401,0.43679603456062044,0.6830326043927117,-1.102160048
1.2465593702019369,2.6651778970529008,-1.380617991,-1.107542909,1.371544534003905
0.9476602243960995,1.8042790816858223,-0.446844253,-0.471523698,2.161759208205684
-0.515233639,2.3808225666159997,-0.467671091,0.9076874168472151,3.9079966049296058
0.8573461111189791,0.35691636036668406,-0.625838237,-0.729971513,-0.159846086
-0.081325144,0.7180933906431296,0.023953203,-0.294536256,0.6577018354453361
-0.397810602,-1.636280445,0.090247051,-0.226859341,-3.047506556
-0.684427316,0.707638256,-0.710461706,1.038038209656301,1.3188092115062837
-1.521374819,-0.726658279,0.6797997272551514,-0.446832509,-2.012794347
2.028251085871068,3.4041927482220253,-0.753911871,-0.371705395,2.512854490966534
1.4613871627740542,1.6040214409624813,3.4373030340217956,2.352082406073002,4.788654831911115
-0.414940415,-0.337190442,0.5179437186637698,-1.248236372,1.342917252582422
1.7143024769804858,3.657192998995477,-3.224636824,-1.881019755,2.465991586154512
-1.466678188,-0.518738821,-0.687681768,0.46887024977743974,-0.725232846
0.27751696085127625,-2.032771193,-0.055326393,-0.199362206,-3.310555173
-0.170979519,-1.025199525,-0.202988379,1.187208742,2.4835857682183757
-1.060848885,-2.032328367,1.1186792025696477,-1.054513247,-2.687152361
-1.723719396,-1.867749512,-0.790993347,0.45888753619783795,-0.501609791
0.2665895726913147,-0.092918825,0.060168406,0.22569677385372405,-1.098255436
1.0752443349449559,-1.592020207,-1.033839608,-0.961492728,-1.95243819
1.3204401378591273,1.9152625899147002,0.6804654965968705,0.5153323328236079,1.806196897153952
-2.365405247,-1.758936961,-0.191416461,0.080923326,-2.802763793
-0.533506217,-3.432488558,0.2752540820081699,-0.51593416,-2.977669911
-1.404674098,-2.779633211,0.9307135603961618,-0.662583272,-3.507842876
-0.701613283,-0.246807483,0.15415980515535774,-0.219721902,0.031022859
0.7158304399486689,1.730183916102938,0.14988399802092886,0.20938477837248276,2.6231617950574133
-0.487943662,-1.602704349,0.091117625,-0.186738003,-3.473975835
-0.709466318,-2.477292525,0.2357548004656602,-0.332298792,-1.24264166
0.6487473622674566,1.775832982027175,-0.475302205,-0.732646069,2.567541453106193
-1.772389534,-4.712243455,2.2100448389936926,-1.246929525,-5.940839721
0.43666711383383466,2.8795198029441957,0.45077984247135044,1.032319193,5.088640541608665
-0.423041571,-1.95696856,0.49013281169393436,-1.158592547,-2.994792996
0.6632572736374788,-1.755696147,-1.771123284,-2.67034129,-4.159915525
1.0787129515345333,2.5508976600082907,0.3584912279370691,0.3323323664809012,3.9163244193543845
-0.666257624,-4.495429088,0.8338764640711979,-1.251582622,-6.367035614
1.0172280021027005,1.1549843862907527,-0.804148694,-0.790529451,-0.514634195
0.5533131954263143,0.6776628196941045,-0.489394456,-0.884480002,0.32800863952728354
0.8162942479309178,1.644272523202065,-1.536396787,-1.882160497,0.476179266
1.4141330400352734,2.0329626529116567,-0.808209174,-0.571522729,0.4173544965445073
-1.655577474,-5.417969133,1.898724423569445,-1.146865341,-5.615525455
-0.507096946,-0.942826345,0.3135898302619312,-0.618402127,0.10638401500197237
0.6366731344117464,1.9614125026885558,0.15332776366054995,0.24082650165884098,2.505041264083056
0.033543318,0.488914342,-0.017349121,-0.51721541,0.5915318945151274
-0.717006763,2.661387699267929,-1.33818348,1.8663470821398107,5.174169428519778
-0.805297173,-1.522506093,-0.588724914,0.7310654180637572,-0.358906413
1.3249025866825177,-0.584055887,0.047051325,0.035513045,2.0783768453355327
-0.61302895,2.0482900553127203,-0.806859035,1.3161842268982986,4.070972112751179
-0.177991239,-1.195301537,0.071663869,-0.402625823,-1.235297701
-0.602649473,-2.578481727,0.28035062814714184,-0.465196836,-1.832746972
-2.311847013,-2.87592148,0.4110334736484696,-0.177794409,-3.715227322
-0.818901336,-3.845220384,0.9501587834913082,-1.160284813,-4.891511981
-1.025961599,-3.643506593,0.6208584897612437,-0.605147883,-4.562332527
-0.884747551,1.8891739777718841,-1.048038995,1.1845627535904246,3.067560316867698
-1.132996513,-1.810151359,0.28061263103368916,-0.247672987,-2.396820089
1.3401090087571443,1.455221643241292,0.3159405870734033,0.23575737869743574,1.5195418426592227
-0.091926405,3.319942204749453,-0.111624515,1.2142813065063018,5.555402225898055
2.1987034288734093,3.171103233235929,-1.882019898,-0.855968055,2.7350203972278244
-0.064453184,2.5207182524397345,-0.026648076,0.4134485605713171,3.875779258065071
0.01862737,-2.136581402,-0.006791235,-0.364583683,-2.707925326
-0.476167344,0.7096622644686419,-0.061152529,0.12842655032979544,1.1413838750175918
0.6680628962384433,0.5026077352772608,1.3773072041492977,2.0616430158062733,3.909481608947208
0.9657633773247964,0.6452741017079955,2.3329367071205223,2.4156400645289025,2.012215599960533
0.2066427309676762,-0.916942313,0.020449571,0.098960996,0.004171089
1.8785814759748793,2.905177943236075,0.12143539667744571,0.064642071,2.9933105341215005
0.16262693933579103,2.0746160216509546,0.23531210703823024,1.4469442024753314,5.14843437
-0.30264996,-1.167169129,-0.104625103,0.3456967366538641,-1.34512771
0.1825934849398607,-2.059382521,-0.037461979,-0.205166021,-2.329616229
0.3409097076978565,0.16814206325772285,-0.27665666,-0.811524734,-0.472959677
0.22892999062881647,-0.075332862,0.22799357224921604,0.9959095862581031,2.1174540722449517
-0.23801144,0.09416197,-0.072875058,0.3061830050406981,0.2600637183586716
2.2791705487572784,0.7403348393094724,0.27280872761206504,0.119696496,1.2418974846082234
0.9638024712667651,-1.555693799,-1.108604265,-1.150240114,-1.513028955
-0.607985513,0.23422009990874842,-0.363409287,0.5977268852948526,1.6260632481812283
-1.388332793,-0.089302609,-0.968671298,0.6977226951729695,0.2356232232039413
-0.948299817,-3.031678381,0.9840932545491696,-1.037744853,-3.480573022
0.8695327780055655,-0.108874546,-1.747049147,-2.009181472,-0.353071547
-0.174380384,2.0334667459176794,-0.213177911,1.2224879067165297,2.2493657205165905
2.1518341472849434,2.9812468626153596,-1.109576047,-0.515641992,1.7169495855710744
0.083560523,-1.886748768,-0.080803898,-0.967010428,-3.015592062
0.4073434653963438,0.324385296,-0.592352043,-1.454183248,-0.761255602
0.16027304131889125,1.7269934019964899,0.3533757146882917,2.2048356465962913,4.954202639559758
1.4862847812461977,0.38633120170794144,-0.032708566,-0.022006931,-0.301979963
-0.836855119,-0.988236795,-0.218615645,0.2612347589946566,0.44385754285131074
0.21614354768647925,1.1325685034891668,0.096198708,0.4450686087821959,0.42228121795464335
0.9458536908078792,1.330101199,0.4986156992850762,0.5271594371632626,1.590180588902064
-1.75949378,-0.727407929,-0.353235893,0.20075995531016322,-1.373942016
-1.05170129,-1.355813656,0.3434659444752101,-0.326581271,-0.552598068
-0.227228869,-1.939953967,0.2521919078706084,-1.109858573,-2.977137086
0.19008306037663067,-0.00239869,0.15959442945451494,0.8396036403154203,-0.187438306
0.094778814,-0.630638967,-0.019215039,-0.202735589,-2.595124654
-0.043758921,-1.276261966,0.018208281,-0.416104444,-1.667067875
1.3062925414824504,0.9855664059505607,-0.130759647,-0.100099819,0.32240624998111433
-1.13411793,2.5661221952275057,-0.949208442,0.8369574422898997,3.823544659539448
0.7920463638780413,1.3603589578194284,0.13780264975934775,0.1739830596338253,0.5206018283155125
1.573563598887974,0.8269657250593384,0.4944873455277395,0.3142468126977455,0.46194953605904243
1.506773329579151,2.495890604308251,-2.36428453,-1.569104313,2.0086811424518185
0.2786088694256113,1.8836903431027987,0.15978738094024805,0.5735186437878689,3.7315902750073873
-0.202549592,-1.294152822,0.077118485,-0.380738782,-1.808926837
-0.740410758,-2.334801858,0.3128648627321149,-0.422555804,-3.353502191
0.859819719,1.367136635237221,-1.370600346,-1.594055493,-1.479266963
-0.121002494,0.2370270377893149,-0.101679088,0.840305723,2.274462558
1.4114732104923504,0.2121776142746037,0.47690235094151895,0.3378755950849154,1.720264056957531
1.3496440932655227,1.2944962764208583,0.4508428593918574,0.3340457396446077,1.8902249038283152
-0.117628869,-0.358101968,0.10027409776052491,-0.852461635,-1.047470682
0.46488284150048653,-0.310104327,-0.379481088,-0.81629403,-1.673871449
-0.488312766,-0.279570547,0.17680764660653644,-0.36207869,-1.559987286
-1.177921614,-0.022560384,-0.87686066,0.744413422,-0.285693097
0.1157243598485725,1.7901622781239548,-0.09023454,-0.779736781,0.9348743157472434
1.6483144200535476,2.385916584350843,-0.544706605,-0.330462804,-0.332924514
0.5228581605822519,0.9258604472051545,0.3555374793695755,0.6799883910650855,1.1577012095648567
1.0078932590333487,-0.054572327,0.43015922858061945,0.4267904609196186,1.8037519599900866
-0.895907696,0.1342369243412167,-0.511581566,0.571020395,0.7601841996492535
0.27510389147573044,-0.400770274,-0.054424977,-0.197834266,-0.157782836
0.10488838368559042,-1.180384442,-0.076283687,-0.727284419,-3.239518729
-0.152885101,1.3239128471154882,-0.132224216,0.8648600458514452,1.7285845208722572
0.2823377649602938,1.1186428899838166,0.14525294205850464,0.5144651551624067,2.1244776159828445
-0.501962477,-0.004024631,-0.489132537,0.97444044,0.8609561228171426
2.102231432346793,0.8203621361063682,-0.710729374,-0.338083316,0.000388982
-1.319184334,-0.772639767,-0.32800303,0.2486407865538008,-1.332829843
-0.78942235,-0.018600554,-0.25378118,0.3214770651850924,-0.283461575
0.980046003,0.8643948742258819,1.162383881,1.186050325703834,2.127653104664426
1.3843171220492634,2.3620509924609765,0.06980669,0.050426805534043904,3.9862370819499198
-0.502639158,-1.089212095,0.27296140178369244,-0.54305638,-0.187254189
-0.09995157,-0.268285999,0.01198683,-0.119926377,-1.021438585
0.4626575321646895,-1.159993649,0.1649264405654071,0.3564762899109123,-0.171805544
-0.455841215,-0.98178932,-0.292550003,0.6417804997784554,0.23105533035383896
0.28788548648466034,-0.210877314,0.18326127902165706,0.6365769989291278,-1.289277921
0.6468285285171687,0.45838308480462275,-0.086777266,-0.134158068,0.56077361
-0.720785045,-0.86451824,-0.069224384,0.096040261,-1.158285703
-1.572410273,1.6523262144261777,-1.332842549,0.8476429925649082,0.8059592933051434
-0.922932558,-3.788933249,1.5306224747491612,-1.65843372,-6.399530912
-0.164554421,-1.351933365,0.10304253272902403,-0.626191216,-1.139444133
-1.029099542,-2.712106982,0.7126371097058182,-0.692486082,-1.64575709
-0.263452963,0.3564242680386942,0.10828089335826414,-0.41100655,0.48094659931954675
0.36825959610002595,-2.105220146,-0.499071117,-1.355215512,-3.58620043
-0.258269512,2.507877080647346,-0.140318873,0.5433040544484236,2.2993770581071336
0.5432665094589341,3.288337774798295,0.8604889430379563,1.5839167849587483,5.430722168452837
1.306087075310763,1.1756045257626468,-1.805702984,-1.38252879,0.9022942913173277
0.7249465354106004,0.40874904367701925,0.7619020952610267,1.0509769452577564,1.5164487608002841
-0.357154022,1.948923206831897,-0.547661755,1.5334049782172219,3.5108848394453793
0.22507077034050835,0.7766410481578759,-0.074040013,-0.328963252,1.912171598909652
0.3776659671312256,3.4720672866266926,0.09784907,0.2590889267308004,3.616757185485247
0.6854018000901289,-0.867162712,-0.15236555,-0.222301065,-0.877869036
1.0930746904787896,0.4588486072929786,-0.738418136,-0.67554225,-1.054214166
0.022971861208087686,-1.18185494,-0.018685338,-0.813401153,-1.671419193
1.3160286472177383,0.8881609491032129,-1.435691955,-1.090927586,-0.75220319
0.17731109932608607,0.8579321237090305,0.23104309110567642,1.3030379484635302,2.827073385277781
0.8149835766424708,0.4171141651926709,0.27961419481171407,0.3430918153757832,-0.216797208
-2.910687915,5.896811926784388,-5.959064539,2.0473045252225193,8.733939395
0.7818368924375283,-1.166805566,1.207956398335489,1.5450235337059248,-0.119523144
-0.244134003,1.6461544032426447,-0.137480415,0.5631350523326415,2.6579995586939527
-1.12519511,-1.518958718,-0.253209049,0.22503568189420142,-0.600801388
0.733159032,0.5141750421903526,0.6602455334735272,0.9005488642432373,1.2341365098663237
-0.29367169,-1.229179539,-0.050425243,0.17170617569002666,-2.532490513
-0.146625751,-1.123176244,-0.08930167,0.6090449274116005,0.3813205772995103
2.625534058565596,2.9271786054035873,-0.068753403,-0.026186445,1.897361733925853
-0.690326922,1.1041389053352442,-1.001594262,1.4508984505530087,2.6611402033864486
-0.802290378,-0.398889183,0.005593129,-0.006971453,-1.228383063
-0.319458481,-0.358968264,-0.078223057,0.24486142056937088,-0.412080592
1.9498294831634517,1.1382162559320852,1.775612827148561,0.9106503119789545,-0.060610394
-1.64345275,-6.394795893,2.0985262635538025,-1.27690088,-7.384692011
1.2392489192728693,1.5458946137396574,0.9649095996138726,0.7786245237801251,2.8353941770155675
1.3658711758869857,2.5210133559860166,-1.724605296,-1.262641255,2.428397094436458
0.4974923512432219,1.0023652702561683,-0.397707308,-0.799423965,0.22327208834707177
-0.389257028,1.261503809131376,0.3720572824504356,-0.955813912,2.880976714
-0.518258038,0.9561388549719495,-0.135213798,0.2609005329166198,1.1413674497693789
-0.573226334,0.38957457670478546,-0.195236956,0.3405931380845985,0.31599359709618574
2.7570628981154846,4.065231549196607,-0.161050295,-0.058413718,2.756811835625248
0.30543614117451146,0.8339670614178898,-0.170092413,-0.556883716,0.2799571735612781
-0.513979877,0.22163268589315432,0.5054995603629424,-0.983500683,0.7930999283411012
1.0661815642098802,-1.088527602,0.9958359761146192,0.9340210049989072,-0.207830452
0.2207835853072779,0.7466627712933693,-0.199150709,-0.902017731,-2.342831761
0.12494228514848026,0.166443378,-0.092903644,-0.74357247,-0.290798144
-0.095279724,-1.725359093,0.1300793263672754,-1.365236181,-2.568205046
-0.187647833,-0.986622918,0.17068082118577185,-0.909580562,-2.032070715
-0.28327716,-0.474197493,0.071445483,-0.25221053,-0.661562337
0.5452389126593097,2.2803011945203746,0.9814418835796327,1.8000217167054668,2.8482448360574804
1.2836924219690875,1.415023228,0.5826732709896086,0.45390411364727984,1.4037647213482178
-0.276413927,-1.744912861,0.29714556687866217,-1.075002154,-2.101110772
-0.746087258,-1.652916618,0.5092838065202612,-0.682606225,0.051556755
-0.014292795,0.6562706525484905,-0.003129571,0.2189614288652466,1.3644548391819202
0.41157797,0.4653881456191661,0.051959211378669885,0.12624390800754068,-0.732297795
2.009967319144815,1.9832860962545373,0.6885591462861684,0.34257230937422956,2.806011025607073
-1.145047277,0.37782924540609114,-0.663050154,0.5790591947852689,1.4124511871659025
-1.022735197,1.821075330936948,-1.218083769,1.191006013,3.1039546145540235
0.9669255407656936,0.068199149,0.24228615310335655,0.2505737441907821,0.7138530410272512
-0.753326725,0.2889428946578523,-1.064426667,1.4129681480518765,2.3724994813489584
-0.40499834,-0.454944272,0.025641909238107583,-0.063313616,-0.643527682
0.9795507217378765,0.5846422388203327,0.7024782506642685,0.7171433138428626,0.11598310814337642
-0.497943155,2.501258411968286,-0.895740187,1.798880411342658,4.881944642643317
2.2669244961406685,1.4899568999800947,-0.364529814,-0.160803686,-0.030577705
-0.518389299,0.5862325517853477,-0.110169293,0.21252231254655435,3.6745988555149225
-1.029124097,-6.040949238,2.3385339301358448,-2.272353681,-6.969124556
-0.581051807,1.9306044226873689,-1.409700186,2.426117895390661,2.4746339420877517
-0.300787006,-0.332337518,0.026562961912606504,-0.088311534,-2.16789778
-0.697774666,0.6646118830815952,-0.541709455,0.7763386679875361,2.0502584611741246
1.6252839136882016,-0.455662743,-0.349522333,-0.215053094,-1.338956704
0.18906986734930772,1.2683070157425933,0.033729585976921175,0.17839746993954125,2.297846572
-0.483086077,-0.715872521,0.43899646667490666,-0.908733428,-0.435315048
-1.315940019,2.5492544687718226,-1.076207255,0.8178239424663876,1.993048019703389
0.466647164,-0.621512542,-0.194074422,-0.415891142,0.6670275003724258
0.5071412809238677,-0.574652314,0.9052824753604094,1.7850695839850412,-0.522595047
0.5276216416573718,1.9178734947696083,0.1623294597991329,0.3076626259855861,2.956578020459432
1.8848275037216105,0.078526004,2.0399742017654767,1.082313473109623,0.3794951842133646
0.078583792,-0.177618926,0.014140726708122593,0.17994457045237777,-1.285584071
-0.072181508,0.9172400145834323,-0.020478004,0.28370152557162376,1.5520949163972095
-0.287063287,-2.111067324,0.37608405181952426,-1.310108499,-2.121486653
0.37224443363252074,-0.637773711,-0.15191051,-0.408093436,-0.4162496
0.35820063450441086,-0.767888366,-0.122856365,-0.342981986,-0.781596623
-0.218386602,-0.800850241,0.027221303,-0.124647314,-0.403592489
-0.351229009,2.2847874245616993,-0.33255016,0.9468186039922725,4.360898843297569
1.3459337190202896,1.207290936285025,-1.456222534,-1.081942233,-0.264445906
0.5474744193240274,2.8272527207255296,-0.315198815,-0.575732497,0.7721980464093297
0.5920541770809167,2.4269723758990835,0.4972806830821665,0.8399242878987452,3.2057778566723814
1.048105958,2.412577797721387,-2.236914122,-2.134244257,0.18088165736342748
0.606398335,0.17281202059525444,-0.350943645,-0.578734513,-2.081197283
1.343772990873768,0.5704962378209928,1.4201107301039544,1.0568085083928864,2.9200368736398286
-0.314933173,1.821153083032229,-0.654108054,2.076974131827398,4.059353763478213
0.2282527750065517,0.3295496790381436,-0.241415433,-1.057667024,-1.291089715
0.3019337553551299,0.579281163,0.4138255475278073,1.3705839118288448,2.706058868015014
0.13949367247688776,-0.336858891,-0.025248499,-0.181001035,-0.750383905
1.969806375049968,2.047558824470843,2.7780749183601916,1.410328930573047,3.2639801595141127
-2.210781414,-2.725644197,-0.730116708,0.33025277985153023,-3.737518326
0.5453290259158596,-0.213919298,-0.651144037,-1.194038839,-2.720785909
0.39298851932370293,0.6060110901634761,0.3703522707177894,0.9423997203662122,1.3107700225691958
0.3667746361067114,1.4437253084577784,0.24390300669822423,0.664994203,4.185812375972337
-0.952756208,-0.976874658,0.1153511156394644,-0.121070967,-0.531387656
-0.999680948,-1.527802201,0.173540045,-0.173595431,-1.10350146
0.25657547540776215,0.4650802713612511,0.12819842906378168,0.49965192059000396,1.385534992622213
-1.020519937,1.1043723520122621,-0.587144576,0.5753386627304017,3.2819559651644137
0.45463774956350894,1.8087533539252674,0.1664866358441426,0.36619624306161114,2.720339278862429
-0.36063195,-1.267002565,-0.120849934,0.3351060107694903,1.4021273636257998
-1.568961554,2.470197248763755,-2.137761136,1.3625325181345327,3.2021919498718954
-1.11187441,1.094808220850956,-1.056613892,0.9502996763940047,2.050921577367605
0.26238733239639866,2.0725138727246364,0.040424049,0.1540625006709521,3.854417737480742
0.06997941,-0.288440736,-0.092999186,-1.328950692,-0.712646714
0.12117438973557196,0.48639686392710596,0.090102561,0.7435775911849762,-0.095588151
-0.303973831,-0.008898417,-0.12121262,0.3987600506492414,0.19170364152537933
0.041053793,-0.055326372,-0.018600423,-0.453074402,1.3300862472681105
0.618693329,0.5257287114535598,0.2939425631726078,0.47510220200411607,2.079602740263284
-0.507695943,-1.43040723,0.21470163123302297,-0.422894125,-1.73668593
-1.204865767,-1.440974963,0.33144065885132806,-0.275085132,-2.251403973
0.27659461686046516,-1.597409873,-0.948728621,-3.430032846,-5.000755599
-0.236292575,1.805256082632627,-0.082152023,0.34767077584076383,2.2874694264207873
-0.562692709,0.076416201,-0.67866319,1.206099136223525,1.7186244495114993
1.9262535485305006,3.058709910703419,-1.430716845,-0.742745858,3.293146730108197
-1.884102665,0.6616749886387555,-1.30788542,0.6941688709267523,1.953799349
-1.011773844,1.443525449150843,-1.619700358,1.600852174623224,3.7080744313027476
1.152197604365575,0.391864174,1.4817951540796757,1.2860599158211097,1.720067998666958
0.36829289872802706,1.5624534665891496,-0.274990937,-0.746663697,2.801634096414751
0.5484630646585847,0.661305753,0.13351899377126153,0.24344208821860477,0.8046419593713797
0.660557756,0.2882164251249219,-0.098599345,-0.149266803,0.5547374164100116
1.2259854665485634,0.1259845126865724,1.1531453963090574,0.9405865140925628,1.0498699566486847
0.3067372321793013,3.5826380731310907,0.40821640472432663,1.3308342186699602,5.620201497779609
-0.33203287,-1.013078573,0.3852163784962366,-1.160175434,-1.680188545
-1.889434835,-3.647264213,1.3936849024147504,-0.737619989,-4.579428019
-1.282828836,-7.480432384,2.5265948831007026,-1.969549492,-9.39878684
0.6551033392697933,1.776487597142578,-0.282527845,-0.431272179,1.1141440878811877
0.8220807831958333,1.0665941774290926,-0.1885231,-0.2293243,2.1629240781393837
-0.222595397,0.047720009,-0.573545951,2.5766298813559456,1.702706075978199
0.45775524116793614,1.3272001227312713,0.20383859652087194,0.44530040988889497,3.5309026566831343
-0.201111858,2.5710977560643786,-0.171438899,0.8524554504479678,3.340556193062909
-0.009078056,0.3782391726760336,-0.000572388,0.063051854,0.2991986537604545
1.207842845977165,1.3877596509632797,1.2768515762134542,1.0571338651101252,1.929560076672717
-1.402686407,-0.545243606,-0.483768041,0.34488681028030654,0.24109993017339082
-0.487759489,1.9156403368747246,-0.271680224,0.5569962861505047,0.6266072423545259
0.8137836391754752,0.7675614017831777,0.8304283841481899,1.0204535261848948,0.17019593651843978
0.2575929910149475,-0.145095623,0.071530903,0.2776896329293843,-0.559576783
-0.411797779,1.180933037218536,-0.561510184,1.3635580691615434,1.0024383176806428
0.8119375642401894,2.133025003968347,0.16367411684650243,0.20158460952557178,1.735793121750112
1.2802185881950936,0.6092294203372643,1.8751687238763393,1.4647254313968614,2.3951959553201556
-1.249299335,4.008447822578551,-2.270833598,1.817685748713665,6.403499632055009
0.45679025679571383,0.20757121886690383,0.13716498133103042,0.30028000661225457,2.0855252002974134
-0.323922921,-0.490037714,-0.050259506,0.1551588440954131,-2.220784446
-0.12785225,-1.137156677,0.078121824,-0.61103206,-1.819424506
-0.955759672,-4.211519241,1.8380879236161176,-1.923169577,-4.817288492
0.4760335984032399,1.5808183458515632,0.4019609682607243,0.8443962140677097,2.102343599065456
-1.210538367,-3.04360584,0.34503693623866755,-0.285027675,-3.054170188
-0.035975992,0.005786516,-0.016432718,0.456768998,-0.089331702
-0.437907085,-2.316559358,0.3347985152191308,-0.764542358,-5.539056976
0.9200190991715157,0.5676261126075841,-0.442531038,-0.481002012,2.199551572164726
2.6216719904440797,1.9761086688686182,2.9776641366970114,1.1357882097953187,2.987607543770902
0.5655613897701169,0.8412571541276056,-0.923622834,-1.633108008,-2.183662576
-0.769343802,-0.014558856,-0.366513213,0.47639717424388534,2.12312994
-0.9981615,-3.720103774,0.9007572305088362,-0.902416323,-4.245513379
-0.300444451,-3.518329956,0.7843912213860366,-2.610769538,-6.700654162
-0.142637283,0.14922487387118033,-0.003758672,0.026351257,0.6915919569235831
-1.141077355,-2.798631781,-0.038580508,0.033810599,-1.729838517
1.2263646287252712,1.7580992334347023,-0.553777901,-0.451560562,2.534255936549201
0.43851224320239346,0.9016218496830919,0.14418468512184038,0.32880424060427554,-1.30393605
0.7530863292564185,1.5907301932176914,0.27690012100531464,0.36768709010920425,3.6250115587866083
-1.153465053,-2.234576736,1.2707591117186168,-1.101688438,-3.590266259
1.2814072135407326,0.24330940517525557,1.2346611804740564,0.9635197675081683,1.5936818621116897
1.0547211204703804,1.052452424094128,0.534262783,0.5065441209708692,0.17678675104303765
1.6192189601635678,1.418038063165048,0.8826376820624939,0.5451008812133308,1.601777825382325
1.5797231489128787,2.3423033367345214,0.19184149500119338,0.12143994669775734,1.7559537649701218
1.2499464065008214,3.6640684574202393,-2.669875778,-2.135992202,2.4017096026134594
-0.331725557,-2.02532129,0.16696941448903443,-0.503335999,-2.45621453
-2.189236985,-2.190621228,0.042191887,-0.019272417,-3.044761681
1.435828018473843,0.936773744,0.21298086125642032,0.1483331280042856,0.5923726471825828
0.20551719186026907,2.1412738908377973,0.22174297483580063,1.0789509764543856,2.172256701435474
-0.862056704,-0.995461523,-0.996797495,1.1563015398186345,0.12045558725279024
1.173071607945956,-0.015067079,-1.267743734,-1.080704473,-1.407962283
0.5976574312773529,-1.674277484,-0.321199497,-0.537430776,-2.163046336
-0.114231214,0.2723705886325425,0.11498758120836054,-1.006621374,0.36671354933237943
-1.596824593,-4.076476099,1.0546972998291035,-0.660496654,-5.255692201
0.31602064328810764,0.4105114662577815,0.10765357664081741,0.3406536216138023,0.8912408403470293
0.7862065704550514,-0.308818717,0.12258593311226651,0.15592076906876337,-0.10973407
0.41348003846631465,1.900657195,-0.085758866,-0.207407512,4.0897547686057685
-0.464239149,1.8140341390893526,-0.036234411,0.078051175,2.362085948599515
1.4956216249633238,3.834474535,-0.053881576,-0.036026208,3.985053573093988
0.2664585763852398,-0.713639235,-0.212592852,-0.797845785,0.4066506119568687
-0.656792998,-1.429176101,-0.719352026,1.0952492297495555,-2.087645049
1.4943910768360995,0.8912666318665479,-0.507338921,-0.339495416,0.804086684
-2.179157135,-4.028509551,1.3036258209034648,-0.598224791,-5.642581147
-1.680600512,0.4128140270159699,-0.994475081,0.5917379378379123,1.096616757274269
-0.164937488,2.342491569549609,-0.077496877,0.46985605553709364,2.0928267312570976
1.058602484605456,1.8190196389646414,-0.643908354,-0.608262652,2.4290552995915355
0.9634499723285905,1.6427570680991974,-1.527834868,-1.585795746,-0.020944463
2.148829177889728,3.820945675094058,-1.386805185,-0.64537712,2.7913175497467906
0.17447604375686163,-0.761683964,0.031657717,0.18144448983395345,-1.312077788
0.4089191809469238,-0.764368161,-0.043919834,-0.10740468,-0.812753396
-1.434350885,0.6125622094447468,-0.651054165,0.4539016021980671,2.6477394877789817
-1.097264117,-5.054961392,1.6668760484212295,-1.519120167,-7.630893219
-0.203916071,-0.42256293,-0.116017569,0.5689476485428393,1.7018901320007274
0.983659071,1.057631123326861,1.4803669477288095,1.504959382641554,2.291593229680033
-2.078836271,-0.122691494,-1.692029074,0.8139308985144268,0.5962792249330507
-0.952902304,-0.65016115,-0.92207676,0.9676508873336452,-0.747286187
0.4802381672982406,1.7090132017006856,1.1622578676080881,2.4201697131796176,4.116397864168531
-1.106768604,-1.354874395,0.2537575990390273,-0.229277916,-2.767250488
0.1516433094353214,0.3863618559312306,0.17805495264281013,1.1741695252223032,1.8203254227899626
-0.380170528,-4.463254817,0.6361922444606114,-1.673439147,-7.304683282
0.9919522445130272,1.355663514178235,0.5517369589922659,0.556213227,1.3608451446384893
-0.143737273,-0.611549905,-0.025742316,0.17909283477074492,1.2104667148332156
1.1530372220786345,3.003510611,-0.809871163,-0.702380762,3.598681166
1.125238692251796,0.34419540605327514,-0.365304605,-0.324646324,0.45868492178984804
-0.173267525,2.8719111088547282,-0.225291235,1.3002507808007089,3.478944583114308
0.039149492629394385,-0.184359039,-0.021490813,-0.54894232,-0.816288884
0.8585818611864261,1.597539335919587,1.2452612583019982,1.4503698652347972,3.694540663248082
0.004817843,0.6264614662097714,0.00297266,0.6170105816074378,2.5091446779118844
1.2252234135465487,1.204206987,-0.81902776,-0.668472175,1.1695509192533764
-0.420976984,-1.130687707,0.1427529601631081,-0.339099204,-2.927979227
-0.420742306,-0.50237126,-0.176112993,0.41857685992369825,1.1135692229750365
0.2500366443155918,0.7266709592470235,0.037758391,0.15101142742034507,1.8799883287969292
0.14912084323802138,1.1052681981269896,0.1864181550454523,1.2501146787903974,2.0442104405508825
1.139524206511267,-0.366523921,1.726046523802257,1.514708080740706,-0.127590556
-0.007619849,1.6290227453162989,-0.002889616,0.37922215085982913,3.3311098768913014
0.9818438077482237,1.0677944458686517,-0.897052634,-0.913640873,0.5060509153153732
0.17716794519979326,-0.373949604,-0.014522393,-0.081969643,-2.259426137
-0.645511864,-2.63888366,1.1443361423291447,-1.772757723,-3.721967625
0.21899643706261843,-3.679055378,-0.358140487,-1.635371297,-4.993925092
-2.511089252,2.2949048599500834,-3.999414254,1.5927009571497217,4.036528244679517
-0.530960069,1.4708136983576852,-0.258636668,0.4871113356967913,1.4677077504366065
-0.950587341,0.6380348861880427,-1.341393954,1.4111212059012008,1.7766495519892298
0.7356060859651186,1.4014144743149024,1.2455324787254685,1.6932057829447185,3.280059097193606
-0.810103761,-0.787790243,-0.062946555,0.077701842,-1.180087491
-1.368813794,0.3266211588981993,-0.564069822,0.41208660005277514,0.29819691568388446
0.3225190447707891,0.31810870448562206,0.015658984,0.048552121,0.5439803882210994
-0.586636679,-2.088976945,0.3877092826674475,-0.660901878,-2.683776923
-0.863659526,1.8979159621759933,-1.550759403,1.7955679954492643,2.9380297045258286
-1.016373522,1.5898288820726052,-1.305525326,1.2844936403671885,2.6786689777866153
-2.126628601,-1.774408019,0.033107232961926365,-0.015567943,-2.207080188
0.39126752104881907,-1.580414887,-0.626287663,-1.60066356,-3.603690183
0.7344699140690342,0.072544472,-0.386035509,-0.525597443,-0.962496772
-0.989255401,-4.078368802,1.4836567445420146,-1.499771185,-6.420154199
-0.461711142,2.1305741030243657,-0.577629012,1.251061454625816,4.747470706181417
-0.743295364,-1.124332188,0.3393501276685584,-0.456548156,-2.958982584
-0.698639646,0.4126245865084762,-0.752496022,1.077087489235673,1.736694475590089
-0.043896173,-0.285843725,0.044592654,-1.015866564,-1.336323208
-0.175577449,0.8399118041513737,-0.145213297,0.8270612084063153,2.278150102
-0.377512701,-3.451105459,0.5463885699506035,-1.447338245,-4.841491019
-1.320860439,2.972062718,-1.793929236,1.3581519914761335,3.8281524044381325
0.7830123509243788,1.1875472148971948,0.6451522960238255,0.823936296,1.6917752389899958
2.1047172551296622,3.6127663693116254,-1.838049963,-0.873300182,4.012961830452727
-1.642058397,-1.748465072,-0.337384508,0.20546437878572543,-2.196072649
-1.898407191,3.753848144941494,-2.493418827,1.3134267709814098,5.219139501
-0.438453294,-2.160010762,0.11829399991623157,-0.269798406,-1.955618433
1.1157454406814549,-1.306540873,0.49226059831864705,0.4411943624147754,-0.993937069
1.553116628862027,0.3908619054151272,1.4060135867088843,0.9052852571278401,1.1342844924711544
0.7644417840183673,1.7764635939676352,0.10978451928122246,0.14361396979653412,0.5999872879203041
-0.221233793,-2.037010496,0.020162115012793528,-0.091134879,-2.667984038
0.14397140999453473,-1.317319357,-0.08388315,-0.58263755,-1.675048827
-0.019508419,-2.239392791,0.012187896084641464,-0.624750586,-0.565809466
0.075171352,-1.675903373,-0.108510731,-1.443511768,-5.473151368
-0.476054267,1.9487775899489552,-0.708869535,1.489051950683948,2.649191581
-1.500522459,-6.210645356,2.413066217740212,-1.608150683,-7.250580949
-0.537859084,-2.748727505,1.2163831221220203,-2.261527523,-3.250373528
0.010527866224394656,0.4091824807647079,0.00545166,0.517831452,-0.19557264
-0.608951954,3.4165098871370976,-1.505729257,2.4726569105302287,7.935489775136595
0.3696621556995044,-1.306759154,-0.943433233,-2.552149898,-3.552681749
-0.420056592,-0.827595054,0.450058977,-1.071424627,0.33288488498376934
-0.407716462,-0.685654998,0.035118485,-0.086134577,0.4233384442419226
-1.105576455,-3.818657966,1.0001629069515778,-0.904652865,-3.131240136
1.5050611369758082,2.1263196969310694,-0.09582336,-0.06366742,2.4789175629698827
0.7016614801621158,0.6228949527891208,0.33505910433196867,0.477522443,2.9742181092511535
-0.473130794,-3.405251364,0.45089458958868556,-0.953001994,-5.082934626
-0.887392719,0.7122205711678611,-0.288794608,0.325441715,1.671932194696096
-0.405436998,0.029817165020023823,-0.156478347,0.38594984571710717,1.5169711777083499
-0.896224811,-1.265986969,0.078513466,-0.087604656,-0.449556632
-2.277884618,2.4316802787654193,-2.824377618,1.2399125026124147,4.454872167
0.44225149129338837,2.2165013811491803,-0.173271876,-0.391794893,2.58003528
-1.419986438,-3.100734001,1.0396725323203275,-0.732170748,-4.498729047
0.1273637169706462,-1.578525852,0.12641789595032477,0.9925738582163128,-0.540717201
1.0092221546393338,0.46898277683574363,0.7695207165680699,0.762488926,0.7512310971989657
1.152069161516727,1.5009393729134533,0.4304176763411876,0.37360402545150356,3.4059042782249285
-0.380181816,-0.411918177,-0.145208614,0.3819451855123153,1.1571771073069277
0.3933786781146198,-0.696683664,-0.22071903,-0.561085391,0.45461462887135595
-0.24461594,-1.707121708,0.3240440662922594,-1.324705442,-3.186170883
1.1257752590083494,-0.299138035,0.9969921501702068,0.8856049572882047,0.28622932878143054
1.579093055325655,3.915475160775875,1.0405014358335898,0.6589234449004705,4.481612014996125
1.894054813490918,2.372696449499026,0.3500346166690268,0.18480701518024215,4.439094268491119
-1.180228082,-3.71466199,1.4805760934615861,-1.254483024,-4.991366238
1.3054440765989945,-0.715363998,0.37456937505377447,0.2869287024761877,-0.050336389
0.526440453,-0.134513491,-0.021763163,-0.041340218,0.4648897917325009
2.6930258307882915,3.2329871306221207,1.1102566220101202,0.4122710630239779,4.261322943012799
0.9597523867152744,1.1348374309344014,-0.02435027,-0.025371408,1.0842242401204258
-1.110038547,-0.07014365,0.091154605,-0.082118414,1.5761840946713823
0.6438492600905847,0.10651866302548757,-0.477672377,-0.741900949,-0.737734446
2.1058143680938075,1.5109898350351247,-0.458423393,-0.217694114,2.242708370026547
-1.719340046,-3.870487634,1.4284776155737882,-0.830829026,-5.769278827
-0.127993948,0.6092109177717635,-0.029681613,0.23189856255597285,-0.032836915
-0.671105603,2.2750875238956554,-0.894092275,1.3322676345703541,3.800120557718759
0.4678492635146606,-1.687283681,-0.846758864,-1.809896756,-3.299566203
-0.434774335,-0.005842382,-0.569179528,1.3091378272400707,2.052576269325269
1.9701501968838007,2.658605217775067,-0.138705017,-0.07040327,2.801892125238176
0.7373659094874754,-0.606796582,-0.068362687,-0.092712026,-1.0628446
0.433135405,1.6203013607831322,1.000129432530866,2.309045675154433,5.271982646332681
0.7213758208553026,2.0146030423956374,1.1701992928551037,1.622177038686508,3.564618795899006
-0.63662308,-0.929480831,-0.425408338,0.6682263821814506,-0.580443544
1.5484530000992593,2.2405986419270527,-0.727581309,-0.469876263,1.8834321880612581
0.99686765,-0.686170584,-0.473786506,-0.475275234,-2.004598129
-0.7738728,3.8575068429425365,-1.802205002,2.3288129560751543,5.139384836479806
-1.061026251,-4.282296277,1.6914743961668155,-1.594187132,-4.729286108
0.4897220292139799,-0.743402649,-0.117769426,-0.24048219,-1.073219382
0.5006446718035477,-0.405466442,-0.816659214,-1.63121523,-0.697571085
0.6166318610246593,2.6143442094861067,0.6771237153141781,1.0981004357916235,3.292093908437571
-0.092958847,1.2582657909192336,-0.046091605,0.49582806755890846,1.8951328749870942
0.5957867984443457,0.5324269345251903,-0.542348897,-0.910307006,-2.848253108
0.48134195466215923,0.5776071228348809,0.8537030168956737,1.7735894588595846,-0.059435067
0.7809948709106941,2.442441979783381,0.9953997494993275,1.2745278958600874,4.422599661228948
-0.083993871,0.8746534939438648,-0.030297521,0.36071108907921867,1.4428077178769332
-0.035578209,0.9300889927785003,-0.044137392,1.2405737675767423,1.4755911180066579
-1.203313765,0.2062011384661556,-0.864346508,0.7183051774213158,0.47543341081798013
-1.658634778,-0.894890194,0.066126731,-0.039868169,-1.829118736
-0.323701512,-0.254741301,0.24625420244590887,-0.760744677,-1.075034669
-0.410739693,3.241766317036163,-0.620605134,1.5109451209875273,4.651061024643478
-0.337516414,0.8559318838896495,-0.003077179,0.009117124,0.5979777671360518
0.37724270881085115,0.4521578298276262,0.37739137164140707,1.0003940774124556,1.975275330776283
0.7628874601958248,0.00825402,0.090951362,0.11921989425561007,1.1049352763064852
0.001379899,-1.360127314,-0.000236538,-0.171417058,-1.763681594
-0.568390154,-0.420919826,0.1828394616146414,-0.321679502,-0.813133796
-1.356276133,-5.336639973,2.0485542191860255,-1.51042562,-6.835813354
-0.497314067,-0.553858322,-0.292346576,0.5878510082590616,-0.504420204
0.8198165144262606,2.3310637338975133,-0.377490474,-0.46045727,2.078127876758649
-0.437988061,-1.500952888,0.3215426374820448,-0.734135622,-1.397664154
0.8350739634966027,0.18337322752845509,0.5204896318114404,0.6232856663762549,0.6988541670666094
-0.474579959,-0.912975506,0.2064330562934122,-0.43498056,-1.210771921
-1.221670111,0.7946712885138232,-1.217778051,0.9968141483937318,2.2275484454800707
1.1565777559729766,-0.589895115,1.0487249444345974,0.906748326,-0.126879791
0.15209813876414788,-0.186574425,-0.271669484,-1.786146013,-3.88314915
-0.689776627,1.5909978136976113,-1.111764867,1.6117752103784415,3.447939351152773
-0.153986559,-1.440916881,0.1676205531645695,-1.088540158,-1.525059098
-0.888644388,-2.986245004,1.5863438111382435,-1.78512781,-4.713342614
-1.09192029,0.5312008192452136,-0.634085653,0.5807069055198139,1.3442330573313663
-1.436631735,-3.003799694,0.5414978639993839,-0.376921831,-2.319054555
-0.580282129,0.5151857587254077,-0.51677398,0.890556428,3.371500954269502
-2.206193307,-4.407346178,1.819657330869128,-0.824795055,-7.240150874
0.13950652181730744,0.4950066014628557,0.10657820752809882,0.7639657712036552,1.347278234581322
0.45484542282870294,-1.746726179,0.023660126411600636,0.05201795,-4.061682414
-0.027121729,-1.019765461,-0.002020244,0.074488008,0.2158829007990779
-0.471491111,1.5891342015640217,-0.068132986,0.14450534649093447,1.0644635668064713
-1.496828523,-0.228215783,-0.477674621,0.3191244777119074,-1.299683212
-0.143095569,2.301908314941777,-0.270638944,1.8913160352544602,4.772440851247114
0.029775243662069198,1.6143919546294265,0.046222037,1.5523647051321887,4.6649304930088675
-0.164407461,-2.140901275,0.3330645276123311,-2.025848008,-3.703808926
-1.930228328,0.932223835,-0.961638766,0.49819948855796153,2.1778965524625855
-0.711646644,-0.045725396,-0.602808546,0.847061601,-1.784482799
0.023742091931795793,-1.642011479,-0.048887667,-2.059113725,-5.364729955
1.5469869542135977,1.8506002609689587,-0.990680166,-0.640393355,1.4031787773537188
0.27155554542586957,0.9676303975033048,-0.059092659,-0.217608,0.7731809018317293
-1.112017318,-4.328855571,0.7781696288793656,-0.699781934,-6.027771312
-1.098205019,-2.795958432,0.4963305886178194,-0.451947114,-3.553676288
-1.240576983,-1.463709054,-0.636923078,0.5134087494646273,-0.490718908
1.5490089211341012,1.016922350497247,0.8884135410869171,0.5735367491857105,2.6317732564584126
0.052459414935716125,-0.030327142,-0.020861453,-0.397668436,-1.500717195
1.3552492059164782,0.30771222922999275,1.2788507706064733,0.9436277586613002,0.059647334431761845
-0.257989266,-0.284930068,0.060138009176169745,-0.233102757,-0.786057796
-0.820495855,-5.868422327,1.822408315544008,-2.221106059,-7.192323834
0.7701770988055836,1.792838526884653,0.12257838333535849,0.1591561,2.1892953974642992
-0.451165503,-4.252241232,0.47949111827012053,-1.062783202,-3.455170462
-1.232659499,-5.711173087,1.3303819947785864,-1.07927777,-7.027801264
1.6638312198164427,2.140526061115866,1.2325350858585504,0.7407813191499834,5.237914511133634
1.1813776174278006,0.9838160880095281,0.5626851237650609,0.47629573767462136,2.3991807841815174
0.6611579280666225,0.5104938798471724,-0.008410387,-0.012720693,0.9336564461747259
0.9103157047282465,1.828879934956039,0.6058191797517759,0.6655044800447873,1.8154564244715377
-0.219409337,-1.596146769,0.20963506675719054,-0.955451894,-3.881149833
-0.488331107,-0.309508664,-0.425625988,0.8715930264059796,1.6311437236302404
-0.268578128,-1.268929706,0.28926324621295224,-1.077017135,-1.758139571
-2.416500123,1.2661313400218257,-1.107030321,0.4581130825624333,1.128484410036363
-0.932293617,-0.919386575,-0.711233894,0.7628861563859054,1.3537074217302938
1.223492414485609,0.19133065259540183,0.1936663779059044,0.15828980679649515,0.9277897815053934
-0.467835974,-1.214258928,0.34714230453429873,-0.742017126,-3.256640347
0.19059448670420007,1.3996729332682394,0.17901087332962418,0.939223775,1.6666660204745436
-0.148783817,0.6041451451347236,-0.215447185,1.4480552341900754,0.092273341
0.24086909754797023,1.3406272111256783,0.025966334456213557,0.10780268087749297,0.198572534
1.4927132313308555,0.7457784443960552,1.720540574446551,1.1526263305863322,1.5983054227385627
-0.829414058,-1.934225021,1.218913624315409,-1.469608107,-2.924810061
1.6087084708399662,-0.993726726,1.006122827,0.62542272,-0.156038958
1.2775766160335054,0.5348654734395588,1.355411459511906,1.0609238166240509,1.627515438671848
0.7511289932192706,-0.483766252,-1.106717544,-1.473405439,-2.149505509
0.22198374837311743,-0.271777107,-0.06166375,-0.277784976,-0.515367128
0.7937376799997398,0.4372242860012156,-1.170660241,-1.47487044,-1.751879955
0.6247034139203439,0.562601664,0.32168513501156576,0.5149405747486181,1.0297756545467227
-0.987588955,-0.291250521,-0.272623241,0.27604930099991587,0.15514553860815744
0.773211473,1.4429406237470428,-1.146141638,-1.482313284,1.328180992970919
-0.011226847,-3.179678088,0.012891649245863165,-1.148287582,-4.356839002
1.1249952488276311,1.4657814218367147,-0.109611937,-0.097433245,0.4446019150591789
0.6528729668356729,-1.426075336,-0.096082094,-0.147168131,-2.933267318
1.6925244725543216,0.8563284186613168,0.14728498295168294,0.087020888,0.6078832400719731
1.364734320876314,-0.024755561,0.6602902639061617,0.4838233008474357,0.32523104916203194
0.3177371489409497,0.3614188230180835,0.6513991732261908,2.050119652037449,2.232485563512351
-0.592589974,1.373457451371498,0.093477387,-0.157743788,-0.761550146
0.6643937399074354,1.990085856693113,0.9266142026862052,1.3946762996522255,1.2152854911839848
0.3860393897659105,0.14699726430527116,0.18728769163020825,0.48515176584383574,0.8798753259821869
-0.742344772,-0.41151529,-0.716632024,0.9653627944038053,1.271876705267808
-0.220595878,2.0408926811971106,0.041930139,-0.19007671,1.7180724693064453
-0.064874365,-1.558684258,0.035718787,-0.550583992,-1.085916281
0.4438571688059859,-0.167167918,-0.19387178,-0.436788665,0.9777131566986987
1.1311167326303533,1.1282919054115625,-0.914410868,-0.808414235,2.3558315717219958
-0.837574023,2.807943534375087,-0.563908426,0.6732639870998736,3.1532911763863276
1.026858590264769,0.6580726625979811,0.7488080605644843,0.7292221807984379,1.0855819893081515
-0.924112683,-1.93324702,-0.235141796,0.2544514322850022,-0.747118086
-0.250909872,0.451251273,-0.030086133,0.11990812851596641,0.10808978658432111
-0.240036863,-0.681969388,0.14706466659033976,-0.612675339,0.056749136
-1.602930181,-1.533266879,0.4954005442008377,-0.30905934,-1.791298279
0.948547689,1.9759756451732797,0.41757519803452425,0.4402258347967692,2.2104992219667916
0.5871883363952599,0.27578651610962035,-0.276152228,-0.470295834,0.106990511
-1.926226352,-3.324132983,-0.600435069,0.3117157379978533,-2.822947042
-0.462707884,-0.975731828,-0.258919782,0.5595750391657118,0.017433047411083147
0.7174888578725145,0.37632403588383395,0.002000162,0.002787726,1.5461393319637822
0.6520847125875308,0.2821028126892801,-0.246851315,-0.378557126,-0.389696861
0.4198893123445354,0.23763488109748543,0.32938033227153807,0.7844456207574743,0.9345562646573344
-0.923005641,1.0524637354646347,-1.371694731,1.4861173860449883,4.020888530764225
2.243694187,0.4107169774699144,1.5097990911323345,0.672907698,1.490838625478057
0.6089801725442112,-0.062053419,0.6185167340050701,1.0156598882702812,1.930706954413467
-1.226560582,6.6109423758154735,-3.544458444,2.889754077933919,9.459099426011866
-0.487086007,-0.602010977,-0.154518582,0.3172305916675762,0.32950446532992944
-0.392787515,-2.663538816,0.6990013094339506,-1.779591465,-4.053830114
-0.447644079,-0.346872709,-0.852850579,1.9051979427734664,1.3015575379702367
-1.646806596,1.7991615648198935,-2.19879991,1.3351901282774932,2.4524372668271948
0.7494634681379512,0.6950970839931379,0.6453934841881708,0.8611406848043665,0.6195254080070696
-1.332656919,0.13110930282885747,-0.442774979,0.3322497881688905,0.35040378079128465
-0.630827734,-3.935813894,1.094639164739621,-1.735242611,-5.393067696
-1.663075014,-5.378910546,2.8077080804371772,-1.688263041,-5.582155787
0.24998955191593605,1.1460133603498526,0.23439714180807147,0.9376277528866173,3.9131536559471565
0.048171365556216615,0.4373766343675832,0.022380817692923872,0.46460832975152355,2.898371714198069
-0.234766481,0.7130696538148381,-0.286242357,1.2192641621352183,1.4586604637496592
-0.303727795,-3.294386528,-0.004210704,0.013863414372884197,-3.880437607
-1.190962799,1.7312969554318416,-0.92855493,0.7796674513698717,1.3465772473802233
0.049061301760107305,-1.487604435,-0.068211859,-1.390339369,-3.558171971
-1.677840349,-3.295010627,0.25876237710118344,-0.15422348,-2.447200473
-1.080287619,-1.226109693,-0.095435861,0.088343011,-3.213618336
0.009502336,1.364420185816669,-0.006325619,-0.665690946,1.1633663286098421
0.9514790821205702,-0.574820902,0.4371482931360216,0.4594407815689917,1.0128182551831197
-1.562631496,-2.718785079,0.8127501868302646,-0.520116348,-4.399021523
0.48709680979212683,-1.13083966,-0.260443344,-0.534684972,-0.908959136
1.148212080481428,2.005001727155385,-0.270082519,-0.235220064,2.2448200504099582
0.8397447941395573,0.8824654036440863,-1.165492304,-1.387912509,0.12563751508807408
1.6054696285971803,2.1561556794083807,-0.717762731,-0.447073379,2.0045277693506303
0.5413637956242884,0.3223554257172644,-0.393331229,-0.726556213,-2.394445188
0.9686388005210032,1.6232256449461966,-1.132213788,-1.168870984,1.5340922849303111
-1.556358725,-3.432783175,0.33666310802541033,-0.216314595,-1.624246598
-1.35532402,-4.312541626,0.2975931286744916,-0.219573419,-3.462533102
0.8786180677532339,-0.722896711,-1.359475572,-1.547288432,-2.414308626
-1.543966299,-4.484187473,1.9766109099666538,-1.280216357,-4.921454035
0.12667023727319746,-0.725888815,-0.069317795,-0.54723032,-1.114457761
-0.574220255,-0.233789661,-0.396128066,0.6898538711153713,0.45128545959868455
1.0762117205026518,0.9667853524073022,0.7296784915741079,0.6780064532593147,1.3024453091766313
-0.191227148,-1.003759021,0.046401811,-0.242652841,-0.697988776
0.585020122,0.3465418993681588,0.8084980192087303,1.3820003592780117,3.1566705024142587
0.1182586346295123,1.123516842036587,-0.011631485,-0.098356326,0.5527618492714487
-1.611918032,-6.625117205,3.137689643724511,-1.946556575,-9.676874466
0.7307273201565399,2.2653208275308945,-1.168114167,-1.598563698,1.4228600467387622
0.434948294,-0.448280556,0.22481878505742064,0.5168862328476485,1.4133644208893978
-0.204230321,-2.209897806,0.18160819482041132,-0.889232282,-4.915701515
-0.313725037,-4.215984015,0.38908329431006855,-1.240204794,-4.339691344
0.430177086,1.0424030254194714,0.16349093266049144,0.3800549537778222,2.0272943888654162
0.7652212232378489,1.5404227431895416,-0.225446759,-0.294616448,1.872388123388196
2.462837739322524,2.614483837169388,-0.675843069,-0.274416401,2.968218774806698
-0.017708018,-0.398980299,0.012950555627307733,-0.731338525,-1.267438621
-0.031492598,2.7365723457936846,-0.049471126,1.5708810723562403,4.012002561935292
-1.356404602,1.7025607487413603,-0.731768585,0.5394913763685912,1.1280713107848297
-0.529851476,-2.719241687,0.3731425858511159,-0.704239966,-1.936152728
0.14177603823181378,1.040612951735178,-0.039120477,-0.275931513,0.7743810236233606
-0.925939018,0.8547762903365588,-0.422689569,0.4564982801242007,1.5350108780130276
-1.171436677,2.447444326607417,-1.233008324,1.052560798521405,3.8235304782165525
-1.069472358,-0.614995281,-0.790972144,0.7395910122641053,-0.440885732
0.8203297758352706,1.23357305,-0.168295888,-0.205156382,1.0619252919669535
-0.497021409,3.3552243374618076,-1.282293066,2.579955398373949,5.264488027219224
-0.446440893,1.8959814700849564,-0.37082224,0.8306188922023205,3.0127813484288075
-0.070853319,-1.994697452,0.019330427,-0.27282317,-3.046709324
1.0720836940273906,1.0049881082295107,0.162422168,0.15150138796647278,0.11771900922233502
-0.790572187,-1.408574136,0.19798665956597547,-0.250434638,-0.70944267
-0.727018782,0.8298838806083463,-1.024204483,1.4087730717874378,1.6730076024613099
-0.194915647,1.0165982441381538,-0.021914339,0.1124298606799292,1.1620467816699638
0.9476255234452152,0.7556154899830468,-0.903578241,-0.953518261,-0.671357398
-0.519912144,-0.346561813,0.6673250682118423,-1.283534296,-1.284659058
0.5112378818250658,-1.393544791,-0.050382543,-0.098550098,-0.412192147
-0.898380119,-4.144475476,1.039634650180639,-1.157232477,-5.833495331
-0.819068097,-0.030970148,0.11758334036905546,-0.143557466,-0.901716045
0.027036151,-0.13892746,-0.005338475,-0.197456902,1.4668932559333094
-0.271930447,-0.115562127,-0.084573189,0.31101036912931296,1.1627221188998753
0.9922076996914814,1.0742311144992636,0.15941798896941273,0.16066997768610586,1.3712408544417067
0.3551447115807447,1.851816596,-0.369019063,-1.039066756,0.8752372386305065
-1.812720666,-0.033687996,-1.306369524,0.7206678604216977,-0.60266778
-0.574325225,0.3797608657329692,-0.42610392,0.7419209570985822,2.571173335712663
-1.528493172,-1.087517835,-1.434318147,0.9383870157159396,-0.910399381
-0.360101456,-2.820634777,0.5081115257937929,-1.411023248,-3.158865337
-0.610213514,-5.901892876,0.7021639430328332,-1.150685664,-9.173277824
-1.371614449,-3.065549463,1.638127188544117,-1.194305871,-3.010333602
-0.588684421,1.419950565789246,-0.7773957,1.320564419057941,2.5118464027464986
-0.104880456,2.1899368919996265,0.042398404,-0.40425457,1.6259700361312246
-1.139865963,-1.063230797,-0.17592982,0.15434255051469925,-2.423500473
0.7492112657029057,0.6249116073973884,0.004523362,0.006037498,0.9319643623665964
-0.107597663,-1.093448114,0.16665095890654397,-1.548834369,-2.747798912
-0.937311986,2.2612907404211717,-0.476679614,0.5085602459304459,2.8786646868359043
1.4951320318297694,-0.129443353,1.6159505875722342,1.0808079508500696,2.2700743085347277
-0.337284763,-0.122364683,-0.111473385,0.33050228387453257,1.1194369409337257
-0.623356953,-1.688540918,-0.082661471,0.13260696077731587,-1.922536989
-0.286826222,1.5960833760169821,-0.266293528,0.9284141675367786,1.838245461152947
0.8286450054690442,1.1590937556357226,-0.485557678,-0.585965853,-0.175624721
-1.863567132,-0.368964197,-0.316024537,0.16958044133649086,0.41850388432412144
0.7581401248203239,1.0477273976217654,-1.053020328,-1.388952113,0.11732494409673866
0.9344670123473205,-0.020700706,0.4108956470660259,0.4397112382104133,-0.303538659
0.6144668470837107,1.3512754455946037,-0.307735803,-0.500817587,0.6647792412753167
-0.339833559,0.6796971759020735,-0.269941898,0.7943356108190758,1.520741439772857
-0.037807889,1.004059165344482,0.004074646,-0.107772387,0.7793333690780992
-0.617613852,-4.034385313,1.197397044070852,-1.938747065,-5.655912776
-0.020567805,-0.376392054,0.002022862,-0.098350914,-0.279133761
1.9837782804684485,0.4257421255868269,2.0773784653497396,1.047182785396354,1.9489463654465973
-0.39290631,-1.708801969,-0.0340958,0.086778447,-0.50529691
-0.920275783,1.4487887886384005,-1.066795867,1.159213234370607,1.0389014880546146
-1.170875677,-3.869155479,1.8907522021673362,-1.614818925,-4.522050883
-0.212090122,1.4819439083422972,-0.174198132,0.8213401456815137,2.0150421816841995
-0.444288477,1.0743806150406208,-0.504306282,1.135087467189794,2.0156491546947355
-1.086229246,-0.577884399,-0.833380426,0.7672233356513586,-1.048587389
-0.500631653,-1.850903253,0.7510575544649397,-1.500219872,-4.036220299
0.02538623,2.0959888797537767,0.009058889,0.3568426122854362,1.287741658380621
0.442253761,-0.292854639,-0.17122998,-0.387175859,-0.339228871
0.1649531130003369,1.7916684679600783,0.17692214322042743,1.0725601960604774,0.3120990271714468
-0.089976521,-0.565108003,0.092680095,-1.030047555,-0.140774802
1.431955117023325,0.9228078657944406,0.7225997349478096,0.5046245698328262,0.072101494
1.808080055500872,1.9026948550729235,1.5684821084915503,0.8674848791786774,4.5329881209873975
-1.48497211,-6.906259201,3.1880081216158285,-2.146847136,-8.590954477
-0.019121171,0.5902112794089769,-0.009334007,0.4881504023867061,1.6249481329059883
1.566361561,2.3554257207730367,-1.590280117,-1.015270137,1.7277854031565516
0.6764508452199269,-0.483276278,-0.301907434,-0.446310972,-1.261495499
-0.061503811,-1.018733402,0.066606409,-1.082963926,-2.318417899
-2.322326903,-6.050951898,3.1942184331835004,-1.375438759,-6.584985929
1.1630538215981057,1.6888875640030825,1.1649822830008973,1.0016581016002697,3.6677001963930733
-0.930685375,-1.028496207,0.6003504709548875,-0.645062754,0.094105317
0.8575014232599973,3.0742243657086554,0.455428607,0.5311111964423522,2.392806026359275
-0.847632742,-1.515405251,0.47544706947863796,-0.560911638,-1.301153132
-0.674885669,1.4945900802495142,-1.141681418,1.6916664113995366,3.673021197723225
-1.052412716,0.1473330202448595,0.030238014027238223,-0.028732087,1.1394420619882017
0.4607706916113683,1.5594590941058293,0.093992881,0.2039905817455861,0.904951376
-0.660606314,2.4524995001718124,-0.390426675,0.5910126297719095,5.311662838357034
-1.870210707,-0.851493523,-0.932607263,0.49866427304393396,-0.06840199
0.37240803315550025,1.1442981000298746,0.7982673912103435,2.143528925642225,2.4942814676609864
0.2802352740167026,2.2013031593405192,0.4947870169060746,1.765612907376479,3.947755258197679
0.46464557984644855,0.18241212141658794,-0.09842479,-0.211827669,0.20797239560945835
0.35938044464028557,1.3902646426767098,0.3485569571298985,0.9698829258191257,1.2223184457925187
-1.401764156,-7.38304684,2.3316085249304557,-1.663338669,-10.54137922
0.497299891,0.6637467125190655,-0.376422099,-0.756931796,-2.19228459
0.9111791240739894,-0.200169822,0.9478796323546657,1.0402780389837993,0.1489632779936132
0.1615173300408705,1.5488483649053364,0.4385567835992135,2.7152305172964457,6.607319443136275
-0.567036521,-0.258161378,0.119131271,-0.21009453,0.8463860487106984
1.484260559465621,1.3078157572731899,1.3422919536646776,0.9043506176219784,2.8802617178016967
-0.416474425,-0.752424032,0.090196866,-0.216572401,0.9490314781459531
0.12989556805862904,-0.807137689,0.10471471414533637,0.8061453959543319,0.29143595090178204
-0.381755839,3.4672587584274024,-0.982547068,2.5737577950394357,5.825466176
0.8051609816509103,1.5854188945377885,0.012331590996241839,0.015315683791528272,2.5529553747766265
0.38236386944037665,0.066480695,-0.189440387,-0.495445313,-0.985953568
1.7433814975236612,-0.274339865,2.3012206283726213,1.3199753649108514,0.065910057
0.5174490775789821,0.5049724379509708,0.571333192,1.1041341388468031,2.539450827197718
1.2683551865012401,1.444902330495996,-1.56359321,-1.232772355,1.8125494053955624
-0.847371258,-0.95203453,-0.855776796,1.0099195449728555,-0.226163263
-0.331861864,-2.336097177,0.19478657309416836,-0.58695076,-1.45045966
-0.703437071,-0.110120943,0.099856141,-0.141954618,-1.45131489
1.1642488166207237,0.038438902531061636,-2.538506644,-2.180381554,-2.256298276
-0.023352887,-1.275587309,-0.008255493,0.3535105845628546,-0.900829915
-1.046171767,-5.346538198,1.9006295993640618,-1.816747172,-7.143354398
0.3162392372982287,0.3693367684485944,-0.35083912,-1.109410466,-1.68061638
1.8481447050406938,0.12867443810195378,0.33772962448970106,0.18273981662180758,1.142032915
1.2031638500156738,0.7002953092997378,2.360870120835463,1.962218297,3.1649416752293758
-0.130637584,1.2945421974624107,0.043120528,-0.330077507,0.3587751253661655
0.057959977,1.0956217771434007,-0.005114147,-0.088235827,0.8530166003744617
0.4674677828881039,3.2641213337808113,0.12852312496724688,0.2749347220747638,2.7800980282091956
1.3258599519025411,3.5081571494148784,-0.564443909,-0.425719103,0.21913690294261912
0.084398137,1.2525612259122743,0.048423958723031374,0.5737562495393005,1.9746723714755046
0.9811385164172155,1.8966449258652829,-0.512794966,-0.522652977,0.3313313798695081
0.7957595113444669,-0.798686797,0.15160120250963838,0.19051132955169106,-2.989832954
0.3693521740616714,0.8923000236422504,0.13408779736129195,0.3630350835268214,-0.791868502
-0.826615838,1.6583690057676523,-0.975162264,1.179704306983273,1.7703589004314377
0.3316942166684883,-0.611763129,0.010851803861225072,0.032716289,-1.577701961
-1.289915024,-3.043908181,1.0173223366428747,-0.788673919,-2.109479147
0.9859691425277191,2.344516197678848,0.858411478,0.8706271234196917,3.746494270749057
0.8576142995026773,-0.12889582,0.45453519646554347,0.5299995542624747,1.1925160646319042
-0.157552893,-0.547349241,0.081019219,-0.514235048,-1.584870722
-0.250441121,0.6913599729987299,-0.054095016,0.21599893779980261,3.327256508315759
-0.679069845,-0.490414187,0.22918029893094596,-0.337491498,-1.034806284
-1.176181329,-3.175476252,0.7378913195310448,-0.627361872,-3.389994061
0.677541074,-0.579167274,-0.286906285,-0.42345224,-1.53328353
0.053698840719501845,-1.735594637,0.000911613,0.016976404702756638,-0.854525528
-0.531624725,-1.256628599,0.40261391087406584,-0.757327287,-1.680089803
1.963231127563612,3.9314971836997903,-3.223670937,-1.642023138,4.705701681
0.7356957182830075,0.8639557352677538,0.31565430590695975,0.42905551583696155,1.0978544570902775
-0.176794456,0.8800912084270907,0.12490145935588352,-0.706478371,0.6715675307531431
-1.984487507,-2.583801508,0.47698711027277546,-0.24035783,-2.544418408
-0.202373989,0.6020003474599096,-0.17851726,0.8821156344564265,1.4487903816894763
0.04177402,2.3427736999273447,0.032293268,0.7730466904038584,2.0160152978669528
-0.046293567,-3.087230987,0.08976512,-1.939040906,-4.389658895
-0.416885,-1.749277384,0.6012710696398168,-1.442294806,-3.043802408
-1.185767947,2.894366201030158,-2.365612367,1.9950044799142597,5.227273888928264
-1.304078458,-0.454211118,-0.43463664,0.33329025325941114,-1.071487954
-0.404090608,1.3821191051329107,-0.231467906,0.5728118938779693,1.7838462669558004
1.2754041643288336,0.9258319024179403,-1.002597637,-0.7861019,0.7557814252553593
-1.177784503,2.5127583862390304,-1.984631672,1.6850550049248698,3.4986587209774234
-0.634011801,-0.288133337,-0.660141102,1.0412126417076328,0.9846954834871442
0.6530678658831078,2.256230528649682,0.003787933,0.005800213,3.465580070666607
-0.158641863,0.4708865423590298,-0.074805212,0.47153513230180205,1.437535383144521
0.10493153159648816,-1.040175611,-0.094590601,-0.901450689,-1.066534737
0.029042351322195743,1.387776767127011,0.013702268,0.47180298753392164,1.0421618867584057
0.037085054,-0.932869153,-0.042358214,-1.142190975,-2.246096497
-0.095320168,1.3715124843604105,-0.055535133,0.582616821,2.061420793884883
1.564472319759752,2.0176233577225924,0.4929586616541666,0.3150958028646155,1.8833907795161475
1.106779961867265,0.8892228590671594,-0.457439905,-0.413306999,0.9539784782433096
-0.588622696,3.8897493070847737,-1.970725976,3.348029206,8.964312323547636
-0.943011662,0.1265460721717946,-0.903048137,0.9576213876849607,0.8669725736649503
2.520629874379201,3.8007242657294964,-1.620532591,-0.642907794,2.5263840889997127
0.3451910868356924,1.5807093254979492,-0.004200293,-0.012168024,1.7426779605096436
-0.494028059,-1.428710878,0.3051648293081285,-0.617707484,-2.66836092
0.6797842116629138,1.6017975316714215,-0.397621694,-0.584923402,0.5475761338158962
0.671190798,-0.23009363,-0.94888072,-1.413727247,0.072323619
1.2495278109247674,2.1919997089338046,1.2401023208870081,0.9924567585008104,4.595406305127944
-0.519943271,-2.50356873,0.5516455593906288,-1.060972592,-1.694609745
-0.108327778,1.5052224442008806,-0.166373861,1.5358374820782275,4.272581562244991
0.4378567049640494,0.3518293324692232,-0.775697222,-1.77157781,-1.510688369
-0.320355508,1.0901411652195279,0.11350873491103391,-0.354321159,0.27011398393431874
0.908879507,0.3354607507118832,2.0141089629706044,2.216035181697207,2.315932269996002
1.2591861436462108,1.7566769293921514,2.0194934938906486,1.603808542589918,2.843616178464816
-0.379825796,-0.663887077,0.28643912893769774,-0.754132899,-1.926652377
-0.36740711,-0.687119933,-0.148935363,0.4053687555771435,0.349834406
0.552437959,0.08238701,-0.187317855,-0.339074918,-0.671251433
0.16081305847661254,1.549861305424471,0.052123816554275504,0.32412676587365574,2.2395671025750543
-0.877756853,-5.107971314,1.151436945181831,-1.311794879,-6.046720614
0.4984736758750487,-1.119137476,-0.586934572,-1.177463526,-3.079495334
0.943833664,0.7559478112079623,-0.135039675,-0.143075713,0.9238895873851958
0.19736753525090653,-1.118445212,-0.081553687,-0.413207201,-0.306613658
-0.81381253,3.3717063227600006,-2.009977101,2.4698281577291494,4.542240512604004
0.4852235014127728,0.6312306591343316,-0.623956604,-1.285915876,-0.546929998
0.9899257056370827,0.4237196542882832,0.5548278004772081,0.5604741823732516,-0.396339148
-0.387021616,-1.572603,-0.181496156,0.4689561226531035,-1.645407218
1.079179109070858,1.0990314038979296,-0.753894247,-0.698581209,1.5049162579441666
-0.362200333,-1.42319315,0.39913670301181964,-1.101977737,-2.086446563
-0.705909818,-0.103811581,0.016113726974675464,-0.022826892,-0.611351268
-0.298902436,-0.080010642,0.18846040267531708,-0.630508086,-1.167495469
0.3856113612188094,-1.025703723,-0.111633522,-0.289497493,0.49937888006628484
0.5708741480437641,1.1627890072869516,0.075021458,0.13141505539963957,0.8831896616788526
0.8877348094873065,1.5171270534905001,-0.083573547,-0.094142469,-0.358715287
-0.061697862,0.1664184824276525,0.021129907468900647,-0.342473898,0.4500724918888645
0.41587105577898237,-2.093042804,-0.346440768,-0.833048521,-3.074983386
0.7896427350954118,0.6624787279933545,0.24683672573273271,0.3125929167231655,2.7062528700607977
-1.556995815,0.24174519971288944,-0.436504336,0.28035035901835853,1.7640197896543504
0.092438605,0.5708840303693533,0.048839515529421056,0.5283454396508254,0.8786444313451346
0.974942551,1.3057103717347238,-0.612823063,-0.628573512,0.07844815
-1.066780555,-4.031400909,1.8375464522729945,-1.722515885,-6.616195507
0.905117406,0.808962448,-0.797892088,-0.881534355,1.3902483276248143
0.805159617,0.21968793435608763,-0.720113772,-0.894373931,-1.221411203
0.9624801134725494,2.2640318971768174,-0.653032273,-0.678489107,1.6997546818464875
-1.921455406,2.463398354593825,-2.570702294,1.3378932895464715,4.688842522549462
1.2383211390939899,-0.233427316,0.39548875613040124,0.31937495343070554,-0.254017801
-0.771630259,-3.179564577,0.4522499041423721,-0.586096643,-4.016557794
-1.312815862,-1.191500144,0.38622120526547393,-0.294192976,-0.367837715
1.0550400381879645,0.6342745287684479,0.15965371898631658,0.15132479641296123,1.3192272990782725
0.7415938073711841,1.3997273819750438,1.0698847312134263,1.4426829358324527,1.8378865641365592
0.2493522569688628,-0.553852517,-0.151038567,-0.60572368,-1.299499464
-1.499698823,-4.514673948,0.847161317,-0.564887632,-6.109287921
-1.26668251,-5.949373628,2.325021495616005,-1.835520328,-6.132011766
-0.712326561,-2.075263816,0.2522486591375517,-0.354119407,-4.606050391
-1.210541823,-1.485131132,-0.5144512,0.4249759821650456,0.48119658006405963
1.752455828088352,2.71225829,-0.785412842,-0.448178396,4.391619309004531
0.15521235662281757,1.3510873254802265,0.032853309,0.21166683705798817,0.4236904094351579
-0.845967035,-1.022270606,0.4243494229470107,-0.501614609,-1.229947181
-0.522958803,-1.481180551,0.3957493800550524,-0.756750585,-2.944436023
-0.744248828,-2.437098828,0.7565118554277405,-1.016477053,-3.83364045
-2.261299911,1.6316964983040974,-2.34172321,1.035565074,3.579968941971457
0.058354512710563106,2.362026850741922,0.04607305,0.7895370496409932,4.125410997354898
0.041564016,-0.221365408,0.010719932498234549,0.25791378,-0.764313785
-0.05397029,-0.244440344,-0.004602223,0.085273272,0.7362524772306499
0.22183781910814282,0.8575333639545009,0.20195922586324483,0.9103913240545902,2.6924237966867315
0.6560288272090249,0.38448610182638376,-0.07704784,-0.117445815,-1.177056985
-1.173724445,-2.170955584,0.5888529397477998,-0.501696069,-3.640671783
-1.517759732,6.234690826079561,-4.802217167,3.1640167192900246,10.664392000953248
0.317421115,-1.453859832,-0.679496665,-2.140678841,-2.757183424
1.591416855300384,1.2775130031259272,-1.989137559,-1.249916106,-0.043861661
0.9795670721154054,-0.161498806,-1.024845939,-1.046223345,0.2933583565742064
0.18009069334685487,0.5889456886321438,-0.032849587,-0.1824058,0.44055106956054113
0.11162338552497422,0.9578885702543414,0.23598790141818035,2.114143916243978,2.864472311344534
-0.464191782,-0.824883499,0.27557027284745284,-0.593656078,-1.437383413
-0.011289073,-0.358435768,0.007635343,-0.676348128,-1.932197066
0.36090386742836195,0.8423770203287949,-0.196219333,-0.543688641,1.261776844514604
0.070610568,-0.37221328,0.023038425107839294,0.3262744643481292,-0.888515934
-0.217844578,-1.198627422,0.12882713360485915,-0.591371769,-1.411974658
-0.270300286,1.7494916865235997,-0.381873517,1.4127751152340524,2.1245896765186254
0.4016081776005796,0.5570552800768227,0.20296823984064558,0.5053887125837068,2.134989575765541
-2.082604759,-6.954408635,3.2889824796269127,-1.579263883,-11.05044953
1.6599688873580245,1.0205921866525711,2.6354841902304056,1.5876708354606532,1.475928829134575
-0.393155929,2.601971461000412,-0.590378572,1.5016397523108345,2.675843443667941
0.049384725,0.925858389,-0.056850921,-1.151184328,0.5316363965145146
-0.607227222,-1.948018642,-0.121463085,0.20002905137562135,-0.053752262
-0.225725993,0.4200506821627691,0.11828238022298967,-0.524008683,1.198691915799124
-1.376966685,-1.78935401,-0.180261171,0.13091178832146402,-0.849201652
-0.136621685,0.9337019535615568,0.030745583900581006,-0.225041756,1.3957026451603862
-0.76274344,-1.740977854,0.041197437,-0.054012181,-1.117731342
-0.107837894,-2.060934714,-0.00490202,0.045457307,-1.333446184
0.6817455012753698,1.200356617666592,1.093557251226484,1.6040549577235503,2.5970988426785127
-2.02037822,-5.758524682,1.7859913309743116,-0.883988608,-7.31581266
0.1456773751560675,-1.570518049,0.048367228,0.3320160602431925,-2.562773932
-0.970902439,-3.492612185,0.6420177824942838,-0.661258801,-4.863329073
-1.30040296,-0.332684161,0.29484851410368146,-0.226736268,-3.665817566
-1.892990349,0.7947387815273657,-0.53809389,0.2842560132909679,0.12466124690143587
0.37971101225509113,-1.033140466,0.043896688,0.11560551726039728,-2.525727413
-1.165176741,-1.756531432,0.11643578528042449,-0.09992972,-1.948173119
-0.097471177,-0.123475483,-0.128058779,1.3138117558801146,1.2061946591350763
-0.778149554,-0.521347811,-0.845249819,1.086230551,0.1750573193428791
-0.303675992,-1.034086947,0.17195827606952493,-0.566255749,-2.557310132
0.9771800315917994,1.267873049979908,-0.892976407,-0.913829979,0.8839776080818508
-0.88865027,-5.036384548,1.7019159253641836,-1.915169536,-7.418686592
-1.923815003,-2.980911861,0.5439756943541105,-0.282758838,-3.344396432
0.054176533,-0.585059032,-0.016760801,-0.309373828,-2.573495276
0.8120599472040454,2.4088405022643196,0.9397810580850575,1.1572803969962575,3.5245878856498227
1.8537505537665429,2.4327323179106433,-1.660453211,-0.895726346,2.512300140225037
-0.41737956,-2.076033762,0.291443275,-0.69826916,-2.156768329
-1.437344973,-3.33875856,1.6233702146111453,-1.129422821,-5.17773846
-0.03174305,0.4038782317750567,0.00876184,-0.276023873,0.7486431986304991
-1.67705389,-3.905310984,1.6167618710165255,-0.964048848,-5.550853029
-1.568195174,-4.431797555,1.1980165606329667,-0.763946083,-4.895793378
-1.03675852,-2.056261735,0.5941122860133187,-0.573047894,-1.63006361
-0.512853373,0.6837789729390147,0.428298988,-0.835129514,-1.171889217
-0.364265132,0.5099014241226245,0.19842325320837342,-0.54472206,1.0237675712020016
0.4651446312712541,-0.508539581,-0.41094395,-0.883475638,-3.264027897
3.0214777914214794,-3.049014756,8.105166797476679,2.6825174159772778,-0.509001792
-0.67855379,-4.02163909,0.9094429241344478,-1.340266516,-4.832935265
-0.203821626,2.2482432083112975,-0.263498428,1.2927893509000188,3.3085747995574124
0.47997455738384437,1.7537082260550114,0.313770853,0.6537239280702909,3.3579455803827125
-0.58007166,0.9277507480561333,-0.123425415,0.21277615123458735,-1.903690714
-1.072007403,-1.973265844,0.7604214906180045,-0.709343507,-2.634139804
-1.368677288,-2.334114742,0.8911546019810198,-0.651106444,-2.971694168
-0.403748723,-1.108463631,0.2366185493694987,-0.586053988,-0.883055131
-0.305836034,0.2949745756863745,-0.132246885,0.4324110633116281,1.3880817177655758
-1.117652221,3.360031532,-1.33345628,1.193086950500261,3.087038891988801
0.865941671,0.5161756618484208,-0.576070197,-0.665252887,-0.181143955
0.7523663810734392,0.37664116603584724,0.2855824234286841,0.3795789267208208,1.0634791893881275
-0.359627454,0.7613740704063262,-0.213343231,0.5932339955610058,1.4447880886888482
-0.011624944,1.1160433849813354,-0.005733152,0.49317677093335277,-0.347305927
0.7365011199523568,-0.618664243,-0.788273074,-1.070294468,-0.642815757
-1.170105807,2.1421267933239423,-1.039819845,0.8886545457855402,3.5844353563304603
-1.547986417,1.2875937486016231,-2.094244189,1.3528827941105481,3.750785388246956
0.7655010350300309,0.28033230887237115,0.820042795,1.0712497535937406,0.9566046698096861
-0.706576473,-1.008537066,0.697409885,-0.987026757,0.22669774528677245
-0.643259171,-2.071372196,0.7531341885466678,-1.170809873,-3.41190375
-0.539800169,0.2367754348802921,-0.108122006,0.20030005912739948,-1.1882356
2.706126229629065,5.437036573087337,-3.048548212,-1.12653585,5.559974960921859
0.526193256,-0.149041651,-0.794897984,-1.510657872,-0.900021718
0.7541920612605728,0.22169632934963812,-1.249115246,-1.65622964,-2.180429478
1.5095358478009835,1.683212315192084,0.022696024,0.015035100743811917,2.3770154324384096
-0.916588392,2.4660725503191445,-1.395149074,1.5221107818318047,4.462100590670691
-0.214769859,1.484810637820579,-0.385756468,1.7961387637967225,2.4311892318181383
0.4307582636065499,0.8667510678849918,-0.195109134,-0.45294345,-0.205293703
0.9440533780548958,-1.145235638,-0.435136632,-0.460923759,-0.311339886
0.138823221,1.559393376,0.038839163,0.2797742511470083,2.343222308756813
0.090257883,1.4802193771432137,-0.005618666,-0.062251245,3.035397687867988
-0.502385692,-0.201716189,-0.150883443,0.30033387862004907,0.9586149326235989
0.40698444437414233,-0.347485665,-0.402061096,-0.98790286,-0.266502033
0.5096856436226711,1.2327212942174675,0.11412074216974957,0.22390417230239879,2.7093736549003014
1.2769441268547534,0.7283577837191052,-0.541303343,-0.423905268,-1.129262064
1.4834670145084556,-0.09775822,3.221919290606743,2.171884685736892,2.8121968093073537
0.39940681262592087,-1.388672263,-0.13818026,-0.345963703,-0.536602519
2.1907330549011528,4.349513244139235,-2.923261767,-1.334376071,1.1258822111188707
0.9549869933850323,-0.293362004,1.7021584164678087,1.7823891092321205,2.4641936739783867
0.8169368566644084,0.5464581496968306,-0.186090614,-0.227790695,0.9643890790120295
0.25383389797278355,0.7170928868604585,-0.001053155,-0.004148995,0.6463443932090529
-0.346069908,2.200156975,-0.43347314,1.252559467153627,3.571132624305718
0.093103458,0.14719808431694958,0.11902228781470127,1.2783874031671971,1.6192847300628783
-0.793221734,-4.272640635,0.878760535,-1.107837188,-3.76452258
1.115603552672503,0.10413226757153415,-0.851246846,-0.763037052,-1.54756988
-0.216322816,-0.452984781,-0.016018683,0.074049901,-0.183778564
-1.891421693,-2.896589844,0.2146937135817299,-0.113509174,-2.168424902
-0.383819455,-1.480560032,0.27322825872526035,-0.711866622,-4.429152469
0.4272718798265537,3.942017855109088,0.8554154994934131,2.002040246226032,5.378474877603644
0.48310344038531283,2.2174993624140997,0.7148689076939677,1.479742945162642,5.569156971735693
-1.016944655,-5.309937965,2.1971444610684996,-2.160534942,-6.472585577
1.2547893718607166,0.692440996,-0.448528031,-0.357452845,-1.039327213
0.7238632423069279,1.110757617187613,0.9908515679587439,1.368838076099752,4.094201722040026
1.082777328,2.350171863621884,1.0576312036416633,0.9767762738044501,1.9772057598975399
-0.756845502,0.9138678948745301,-1.096513813,1.4487947802020076,2.6094994703429593
0.068032069,1.751238741692074,0.020720197,0.3045651452037012,3.487126373736165
0.7829093523465407,0.058125431,1.5808332409057104,2.0191778731057783,2.429900286907922
0.32074221285039073,0.6353785750928223,0.066211791,0.2064330424504788,0.38843152032925427
-0.147389821,-1.943186151,0.1681308092099157,-1.140721981,-2.181647775
-0.032698195,-0.862339015,0.032126036207222396,-0.982501829,-1.467354149
-0.097263726,0.41467442594830684,-0.04222804,0.4341602095388868,1.8590033569166935
-0.130609555,1.7257033382909883,-0.033926702,0.2597566618323657,1.4153246057962232
1.2312088361975908,2.01928982,-0.879348999,-0.714215958,1.2954306769044144
-0.063471908,2.5794111871679437,-0.058316946,0.9187835658812293,3.164728298675334
-0.702699712,-3.124409856,-0.364364072,0.5185203095057173,-3.299556326
1.220802191308205,0.8107417650560954,-2.158805574,-1.768350016,1.4048240366456932
-0.335261193,0.053873943412274805,-0.249015405,0.7427504598989513,1.5531976286488207
-0.607225551,0.9404525108488966,-0.518538999,0.8539479240810041,1.4847070322398577
-1.564793593,0.734988245,-1.239955094,0.7924080843489308,2.0929363996854553
-1.711344506,-0.89582336,0.00145506,-0.000850244,-2.229810834
0.42029246171549706,2.2075477639807173,-0.092136299,-0.219219491,1.2723362066168429
-1.427635466,-1.774758338,0.7532718155142651,-0.527635964,-4.868085503
-1.197819537,1.170656968665334,-1.069136845,0.8925692162763232,1.3552560096574837
-0.376986149,0.5527557284201505,-0.383168915,1.0164005128448534,0.6338965984179799
0.047285143,0.8031612737614071,0.036106298881915286,0.7635865390747867,2.796650544408892
1.487108246224138,3.129680761013556,0.3030753822443806,0.20380183017201883,2.8517584132473677
-0.078794332,0.311068892,-0.085585727,1.0861914160190849,1.8886696519026036
0.7823391833163044,1.5234260575488805,0.19479658331885827,0.24899249260803144,0.4154517310288357
0.8656075139502802,0.4367516043363636,0.5199222600538793,0.6006443470911728,1.6945922721765498
0.3680135469052497,-1.473498921,-0.571940199,-1.554128112,-2.455270634
-0.706444273,2.5244426100221613,-1.134879394,1.6064669754483074,4.595556561200439
-0.476358454,0.5506791336898932,0.042525137,-0.089271296,0.7658445940116441
0.37818862864262287,1.9853272203691725,0.8720369695642674,2.3058254625321286,4.8497123892477685
-0.34623134,-2.349027733,-0.066132603,0.19100697985087517,-2.89239946
-1.642114661,-0.696073767,-0.771293171,0.4696950764070841,-1.841547639
0.578057377,1.6979522398695728,-0.260546836,-0.450728331,1.750549093244609
-0.55128886,-0.44937392,-0.697994253,1.266113472580422,-0.216009914
-1.132101256,-3.038682376,0.28220069645322265,-0.249271604,-1.78225256
-0.539788365,-0.714784403,-0.270797155,0.5016728270489746,-0.466706133
1.175046998785578,3.3515842382008634,-2.4489826,-2.084157146,2.3579361565342793
-0.907078413,0.12345980451123645,-0.576392062,0.6354379662782765,3.3508628568075762
1.8748014267442459,1.0036497918026803,-0.639122203,-0.340901279,0.9328230664451163
0.3033282889646761,-0.42286046,0.22943594256680241,0.756394807,-0.327715432
-1.392019943,-2.102997031,-0.570475948,0.4098188039306253,-0.827082447
1.041580100379662,0.6977610137745245,0.48803433724773526,0.46855190212432424,1.054011562695177
-0.139028774,-1.220694052,0.048222729,-0.346854307,0.7419145249298982
-0.174635259,0.6041147336035753,0.2404925453074561,-1.377113345,-1.427113879
-0.358957982,0.5864006127328751,-0.139368653,0.3882589595598103,0.7793515574528416
-0.041943648,1.5991062705106096,-0.024288698,0.5790792996620737,2.143533824293377
1.1720878305542943,-0.150604861,1.7291541157484307,1.4752769124227603,0.9046109165844687
-0.762884867,-1.251454352,0.072700934,-0.095297386,-2.327124867
-1.228077083,2.8751848212905697,-1.423943987,1.1594907251412414,6.121663091796117
-0.309941182,2.395911181923427,-0.15370612,0.4959202872210882,4.8319747211788595
0.6676978233466218,0.12628952652239822,0.9995197544515383,1.496964224687397,0.12170965671531953
1.9125512700034377,3.6021428463815957,0.023662226,0.012372073986202246,2.6645461005005906
-0.504415663,3.389337772163916,-0.844135264,1.6734913792458272,5.178573097241419
-0.298701385,2.2107003263994285,-0.275111164,0.9210240652616052,3.7411010951718016
0.16222771707751288,2.1323156070574867,0.10601932360947562,0.6535216393313312,2.937552936
0.11528511607646645,-1.021669024,-0.08752155,-0.759174757,-1.472012421
-0.451127299,-2.630729103,0.9968213644276042,-2.209623243,-4.442012827
-0.231594825,-0.99414816,0.16262735612130086,-0.702206348,-2.260439426
-0.360161429,0.7554702057383065,-0.290030065,0.8052779714484433,2.507845796995837
1.4644464063866351,1.7016694282402955,0.083398807,0.056949033077745397,2.547439711887178
-0.417566392,-0.771394066,0.10798012643919094,-0.258593911,-0.243159466
-1.119104589,0.20786763209302372,-1.038766994,0.9282126123581208,-1.260303479
0.3858315529354756,0.31091601336005925,-0.520948979,-1.350197968,0.12224235362549107
-2.167890886,-5.9439113,2.709482075218259,-1.249824007,-6.990988701
-0.150829274,-1.426112624,0.19685491635005287,-1.305150595,-4.186999934
-1.260421325,-0.865660796,-0.257974053,0.2046728725395545,-1.444372701
-0.772413587,0.5806406546309983,-0.627284349,0.8121094190852948,1.2555278661262603
0.067196113,-0.367740827,-0.00968554,-0.144138396,-0.092033755
0.2690266716953876,-0.038550454,-0.385238324,-1.431970748,-3.354817676
1.4647481038075636,-1.101055266,4.173088457764196,2.8490144120455883,2.602102569246446
0.3526410263982179,-0.147523643,-0.148519075,-0.421162214,-2.152118802
-1.245820739,-0.665164558,-0.6164964,0.49485161155626883,-0.661796811
0.10920356859477047,0.1727567959593952,-0.050972537,-0.466766222,0.10650837390752532
0.37719134793536785,2.058006523,0.6975975921496645,1.8494527935704363,4.390050494418314
0.050918563975043324,-0.45908852,-0.028978377,-0.569112221,-1.938765147
-1.135384189,-1.312975862,0.7417969980606544,-0.653344485,-3.01427057
0.14481396118101256,0.6528773985031723,-0.04942912,-0.341328413,-0.150580319
-0.261316151,-4.135776989,0.541951889,-2.073931847,-7.056620575
-0.333180207,-0.141900502,0.044934497824108695,-0.134865448,-0.147119005
-0.966938144,1.7228188701962086,-1.709400357,1.767848717318833,3.651137171808463
1.009861075765824,0.7408976276024218,1.519897125923799,1.5050556580480057,2.8889145336066084
-0.850232633,2.537021732780987,-0.952673241,1.1204853874428908,3.932267410247249
-0.87249504,-1.380334881,0.798543026,-0.915240763,-2.168261689
0.13555729089036853,2.1317434901412153,0.05453006,0.40226578418179876,2.0741077093726683
0.11397122918405815,-2.941642931,-0.215352392,-1.889532939,-5.135466019
0.15409305809498955,0.6277276900923954,0.1714648514143779,1.1127357295270215,2.16887863
0.15969961507385896,-0.302731065,0.0801403,0.5018189954788012,0.7249134195570862
-0.657780371,0.24677055756892652,0.42666464075845884,-0.648643011,-2.019449623
-1.19500319,-4.299999935,0.9197983901790584,-0.769703711,-3.192392308
2.028964755006959,-0.07021,2.320313367969303,1.143594713630866,0.4187247783497292
0.9465121811150019,1.058464683891414,0.23961111637608246,0.25315164575464616,0.5566750463074809
-0.436141275,-0.688544053,-0.040770988,0.09348115,-0.17096025
0.11989396776976116,1.4415292813057279,0.1625351371317914,1.3556573375227383,3.199522462
0.28597924438630823,-0.063806876,-0.234028204,-0.818339823,0.18578342542789583
-2.396550303,-1.328301984,-0.626891944,0.261580966,-1.34034209
-0.510497239,0.3057587967666435,-0.898568349,1.7601825829399524,2.5613770360496533
0.684910136,0.42695179426360164,0.14745862217707204,0.21529630588052925,1.332700714517821
-1.034110362,-1.04015027,-0.736501711,0.7122080371470085,-1.365444623
0.087977194,1.0740313128553165,0.024263816068907547,0.27579665637209777,1.3878515182115942
0.9142669297224181,2.4419737951123297,-1.189251339,-1.300770377,-0.235679713
-0.186942308,-1.04274908,0.074467047,-0.398342399,-1.448911496
-0.283784274,4.923447447624451,-1.087173018,3.830984022501712,7.659278932081874
-1.315858678,-3.409548898,1.6315957546413182,-1.239947558,-4.341105478
-0.340162742,-3.882245407,0.7550872577043288,-2.21978237,-5.425784413
0.17581357784553653,2.346129453832762,0.15791039921879302,0.8981695336268476,2.625260722089488
0.6657126395746449,2.623379627587043,-0.499534062,-0.75037491,2.9295059583145706
0.2030682949908993,-0.276405323,-0.107357151,-0.528675098,-0.640586731
1.0384858252062026,1.5162609762845058,-0.307616446,-0.296216317,2.2192763529265176
-0.773692443,-4.409870608,0.9073372325133666,-1.172736326,-6.070121196
0.5393212589711457,0.46987416391426634,-0.091017754,-0.168763519,-1.134305736
-0.616056492,-1.09249147,0.11275167205244133,-0.183021644,-2.014899976
0.5033397634145947,0.14862447375165638,-0.719522238,-1.429496118,-1.476350225
0.4744809283952794,0.39855486935966844,-0.256170031,-0.539895317,1.3699014248291397
0.6768197129168908,1.9144869494670704,-0.643002745,-0.950035486,1.4007063364463264
0.1997369751757493,1.857403144813669,0.11777234140307011,0.5896371530581246,1.2124050704523637
-0.498753519,-2.404191553,-0.257899333,0.5170877462167093,-1.311559052
0.3097860687103764,-0.559985158,-0.297830617,-0.961407394,-0.873569783
-0.654347968,1.2212000128085139,-0.08016538,0.12251184913739327,0.8189187861594304
0.9454620192686934,0.7104392841528899,0.5456249054589628,0.5770987034264993,2.7211232988551646
1.1644579925458394,2.942301529617157,0.8628218991540754,0.7409643840115684,3.5657117226710104
1.8865017233207366,2.1099578278669733,0.2764960722723601,0.14656550209010924,1.1027950917845883
-0.574536114,-2.226939871,0.5790087142443419,-1.007784716,-4.838498583
-0.653691094,-0.438615988,-0.210588434,0.32215282648460175,-0.045669074
0.7437645790500055,1.2828493622226194,0.2636319379019846,0.3544561617047104,1.9486920319130465
-0.595761529,-2.73235868,0.082114139,-0.13783055,-3.632491638
-1.75697427,-2.946779871,0.28309925163344607,-0.161128855,-1.768382127
-1.201423003,-5.708940506,2.676749962000801,-2.227982946,-10.17574084
-0.614526841,-0.478664717,-0.192318195,0.3129532878861983,-0.575874602
0.27688153161338025,-0.769909769,-0.396408988,-1.431691689,-2.322626852
0.39680830469539186,0.14778438328776045,-0.418574081,-1.054852118,-2.538038207
0.061117696,-0.132980013,-0.038709425,-0.633358707,1.0728233841098487
-0.183056558,2.443208488447099,-0.13471014,0.7358935475330397,2.8062855318509263
0.6562651188575618,2.042165693,0.090378334,0.13771619329832493,2.4977420151681424
-1.524217156,-0.393690476,-0.579254749,0.3800342664854384,-2.832219405
-0.25014446,-2.337238321,0.027939856,-0.111694881,-1.77530621
-0.898060572,1.4034738588242037,-1.339556304,1.4916101948262743,3.189944332232314
1.4481301158922297,2.708387069625118,-0.52766169,-0.364374502,2.199743030830299
0.018537533743301162,-1.159285693,-0.001537543,-0.082942136,-1.662565153
-0.223317407,1.8561636393420446,-0.247799104,1.1096273596877673,3.4573244637174816
-1.070598008,-1.744238506,0.3993620968852977,-0.373027125,-2.358529824
0.6986111223500849,-0.21100772,0.6040404797396588,0.8646304938686113,-0.119681694
0.7567275012383374,1.4161660329587624,0.43293508721463375,0.5721149112542658,0.3158034061924524
-0.145668083,1.5003025871781792,0.018292665,-0.125577714,1.4179678155160473
0.14155217625816802,0.087865943,0.18285978955392962,1.2918189913267266,1.608699400255707
-1.761844051,-5.325045944,2.3071758253375814,-1.309523294,-7.437153783
-0.328647426,2.0435863618113883,-0.333261769,1.014040403880313,1.0061076272073577
-0.609008321,3.482019762431543,-0.889105183,1.459922880720801,2.530672695389504
-0.276807059,2.487225533243487,-0.285484521,1.031348411,3.595349382984793
0.4054332497530331,0.37525392262392643,0.5995996893882255,1.4789109915219525,0.3151088914036637
0.7424839299878263,0.18125503480602356,0.016056432,0.021625292,-0.513277585
1.2577244864119945,1.9052170967308553,0.3037428229300231,0.2415018759764574,0.8604228420083675
1.1586800585694617,0.5712576931167443,-0.717779698,-0.619480497,0.5719640736567007
1.5217639054201142,0.679535607,1.8093394102375826,1.1889751122320629,1.6595486894609053
-0.57695288,-0.022535575,0.3393191329891311,-0.588122782,-0.847363224
-1.159135888,2.369059170651536,-1.574064759,1.3579639586156984,4.755030961669394
-0.61159438,0.7674152265941496,-0.266891821,0.43638697410643407,0.9430698602304171
-0.722099906,3.9694488311854297,-2.433728644,3.370348928095694,7.685216458054157
-1.33767035,-0.755854446,0.1294523602061878,-0.096774486,0.046088411
0.2686934225301762,0.7757145323298995,0.0693281,0.2580193432930088,0.40866909981984856
-1.506672373,-4.030345369,0.8593670780817867,-0.570374219,-3.450857683
1.4747890888502504,0.7324522814437066,0.17706683613277596,0.12006248043970665,0.7773008974496989
0.5833460657972505,0.8401143603905723,0.5422008273737625,0.9294668450926203,0.678398393
1.665842553224494,0.9481011163921322,2.081011459438603,1.2492245773230404,1.8695185643454653
-0.717145548,0.46478627763509295,-0.497297338,0.6934399015870879,1.2116363119616793
-0.11927576,0.060703396,0.023828244,-0.199774408,-2.083917305
1.0761281009184738,0.6424593041078753,-0.631245314,-0.586589379,1.4874413434478058
1.001954001606109,1.4462662743089685,0.3550084118632352,0.35431607767838136,2.1871436303041167
-0.343661655,-0.566340655,-0.267756114,0.7791271143241344,-0.089452353
0.33428735649053415,1.530347548374359,0.26058922061883427,0.7795365740259855,3.258819058666198
0.7050741390836736,-0.991486977,0.042648486995267784,0.060487947,-0.276344833
-1.672167856,-2.929618897,0.274470532,-0.164140538,-1.609496041
0.5100835322376247,0.6438010699404739,-0.689993481,-1.352706837,-1.190408918
0.4531580408103239,1.8250897000754696,0.6431623369049616,1.4192892522769267,5.309561592611743
-0.763122784,-0.038637227,0.17261298439833936,-0.226192938,-0.805415386
-0.631801295,-1.718058968,0.023567701023433894,-0.037302394,-1.434412662
-1.002950232,1.537240408855467,-1.288612626,1.2848221030680795,5.295444209302541
0.14404093647300403,-2.250170601,-0.182533673,-1.267234698,-2.481968205
0.13593450719018055,-1.072754842,-0.133951307,-0.98541062,-2.608494918
0.37844758165755527,-0.497236148,0.012578996456006108,0.033238412,-0.325105205
2.102379831,5.167213525744011,-4.171281194,-1.984075919,2.484839396655337
0.8053840330579866,0.24228349252655657,0.429964376,0.5338625525782942,-0.092643742
-0.121431526,-0.614955368,-0.067206318,0.5534503291012938,0.9754430305736559
-0.577008893,-1.058100863,0.057691390850184474,-0.099983538,-2.259499172
-0.781044074,0.6260940618131652,-0.43737946,0.559993314,1.0167847247834993
0.43591698472613566,-0.059124399,0.21874011260200257,0.5017930483700372,1.0194722125365911
-0.104516128,0.9237782322340922,0.025873955763903986,-0.247559456,-0.478161506
0.878759384,0.5042700240922345,-0.103770163,-0.118087118,0.7287554100972579
-0.700822391,1.478615750684412,-0.729613703,1.0410821811948037,3.095759680182204
0.7513748300193502,0.265364815,0.7631540721202097,1.0156769186699481,1.674363851149832
3.0539557922749494,0.6870851956539772,2.078972187902659,0.6807473091658583,1.3045121647148972
-0.060765761,-0.65297559,0.038445155484357854,-0.632677928,-2.187758366
0.094393982,-1.413497187,-0.073795946,-0.781786552,-3.396471782
-0.650500598,-0.849412273,0.5605666475128978,-0.861746552,-2.66285377
0.13389781240147539,0.11283015252399764,0.087814354,0.6558311308625757,1.2922361594222973
-0.431782241,-2.174697132,0.610032081,-1.412823463,-3.71925985
2.006487852952928,3.3695326303172983,-4.341369871,-2.163666162,1.045065121776236
0.2208170747760088,-0.693573069,-0.15620652,-0.707402361,-3.736367957
-1.161749991,-1.422309915,-0.21084665,0.1814905543125122,-0.18859035
-0.398697994,0.10992635581942384,0.019183201,-0.048114615,0.23715545078401276
-0.218813159,-2.774494296,0.5387024891702867,-2.461929124,-5.096204707
-0.152778991,-0.31800859,-0.018906596,0.12375127983121462,-0.949135847
-0.244316049,0.213278245,-0.407791056,1.6691128478664194,3.0619474222859195
2.138388234,1.8894952533475595,0.6126706525453296,0.2865104861928871,0.7547586549363092
-0.950773503,-2.721238282,0.6833967906812254,-0.718779802,-2.46559246
-0.542216286,-0.139146451,-0.117478581,0.21666368867226898,0.5613285041757328
0.3484804642218013,-1.194059625,-0.3649221,-1.04718094,-0.33701204
-0.342363068,2.603707322,-0.408201129,1.1923047980913688,3.4128871570317436
-0.251411788,-1.497835801,0.11850814925271616,-0.471370695,-1.265114817
-0.965619352,0.17291478182484316,-0.414253035,0.4290024160077446,2.2989217829948654
1.5627454825819465,3.695859791271779,-1.56438341,-1.001048109,2.995257830118955
-1.636038883,5.877927660021162,-4.819711165,2.9459637022659395,8.524007494
0.3473755180451689,-2.233097612,-0.202936515,-0.584199244,-3.425188455
0.043441940878780165,2.5768240116415013,0.010557054,0.2430152582490133,1.6207574811421546
0.7160588652868053,0.089196701,0.37654830245553217,0.5258622170744469,0.311309058
-0.266850662,-0.832780968,0.5159582997094244,-1.93350954,-4.281300079
0.6918584134980305,-0.988777636,-0.03424326,-0.049494607,-1.098743186
1.2476216654434678,2.861925666632488,-0.545684344,-0.437379663,3.421689678098205
0.8982097187644061,0.8395040345460637,-0.58156695,-0.647473455,0.5836530397678282
0.09583271,0.8305382040354954,-0.002247301,-0.023450255,1.1986545127036865
-0.456122757,1.750999108555456,-0.61042026,1.3382806491781083,4.017723691558993
0.067376637,-1.173011416,0.04403114,0.6535075377931434,0.2830894193171811
-0.579645094,-1.892254583,1.089668946865137,-1.879889882,-5.095086993
0.36185244373744446,1.0455583172055039,0.010261159596546488,0.028357304,0.818671668
1.1098377366956371,0.33383993,0.5099123722587977,0.4594476790607062,1.0770466845510862
0.5491388149972347,1.5885586882900564,0.24900628904408925,0.4534487132280809,2.2549898625495546
2.812645735264206,-0.067039344,2.2280679311367875,0.7921608836839503,1.899981366850822
0.047086163258778554,-1.313919436,-0.008367067,-0.177696945,-2.496094087
-0.577932515,-0.617171176,0.22158185549760287,-0.383404377,-0.94202624
-1.555220716,-4.369345719,1.208600881824615,-0.777124989,-5.094983168
0.020618118302040002,-0.656645998,-0.008058875,-0.390863725,-1.601957182
-0.605792458,0.5381457554254232,-0.516418645,0.8524679339981089,-0.55348311
0.6221000583058665,3.646241284969215,0.7063629706000124,1.135449131002519,5.446741100959902
1.1741506378605617,0.5915346378389742,0.4222769350631097,0.35964459878210103,0.6048623464661014
-0.916804795,-3.580462138,1.371472639754901,-1.495926557,-4.959022668
-0.505892237,1.274893981846656,-0.499454935,0.9872753495505915,2.3207759734770326
-1.274608098,-5.349357409,1.3790321450112615,-1.081926396,-7.055223313
-0.573142037,-2.642528019,0.1866586080421295,-0.325676003,-5.369711501
-0.085056742,-1.741199523,0.018298869880634623,-0.215137206,-1.311093073
-0.745987696,2.5740950373333624,-1.468907284,1.9690770927720405,5.636250915276872
0.2686220629392893,-3.134128056,-0.511685894,-1.904854309,-4.48511728
-0.371437039,0.038153269,0.087047077,-0.234352171,0.884671832
-0.989326259,-2.077240115,1.0761589903494244,-1.087769561,-2.529896605
1.0700455194957537,2.1787366705253146,0.34016907030000365,0.3179014949385558,2.3517091765258873
-1.049093435,-2.034062936,0.16682363608729292,-0.159016948,-1.046173895
-0.104420064,-0.057183335,-0.068799459,0.6588720255719365,0.018354069
-0.069030595,1.2160776093547108,-0.038649323,0.5598868605916072,0.5145016160243205
0.24113196627024452,0.9594777137190273,0.12929288639919734,0.5361913992535297,0.8510068791977936
2.012767504,3.0414414592289303,-2.213828553,-1.099892834,3.4923858776185934
0.6653360861455746,-0.193928409,0.3626250631053765,0.5450253949190345,0.1820960317882328
0.8841207222799591,2.8187581384626252,1.2961444832243014,1.4660265850141152,2.154773504
1.1052714218167432,0.817905064,-0.4526866,-0.409570528,0.6607464378739747
-0.633800679,-0.183620475,-0.107722873,0.16996332787911808,0.29943690278211077
-1.539336854,-2.786980014,0.8006176623725951,-0.520105564,-3.212462246
0.394845017,0.6077676729218038,-0.357598971,-0.9056692,-0.346801879
0.5108680380083384,2.634973751531162,0.9840129733524874,1.926158812339766,5.102006559373824
0.7497180971184648,1.0374176482281932,-0.078525698,-0.104740299,0.8313772487228841
0.9257982264055142,1.640857829687959,0.8217221539170265,0.8875823375763298,0.9116597746675899
-0.443427977,5.030545637789027,-1.372800573,3.095881734,7.757747992358741
0.8648743781894097,0.24064310033601877,0.45275518483588906,0.5234924241642114,0.40709749460547573
-0.396973181,0.13381924779133625,-0.466681051,1.1755984370086425,0.8979573979500006
-1.4465443,-2.29004932,0.28111053499713456,-0.194332476,-2.817460307
0.2653178733027111,-0.267584768,-0.375706812,-1.416062955,-2.773013969
-0.098317745,-2.099945473,0.090465641,-0.920135433,-3.504175895
0.17938365601035827,-0.296729047,0.031030866195415074,0.1729860283013924,-2.050346418
-0.695296309,-2.227854135,0.27646154622110375,-0.397616876,-2.33621169
0.8791038820173414,-0.065584169,0.14852343153023742,0.16894866985390883,-2.085327214
-0.580831877,-0.292051784,0.634194014,-1.091871914,-0.954844343
-0.199291209,0.690545295,-0.11470188,0.5755491211152517,0.10642259908679641
-1.781663273,-0.619670744,-0.97495082,0.5472138503650206,0.2276065718321274
-0.470687269,-2.223861953,-0.134932642,0.2866715349366298,-1.716321727
-0.263472827,1.469001882765544,-0.195600149,0.7423921160044216,4.138369537525254
1.650156893815399,0.834011507,1.0441340829275083,0.6327483688616546,0.2642460027491662
-0.096593003,-1.747291665,0.15192162601737677,-1.572801563,-4.811850806
-2.084376386,-0.164756328,-1.072823626,0.5146976494145803,0.047830882
-0.898944347,-2.622690184,0.7053462956059326,-0.784638446,-2.018104612
0.090372183,1.099916392007377,-0.006253678,-0.069199145,0.6378418626063139
0.30509343752862295,0.081596508,-0.038925601,-0.127585835,-0.144383307
0.44931458013301173,-0.957513363,0.5748257110386404,1.279339101,-0.038712678
0.073698276,0.37241430387375113,0.034620871,0.4697650016535708,0.069736774
1.0582169111266622,1.550512468474862,-1.415790295,-1.337901786,-0.004206574
0.5103480512700242,1.5113111935337378,0.6442825446000001,1.2624375521698845,1.389519949558029
0.5631250357030888,-0.913032878,-0.753638575,-1.33831481,-2.904312744
-0.984957065,-1.946422559,0.709933728,-0.720776319,-1.933700283
0.066093469,0.8934966324858331,-0.03645295,-0.551536347,0.6235442902660316
0.2791630286911936,0.8235566712881655,0.22069759187924792,0.7905688404153999,0.5071043748643334
-1.298160647,-1.867326864,0.46763152511198885,-0.360226237,-1.66549474
0.5655603608156561,4.049833531366042,1.1104199957330116,1.9633978486956798,6.801126243834497
-0.256336805,-0.592618041,-0.002613124,0.010194102442196054,-0.333982637
0.6500331793060299,-0.340808447,-1.290776386,-1.985708465,-2.979290928
0.2616869523609784,2.717192022656383,0.012587360634255973,0.048100834,3.791290788407384
-1.813244761,-2.559992846,0.45904687145581297,-0.253163214,-4.583525428
0.372340668,0.15031071145201058,0.7714472339151125,2.071885510030994,1.7834549403664066
0.6659399632097693,-0.640347418,-0.973362862,-1.461637558,-4.353469999
-1.492357176,-1.245951174,-0.06682992,0.044781451,-0.160229461
-0.992819402,1.2229809774157827,-1.574238392,1.5856241209858666,2.761644059606726
2.4741797873159967,4.433790915295567,-2.608980768,-1.054483099,3.823322437709527
0.18255552537705944,-0.856023017,0.17334956522288392,0.9495717254508673,1.6479752266455385
0.5709414038552693,0.5945187574190778,-1.046707951,-1.833301883,-1.375944943
-0.373497113,-0.583947083,0.18218040364387258,-0.487769242,-3.015573123
0.8818159757703813,1.9020122628896896,-0.729759675,-0.827564589,-0.649328774
0.7153579149850839,0.2935643700279432,0.5166062003826901,0.7221646529114897,0.19613562752356162
1.3725822067021107,-0.331385135,-2.041270522,-1.487175422,-2.825892351
0.023993137,1.0870490113508973,0.026198410976370313,1.091912719403781,3.764053622958331
0.5000696797455455,0.016325772603236754,0.22470574575953806,0.44934887048916244,-0.103536222
-1.774912972,-5.82981933,1.0607099915784224,-0.597612395,-7.018287534
0.15220728401297964,-0.733842527,-0.038570695,-0.253408996,-1.761637102
-0.290503147,-0.312542588,-0.081151376,0.27934766391207777,-1.024144843
-1.65018747,-4.409445271,2.3193192665516165,-1.405488351,-6.355964656
-0.647869164,-3.623189256,0.8072648764800929,-1.246030713,-5.185050076
1.0522019825808013,0.41656548075893784,0.41124016264953234,0.39083766183452534,0.7023602934220768
0.0983456,-1.120428317,-0.145211881,-1.4765468,-1.544391971
0.10524193526264888,0.5055607459470475,-0.014021589,-0.133231958,-0.156768162
0.8089148178525101,2.3196783945083026,0.031995131,0.039553152,2.2892856290783663
-0.260041369,-2.340537055,0.39568817939231665,-1.521635501,-5.04426379
-0.126970388,0.3036090215342301,0.048029692,-0.378274753,-1.241627033
-1.06415659,0.4261241149851137,-0.899859063,0.8456077526163474,3.547555678348794
-2.26673181,3.217493133729351,-5.048705823,2.2273062037732845,7.20701624
-1.158410486,-6.918454525,2.7341543157222135,-2.360263784,-10.21532326
-2.987900552,-3.660924042,2.038760878524282,-0.682338934,-4.291898365
-0.122322768,-0.901776461,0.21761025004694376,-1.778984026,-1.952959024
1.4805986333051078,1.2430232558374439,-0.150313584,-0.101522169,1.6267046710807849
0.8013983460365485,1.209582604917641,0.2605221275509793,0.32508443377682983,1.9346398286061157
0.6410501456834926,1.3210629572951853,-0.598939078,-0.934309246,-0.579816171
0.013380226,2.0441463128695965,0.013299975466411382,0.9940022969781157,2.685567486704821
-0.490311559,1.157495000639531,-0.435171707,0.8875411943038257,3.3972286316160067
-0.690630292,1.024364488229681,-0.17417534,0.25219765531948984,0.9312852121205949
0.4185704367817065,-0.870261981,0.28970471096359535,0.6921289357917138,-0.66285234
-0.753161718,1.781595916279757,-0.185396048,0.24615702473113202,1.769995664714307
-0.881014005,-1.65138166,0.5354694159182853,-0.607787632,-3.260806902
-0.268052894,-3.156426386,0.490739327,-1.830755562,-5.24586011
0.057020979,0.20148098135539494,-0.059189306,-1.038026832,-0.210685809
-0.288080889,1.5800467837697552,-0.252080244,0.8750328580730978,2.0795896060650185
0.31922310685538136,0.3713033340194486,0.10492682195647608,0.3286943197505167,2.4557997220769154
1.0673384926827585,0.11588165368196646,1.0004218640145568,0.937305148,2.0675062563028606
-1.022156871,-2.034539505,0.3619495819927647,-0.354103751,-1.998583726
-0.223079648,-1.964081003,0.4000642389558545,-1.79336951,-3.975024902
0.611607458,1.9440946326907467,0.683982676,1.1183360621509661,2.7740956601273252
-0.327431638,-0.811373065,-0.244859879,0.747819851,-0.343893293
-2.120046177,-8.289155121,3.971959601929332,-1.873525041,-8.153729265
0.5776427454622227,1.470997834941456,-0.642503469,-1.112285187,1.6085226290160277
-0.814849195,-0.346331148,-0.180001087,0.22090110364241045,-1.009820971
-0.302152449,-0.417848291,0.004086718,-0.01352535,-0.64395915
1.461376864880054,-0.78480629,1.5351428006581431,1.0504770107908774,-0.203347959
1.6342148277695863,3.097667836007738,-0.463965384,-0.283907217,1.9418585126814945
-0.602330775,3.622584332323243,-0.495046057,0.8218840495220697,5.40092637
-0.102984972,-2.838013662,0.078612435,-0.763338897,-4.161186285
-0.335263272,-1.044325819,0.5271939326083127,-1.572477443,-3.518832928
0.2989142664728701,-1.257543705,-0.473679148,-1.584665577,-2.991504263
1.8270960270937509,-0.237752144,1.0320349187489097,0.564849851,1.233440984549051
1.0860695288187887,0.39997026549053205,0.9248769162002259,0.8515816820734524,0.6805120857406806
0.5504189133097861,1.2428460684981038,0.1785958857045347,0.32447265416553295,2.228786671924059
0.030563714305458536,-2.899655035,-0.041504909,-1.357979884,-4.841259108
1.3436343109615605,1.2488917776732746,1.9262616046640326,1.4336204344808074,4.1374452878254635
2.369055692901751,4.509850208461946,-2.136383451,-0.901786926,1.4565050647302549
-0.846471018,-3.499264096,0.7983633570459564,-0.943166795,-3.177348703
0.003135313,1.067033471492823,-0.002852111,-0.909673638,-0.583508876
1.822909954528913,1.9554253584098775,-1.274264587,-0.699027718,1.7039630761435476
-2.014356422,-3.569763549,0.8924916562996522,-0.443065411,-3.07669249
-2.539838173,-4.697994641,1.5345673775018873,-0.604198879,-4.599054515
-0.758574132,-4.187326711,0.685478677,-0.903640987,-4.730832207
0.081198988,-0.954109727,0.048561956,0.5980610976089834,-0.352493287
1.0659292059165903,0.2090983031931779,-0.420733549,-0.394710593,0.012307839047260849
0.6386803803934127,0.7301330836796762,-0.438084333,-0.685921075,0.11094550431362776
-1.387957035,-2.868839034,0.8141398035683376,-0.586574212,-1.829188373
-0.229677467,2.550815744514473,-0.475341167,2.0696029624265333,2.4938982384159023
-1.454966474,0.8310392004009239,-1.253685766,0.8616595562278092,2.8234194090300746
2.0890246814842546,-0.518946247,1.8855371026236034,0.9025920657308496,-0.661363209
-3.160929512,0.085812634,-2.505140838,0.7925329649082327,1.1550824458522384
1.0963810662956128,3.354270675908089,0.27435322682029245,0.2502352833830493,5.0683243903645305
0.5950075695531193,0.2714126901070376,-0.728340054,-1.224085358,-2.862751523
1.4101487056301152,2.0119204048990618,-0.986516567,-0.699583358,2.4138830872926103
0.7764083515693234,1.4326867675160442,-0.280769153,-0.361625622,2.255297942789732
-0.290897193,3.363103106626148,-0.766485688,2.634902315281269,4.6550822706814365
1.7862195654193294,3.298659009993068,-2.017114394,-1.129264528,1.1621971470115016
1.8360199699976862,1.7304959731967011,-0.836657402,-0.455690796,1.6907436018064157
-1.25720547,-3.121099494,0.8294402955434448,-0.659749194,-4.453526413
0.1588674274708454,1.6758749019491592,-0.125416117,-0.789438834,0.9839270972501196
-1.209161826,1.8869993749857472,-1.317855758,1.0898919643575795,2.4122149714277556
0.6640447183846844,0.5239893201126776,-0.152747716,-0.23002625,2.339703410508398
-0.750050227,-3.054128286,0.9052430792045065,-1.206909946,-3.793475961
0.9382512160698946,1.1378514346467292,-1.551121884,-1.6532053,-1.349837468
1.389379175375212,1.6376215491494688,0.7801124541098691,0.5614827600242346,0.7706127277848911
0.6421071014653806,-0.12144506,0.5665060985483823,0.8822610702412946,0.8098012893342285
0.031857347,-0.206017514,0.006016318,0.18885182264468342,-0.790901063
0.2079730272673693,-1.593730676,-0.436666954,-2.09963263,-1.447747966
-1.54462701,-2.822741574,0.4408417298951113,-0.285403354,-2.023197634
-2.357265064,-1.571219628,-0.32221584,0.13669054223027755,-0.337285621
0.9040905385933405,1.0631152478620376,-0.107873153,-0.119316759,0.7572021280079685
0.6758344952024601,-0.963771107,0.5910132845149159,0.8744941087061052,-1.811510354
1.8342174397283193,3.528342563486847,-2.47488131,-1.349284581,2.8454014422146154
-0.891271447,1.7842815710841142,-0.82154778,0.921770559,4.070915207
0.095709697,1.0544744243499538,0.21443530875817443,2.2404763086966635,5.536900104007059
1.9266412877120564,3.086820435052176,0.8226829414261124,0.42700369117650994,2.924089971879039
0.00534325,-2.138219185,-0.007987644,-1.494903674,-2.858685535
1.0994881657257143,2.174845705,0.25966728380627974,0.23617105840778835,0.6953221580634279
-0.703137597,-0.050900491,-0.710089259,1.009886631287884,2.030626090400575
-0.162838523,-0.473226574,-0.056378735,0.3462247985743637,1.1843259473220702
-2.115020238,-5.217352469,1.3822336701942843,-0.653532125,-5.612050432
1.576431652938972,2.481400239177887,-0.384894664,-0.24415563,4.051651175107491
-0.554760282,-3.012052564,0.26663043495298155,-0.480622791,-3.595157916
-0.182471354,-0.248089009,-0.131904018,0.7228752088081262,2.1023057103313287
0.3785505873087358,0.8731470755748414,0.22694342615956398,0.5995062054268455,2.174143549088896
-0.996463293,1.873355487240448,-0.797029874,0.7998587399596442,2.6134450041084136
0.7301023645050805,-1.720387387,-1.592402093,-2.181066889,-3.359627759
0.5316610277300503,1.0234422355803934,0.4104443815318625,0.7720038899301545,1.558083534
0.40271856157927993,-0.06239772,-0.510045137,-1.266505162,-1.231772557
0.8644714543143109,2.255752154278555,0.6861434334824057,0.7937143905192878,4.011907790387215
-0.402239886,-0.709385033,-0.008496603,0.021123222,-1.507570656
1.8034592775288627,-0.311641124,2.5455155077547604,1.4114627036340286,-0.484378701
-0.246452031,1.1594599802386247,-0.145847742,0.5917895727972657,0.4662967350182734
-0.389945512,-0.576912365,-0.036958092,0.094777579,0.072873334
-1.783830225,-3.411352486,0.4983393874472102,-0.279364808,-1.661747749
0.053744204963524965,1.1393259889706058,0.007997719,0.14881081361099155,1.4178931393848657
0.392815685,-0.808785182,-0.26630086,-0.677928276,-2.321217519
-0.209312749,1.6531233779261985,-0.028128186,0.13438352997844782,2.3008730436631692
0.051065224220579485,-0.99880966,0.037289715,0.7302369791885729,-1.09368547
-1.628579516,-2.362014685,0.7873734806795463,-0.483472543,-2.960885314
-0.431037493,0.42088122030868624,-0.368393272,0.8546664220441618,0.4226226929357909
0.22955755342977494,-2.464695192,-0.304851266,-1.327994926,-5.158201503
-1.270073389,2.633793217535608,-0.366561938,0.2886147692561617,2.940340256856397
-0.524105036,0.466786165,-0.483589856,0.9226964495475638,0.807097029
0.8360328639649885,1.854943951123115,-0.104797948,-0.12535147,3.5970543831759016
0.657435909,0.9242096049446227,-0.998550171,-1.518855537,-1.040285055
1.2731261871152801,0.23762304250115363,-0.563755197,-0.442811721,-0.079183348
-0.844763543,-2.784920597,0.33774339226742006,-0.399808201,-3.959931674
0.24804888199243497,0.1478412632574865,-0.041733301,-0.168246276,-0.830148507
-1.676247142,2.603051366544526,-2.003753556,1.1953807439718147,5.666720002769031
0.5607893531295325,-0.545040202,-0.880177737,-1.569533608,-1.411688262
0.46755163,1.4631846308774137,0.8700801970192452,1.8609285912134756,1.1125403319089973
-0.141524895,-2.198616897,0.15932949810657338,-1.125805446,-4.196420095
0.9219711815175222,-0.004001746,-0.548585686,-0.595013919,-0.124491653
-0.422076491,-4.433041356,0.8272205245754471,-1.959882967,-7.613608247
-0.576997175,-1.68251966,0.25536583400616747,-0.442577269,-2.532213734
0.025724287045815808,-0.534357988,0.004887667,0.19000204305080262,0.085022518
0.8563868714045184,1.4444430068176306,0.7235856879500157,0.8449285155005914,1.3755211044720532
-0.717546808,-1.330455003,0.8812578885733979,-1.22815387,-2.014183506
1.4200920728131363,3.303128336867685,-1.21425989,-0.855057157,3.476643565694882
2.3764934076738315,3.0418070693764117,-1.105882806,-0.465342257,2.2554930142150944
-0.130593765,2.3387172076480587,-0.157196622,1.2037069504868725,2.643815210425305
-0.183627245,1.5259314283402703,-0.336530912,1.832685076517744,0.89041631
-1.423819908,3.947667241913822,-2.187388728,1.5362818821378241,5.171807871475341
1.018842695422348,1.435077812103784,0.6163531802131247,0.6049542122472827,3.116506246528684
0.5427875071321083,0.23602566617922402,-0.191087058,-0.352047635,0.01508599
0.23703500169233768,0.24670022738024033,-0.288185177,-1.215791657,-1.355692015
-0.497645654,-2.834974567,0.5964304755984957,-1.198504338,-3.519569211
-0.151459606,3.121213856053404,-0.160011662,1.0564642725407607,4.337746039171385
2.8668164339766062,4.059016984242248,-3.311936903,-1.155266471,3.604581097371172
0.5961388577695306,-0.170807875,-0.214468687,-0.359762971,-0.658463181
-0.071501079,0.6703194431491741,0.005888544,-0.08235601,2.0372095307975226
0.26976424749556066,-0.178781962,-0.21453869,-0.795282147,-0.333198858
0.014035102636604749,0.18473013731934043,0.001960212,0.1396649380642314,-1.57019638
-0.57463901,-3.326683839,1.2652457263640717,-2.201809667,-6.74684526
0.29775071154739213,1.3973730068331376,-0.259937087,-0.873002405,1.0517669949456394
0.6012575195055356,-2.246161046,-0.50865613,-0.845987141,-1.712493215
-0.916891441,-1.267435523,-0.069376221,0.075664597,-0.862952051
0.075277786,0.000408678,0.076060816,1.0104018639559302,-0.556992069
-0.994324873,-0.037711101,-0.969797489,0.9753326258198631,0.6073234002044575
-0.50426559,0.24623197919573858,-0.535624687,1.0621876595128243,1.1212203064006214
-0.904473005,-2.702531129,0.9954429983897071,-1.100577897,-2.853142997
1.1491113803228368,-0.247997578,2.123665746,1.8480939116922306,2.4382285307570193
0.2130963100161115,-0.713480459,-0.335992958,-1.576718799,-2.084078866
-0.115438134,0.3877846012533412,0.00378354,-0.032775479,-0.037250367
-0.013192556,-0.996509685,0.004110113,-0.311547866,-0.045085082
1.2263863251936784,1.2856672165443528,0.085034619,0.069337547,1.4478481549802933
-0.151682127,-0.422436399,0.013272732916101076,-0.087503605,-0.485396084
-0.086128648,0.9316306049341985,-0.071401489,0.8290097545116796,1.9880932903926007
0.030265989658412786,-0.477966337,0.002317838,0.076582272,1.1038858480609672
-1.644473187,-3.310254081,0.43956661229134797,-0.267299349,-3.946170687
-0.17304856,0.9677679349826888,-0.272373954,1.573974113313469,2.3184807541512376
0.4312308568477481,1.0188911883326266,-0.043712273,-0.101366292,0.9216780773412212
-1.360038562,-4.469553718,1.0000938040699265,-0.735342241,-5.443564735
-0.166826687,1.0099972270296322,-0.253270233,1.5181637805105992,1.5008757803651567
-1.800818743,-0.699111518,-1.44521725,0.802533434,-0.450802631
0.41096816017886506,1.738901236480054,0.2960161483888831,0.7202897379204474,4.157606313982452
0.6268138957870747,-0.596583983,-1.153708158,-1.840591227,-3.797734727
-1.085541213,-3.52687124,0.6335705810916323,-0.58364489,-4.66430843
-0.010245071,0.8289774383270173,-0.01494823,1.4590655729854904,2.0823806754942806
-0.086909066,0.34065508716019544,-0.107555408,1.2375625786876947,1.2991741605202811
1.6229915766001948,0.7566467250922198,1.7645438226163623,1.0872168704120375,2.7767005057875056
0.9086012835093533,1.9242243440992985,1.0773663507719988,1.1857416122183018,1.7251211265922057
-0.22760091,0.5588959996809675,-0.224015582,0.9842473062128739,1.5137567872233908
0.49140187884412734,-0.27849732,-0.335397128,-0.682531229,0.18554129334222758
-0.989384106,-0.139542791,-0.556450681,0.5624212851052797,0.722831576
-0.21348888,-3.348613719,0.4065872477692044,-1.90448911,-5.081056762
1.3225640876039557,1.906779347108327,1.682282301577157,1.2719854692447385,4.086041684739419
-0.718851033,0.9414509538297807,-0.729088503,1.0142414339224566,1.9022821133491936
-1.150808839,-0.898517077,0.6625517850190884,-0.575727056,-1.590405517
1.139878104953917,1.3965952183025956,-0.153607973,-0.134758245,1.547723696
0.27510739284913105,0.4999973930854062,0.1762136151075194,0.6405266440955114,0.663511611
-0.8363938,-2.70717482,0.8915339495034359,-1.065926061,-4.831102733
1.480655248513626,1.2302687227488902,-0.46771958,-0.315886889,1.4756685970855552
2.356340457985284,4.177780238662937,-2.555525698,-1.084531605,2.6062076945003962
0.24694020315391388,1.008381655109016,0.11676514697989117,0.472847862,-0.74812912
-0.505353026,-1.767037662,0.10897568168311354,-0.215642682,-2.249286053
1.9672951189438754,-0.407376461,3.032137386,1.5412722557395382,-0.079857592
0.342630338,-0.798230898,-0.50197602,-1.465065886,-1.702627472
0.9937163265478052,1.2854782854857127,-0.17516472,-0.176272358,1.4759554011088798
-0.112111647,1.6997570287145212,-0.228778048,2.0406269419646135,4.779319088959365
0.650733995,-0.831933754,0.46200409487203714,0.7099738116522981,1.095755413789795
0.6026792336783762,0.5396119931288759,0.3202238996529151,0.5313338866820899,0.2183754953915178
-0.653154724,1.6183116478929205,-0.965000781,1.4774459185275381,3.5832303851633944
-2.01155931,1.220144374137413,-1.660334854,0.8253969175861434,2.5995715860578077
-0.021062997,-1.501791255,0.026504465172846266,-1.258342529,-1.602217219
-1.072908819,-0.290001618,0.3617276323412438,-0.337146667,0.16251860759546022
-1.21043833,-2.307885311,0.5698850746032578,-0.470808847,-2.238236817
-0.630776549,0.2450797114487419,-0.519363011,0.8233708306691429,1.832682136480904
-0.201171026,-1.358541805,0.036787674,-0.182867654,-1.612019506
0.36536222132214213,-0.491637256,-0.39349788,-1.077007576,-0.945770829
1.4642645837915953,0.17774133224002486,1.9587285473189107,1.3376875798272336,2.705556334937665
-0.280105689,0.2609412656941702,-0.172319558,0.6151947813652523,1.5947817578451515
1.5017275872582039,3.5186378556641076,-2.068162569,-1.377188903,3.588045141672254
-0.766296112,-2.50517608,0.5350852524356556,-0.698274785,-2.513981408
-1.231848383,-4.331221439,1.676692390739159,-1.361119123,-5.480483559
-0.181429973,0.19398617078132485,0.10406713544571827,-0.573593954,0.18473625375724445
0.6964704815976216,2.4181649197975674,0.29328543787218847,0.4211024668259107,1.4294537706770103
-0.482544258,-0.249196983,0.07297772,-0.151235288,0.006374785
-0.602305655,0.21418079997497097,-0.806556415,1.3391147975681654,2.9538226770799882
0.4359057498280378,-0.802318709,-0.608530848,-1.396014731,-3.380581671
-0.383631844,-0.62865268,-0.292664065,0.762877404,0.5362067515720634
-0.956693903,0.15787450865590136,0.016694395528455214,-0.017450091,1.6767014150020465
-0.530064022,0.8212070630795871,-0.395524987,0.7461834233661041,1.3872161067396096
-1.283099306,0.5114542868233856,-1.758779946,1.3707278445883542,1.9394991687628913
-0.48286448,-2.109755707,0.6894555410220932,-1.427844808,-5.300969311
0.9132207730938575,2.4830797767767865,-0.977439199,-1.070320812,1.1094717931311266
-0.659603998,0.13982850631402344,-0.154869118,0.23479105489416013,0.5179393059420199
0.6834459426027536,1.2397124008890317,0.22304951385424163,0.3263601405032951,1.9778244505184965
-1.628411514,3.461809483525668,-1.992535619,1.2236069335751487,5.593344873994808
1.258325251753027,0.697085607,-0.265802461,-0.2112351,0.7925287206261445
0.6142154808943124,2.197046944170843,1.2400764103291195,2.018959875,3.039026574142663
-0.978817077,-2.246936229,-0.010951408,0.011188411183864091,-3.217514598
-0.976756046,0.540491423,-1.401867469,1.4352278387251327,0.827253376
0.29124801649165855,-1.328073059,-0.231492481,-0.794829381,-1.779611393
1.0550661998125022,0.42524547735414264,0.13484181960141062,0.12780413174583133,0.7485320421842039
0.6689497478324893,1.5035004251008437,0.37018825985097825,0.5533872477722744,2.8942968083443574
1.2572606783714775,-0.428949518,-0.262910228,-0.209113538,-1.021878057
-0.879418046,-0.812225107,0.040981406075768965,-0.046600597,-0.680407198
1.207627908609386,3.032580013313924,-1.312332862,-1.086702993,2.1656680846187424
1.4614207444635683,0.5403734864443519,3.5486264507112977,2.4282031469410015,2.194616423397917
-0.632689738,2.770067278486054,-1.170144658,1.849476272684479,4.3473693912302025
0.49445289957375577,1.8322031232665101,0.7257726193475322,1.4678296354884077,2.1412762475225935
-1.413486159,-6.18054005,2.2102285517694398,-1.563671874,-8.148753094
-0.064607261,0.345834789,-0.028561016,0.4420713049518328,2.6001426522323188
0.037375007356831205,0.4126648727472453,0.043999514,1.1772442819656415,2.6767981613580547
0.8365003589008853,0.5386083591516122,-0.345713568,-0.413285619,0.13470471687585986
-1.353930277,-4.465009705,1.2607638190680721,-0.931188142,-3.67007241
0.986672705,1.3692893366537011,0.6323999685246104,0.6409419912745972,0.8578501267684207
0.5428288372850528,-0.70830707,-0.691391039,-1.273681484,-1.529039732
-1.734673616,-4.241488204,2.138795478003477,-1.232967089,-4.093462489
1.1914953904688064,1.7518227632259724,1.282714502900751,1.0765585105587807,3.967876351762415
1.5308054767098442,2.8623998608739867,-1.296185358,-0.846734205,3.3544655448076997
0.1616837689062936,-0.471843933,-0.211410515,-1.307555587,-0.973014668
0.5622336073384063,0.467984245,0.11586795196401858,0.20608506935850615,-0.771783717
-0.866821985,-1.013369838,0.11464339487074561,-0.132257138,-1.166726127
1.7277636844337625,3.4936488056627573,-3.357260157,-1.943124623,-1.290517011
-0.409241888,-1.086668578,0.642421421,-1.569784128,-2.623200058
1.9803326876126517,2.4157951014176375,-1.051932582,-0.531189829,2.7113582525392013
0.25252281349030453,1.267019521070872,0.032426755,0.1284111891135673,2.040226376682737
0.8598268705271987,0.8155354451101434,-1.190501356,-1.384582637,1.0171143425185663
-0.91073387,0.24279749887510282,-0.490782145,0.5388864535987861,-1.15448195
0.1406655521861388,-1.247999374,-0.150312616,-1.068581568,-2.222354075
0.5773960560668924,1.9143192128661706,-0.003808298,-0.006595642,1.0570084221380933
-0.325475498,0.9804210205095901,-0.333252919,1.0238955652774906,2.5059003279214567
1.3037463682067756,0.5495660392907693,0.090593537,0.069487087,-0.423847644
1.0695429424200078,1.1303220536461713,-0.648265613,-0.606114619,-0.769488825
-0.539233199,-5.403243274,0.984936045,-1.826549342,-6.098553219
1.6382324932184285,-0.262753068,0.6839038977650651,0.4174644933464148,-0.736295826
-2.533010116,-2.163994981,-1.123062003,0.4433705164241607,-3.103309512
-0.446771346,-0.319586849,-0.214037248,0.47907559408060324,-1.129405598
-0.505154377,-2.207685366,0.5814886351317767,-1.151110753,-4.315296524
0.32393413504218277,-0.086026469,0.25983906160177794,0.8021354759909499,-0.47008159
0.9363805478080895,0.5002567812071221,-0.390370942,-0.416893476,1.9794580600597713
-0.799418111,-2.500067234,0.5799258658406857,-0.725434986,-3.681048462
-1.174840246,-4.139755904,1.060517549039418,-0.902690858,-4.350309725
1.379282804416507,0.9764877253921331,-0.535823699,-0.388479939,0.5363193373355278
-1.580965143,-7.05143077,2.957299766,-1.870566077,-8.261288428
-0.018713064,0.2946540917415616,-0.005943695,0.3176227669369232,3.0476057464351824
-0.472389676,-0.882735874,-0.485534857,1.0278269868614713,-0.711423208
0.4516859098286357,-0.426727734,-0.709590688,-1.570982561,-2.833932261
2.5039078390919767,5.452181090387637,-4.725990192,-1.887445743,3.935254775952637
0.11064130293058008,1.9462754369155704,0.042021281,0.37979741255723937,2.6940054940061833
0.37850660855574364,-0.072754076,0.034377718,0.090824618,2.1466894268252417
-0.541910988,-0.128239482,-0.141602977,0.2613030180740196,-1.683834869
0.2945090112635796,1.726596395753079,0.46508877331871906,1.5792004846414498,2.2504224043376606
1.534036160421157,1.6492837237096776,0.6663950452758611,0.4344063474311504,4.158724191630096
0.19231374527462397,0.022929978254831784,0.098544435,0.5124149342056116,-0.575207344
0.23525478388370608,-1.01674598,-0.040198125,-0.170870595,-1.247886537
-0.274121692,0.6503395681306968,-0.021098799,0.076968731,0.5090616174624121
0.09743071,2.555110661,0.043094317128393254,0.44230733106757664,3.0729621707588275
-0.127756569,0.8413958448561545,-0.243651532,1.907154626369955,1.8334433793290674
-0.837924015,-4.960159133,1.9447804605339736,-2.320950858,-8.038815197
-0.242420606,-3.325127562,0.35554462455039243,-1.466643578,-6.755405834
-0.323297722,-2.235012067,0.12782987395243534,-0.395393674,-3.475974527
2.581172000540402,1.4535039907450154,0.7428565161595373,0.2877981459600564,2.621031994918825
0.3375854550758762,-0.629905432,-0.295423793,-0.875108179,-2.095460387
0.23310060333924743,1.9066203557265362,0.5594886829672524,2.4002026376267667,3.4696741660592254
-1.179819416,-1.558949077,0.36270433889823195,-0.307423606,-0.341111898
-0.035666516,-1.500233912,0.061818688,-1.733241553,-3.178686377
1.9162455455027076,0.5486495681678634,0.24110051959287598,0.1258192198587085,0.5271672301397304
0.023394751097306866,-1.239419911,-0.038867805,-1.66138999,-1.08828742
0.43576978735657645,0.840326139,0.5488276187245315,1.259443941843181,0.7508951841683067
0.030219704851563906,-0.490886584,-0.017641862,-0.583786711,-0.3952858
1.2200423878947864,3.1643524911108756,-0.39350081,-0.322530441,1.801094244517322
-1.424346109,3.3787637110879167,-2.218418366,1.5574995097565727,4.811091496667848
1.3661013908981374,1.4746869220769436,-0.743438674,-0.544204609,1.6248457599363906
-1.034808139,0.6676688965221994,-0.567941431,0.5488374216972011,1.778281969
-0.970917067,-1.00080458,0.6517986341579369,-0.671322666,-1.848898835
-0.832685277,1.2506155799818761,-0.55740726,0.66940929,2.4547891606688528
-1.105507201,-1.37484564,0.01890197,-0.017098007,-2.131408569
0.5566719844716488,-0.215736126,-0.153889482,-0.27644553,-0.530245422
0.6302780979749746,0.11541092998449809,1.4345597152533802,2.2760741962357383,2.5854336715496755
-0.738394486,3.259131366078043,-0.938575162,1.2711026143352844,5.284017867185885
1.2415380605450457,1.8971847025348123,0.11891106955509298,0.095777225,2.0166254913583734
1.0155938247242133,2.502972876097904,-1.96809761,-1.93787867,0.6576553539126846
0.1453607892048362,0.739474161,0.073060326,0.5026137137323297,2.121719275440025
0.920407308,0.026187712504337712,0.6030335226935133,0.6551811543628916,-0.059581825
-0.960299882,-3.681599124,0.5261224284808835,-0.547873053,-3.624836231
0.24521059021549238,-1.580791505,-0.183136737,-0.746854924,-2.02577411
-0.178547932,-0.271404271,0.11758235839781177,-0.658547861,0.4842868311608932
1.0832313954784716,0.9719444917502351,0.18224789251332393,0.16824465508851288,1.9642890170198515
1.1007413624729496,0.4194164657384106,-1.910087138,-1.735273338,-0.619092844
1.1139540131569219,1.3948717719081283,-1.068703578,-0.959378543,0.3993393717838969
1.158524946948814,-0.789178617,1.3299731960997332,1.1479883964540076,0.051479489123668565
1.3016123286845709,1.1806980156998055,-0.254400578,-0.195450344,1.1458572298181935
-0.113671351,0.7799074895199071,-0.107798826,0.9483376805275403,0.8544002518467769
-0.615098459,1.610374796110416,-0.775056081,1.2600520613377557,2.5664880000631514
-0.636420724,-2.872690538,0.5942236773355746,-0.933696304,-4.454235584
0.633679055,0.9714905532110514,-0.150701541,-0.237819982,0.061037880153406165
0.2027193463119366,1.3588021687849599,-0.078777327,-0.388602904,0.033890571260118296
0.3017562068567171,0.6677250235865569,0.28509469361431583,0.9447848532563485,1.4051248545292019
-1.352245735,-1.386862263,0.537039549,-0.397146418,-0.945894496
-0.591208019,-0.891143043,-0.429121063,0.7258376894342742,0.7504027297544882
0.8516145534022613,1.2263103493269885,0.14418825391477894,0.16931163674779454,1.4689574743511924
0.18836853480890192,2.6501978310743297,0.26434457153044394,1.403337196409257,3.564839325732632
0.24234199947030732,1.5543904342727644,0.14776613927467103,0.6097421808751557,3.9887202446202656
1.679952335202152,1.2874954671129664,-0.365419935,-0.217518037,1.282086333
2.041272859093472,3.781008042445823,-0.064343073,-0.031521055,3.8630229217620484
1.2767767756631367,0.7510744673696191,-1.10354795,-0.864323326,-0.728105173
0.4258299682777731,0.5903603994947013,-0.29836723,-0.700672221,-1.266366023
-1.17986641,-6.740607196,2.389939955448704,-2.025602165,-9.94567376
0.34935007910458227,1.2891184975402035,-0.074645291,-0.213669026,0.26066921457971237
1.8976056578837104,2.6865493495252943,-0.286672938,-0.15107087,2.078373486781924
-0.107237258,2.264756775,-0.151081526,1.408852940186283,4.0569631112341185
-1.305997902,-3.672533059,1.2802833716579034,-0.980310435,-4.790867917
0.7380525748071904,0.8870321475645172,-0.207373572,-0.280973984,1.1380555115976874
-0.198604456,1.304023737106041,-0.061839744,0.31137138125340535,2.9567431316729857
-0.22703855,-0.867364465,0.35640600804350053,-1.56980393,-1.824050646
-0.844089161,0.984545807,-0.873565039,1.0349203379553877,3.5168371555652946
-0.633723178,1.6750078726221171,-0.725213189,1.1443690473954398,3.1074110892820275
-1.826174531,0.7278140078541776,-2.246072319,1.2299330000469202,0.42368371428675333
-0.59524623,-3.142287066,0.952090848,-1.599490765,-3.844365738
-1.590979735,0.003989513,-1.861700971,1.170160078311862,2.008888143548091
-0.92558642,-2.024205243,0.8430116293080302,-0.910786515,-3.782019887
1.635064309826513,0.89756785,-0.319665794,-0.195506557,-0.178857182
0.28944343894012753,0.6392739762594529,0.33205564641344804,1.1472211898440545,1.774501513412412
-0.588800498,-3.311607967,0.6589966900653725,-1.119218975,-4.924432228
0.871429123,0.32216637409669824,-0.292285814,-0.335409738,-2.045228687
0.525855048,1.5621948778574295,0.4049219977999625,0.7700258829100771,2.758062191613491
0.9735349329933574,2.345423227731576,-1.21966358,-1.252819533,1.347775054
-0.420955097,1.4186420906606088,-0.278298268,0.6611115311921861,2.594847563532463
-0.232337823,-1.132277602,0.095888329,-0.412710801,-0.592885314
-0.675688052,-2.320905993,-0.135321886,0.20027272330763699,-2.549236079
-0.036447976,0.018439753,0.014198624510831762,-0.38955866,-0.726067383
-0.983641188,0.6285229190278993,-0.20683462,0.21027446018881724,2.8719041600608044
-0.455938873,-2.72729317,0.31170181079931547,-0.683648247,-3.145378142
2.2749524061434183,0.9224894443351963,1.523435356862409,0.6696559245584358,1.7155739012453775
0.29511672402025557,-1.321950962,-0.483929853,-1.639791356,-2.658536016
0.065654622,-1.161485351,-0.089339691,-1.360752491,-1.577311193
-1.204279397,2.217114942742788,-1.000402812,0.8307065738867452,1.845118866850387
1.5053020938991237,3.036879308879321,-1.355858698,-0.90072199,2.673283187185824
-1.403427508,2.662328910159593,-0.47568731,0.3389468333907614,4.262393188155585
0.3111198360835968,2.215806422,0.8316622240512237,2.6731250392783026,6.678145749535711
-1.035142513,0.377215241,0.1889930841277715,-0.182576874,1.2827463972320448
-1.295752149,-4.637040339,2.7905115382024297,-2.153584341,-8.163072513
-0.769484037,-2.587462285,0.7399180894285224,-0.961576919,-1.303204233
0.33070269782815354,0.579448318,0.128582964,0.3888174014422038,1.216942906152108
0.3046102161383215,0.6288291863627172,-0.18655326,-0.61243271,0.7030085362631988
0.3409463080509521,2.989480717,0.33815372312748654,0.9918093117375882,5.092466629651245
0.35147654225542085,-0.589394876,0.12244969852675204,0.34838654591567836,-1.869415372
1.2111517276599189,0.6386453135244088,1.6140169386411127,1.3326298446187042,2.124216516276888
1.2772141802158585,-1.085230549,1.321760441801558,1.0348776753936217,-1.532523126
0.5362742876762775,0.012182139338449582,0.7818929024942266,1.4580093069205977,0.6620107947967537
1.5995808909198974,1.0380828425848247,0.5326384340853817,0.33298624477757327,0.9286463136298622
0.2326630199314253,0.7601571822863832,0.009606293,0.041288438613831975,0.9822353155539808
-0.910060722,-2.106933492,0.12048625415666113,-0.132393643,-2.216391669
-0.026630232,0.15366333523101847,-0.003141014,0.11794918263596135,-0.120015776
-0.347085536,2.0322078324559145,-0.259010366,0.7462436159621908,1.819565760400512
0.5203664046895977,1.2329917993408388,0.29689813695404227,0.5705559280506284,0.8465059467939696
-0.500240574,-1.075948921,0.050587142,-0.101125628,-1.310546437
-1.07070925,2.145875669590319,-1.739848083,1.6249491475700966,5.406481914469881
-2.180646555,-1.836511458,0.682413841,-0.312941059,-0.395941185
0.2900382298203337,-2.568593589,-0.02788044,-0.096126777,-0.674942234
0.9136014697746446,1.702464545769129,0.079018066,0.086490738,1.8054046908710513
0.3559316502241873,1.3483213663884945,-0.090057778,-0.253019865,0.6874341174496219
-0.029335279,-0.027775705,0.046902349,-1.598837655,-1.383773404
0.6996286273687929,-0.522981102,-1.778845832,-2.542557241,-0.497687168
-0.444908225,-2.395903588,0.7602087547153883,-1.708686671,-3.662933029
0.8743741799306165,0.4845613576932416,-0.744031191,-0.850929966,-0.506055611
-0.209465433,-1.68616919,0.3233765399628381,-1.543818162,-4.054649707
-0.62728162,0.4650242492831638,-0.600327541,0.9570303377527186,0.6642024837350534
-0.170536204,0.082427143,-0.014568829,0.085429535,0.21929582153888677
-1.195025532,2.6157682867272944,-0.918310523,0.7684442700696654,4.468859107178227
-0.202391168,-0.21624599,0.052677673,-0.26027654,0.3316581747043244
-0.620855906,5.147953163721359,-1.362365072,2.1943337546830186,7.270498910657617
0.31780674888373894,2.307324786957727,0.40845159632196315,1.2852200205206599,5.2998612628777355
0.6603833610426803,1.4407898845479643,0.22277440523731704,0.33734103307142416,2.233078314847205
-1.173009402,-6.666518519,3.2197388450216744,-2.744853399,-8.345044663
-0.908297854,0.34241695717585624,-0.221708478,0.24409226178755733,-0.206736597
-0.161545333,1.1854290453933733,-0.100095272,0.6196110445342264,0.12859278883372327
0.5869843413871237,-0.48941097,0.7287592462480449,1.2415309827957042,0.5093774036311961
-1.079907115,-1.493392129,0.18123033896650237,-0.167820303,-1.120668664
0.046227639,0.697242772,0.087568469,1.8942881573808976,2.1093436101528424
-2.046841726,-7.312313468,2.869940112149173,-1.402130939,-7.525590192
0.5151539979194392,-0.804460161,-0.55023861,-1.068105096,-2.687870287
0.070281498,-0.399396893,-0.025085646,-0.356931014,-0.515324458
-0.228847181,-2.171112466,0.41642700536180666,-1.819672867,-3.866675103
-0.101561696,1.4264455204266724,-0.051291056,0.5050236298035863,2.7537984444234915
1.7166238028390444,-0.500155589,3.5781339767499127,2.0844019352593173,0.5865341858654585
0.19782354142599895,0.00988638,-0.023339747,-0.117982655,0.7600008120748782
-0.577884332,-1.612826373,0.12397371152180812,-0.214530321,-1.715492731
-1.673440679,-2.288412933,-0.549707694,0.32848950136761407,-0.863903039
1.3392717315405622,0.5810921533219403,-0.703335122,-0.525162374,1.0011288757333832
2.401909956984645,0.4171020234806756,1.7676931246527139,0.7359531191052114,2.0771024502869366
0.4782718064335633,0.3124174041122127,-0.407128814,-0.851249872,-0.653554285
0.40065732823634476,-0.307287362,-0.17041566,-0.425340179,1.2082119330840861
-0.611690536,-0.247575024,-0.399909056,0.6537767588740715,0.35321301899629154
-1.748522329,0.638328408,-1.520244363,0.8694452096898606,4.3622486577063055
-0.392267505,0.8359840534192449,-0.536100095,1.3666696540367782,2.0768349092200067
0.6625142424102887,1.213243005048565,0.6323584800585017,0.9544828466749975,2.059688658666567
-0.699334744,-3.312498146,0.9897997093251618,-1.415344681,-4.251096007
0.1236912702930886,-0.816711149,-0.112773637,-0.911734815,-2.158484998
-0.646127021,0.41219976361278543,-0.05571981,0.086236619,0.32464533534631596
1.0503309888994095,1.3353326222988262,-1.139786802,-1.085169165,-0.082927544
0.036242352,-1.669676677,-0.044432441,-1.225981192,-2.904032409
1.1610444070503734,1.3214453426040964,0.9589107167882847,0.8259035666210148,2.959407862788482
-0.562783872,-1.04952292,0.5981269006097165,-1.062800357,-2.220429564
-0.414070527,0.17059843639918904,-0.345267323,0.8338369913420653,0.7066021804666409
0.2994597637780046,1.795242648742001,0.5060349925415364,1.6898263264398687,5.285097502697419
-0.417821164,-1.033012217,0.11347058364331984,-0.271576917,-0.400778626
-1.866954666,-5.699352374,2.353800727,-1.260770157,-7.938319779
-0.953396749,-2.597655084,0.1952882307511697,-0.204834169,-3.384459214
-0.343784463,-1.451438853,0.1307850726908194,-0.380427526,-2.602082622
-1.306285266,-3.348800208,1.1356054084530098,-0.869339522,-4.937186531
0.3575929693596195,1.4682203811143024,0.13073639786667896,0.36560114171372776,0.9279526878467751
-0.76968576,-4.572229075,1.208180044400441,-1.569705595,-6.63232018
0.29751627833499356,-0.825572896,0.3359914067612048,1.1293210867033283,-0.168051509
2.0183154113426545,0.3893654970114341,2.972353027305591,1.4726900516150137,2.3480361399213745
0.1558191603239303,2.309307727981775,0.17781766336708515,1.1411797047129664,3.537578619271352
-0.116569076,-2.613652083,0.052022884,-0.446283743,-1.560855798
1.2586342020374135,1.3228564809653776,0.24979087589996044,0.19846185293202073,1.157008639291701
0.8460844903892493,0.2397981236876785,0.8664911786534996,1.0241189721547337,2.102168613904037
0.22738118605141255,1.320812019676735,0.3963442581824836,1.743082904373923,3.821960154
-0.172216744,0.6305004652536573,-0.154256822,0.8957132681770049,-1.082168744
-0.354718621,-1.242260542,0.087679534,-0.247180522,-1.354765315
0.46669133304099003,0.8669485246571194,0.7725840432097393,1.6554497341434073,3.1360134509974307
-1.516121577,-4.030768174,1.043498796228532,-0.688268548,-5.004495418
0.30498724444331843,1.1203224945604997,0.41699321046700993,1.3672480343501963,1.720875871952865
-0.626160055,-0.23020176,-0.264335809,0.4221537395857756,0.5189176266809381
-0.657961542,0.9065553994469058,-0.112908344,0.17160325769548826,1.4728405476266009
-0.078952942,2.5721423253629574,-0.168564432,2.1349987457475543,4.112772784
0.49018330139971816,0.020182376,0.068997968,0.14075952354441115,-0.044445437
-2.021814625,1.734651908575779,-0.980610733,0.485015155,1.9322110391292873
0.2514930613998351,-0.70943959,-0.066384797,-0.263962738,-0.274855291
2.433637340066561,2.4125466151171167,-0.722305684,-0.296800872,2.380599582581395
0.8098418235920165,1.625885410355163,0.052687788,0.065059357,2.2636104829464223
-0.732451987,2.089702708028205,-1.360547386,1.8575243295680686,3.6882130765017056
-0.173145888,0.089936668,0.004446128,-0.02567851,1.6156227502373677
0.4406159207018059,0.9864937779966605,-0.572869522,-1.300156201,0.6002970382948777
-0.249156071,-0.410981935,-0.03928296,0.15766406814319955,-1.576346936
0.8077020063403874,1.5964443841531533,0.5038989844967493,0.6238674418797874,1.5342989388619923
1.3814539817756082,0.17461905409386413,0.14722914943136367,0.10657550043189085,0.083811007
-0.129175487,-2.369233209,0.17682661049479265,-1.368886734,-3.632621815
1.2115207909151189,0.26322475614904417,1.3391910544220702,1.1053801671950805,0.36703732630196817
-0.18003974,-1.462131815,0.13484081569117515,-0.748950293,-1.810829909
-0.285243891,1.6605686290115285,-0.421618003,1.4780965229929544,1.1140742266996484
-1.156961972,-1.567149852,0.005618229,-0.004856019,-2.769092239
-0.165781498,0.8294497685515971,-0.058301973,0.35167961183725926,1.225076881511853
-0.726760775,4.168551551863785,-1.879595787,2.5862647701619346,5.575448329175055
0.29341108054457865,-1.892305828,-0.213954985,-0.729198723,-2.905534606
-0.33125238,-0.27204201,0.068315681,-0.206234537,-0.6942653
0.564100842,1.141219880980575,0.6170499003879832,1.0938645262607964,3.335796319609911
-0.138448001,-0.370359979,0.043731549,-0.315869851,-0.414963987
-1.352405827,-4.47154712,1.5844904953954093,-1.171608746,-6.773204059
0.2468988532103391,-0.34249792,-0.111527254,-0.451712321,0.999256251
0.4244238581801733,-0.527392101,-0.342017183,-0.80583873,-0.525116463
0.1312994237915764,-1.041286084,-0.112915937,-0.85998806,-1.682187761
0.0964752,0.8375202968901354,-0.038791714,-0.402090009,-1.016694413
-0.335165927,-0.878750687,0.1029303007553879,-0.30710252,-0.277630209
-1.010050649,0.6559301950958211,-0.371463176,0.36776688008077624,-0.699406638
-0.565810263,-0.371831933,-0.082372047,0.14558245464369654,-1.583388915
-1.920667029,-3.430984652,-0.049504683,0.025774735,-5.127784072
2.1454782955638705,1.5507533278664387,-0.065177699,-0.0303791,2.606853730042908
1.9247843761254233,1.8014710485105407,1.1067001718252765,0.5749735843414605,2.169297117902493
-2.239884779,-0.545421005,-1.108660616,0.49496323475641457,-1.466239627
1.1130657516810845,0.9190762815538982,-0.236388218,-0.21237579,1.7867119690905717
-0.332874106,0.12897801942610929,-0.10368993,0.3114989359895881,2.0330817440452433
-1.296227614,-0.099337934,-0.469977515,0.3625732931446654,-0.897132601
-0.444804753,-1.86731074,0.095342143,-0.214346052,-0.703714211
1.2343624055604843,2.1020327286887173,-0.699818266,-0.566947164,1.6826012799011894
0.2568148458988713,1.387086244504089,0.22813517250501597,0.8883254848703379,3.696651334776593
-0.846342499,0.590851341,-0.264109006,0.31205925034479925,1.3562264767815437
0.6055385347648992,-0.149145228,0.32120151051850626,0.5304394222296902,0.3658840885193159
-2.794935941,2.5165691181546412,-3.74773322,1.3409012942339353,3.7843138245769437
0.5211511277892629,1.8864726243346484,-0.079127023,-0.151831243,2.8913716718765308
2.4893105018539545,3.2978375107058153,-0.823397551,-0.330773341,3.7585631516470484
-1.337747317,-3.329016662,1.463630741107084,-1.094101048,-5.879419901
-0.13409582,0.5141120938204788,-0.036113476,0.26931097198164117,1.9906933259441353
0.003449768,-0.159261129,-0.003220585,-0.93356594,0.5196675624557696
0.8910328684302607,0.7020210167865957,-1.133675626,-1.272316281,0.519532501
-0.591182006,-1.458989566,0.5377621379305249,-0.90963888,-2.48686666
0.4914787067763413,0.42073501715295836,-0.232506596,-0.473075625,-0.015710538
-0.291953664,-1.468439683,0.084884657,-0.290747019,-0.058375969
-0.208727732,-0.520302123,0.074521616,-0.357027865,0.7041276852441363
-1.919958265,-4.023024124,1.444259051216224,-0.752234607,-4.938126442
-1.326835334,-2.614619706,-0.808063719,0.6090158273830351,-1.027394908
0.5850248392201002,-0.462091157,0.23362490457057192,0.3993418550945949,-1.052330021
-0.231681331,-0.337328645,0.13479818893172035,-0.581825857,-0.151691492
0.44961086751433554,2.4536114816533887,0.5640582926233669,1.2545477286653492,3.925283201535108
-0.236302778,-1.368012835,0.10169093781673884,-0.430341695,-0.059818982
0.08006135,-3.006511546,0.018894369833920538,0.23599864276327895,-2.165474332
1.0392120277272503,0.8155753537564671,-0.320502787,-0.308409428,0.039894248190683934
-0.462613953,1.4473618791494567,-0.655127012,1.4161419218325795,2.765020820264039
0.3630545493103936,0.8850909479652131,0.010892771594952968,0.030003126570492825,0.7742580563770374
0.5792381154150846,1.909759424260206,1.467224755757462,2.5330252217709157,4.123692883035226
-0.041357294,0.23969446919773651,-0.029090709,0.703399701,0.9921534922785162
0.3293212373417016,1.4768463899447386,-0.217814519,-0.66140441,0.943009464
1.5382386049222745,-0.226492586,2.1236362196095286,1.3805635957997775,1.2018033120583789
-2.463411277,-0.285216647,-1.654204697,0.6715097523645893,0.36367656039290736
-0.251932955,-1.884884982,0.11057595382587429,-0.43891024,-3.348752969
-1.016408068,0.41877869305586946,-0.479688738,0.4719450315610935,1.2202962064577836
0.30989752333146414,-1.872236741,-0.277547602,-0.895610908,-2.085750849
0.840113279,2.1295515074935665,0.3156165478902572,0.3756833225080703,4.410132190976786
2.715265220646521,1.1832008250952297,0.9286091778204822,0.34199575450657993,0.6877839710822781
0.021240908598808346,1.7268575237340829,0.029215632077778508,1.3754417303701199,2.112648370498016
0.6756228033436082,0.30774868720132187,-0.358279425,-0.530295045,0.084849556
1.6016848612106707,2.7636858854035564,0.9306713618633571,0.5810577251506813,1.4396121237810686
-0.832084552,-2.889256368,0.42348754363046254,-0.50894773,-3.057130659
-2.244407023,4.786878694331505,-5.1488628,2.2940860310676316,5.720812549616886
0.4103744878482843,0.7585926721147189,0.6291092195569283,1.5330125000107473,-0.173895518
1.0174319661879054,2.478987261320104,-1.587747821,-1.560544462,2.2851877599886032
0.9594920822585238,0.8666193142935974,-0.672911395,-0.701320425,1.6182928279858046
-0.90978012,-3.347808986,0.33735609542633543,-0.370810582,-1.918776737
1.4817654851918654,1.6852134793932096,-0.903587224,-0.609804475,1.5301152876709605
-0.320003555,-2.997635659,0.6943291257689411,-2.169754413,-5.534003911
1.1513851024317017,3.3654188974611476,-1.030918686,-0.895372611,2.819986216206035
-0.04788324,0.5009243486999394,-0.031086153,0.6492073883014967,1.420373709466501
-1.875101166,-5.14796098,1.8653761561185969,-0.994813608,-6.366292471
1.268435311316209,0.9613839686091612,-0.168733358,-0.133024804,1.2697072858447924
-0.855914957,-2.699948914,0.7766794357645143,-0.907425942,-2.912789525
0.1740984223864593,-0.984633531,0.067574793,0.3881413263284913,1.552180367645911
0.1461263392394941,-0.631944758,-0.123220358,-0.843245362,-3.317943816
-0.306501744,-1.987675932,0.4367887820726895,-1.42507764,-3.890985586
-0.28701754,-0.461245538,0.2943045801620812,-1.025388832,-2.668935489
-0.96935552,-0.784001374,-0.459610381,0.4741401595101415,-0.128690172
0.7910819039642446,-0.702092711,0.043293644,0.054727132,-0.590410933
0.052059339955650756,0.17473820625496883,-0.038354686,-0.736749368,-2.676336521
-0.403279532,0.8024993309536183,-0.047027192,0.11661189930799731,2.713154226880871
0.8568314987966582,0.28523789108672704,-1.095949345,-1.279072193,-1.87991497
-0.606304587,-1.432828249,0.5142801004515112,-0.848220699,-2.634799002
-1.125087293,-1.706807788,0.6265983587443417,-0.556933104,-4.468284264
0.015975392087746593,-0.353645067,-0.010351092,-0.647939756,-1.222892138
-0.102357017,-0.675953625,-0.057500096,0.5617601798772915,-0.315952722
1.0140929268013235,-0.630666685,-0.65589539,-0.646780362,-0.901748628
-1.292734236,-4.272217231,1.0967365323509917,-0.848385153,-3.297172542
-0.617613603,0.6668716648190655,-0.819089107,1.3262161060649986,3.333587009579821
0.072609487,-1.202801704,-0.070742898,-0.974292771,-1.94368859
0.4986211769346237,0.10277089354733993,0.7891637063864155,1.582691917013958,1.3541063900035375
-0.104722373,-1.783855548,0.033397056,-0.318910423,-1.773187233
-0.141080158,-0.827171335,-0.076407495,0.5415892378741171,-3.354033175
1.421884591036972,0.40754419600390335,3.372390172475795,2.3717748920932684,1.8241299521517158
-0.297070528,-3.199207333,0.7939396138609417,-2.672562701,-6.439931012
0.8512626248778654,0.41132182008669177,-0.264000973,-0.310128703,0.5952221068127383
0.5302260751773447,1.1092620770712296,0.3901692513176922,0.7358545148636689,3.1654378100240996
-0.753904804,1.1139977768685752,-0.394032929,0.5226560798349813,1.5004410716926007
-2.138565581,0.252872022,-0.857502079,0.40097067235339473,-0.02295307
0.5039955917334049,1.927446093661639,0.2541022609968736,0.5041755625737384,3.08827811
-0.508438278,-2.892051487,0.20172472909648181,-0.396753624,-4.663961145
-0.642285591,-2.066141598,0.9730045966378318,-1.514909583,-3.686432731
0.843202683,1.258109313803918,0.7242253348366874,0.8588982810462006,2.8339090014600212
0.3091136008535061,1.841491809009221,0.1312159488484394,0.4244910236435204,2.610882491727787
0.2983997104328321,1.2616833960161258,0.05168499,0.1732072405060401,1.554280471
-0.045159774,0.045305085,0.034400822,-0.761758067,-0.482777568
-0.323156407,-3.079656761,0.099475571,-0.307824846,-4.622625262
-1.277603744,1.1178077529528714,-1.836887268,1.4377597728272882,3.0283356687339653
0.25852361821775927,1.9953861568187854,0.37991055011513963,1.4695390414779586,4.813883542555201
0.34515021351000436,-0.65182608,-0.372675375,-1.079748353,0.3200906308770364
1.4089887130563115,2.493057636929953,1.2157175025407339,0.8628298376526077,2.9744946792093288
0.1885317818054821,0.11508888729834899,0.19069176020764458,1.0114568396982055,2.152550577756844
-0.34451695,0.45934910373028226,-0.011749825,0.034105217,0.37953456228502025
-0.340845964,-2.940469341,0.2502103908936868,-0.734086412,-3.984569385
-3.263281553,-6.116936812,2.0800697226192324,-0.637416566,-7.980131471
0.6752958148300571,4.078205574250886,1.0187783565660047,1.5086401162169019,5.159448316491213
-0.104323551,-3.472681734,0.17398995669070175,-1.667791747,-5.86164831
1.8162493981887267,2.375651206299039,-1.710130986,-0.941572775,1.7132448912712754
0.1420984062967738,-0.240688479,-0.179522335,-1.263366278,-2.837677578
0.5543331031340422,1.0941257301776914,-0.324789985,-0.585911221,1.5772612518349747
-0.636857704,-3.028152454,0.9042013017155548,-1.41978545,-5.788277493
-0.360771054,2.696265515408787,-0.452281255,1.2536517273816372,5.614210113655302
-0.075177384,-0.248137448,-0.006937015,0.092275292,0.7012956827910835
1.8212509306616367,-0.712992693,0.24077868885801704,0.13220511506920427,-1.404361258
0.28510926980042883,0.3568924357349452,-0.456873754,-1.602451418,-1.907510914
0.6593880891605982,-0.593666257,-1.048860006,-1.590656585,-0.833823035
-0.571249253,-3.941219857,0.934058177,-1.63511492,-5.89022931
-0.446953264,-0.948714134,0.076895579,-0.172043891,-1.555007536
-0.935848748,-0.192482506,-0.989666215,1.057506586861067,-0.145910283
-1.256622079,-2.541789495,0.8105292513849844,-0.645006374,-3.649631284
0.23605750085018404,-1.101809433,0.031942714,0.13531751224208632,1.1650879530942246
0.29357898845819924,-1.072503,-0.380880453,-1.297369593,-3.859645545
-0.65331529,1.2852679580167514,-0.452087414,0.6919896424998716,0.9197367966299661
-0.424950648,-1.602606302,0.085097293,-0.200252178,-3.589869478
-0.81777224,-0.229954106,-0.22378577,0.27365293103680116,0.8579000701640386
0.8718807870714027,-0.134535889,0.4015968507337549,0.46060981809531043,1.4663266868953244
-0.018151399,-1.775564746,0.004631691,-0.255169934,-3.056046267
-1.765690976,-2.225110461,-0.120053864,0.067992568,-1.387160344
-2.077951018,-3.891235656,1.0640959723486967,-0.512089055,-5.509807066
-1.311019732,-7.849172755,2.397761227018052,-1.828928404,-11.05024447
0.6144571822639819,0.6699290576927093,-0.79114408,-1.287549569,0.058593263
-0.362238731,-0.677753133,-0.409860594,1.1314654090746767,1.313854996049559
-0.494441601,-2.508390506,0.3547313132048326,-0.717438242,-3.75800761
-1.070647268,-3.029934173,0.9917641510711203,-0.926322031,-2.004234812
1.4600387632809895,0.3010850748724254,-0.120755543,-0.08270708,-0.437240258
-2.377704534,-2.922305344,0.001240408,-0.000521683,-3.015314436
0.4855285706771622,0.4564352872924822,0.2939344561015722,0.6053906481582011,2.064583552001488
-0.37492927,-2.656234007,0.5500425871030042,-1.46705694,-5.252098005
-0.073454971,-0.507613853,-0.029456606,0.4010158327771526,0.058136582
0.7347969043626643,-0.367695628,0.4149892717975546,0.5647673109857492,0.8105135236262343
-0.381700422,-1.032511411,0.44596073,-1.16835273,-1.208027901
-0.091503174,-0.574487813,0.013987810220921344,-0.152866941,0.9611897374006072
-1.052009422,-0.583927007,0.15768441564977195,-0.149888786,-0.792136646
-0.012073713,-1.469444677,0.015029862700124377,-1.244841782,-2.046832403
0.8893414696707684,1.3030677588503239,0.1886618759964884,0.2121366004290011,2.0867459421239833
1.2967597459119975,1.657746402151235,1.4176660833632824,1.0932372691490764,2.460506504228314
-0.746066846,-1.563509269,-0.222490586,0.2982180309723813,-0.107031262
-0.287028862,-0.996267662,0.33306969748291476,-1.160404899,-2.692431527
2.7485112760234487,1.9819688521833498,3.2858245717716366,1.1954924836712235,4.199935641429519
-0.922763045,1.0130497764053386,-0.999807706,1.0834934402769232,3.3275346544883764
-1.910122392,0.43967877156773794,0.090050651,-0.047143917,-0.224542001
-1.201280398,2.1882323607875835,-1.435588567,1.1950486903019228,2.3455997435234877
-0.288510278,-2.460965464,0.30998033270753744,-1.074416948,-4.252581398
1.6609479459064644,1.762960568837154,-0.888237021,-0.534777157,0.7698302899096858
-0.796627527,0.7290480983093167,-0.231724691,0.2908821038467561,3.2590375615394973
-0.365792872,-2.088130358,0.34613463002270844,-0.946258544,-3.541771062
1.1261689719287575,2.2179255857457925,2.060243312,1.8294264566193297,2.1616128202211167
0.041688387484733934,1.4286476517248565,0.011718206881198446,0.28109043280912677,2.4872198217862174
-1.642664274,-2.762440763,0.9688998775055663,-0.589834388,-3.325270113
-0.430645046,-1.436922528,0.22616543054490143,-0.525178294,-2.266237824
-0.18778915,2.177942891049253,-0.275462791,1.4668727729552395,4.595291960506823
0.13532059478745367,-0.72412696,-0.204664993,-1.512445264,-1.821983874
1.1925728056545684,1.2238054398134999,-0.592645988,-0.496947427,-0.18270386
0.7818042050953676,0.5407629376464879,-0.194054805,-0.248214072,-0.750235865
1.1575301384817591,0.9292804539335668,1.878781287224327,1.6230949197474687,3.8355065637995773
-0.125495447,5.594842868664763,-0.425209354,3.3882452559434943,10.140524461556568
-0.000567094,-1.344302007,0.000519219,-0.915577664,-0.950596215
-0.583414436,1.4801424765301117,-0.114638138,0.19649520270885823,1.6360522973378688
0.5285506317116467,1.3875376158964008,-0.668870253,-1.265479999,-0.272076745
0.7145690008856664,1.096560264182741,-0.679018975,-0.950249695,1.4357695290181485
2.0869609282481583,1.6885870521682993,0.5232246449794756,0.2507112796877717,0.9695101172642899
-1.527767183,-6.248565006,2.736066788843384,-1.790892499,-6.215307898
-0.610029893,-1.049394895,-0.026670141,0.043719401,-0.502947048
0.17598917958490087,2.094113133132129,0.26835741098937166,1.5248517643092392,1.8703428049185786
-0.798542955,-4.331821969,1.0114778742157353,-1.266654308,-5.622664759
0.7529797113225376,-0.293367708,1.804841543488412,2.396932502096741,3.0905785584717695
1.5631643704012472,1.0005113373100207,1.1185127354987126,0.7155439035573735,0.9855191435212027
0.4957964182454797,0.7732194727564129,-0.211860463,-0.42731342,1.7034696297388765
-0.49786306,0.505201929,-0.313914864,0.630524514,1.4230575778645989
-1.250882796,-2.381549173,0.5696748548569884,-0.455418251,-2.46525173
-0.62798037,-2.199956674,0.39992159926395665,-0.63683774,-3.64432107
1.634232614258184,0.6426382048053874,0.2784783689401922,0.1704031399878774,0.9365587402499321
0.3761829422614227,-1.15853931,-0.321173498,-0.853769436,-2.843648211
0.7605093679731977,0.20360863544418617,1.2835049025260827,1.6876911141104007,1.9793390314326191
-0.790024828,-0.519072437,-0.328934972,0.4163602975185728,-0.099705397
0.813764532,2.188403413056511,0.2925342871184376,0.3594827194318228,3.878573695711613
-0.988938246,-0.958436929,0.20191100914992668,-0.204169482,-1.821052942
1.1543295131145876,1.5773839403717755,-0.753784842,-0.653006644,1.6094547707358435
0.1324694084474908,4.046751523615926,0.23747147490557566,1.7926514331775425,7.126776825954791
0.9808444760704291,-0.056599104,0.9942249958437813,1.0136418362949433,-0.16014199
-0.556130866,4.783126643226151,-1.426540716,2.5651169599663057,8.506109193550117
0.9899225697799533,1.605885053132889,0.19195660681712012,0.1939107286540497,0.2954034751258168
-1.841432758,-5.256999628,2.1496994286900293,-1.16740588,-6.360508702
0.3340556298008384,0.5097613261626884,0.023591909828960565,0.070622698,-0.919994942
1.2540016868226127,0.6868983792686304,-0.34968576,-0.278855893,-1.022456451
0.1241846375457577,-0.10837683,-0.058309386,-0.469537833,-0.766555713
0.4403839953453557,1.2211958886499557,-0.047038216,-0.10681182,-0.149624312
-1.112988895,2.5564864083546732,-2.223045447,1.9973653448847217,2.4338948067520696
1.0612127516082452,2.009331981647885,0.2501248272445815,0.23569715579229772,2.8502297713429754
0.1305038800327896,0.7121998306987716,-0.031806652,-0.24372189,-1.330555326
-0.937215825,-2.650148435,-0.189857042,0.20257558234133877,-3.062882374
-0.485915579,-2.519414872,-0.068891575,0.14177684030949148,-2.867697582
-0.49558146,-0.36427702,-0.529400608,1.0682413492162528,-0.052335867
-1.193361307,-5.024862313,1.6771091224456414,-1.405365761,-6.971692856
-1.3712993,0.8983729710504076,-1.318961418,0.9618333634834956,1.094553880559324
1.679574792573636,2.647604291244405,1.5996430559953783,0.9524095402409695,3.0858329191716103
-0.083257033,3.9353400013743705,-0.076536359,0.9192780041887074,4.316331712346412
-0.510203589,2.9429897865797567,-0.818821457,1.6048916067522911,5.298834052591545
0.2587198904219459,-1.04000545,0.12937057632195775,0.5000410912008639,-0.264018363
-0.620325898,-3.117354479,0.7353111043643732,-1.185362576,-5.162388881
0.8114654558520406,0.16487494029400496,-0.438447422,-0.540315572,0.9837975804685708
-0.608578899,-2.667410563,0.3483915338241075,-0.572467324,-4.912284458
0.2443690603804065,1.6434911687402538,0.011029111,0.045133011,0.6359316736666043
0.5073858015962482,-0.113708353,-0.360477332,-0.71046003,0.095637036
-0.725322987,-1.538279434,0.2706723083115121,-0.373174866,-2.075435475
1.0427588921199906,1.8751121723220074,-0.956506266,-0.917284209,0.8673475967662235
0.4005155172482841,-2.125223799,-0.272272653,-0.679805503,-3.037053471
-0.128090251,-0.928834529,0.07809137,-0.609658968,0.079467764
1.2332180278502451,1.9405090489086458,0.026497097208644033,0.021486141631284754,1.796977423994187
-0.074538278,0.3572028340350296,0.043506110379753486,-0.583674747,0.30619346844086326
1.6327107948143382,2.9582483794113843,-2.078423094,-1.27298913,1.1843188536307183
0.6461269576482014,-0.098076945,-0.42366066,-0.655692593,0.6486569337813209
-0.156910127,0.28698352436960634,-0.039898199,0.254274215,0.17198442955382148
0.1315173667296739,2.764425715811284,0.12361437919012852,0.939909171,4.597582981812351
1.686843689079706,2.5543963135761767,-1.764819646,-1.046225953,3.0216681820006563
-1.371669987,-1.835409218,0.088531295,-0.064542708,-0.4433653
1.387661651112524,-0.594627721,-0.125068343,-0.090128846,-0.804550838
1.1010570038282834,1.1216212099896052,2.3888408664262752,2.1695887298482046,2.379904000029929
0.29271111518077636,1.1898169426409386,-0.333877995,-1.140639961,-1.161330565
0.5887575950476478,0.6097896799887801,0.5066798581181003,0.8605916295264013,1.8549309993791643
1.3416813786401205,1.0982982097344502,2.289626909858641,1.706535505605156,1.8140844748321618
1.9767045001341608,2.126205412724838,-1.192793061,-0.603425075,1.4344241250038399
1.928200581115885,1.888110849300963,-1.204692824,-0.624775677,1.1142526480816128
1.1488028283440153,1.2978460744507836,0.8668379377323882,0.7545576284678234,0.7861266989046911
1.5970185763352243,0.5129594761278791,-0.279920872,-0.175277155,0.38527826281228733
-0.52863875,-0.74565349,-0.168518439,0.31877806781875073,-0.445730798
-1.028611129,0.6847541462118487,-0.257936732,0.2507621439884259,-2.329929511
2.6157758827286055,1.9830624776626171,0.25714362457374484,0.098304915,1.4343248445639634
0.2667255764550775,1.6818919239348553,-0.084064381,-0.315171803,1.6990864908536083
-0.191280147,1.1523088114048239,-0.065954275,0.3448045994092269,1.245624623509431
-0.60947592,-0.248065792,0.3928925636160349,-0.644640011,-1.858277677
-0.371583567,-1.085265815,0.099661271,-0.268206885,-1.549484623
0.27580587831333025,1.769662658245695,0.16300900014854985,0.5910280126929089,3.6643771028911685
-0.408836256,3.4853317882847024,-0.993233847,2.4294172344973943,6.137534655504942
0.042134952547899264,0.48946592078269796,0.026120848,0.6199330171541526,2.0458779685840334
-1.420501405,1.6589195511498767,-1.146571554,0.8071597461259903,3.0886098106622155
-1.129758622,-2.687277627,0.4390723959072298,-0.38864266,-4.047937269
0.4872315666195458,-1.302272465,-0.268447465,-0.550964846,-0.412305152
-1.080851104,-0.531058581,0.050009202,-0.046268354,-0.128308463
1.7373318472047568,1.3589487577668302,0.6025992066803086,0.3468532552660264,1.9664298946594907
0.3357061308190038,-1.908373925,-0.2829369,-0.842811239,-1.950059913
0.6266619805199384,-0.708708043,-0.087767415,-0.140055434,0.3607187290707454
-1.829444943,-2.489858874,0.067916451,-0.037124075,-3.073475848
0.18754947435433653,-0.964139002,-0.257006135,-1.370337807,-1.160934889
-0.524022254,-1.529326187,0.14840107244366296,-0.283196127,-1.472633724
-0.337733165,2.116497949576442,-0.266503677,0.7890953707776738,1.867887178
2.1699259087873983,2.431716133990237,0.6923611460720571,0.31907133016304856,3.312100373337972
-0.576157847,-2.304383014,0.449097792,-0.779470061,-1.336630374
0.4824987583940556,-0.170329506,-0.681385013,-1.412200553,-3.23068495
0.41174189823053453,0.11427636032028657,-0.167455695,-0.406700645,0.035387148
-0.276471495,-3.095450556,0.4006581792667199,-1.449184407,-4.996475046
-1.074757118,-1.903932824,0.8228770593296527,-0.765640018,-1.637699955
0.9710654156485798,-0.40650696,-0.976644062,-1.005744872,-0.125493922
-1.879910218,-2.828828551,0.018811208,-0.01000644,-3.248279229
-0.258398333,0.6634323241553981,-0.060549629,0.23432670208678308,1.4413300124185389
-1.007672777,-2.01032147,0.6248550360834999,-0.620097169,-1.305850774
0.27602744854634376,0.42557963819214933,0.043888371,0.1590000248841862,-0.062288308
-1.049391855,-0.603648876,-0.3039259,0.289620982,-1.028391429
0.7668512103216766,-0.048584197,0.45418599095796647,0.5922739442080893,1.1918592099860021
0.2842930899714085,1.069127944941254,0.1322093675634828,0.4650460114130075,0.6362236635908931
2.136405429837181,1.3962843030202634,0.6467153510819692,0.30271190198728176,2.548934631391294
0.049628135,-1.046148496,-0.035900548,-0.723391044,-1.921613781
-0.628873927,-4.429779057,1.0519375556460626,-1.672732022,-6.34903621
0.8755944843148032,0.894213245,-1.247781463,-1.425067752,-0.229094743
0.9920783376309102,1.2350455861504142,0.1261665295385653,0.12717395870153947,1.1217484999407377
-1.016980372,1.8588563308396928,-1.074141788,1.0562069999496773,2.8426370182372476
0.075637671,-0.816477096,-0.001750238,-0.023139763,-0.721000931
-1.174105122,-0.220274649,-0.86565142,0.7372861288003508,0.4265845267598384
0.30973748765949044,-0.350793958,0.049161555,0.15872006752136353,0.8147702687022695
0.089948038,0.7744477456175409,0.020941445,0.23281714127912997,1.0699990874051457
-0.282829672,-0.434613878,0.19350129233440486,-0.684161924,1.0098740602973284
-0.023907301,0.062689026,-0.008770591,0.3668582698028528,0.40087650898504584
-0.319603911,-0.739867204,-0.325951688,1.0198613854371283,0.2742187499872932
0.4048344334585763,1.2907047741838082,0.068716681,0.16974020870127643,0.29577088954590813
0.36475917414522135,0.4914437342101219,0.22054997037178817,0.604645437,1.0786455996659485
0.7901385109968251,2.1693474846846375,-1.245191098,-1.575914957,0.7312858508111488
-0.602260438,-0.011708226,-0.09032071,0.14996952269803576,-0.169113274
-0.40771092,0.15589600867821002,0.003572582,-0.008762537,-1.879139466
-0.833360194,2.1289322210554107,-0.384881655,0.46184309884286256,3.0532265756090915
0.3573781186313637,0.2790092337615825,0.052103792400593076,0.14579457914248592,-1.470253358
1.5104958834477464,2.815271069,0.14661855152980566,0.097066502,4.3858396416897065
-0.400765908,0.816828392,-0.210318673,0.5247918256530218,1.8941062131940964
0.8086070051601679,-0.420480063,0.42889208,0.5304085636864555,-0.352679285
0.28558364116584856,0.30998566819020507,0.20935166923633602,0.7330660411138818,1.6355848147476237
-0.089444441,-1.755669211,0.051321389,-0.573779523,-2.566810779
-0.150646276,-1.311517333,-0.016514197,0.10962234121009871,-1.25774724
-0.83176622,-4.19608199,1.052217809689111,-1.265040326,-4.721437479
1.2556467518838654,0.8829473328698672,-0.220198737,-0.175366788,-1.712821654
-1.321198024,-2.162474133,0.49702705736288155,-0.376194218,-1.943795896
-0.857162898,3.1231383281117675,-1.729628939,2.017853248446011,4.316897223263642
-0.654429503,-1.386036607,0.48004217714498165,-0.733527713,-2.45526808
-1.08608339,-2.194630853,0.22872532939019066,-0.210596471,-2.373619745
-0.587330626,-1.074669202,-0.012743636,0.021697551472656045,-0.525009316
-0.027695289,-0.394538909,0.016408838975023907,-0.592477618,-1.975318415
-0.511658218,-0.302202066,-0.03974186,0.07767267,-0.158336154
-1.182482199,0.5190768645314248,-0.731477226,0.6185947039767276,2.090907267532189
0.9282356874056032,1.6613582330345382,0.49207643688589486,0.5301201446598512,1.9285241368793176
-0.298389091,0.012396558675746946,-0.049984988,0.16751613585454855,1.3308256590378824
-2.679908927,2.519142783969361,-5.411188354,2.019168749,4.172883606893194
-0.775204885,0.9442548075369133,-0.235870807,0.30426899011314534,3.2225008392594816
-1.604229423,-5.639567409,2.6373830357006582,-1.644018616,-7.502764373
1.7388595915837248,1.4506046300976174,0.16865911730693442,0.096994098,1.0486161931717346
-0.129429777,-1.418511276,0.045407281,-0.350825613,-1.447301829
0.087933776,-2.120869696,-0.185530973,-2.109894308,-2.821351405
0.23784474871963135,0.39851904465798293,-0.05273999,-0.221741241,0.9207822432969188
0.9263812818995768,1.0034501114564063,2.0213550697310607,2.1819904063542848,2.6621463025274497
1.4027971083430681,2.988273307294426,-0.230285911,-0.164161951,3.3112387987912273
1.6666174843613302,0.9121245646920829,0.3315323825395603,0.1989252996866332,1.5339129317834117
-0.621534654,-1.70334513,-0.202889726,0.32643348989303544,-0.732025808
0.567211013,1.6295236569706515,0.3499666103453755,0.6169954428530624,1.9468367356658876
0.4417835122982774,-0.260213675,0.5737805370159359,1.2987821433873217,2.1208811500856566
-2.172298999,-0.163012468,-1.354323892,0.6234518788008634,2.131573220429993
0.2339103005765194,1.1289743119236821,0.061427637,0.26261193845339437,2.13563404
0.29535606496533695,2.7999788128067413,0.2947574049010815,0.9979730903297153,4.1655744277934454
2.889399077457579,2.599001503350734,0.7427837232735028,0.2570720427885954,4.7289307711634585
0.09462485,-0.782071369,-0.128291116,-1.355786732,-4.090661125
-0.454863471,-3.675636273,0.6210988669817644,-1.365462181,-6.26703448
-0.759887162,0.4802791956104726,-0.105100329,0.13831044187808056,0.2322394783593762
-0.892511821,0.4522878867562061,-1.17231032,1.3134955660960934,-0.527647205
0.9665723262095902,-0.955597978,0.4418239941770472,0.45710391472685585,-2.960580526
-1.189666877,-2.228625799,0.9024571867329979,-0.758579737,-2.363180058
0.45191722411510493,1.4227184077162878,0.9315889098540358,2.061414923226641,1.7842056318920876
0.4447248629551881,1.7733141065113687,0.4397142540279643,0.988733239,2.451866682431723
-0.236619005,-1.721893425,0.057974883,-0.245013638,-1.200192713
0.6471755538532032,1.7848605752356321,0.6176436224748981,0.9543679744970656,4.001011038421465
-0.018998058,-0.581261878,0.014165059,-0.74560561,0.080109083
0.3622648516080109,1.8109875109875702,0.2949845813891082,0.8142787799581964,1.9023942667926785
1.9051941252619056,1.878931404336005,-3.447849182,-1.809710169,1.2772452883018617
-0.40303081,0.2808006865802004,-0.147182097,0.36518820133668284,0.12575426698196268
0.5757849362008648,1.1800688657945186,-0.035878919,-0.062313057,3.116908715120808
-0.800576415,0.034337925,-1.17224958,1.4642569503423588,2.4037236929849586
0.024354418,-1.045531253,0.006971841,0.28626595310817693,-1.587713798
0.45242851917907256,3.3191018411534086,0.7140871223442254,1.5783424166980677,3.7936493503265067
-1.227357026,-1.175179027,0.021110352567121616,-0.017199847,-0.236061982
2.2732719030465893,1.3995088997632672,0.3125422529981276,0.1374856446249414,1.625624423299424
-0.31262112,1.7330416420494854,-0.0992649,0.3175246124374893,3.019476597843003
-0.58192169,0.5927568839693216,-0.941905299,1.6186117734865897,1.672467254165663
0.8582383113593146,-0.615293717,-0.013595483,-0.015841152,-1.108012143
-1.58496611,-1.780123703,0.9241919938583505,-0.583098899,-2.370212676
-0.689329577,-2.117923886,0.5643037252973735,-0.818626887,-2.346257706
-0.439514583,-0.077521724,-0.338793197,0.7708349396505173,0.2695468239836222
0.6579497353671003,1.2444691932586855,-0.036413161,-0.055343377,-0.112176202
0.4883467657107752,0.16289451564422455,-0.34009705,-0.696425315,-0.275684228
0.3778346471774402,-0.518495125,-0.11078691,-0.293215328,-1.153739707
0.43135043730386585,-0.882094846,-0.580447966,-1.345652898,-2.308931118
-1.328368748,2.578792808910103,-1.726606726,1.299794751288641,3.4584406316268175
-0.947857093,1.5260020127183245,-0.648776924,0.684467024,2.742599604775779
0.5462746348770288,0.7930891543532349,0.19337776133687368,0.35399366727031856,0.23403220499253186
-2.056926177,-3.943332921,0.31444170422268364,-0.152869708,-3.599139574
-1.501080463,-3.369802598,1.5845685240397576,-1.055618644,-3.518754207
-1.914682711,-7.348431585,3.8550628502049857,-2.013421247,-8.50482086
0.9082818418462214,2.6160660927868946,-0.692835113,-0.762797495,0.32874670195588385
-1.030856784,-0.131548627,-0.94512137,0.9168309159784676,0.3348423698492444
1.6280929227154193,1.0721643837261687,-1.204438109,-0.739784623,0.7147739429028073
-0.149312141,-2.979778231,0.10139079173731548,-0.67905256,-3.692040672
0.33042633759742324,1.666730441670064,-0.038172098,-0.115523776,0.12861204672212478
-0.753667055,-0.59976775,0.19927535324598789,-0.264407674,-0.302671585
0.2569908961967745,-0.566662542,-0.317999559,-1.237396202,-1.939703362
1.252959587175383,2.8012012014974195,0.055219938,0.044071603,2.1727146576259924
-0.297617902,0.2479320922141886,-0.236017802,0.7930228670272887,0.7511369763479308
0.15389548695710806,-1.001880978,-0.008567768,-0.055672643,-0.31143817
2.8256713877736988,1.833546012844766,1.2893411635608207,0.45629550879115915,1.4035604025361224
-0.559451741,-5.054400685,1.128377381475526,-2.016934258,-6.267367679
-0.907432129,0.6136941264047933,-0.923373604,1.017567677537923,2.1173894951181684
-0.076289953,1.5823031901598414,-0.041736542,0.5470778232168649,2.5137560080017396
-0.433907116,1.3896490253794789,-0.413435539,0.9528203690039352,3.597382869490409
0.2955705019967821,3.274953283046033,0.4266054638819184,1.4433289553588906,5.0430793512596175
-0.818219479,-0.34405413,0.22228405088836387,-0.271668002,-0.246569188
0.3768392723620523,-0.142110231,-0.316575925,-0.840082093,-1.445366849
-0.270310093,0.8848069293428604,-0.07316502,0.2706706914211801,1.3267046536991205
0.8140194409837807,3.1521831977139403,0.8021489036452372,0.9854173785773502,5.357893506349474
0.3973703265827727,1.5969559027720581,0.2687717329930003,0.676375952,1.9854565376328115
-0.881822745,-3.674538149,1.2960408699975325,-1.469729463,-5.131657959
-0.686814496,-0.32704075,0.17647903762316092,-0.256952989,-1.029071176
1.752131699556383,1.1671989487278591,0.25150061851704586,0.14353979131861067,1.843416863088664
-0.346069441,-2.076117065,0.5594265050827677,-1.616515181,-4.574785796
-1.041617419,2.7284881040099265,-2.05533135,1.9732113846226473,5.488145819946695
-0.15539155,-1.169618673,-0.031169069,0.2005840633062371,0.4849613101255493
-0.016448155,-0.382998979,-0.003505958,0.2131520686827575,1.146937099542809
1.1001011475015197,0.8846698828646351,0.10638524545570116,0.096704967,0.9258831331740489
0.1769760445029071,1.005595336,0.21399218680766718,1.2091590554457896,2.9993099081587813
0.55556752,1.3814381440697208,0.2543864943860906,0.45788582848682674,2.2670091319268018
1.1132961386876508,0.39275583379767265,1.1031168209936737,0.9908565948086586,1.5204131367674294
1.5296441514857824,-0.914743007,2.262513613,1.4791110803563252,-0.098912327
0.003287015,-0.769838246,-0.00342462,-1.041863288,0.042384839
-0.519141401,-0.317546115,0.2134321129817371,-0.411125201,-1.069761338
0.61764263,0.7457326609671927,-1.319805465,-2.136843218,-1.745535793
0.12261516641984005,-1.218861991,-0.007729911,-0.063042043,-1.948367118
0.3566011213994944,0.603458669,-0.027119333,-0.076049489,0.9950373399866896
0.38056799975373995,0.46628980922638474,0.1797652247166149,0.47236032675616024,1.193869051646134
-1.316953822,0.2677578756773687,-0.983811952,0.7470360280679696,1.0803627237746425
-0.88744368,1.0610601799912822,-0.584226017,0.6583246125401195,0.5097591766896381
-0.19994121,-1.677768008,0.025695739115006576,-0.128516473,-0.130542882
-0.96988021,2.505260895494859,-0.937463565,0.9665766511729191,2.784266395455049
-1.15524751,-4.531666381,1.5533977871249296,-1.344644999,-3.223217789
0.2162628765829415,0.9028427252591242,0.019336536,0.089412182,0.4540829680530012
0.36166325972032803,0.8844615208233149,0.21485256916797746,0.5940679994261004,2.816347854
-0.986761858,1.4607400539395385,-0.058078075,0.058857235778129804,-0.266166232
0.018304133,0.23572725471222533,-0.010345422,-0.565195929,0.082808591
0.6048185801067091,1.1021324259171252,-0.283779876,-0.469198344,0.14127000521444733
-0.006319405,-0.758975871,0.006120174,-0.968473128,-2.210942526
0.36713052364672877,0.9615930802047737,-0.168377524,-0.458631232,0.8911793297631591
-0.498465169,0.7486703644823319,-0.517780393,1.038749394798164,1.9258523985218339
0.7602338961787499,1.418791714407817,-1.129400608,-1.485596227,1.0342263275879546
0.3595841648212405,1.4370939928708872,0.31459172588706635,0.8748764730600938,0.4483833183639183
-0.008595346,0.6478464099559561,-0.004585753,0.5335157822779315,-0.657984012
1.6950833006686654,1.2367347738925456,0.008490165,0.0050087,0.9017934686707297
-0.353953322,-3.379689482,0.46343166789971507,-1.309301648,-6.927870436
1.496980130738258,1.5170272782780958,2.2416149871566975,1.4974246759382248,2.9990051065918326
-0.657440454,2.224276000667354,-0.973211469,1.4803035971994212,3.772187126325034
0.6179841905504195,-0.24336388,-0.01898758,-0.030725025,-0.737363747
0.5902313201070557,1.8803100518713627,-0.506471088,-0.858089143,1.5062148884628404
-0.863787808,-3.098892426,0.9127701764207923,-1.056706483,-4.500231899
0.6701019195618725,0.04704023,-0.96485047,-1.4398563,-0.578561047
-0.248926871,1.3994765471781152,-0.355280236,1.4272474252565541,2.980110193371427
-0.930908988,-3.542655545,0.633182613,-0.68017671,-5.284003253
-0.539575132,-4.002516228,0.8112866063670247,-1.503565598,-3.971071493
0.3695715319268384,2.610239228629064,-0.209368985,-0.566518163,2.0748479166012523
-1.318524063,0.1683057631326379,0.063575258,-0.048216988,1.3056453332336424
-0.041002408,-0.511381788,0.018161357358689248,-0.442933925,-0.363513904
-0.00274439,0.063833818,0.001672746,-0.609514505,-0.485705565
0.9386301037434925,0.8289133535485717,1.287527248095075,1.3717088797387735,2.4737291277594062
0.2412963509279268,0.583880827,-0.160865401,-0.666671503,0.7827847984823791
1.2174500229746335,3.144692471896717,1.4225169600360141,1.1684397167781346,2.6032543409467523
-1.313130647,-1.104493804,0.4953376449961355,-0.377218859,-0.483934612
-1.340369757,-3.177871969,1.882880927964555,-1.404747398,-4.798309453
-0.962010086,-0.106387061,0.060751402,-0.063150483,1.0083043875350253
0.17693261671860694,-1.136783768,-0.12083515,-0.682944459,-2.171134948
0.037737766,-0.683232901,-0.029449637,-0.780375738,-1.431601477
-0.733016044,-0.840632775,-0.170295396,0.23232151195234138,-0.729881534
0.070629476,-2.909084693,-0.145511274,-2.060206048,-4.880211919
0.46900195931672695,0.071835307,0.1405544577286502,0.29968842333498824,2.655958528510947
-1.469034605,-2.939280753,1.7207389962454132,-1.171340002,-4.44593935
-2.338276786,-5.318285044,0.8818082244143555,-0.377118838,-5.949164118
1.7126445534127759,1.6945927744979268,-0.74944276,-0.437593871,0.7145869809834383
0.17806921224705285,0.9823452280314662,-0.209368451,-1.175770075,0.4590619506956831
1.2753584434286886,1.5204118710061458,-3.065174014,-2.403382382,-1.632675169
0.10468756651308726,-0.095014139,-0.085440276,-0.816145401,-0.395179434
-1.621354737,1.5180057421846918,-2.190795861,1.3512131621277201,3.434111483525003
0.7073591834251383,0.25476579484140827,-0.513886865,-0.726486454,0.3078210994333802
-0.473444501,-1.565439783,0.18640139446573453,-0.393713295,-4.19344872
-1.461696559,-0.309442419,0.17713672402886899,-0.121185702,-0.53724254
0.393812153,-0.780716995,-0.469101244,-1.191180213,-1.651561895
-0.741026589,3.4441479827519634,-0.883196388,1.1918551925623244,3.369163659582534
-0.721025497,1.0532969021896776,-1.11575616,1.5474572870627337,3.862169300068423
0.5154933479608139,-0.191397247,0.024005942,0.046568869,-0.826123458
-1.499763985,-1.26810548,-0.511016626,0.34073136263116494,-1.728345033
0.5977648299787174,-0.947049206,-0.546881322,-0.914877047,0.29747007906623524
-1.456371149,2.0924599929971377,-1.435926334,0.98596181,4.016940574542297
-1.238992996,-3.10244506,1.1099508410306107,-0.895849165,-2.636535686
0.5673089356169586,1.8726195616235186,-0.149326124,-0.263218354,2.1389922586978782
0.6807238681943607,0.9107232169361044,0.6169938253847153,0.9063790094819341,2.4996474728645586
-1.444494106,-1.166475215,-0.098792136,0.068392204,-2.507330363
0.5747833378270345,0.4023069271188407,-0.373495966,-0.64980305,-0.160736649
0.8422604296727226,1.6666995675203455,-0.023622942,-0.028047076,0.13394938139001944
1.2769248320865536,1.4203411367953906,-1.267470991,-0.992596399,1.1093423936022575
0.6702439635435175,1.1478692341537053,0.7055910402080474,1.052737627770123,2.4804334980884772
-0.701165295,-1.653508332,0.061747822173309014,-0.088064573,-1.79338509
-1.327874183,-6.226578176,2.888909251256542,-2.175589591,-8.856093396
-1.00147494,-0.757447488,0.2929939855047109,-0.292562474,-1.58307558
0.006240194,0.098320287,-0.005235101,-0.838932349,-1.887032077
0.2463482025872903,-1.016118678,-0.357268664,-1.450258863,-1.240957617
1.0901603489033584,0.4307709696748102,1.030176951623022,0.9449774546096117,0.7125116622809392
-0.034600756,0.9281051067399106,0.010848300072741771,-0.313527836,1.3894913451161006
0.6292177775121738,1.0900594670577455,0.036493131,0.057997615255006726,0.611594891
-0.27757715,-0.120822087,0.13481295,-0.485677407,-0.323779412
0.016556267354474668,0.33983021500028704,-0.006429131,-0.38832009,-1.343631187
1.1901984847023628,1.0728553771095795,-1.311197415,-1.101662817,-0.714459488
-0.928697621,-0.90279227,-0.225942123,0.24328922335240638,-1.0585743
-1.431801775,-1.354680737,-0.082921204,0.057913885,-0.674487795
-1.288543632,-3.731395632,0.8316916946259574,-0.645450937,-3.567170846
-0.175226309,-0.814452692,-0.019767375,0.1128105443818061,0.40412978382005593
0.2906684673649873,0.7940659965067943,-0.353108898,-1.214816665,0.5573968287468732
0.623742918,2.0786538519187663,0.5904335927958755,0.9465976700393863,3.0435938696237432
0.6384264193934235,0.4042364431848575,-0.714165484,-1.118633976,-0.480798069
-0.362401301,-0.783383474,0.083514378,-0.230447234,-1.050070147
0.564109685,-0.422570813,-0.602317177,-1.067730609,-1.695274395
0.4367953477527519,-1.008214624,0.14205411976368962,0.32521893947483016,0.5339734560115585
0.7965073790808681,0.043666993,-0.190255116,-0.238861711,-1.288358332
0.960889361,-0.864198831,1.0620317671922384,1.1052591588562084,0.46647125135392814
0.4932585118467129,-0.427863121,-0.390263713,-0.79119509,-0.036389532
-0.234830581,-1.590818978,0.2045299319529645,-0.870968044,-1.384342303
0.10907461174621613,0.7397716964400867,0.046950466493858284,0.430443581,1.5083121851804009
-0.747645136,0.6813689799466036,-0.775826024,1.037692865683015,2.210340793346045
-0.377112842,-0.375405326,-0.081428689,0.21592658744037058,-2.303918318
-0.232394426,-2.884243056,0.13637368870743474,-0.586819963,-3.603514737
0.5644402562995121,0.7599575771756454,0.026878300990151975,0.047619390520383775,0.7641953043661974
1.5666939407143254,0.8766594302109963,0.21839897193507773,0.13940117227714555,2.804323057073312
-0.068684503,0.1510134267078751,-0.066322469,0.9656103830890574,1.304458972859948
-0.911459417,1.065959318646995,-0.67802402,0.7438883261377827,4.260372581428314
1.035582100835979,2.5830689547179047,0.5312709507300156,0.5130167374476099,3.050557388
1.436158279112708,1.0328750847175736,0.6572711593477937,0.457659277,0.6682919923063638
0.4132778923041402,2.2055635967574037,0.094133993,0.22777408311767527,3.0781703346955234
-0.309674398,-1.743037,-0.012318577,0.039779127,-2.584967424
-1.56515551,0.8617126002126224,-0.763123208,0.4875702143785143,0.5370449923848448
-1.168728154,-1.944346847,0.2466455852912289,-0.211037601,-1.559742875
-0.878859433,1.8279419960554604,-0.929639498,1.0577795065442288,2.310963762327037
1.954256551321606,1.3381466995304392,2.0088931588202668,1.0279577455998352,2.228267035031301
-1.266112184,-1.277448947,0.2675962379985775,-0.211352707,0.330020734
-0.254986726,-1.524280954,-0.139811441,0.5483087040309846,0.058729797
-1.234699554,-4.107882451,1.898746666,-1.537820808,-5.948183237
-1.432548862,-4.551623312,1.3504715162095449,-0.942705378,-5.552731761
0.3264446746768553,-0.519077049,-0.328020017,-1.004825756,-2.860320851
-0.660785814,-5.251304506,0.9296518280553895,-1.406888296,-7.68488874
0.38850631140597097,1.3785788700423716,0.24716562071282297,0.6361946085723854,2.928971224846391
0.41504346947041904,2.229239066504075,0.8439754182732567,2.0334627101834415,3.434126037702905
-0.266425274,2.8886194855884657,-0.412617648,1.5487181148670706,3.7057745803190207
0.052559021,-0.282200462,0.037680341,0.7169148143705866,0.34689090580752874
0.687592245,1.3222634307110512,-1.117923633,-1.625852592,0.34660118295371833
-1.035096392,-2.233793272,0.28806649739400464,-0.2782992,-4.309829994
1.4668563385170474,3.0948915697798274,-0.090163677,-0.061467285,3.084246446381071
0.6579245085285181,0.069275255,0.47580475109531883,0.7231904951519142,0.5347547042107801
1.892220644860001,1.6665171694075842,0.8421767789214676,0.4450732430222361,0.5753860974703953
-1.791357078,-0.722961139,-0.307088615,0.17142791859299303,-2.232192504
0.22513381624630902,-0.757520946,0.23267382201013007,1.033491218198744,-0.8555546
-0.714613951,4.667961245015509,-1.281546729,1.793341323012054,7.687089590802751
-0.484978351,-0.796368217,-0.787788281,1.624378241321291,1.993852332071828
-0.818444718,-0.679593006,-0.088546621,0.1081888847915611,-0.143318628
-1.740559323,-5.595722783,1.6890971148220157,-0.970433522,-7.344129832
-0.926550947,-2.848765293,0.623265734,-0.672672922,-1.888000741
0.2979183923734585,0.7530987520144308,-0.052957952,-0.177759929,-0.37111782
0.5226452172158281,0.8028733695435931,-0.467068224,-0.893662103,-0.163233206
-0.856369991,-0.370593664,-0.215582022,0.25173934700996337,-2.093428163
-2.032156009,1.7195074568356856,-2.658423523,1.3081788557252725,4.361471135636668
0.9740235686732346,1.0774804712577573,-0.641253191,-0.658354902,0.5259761651318794
0.7944788397985117,1.3659041694299816,-0.027661091,-0.034816649,3.2483478241056503
-0.278832904,0.40153446670334514,-0.125380897,0.4496632035860586,1.352634935060185
-0.745090369,-0.5718709,0.013265689206158044,-0.017804135,-0.924034383
1.2187806904396716,1.561224079337675,-0.963817604,-0.790804787,-0.191460445
-1.629876647,-0.618690281,-0.691491896,0.42426026351775725,-0.305205134
-0.52264713,-0.990034227,0.31473041,-0.602185283,-1.67604055
-0.402177298,-0.716749703,-0.33699598,0.837928899,-0.079352165
-0.113345441,2.163960196689949,-0.029930959,0.2640684888190729,2.217634540309921
-0.069915287,-0.378401684,0.071132272,-1.017406556,-2.096737104
0.37091048108958674,-0.62493503,-0.150252101,-0.405089929,0.010490932
-0.158551829,-2.148386072,0.3296261888869369,-2.078980681,-4.86633195
-0.613340865,-2.790946032,0.2803372940178613,-0.457066062,-3.768169517
-0.330952417,-1.729637819,0.1880204308663996,-0.568119225,-1.690173013
-0.351719262,0.5128156010832827,-0.307126772,0.8732156726021416,0.2854969266148466
-0.841687483,-1.43300735,-0.264616567,0.31438814535214993,-1.615289348
0.5951768624980157,0.9721960011400287,0.14978854036176176,0.25167063741874063,0.11032786784257897
0.034543359260707666,-0.759921442,-0.011026082,-0.319195411,-0.104658629
-0.026015453,1.0015666499041571,0.005957575,-0.229001402,1.0305952447525364
1.356163988689814,0.5706923928024915,0.6122385432201829,0.4514487542260024,0.1784259641689857
0.7633560756426856,0.019510259,-0.088415165,-0.115824276,0.2781172775228668
-0.573230788,-4.005481263,0.9385382547652718,-1.637278169,-5.570678408
0.1067681467946604,-1.909655163,-0.177862393,-1.665875056,-4.876162093
-0.899368846,0.051895696766687704,0.044532683,-0.049515483,0.2266104514990341
0.7303964401732003,0.8598995007882753,-0.405648051,-0.555380651,1.4861577220132836
-0.992827327,-3.246405826,1.002184129354567,-1.009424401,-3.349700744
-0.064798801,-2.125513736,0.099110257,-1.529507565,-1.592460553
0.8066551731843629,0.5568763634243166,-0.307028615,-0.380619409,1.347178269390198
1.0331696395289747,0.097116775,-0.749826909,-0.725753913,-0.797872267
-1.794725629,2.2445391401373542,-3.17354426,1.768261515306539,3.3116626165262226
-1.262235297,-3.016747803,1.2308776888466033,-0.975157082,-4.755041535
-0.708206613,0.7204553270456953,-1.47978248,2.089478484713213,3.3766222424904404
-0.293095994,-0.504992335,0.091980116,-0.313822495,-1.501040924
0.3242716986507231,-0.617000492,-0.16454541,-0.507430684,-2.543081886
-0.804030596,-4.141542032,0.10486543624578105,-0.130424684,-3.349306768
-0.096900422,2.7929740503427247,-0.141749703,1.4628388621741566,5.339496836533551
0.5708252609222135,1.7749643377818183,1.245372074298489,2.181704559266511,3.806784582284039
0.49796480156866024,-0.080135567,-0.343217349,-0.68924018,-1.301165699
-0.336157471,-0.639816781,0.24912293590575588,-0.741089987,-1.257329102
1.5641208443697943,1.9238316360688916,-0.865565195,-0.553387673,0.9471476010790225
-0.100074711,-1.677536745,-0.045875933,0.45841684235468505,-1.55405253
-0.179423512,2.3421350371178145,-0.075485819,0.42071308584231115,4.084524889913057
-1.245690744,2.548358868595947,-1.717626412,1.378854599977429,2.338157697055977
-1.167651082,-0.326070166,-0.361086658,0.30924191634707965,1.6005303606792922
0.3806653368342084,1.1469556161546735,0.4547172790394238,1.1945329270615133,1.0039196571424553
0.875705004,0.6111360848608256,0.968760977,1.1062640642133819,1.1567453912564196
-0.854212595,3.403092854272369,-1.275746802,1.4934769267958927,6.408116566679803
0.42826245738353086,0.094171602,-0.033058255,-0.077191579,-0.136111
0.27677725128050323,1.315377263,0.26271672112123556,0.9491991119421233,1.0291352260596194
-0.304814922,-1.480710884,0.1529018216123812,-0.501621839,-1.117521029
-1.801518802,-2.540133982,-0.137365152,0.076249635,-3.185874819
0.5534683392680487,0.16980198953833225,-0.3916599,-0.707646439,-0.783665804
-0.50862637,2.1192526658449165,-0.601006229,1.1816261687593494,3.6088090149106047
0.9211906449335547,-0.719410579,-1.310766419,-1.422904614,-1.424787929
-0.062528094,2.434756668151673,-0.05816034,0.9301473299497572,2.6119395075050837
-0.121821515,-0.313853205,-0.085616731,0.7028046848496691,0.26242397617641955
-0.072739218,-0.73359901,-0.040985759,0.5634616390304625,-1.617601107
0.4674562921455496,0.089390983,-0.116298539,-0.248790188,-0.104034655
0.43202693379420715,-0.545370328,0.7656027995858771,1.7721182169409981,2.2643416623502253
0.3047542036528126,0.5022988423121675,0.29510019029847456,0.9683219682005233,0.6447302265721563
-0.308947983,-0.625123973,0.23700324201653364,-0.767129922,-1.41568713
-0.148902539,-0.489966206,0.063233642,-0.424664632,-0.570709534
-0.261205175,0.44816552908348606,-0.091981259,0.35214179293900966,-1.129062546
-1.111332656,-5.881362059,1.879094872045522,-1.690848245,-7.129239456
0.3884100459979479,1.006585932166769,0.039507459,0.10171585265061119,2.860636668641016
-1.502574485,5.706611979579872,-3.013932241,2.0058454811897417,8.431759096
-0.998090959,0.39781817136569214,-0.696890135,0.6982230716052854,1.6527659761687372
-0.242747789,0.9490554634215794,-0.077764647,0.32035161809874035,0.4504748901015825
1.0317766612859296,2.0286749369756927,-0.207011367,-0.20063583,2.3918766707690735
0.3585673655135996,1.5702570091611598,0.22127294548013546,0.617102856,4.193124213457438
0.9609096263846497,0.9375643083298218,-0.073877148,-0.076882514,2.623070865206534
0.32503056670405983,0.5759355756976381,0.33947786163931215,1.044449034691579,2.4753505557713074
1.1191688314912451,-0.411488819,0.8035377079310871,0.7179772035470351,-1.181599955
-2.609086594,-0.189913418,-1.269438569,0.4865452038861897,0.34696094340070244
1.4385803308363445,1.7076667245941217,-0.777537494,-0.540489452,1.072415245801765
0.7896619610050355,-0.396357396,-0.350134522,-0.443397985,-2.562620508
0.9612556657007699,1.4000700615510375,-0.697743476,-0.725866698,-0.196099136
-0.408775298,-0.481928784,-0.438395377,1.0724605389538535,0.6864265789175532
-1.463267784,-3.425218452,1.3320526124234306,-0.910327301,-3.468361292
0.7931148644372186,0.6126935011280613,0.6031380793761474,0.7604675015189942,0.905386372
-0.453707742,0.4207638008246961,-0.330780881,0.7290615750631724,1.6652243369248287
1.5401604718087591,1.7893248992023747,-1.901767329,-1.234785182,0.7379165338225547
0.5028986250117533,0.2509718664683274,-0.151309599,-0.30087495,0.4953226545907033
0.099813288,1.9219676439789377,0.034783655,0.3484872196732846,3.8239186422613654
-0.059374295,1.1763380961330014,-0.100721494,1.6963821595144488,3.911956601444907
0.6385501256069652,-0.697846761,0.19544106380635404,0.30607004206690924,0.077567986
-0.855794206,-2.885155172,1.2819519893088864,-1.497967595,-4.004315889
-0.043836918,0.1716570097512451,-0.038114155,0.869453339,1.5239255617290521
0.22435785989733686,0.578361056,0.2643655101105872,1.1783206981540886,1.5337306661795087
2.214110673268716,1.7080273150029943,0.20798570827109106,0.093936455,1.8558324343414019
0.053787605,-0.418185926,-0.038080092,-0.707971511,0.7380685853013431
0.4831172456364935,0.5732684673642678,0.4975127770198673,1.0297971796978767,1.9910926130909377
0.073346657,0.7942850456265571,0.090256809,1.230551102357932,2.215173402516715
0.7635572265208632,1.6563115159814847,0.4029650829190136,0.5277470619394408,3.5286573932511103
0.9970010423447234,0.4544563759539042,-0.115876046,-0.116224599,2.5125789927117044
-0.226420467,-1.146843289,0.10044400809421226,-0.443617176,-0.096231357
0.074511797,1.3757513401895114,0.18591213281771327,2.495069765951693,1.0515344362911025
1.7715790430087213,2.036405013609428,-0.02848988,-0.016081631,1.9666424538816416
-0.111282571,0.28141707086526685,-0.050431253,0.4531819552792507,-0.542842373
-0.436376381,-2.819277163,0.782553061,-1.793298388,-6.20157698
0.18896438049051809,0.7282449567862646,0.37870681753804125,2.0041174773520036,4.024410577823866
-1.085493841,-4.466600849,1.824274235,-1.680593815,-6.113590087
0.9744106295287573,2.918630856147717,1.483960173916733,1.5229310199893888,6.030743514
0.19055110923515003,2.620492729852175,0.24029687510204895,1.261062588754128,1.8093529125970016
-0.536656733,-4.498604145,0.6646817982171613,-1.238560439,-6.180468902
-0.257608723,-0.448518987,-0.241004997,0.9355467212804829,-1.427841328
0.91506332,1.1161814504699088,0.6436217983551189,0.7033631268850171,1.6465786200391423
-1.150972963,-3.351124903,0.8026535676325075,-0.697369611,-5.230944027
0.49497248524174153,1.8956607939251255,0.42525801899908405,0.8591548655303347,4.882478938534134
-0.870247222,2.326482106032504,-1.442467665,1.657537799340152,3.6564392818900133
-0.342950141,0.5398403989446046,0.014248912806998498,-0.041548059,0.1136547186621088
0.5287750515431558,0.5829054294631199,0.12028092310441622,0.2274708739631214,0.9428307708731386
-1.13529834,2.5490833856660453,-1.16494488,1.0261134355452988,2.9653028547799494
-1.850310667,-2.530039068,-0.787220814,0.4254533187001766,-2.293831479
0.6839781121666747,0.5920199946749055,-0.108584016,-0.158753641,1.9567509120798428
0.20001167271818163,-0.420829215,0.1821430643974656,0.9106621724728383,-0.474865507
-1.508898667,0.27171354649123847,-1.474521224,0.9772168639266938,1.2182378948047818
0.20780076320485122,0.8150733439912006,0.18408909859248362,0.885892312,2.0466205787856455
-0.188286065,0.6685217032382504,0.29363684882136076,-1.559525124,0.41711856797007085
-2.034464756,0.5900941027682101,-1.649481661,0.8107693463902702,1.9894422839348773
-1.120231357,-3.050946818,0.8064918587847538,-0.719933301,-3.775779488
-0.156073612,0.5325313294650735,-0.06339007,0.4061549522805588,2.298699479748439
-0.39875434,0.6224550825498293,-0.17790214,0.44614471095401115,1.8634823858618499
0.3672297885268952,0.092101603,0.4497540731470445,1.2247211070517647,1.7243889617765717
1.4820006757929483,2.0792041372871433,-0.338761754,-0.228584075,2.641820232062804
-0.699522178,-0.010098324,-0.015097254,0.021582238,1.095015440657171
-1.643450695,-2.274657259,-0.018650342,0.011348282187491952,-1.8591071
-0.497261493,-0.234234461,0.052328328771979245,-0.10523302,-0.012246173
-0.689765398,-2.892148734,1.5495073642079729,-2.246426637,-5.221181463
-1.439899485,-4.732709367,2.568921218781573,-1.784097602,-6.816845039
1.342405294593206,1.1394428589862675,0.9891836817050699,0.7368740913710609,1.158997206714497
0.14863774183983913,1.636516960317571,0.087717915,0.5901456402269418,4.007114418243113
0.33146172080068736,1.9516777395620046,0.46354918841489967,1.3984999151489905,3.571572682377565
-0.243399207,1.0662335017426368,-0.48447507,1.9904545915623408,3.885765058999014
-0.802022955,-1.639540815,0.054844532,-0.068382746,-3.085639665
0.7897917445524804,-0.387327625,-0.422497374,-0.534947823,-0.360790321
1.0534661386430517,1.5756820365222617,-1.606031879,-1.524521596,1.0138450022802779
-1.618558221,-5.1319315,1.5683351316336318,-0.968970477,-6.171199942
0.3305076470664475,1.2756133855620748,-0.012004102,-0.036320195,0.727798483
1.6288452301055507,3.620338020234552,-0.4648726,-0.285400105,1.8797843390698166
-0.59049051,0.2909837852926773,-0.398293669,0.6745132443013525,2.710278446742658
1.0688546732448925,0.6892454446632319,-1.00984573,-0.94479236,-0.192479991
1.1426024689855456,2.7012744446859145,1.134778185611067,0.9931522260918749,3.402111876362732
1.5272812370033535,2.406280270897277,2.1179637982239017,1.386754283958542,5.316273790397248
0.5881843824460672,1.6274615023986883,0.43107821937193197,0.7328964050001092,1.614728332843921
1.4689151093374624,1.5540094469365409,1.4606164746337083,0.994350501,2.922347986407587
2.3181883081922643,2.4911930311323567,0.8333934251949354,0.3595020396961712,3.1291048258614764
0.5591838896771448,-0.206508655,-0.51431555,-0.919761029,-1.721512193
-1.65829339,-0.664694336,-0.911546127,0.5496892963830047,0.846654783
-2.252971175,-0.172243016,-0.108898111,0.048335332624709224,-0.19089977
0.4360080694149568,0.098074462,-0.006968638,-0.015982818,1.4525305936766402
1.0836357310817901,1.6396353080923385,1.2623407005738463,1.1649124003263123,3.5173539545527976
-2.028002062,-4.683261135,1.7771178175242166,-0.876289946,-4.133684223
0.6569459535067416,2.096086045609299,-0.581144125,-0.884614818,0.8995271145733438
-0.54010155,-2.688355018,0.5530369825471689,-1.02395,-4.767044553
-0.921628489,-0.9910385,-0.581784265,0.6312568156119146,0.6923618537222408
0.9318642005633543,0.3967112840369881,1.067292579,1.1453305950748758,2.528823944802105
0.4679068104791734,-0.162561993,-0.07309838,-0.156224228,-0.065807155
0.3536001162184481,0.16115966703323248,-0.269173916,-0.7612382,-0.97154961
1.3901943337648073,2.7413898313172678,-0.233932198,-0.168273019,2.4716900512391997
-0.140176186,-0.970029074,-0.008211627,0.058580756,-0.605128208
1.0761342264511187,-0.022657943,2.363828777088905,2.196592877530113,1.7640779985483594
-0.535560386,-0.539053153,0.3312672068116517,-0.618543147,-1.199678841
0.078633275,-1.25640085,-0.123072558,-1.565146023,-2.226187491
-1.691697973,0.9871087912046389,-1.457859418,0.8617728703194987,2.8632540526994816
-1.139061685,0.9911152766241186,-0.654535373,0.5746268021129162,0.9208163512382401
-0.307033417,1.0669440683568532,-0.318580488,1.0376085166525346,3.891145650209516
0.18769804652771271,-0.719817094,-0.042717332,-0.227585382,-0.555433719
-0.334162956,0.13249678414118193,0.022714112340628673,-0.067973161,1.101815879001736
1.0250687368758313,1.7542135857631158,0.734797602,0.7168276381362575,3.1305933630936815
-0.129562258,3.3272168314601824,-0.115914052,0.8946590924035039,3.0185061992101074
0.2074878279775105,0.7919914961805057,0.10061057670753767,0.4848986935197124,1.0909069869246313
-1.11497323,-2.433047189,1.049214821167797,-0.941022432,-4.365891665
-0.785249526,-1.868741639,0.9727862455196264,-1.238824365,-2.923014979
-1.103362172,2.582982942785618,-2.441471471,2.212756185407416,4.848954587663432
-0.20550955,-0.727237573,0.1381163440728298,-0.672067766,-1.611685648
-0.949220179,-2.798258698,1.3768874411939411,-1.450545902,-3.574138246
0.39996906841944013,2.6023654095793987,0.890978825,2.2276193220916425,4.061448699
1.746186937288717,2.411440495787333,1.5212630131924136,0.8711913831828682,3.3305031759760215
0.31269611250761803,1.2619194741817998,0.18378663696657443,0.5877483908985179,2.241042410584511
-1.142563009,-0.757012172,-0.286349163,0.2506200187842399,-0.645387371
0.048811843376263896,-0.139682049,-0.02970553,-0.608572182,-2.382629997
-0.302209713,1.7783402990173482,-0.514446782,1.7022840771177818,4.179235546026404
-0.94730729,-4.907796771,1.8839588478573006,-1.988751557,-5.687510478
0.5159956358510949,-2.093098727,-1.136402428,-2.202348914,-3.952763533
0.57731544,0.1909751360112366,0.3498039458206439,0.6059147588489832,0.5284587316537759
-1.046510259,2.8296021647815026,-1.872055906,1.7888557620916625,5.286176855863446
-0.338912425,-0.86656812,0.023784636598093625,-0.0701793,-0.215091431
