Y,Time,Group
-0.2329003,-1.193204122,0
2.8488459197960685,-1.607748259,1
0.5502089999246669,-0.269792531,0
2.1982803903839576,7.743730290599906,0
4.111044088341962,-4.244358818,1
1.1538856424846298,-3.843563635,0
-0.515597111,-5.921127774,0
1.714019945516011,-2.01357214,0
1.5654052981855109,-5.493065695,0
1.1495227567748367,1.1984730963513375,0
0.1469920487844042,-9.966827416,0
3.8995733493829765,0.3643160771416092,0
1.6166774631745926,7.7232867281457445,0
2.245503973165567,6.755787224114314,0
2.152297292614386,4.934614722,0
2.153583468705634,-9.734463432,1
2.759031441009253,5.605054249880638,0
1.4264387934764862,-1.379531441,0
2.701840907236539,9.271452847531023,0
2.9981074165012753,4.518388563,0
0.9042466418422532,-1.665992117,1
5.891810113836518,6.291214091,1
0.11835870498907375,-1.337126786,0
4.937468932667264,4.501085751551635,1
-0.465163303,-6.097260312,0
2.3478615008729986,-6.537035482,0
1.340781979036706,-1.622290656,0
5.377056561493039,3.410077834411908,1
4.000115979574966,5.364085058391172,0
4.106730911345147,3.7240609136911402,1
3.011495190435905,0.11639376921096733,0
4.661987396304937,1.715016581139647,0
6.9248325936598345,7.741245146173576,1
1.3382070090913822,-7.707009869,0
2.1946243818099713,-3.620157806,0
0.11617303608068841,-8.913297972,0
-0.365452606,-9.764199554,0
2.0359784113528336,-1.732493291,0
3.195433569426739,8.811100880564375,0
5.482625961047496,1.8202338123149886,1
2.972032355829879,8.053474539807773,0
5.632052568,8.404864488,1
3.0293576523923935,-2.112280646,0
3.1998955360270376,1.996821610026366,0
2.4483309924840206,4.506668662242021,0
3.8186087589914983,-0.64577048,1
5.526330378160532,5.134428472155982,1
4.248466604831909,-5.938878995,1
3.4049641084558697,4.160461407906089,0
2.5729202798204263,-5.880405808,1
1.4273624299283951,1.1182513200913675,0
1.0059099998293861,-6.127161699,0
2.616001960880502,2.246890270706036,0
2.3165652517617485,3.356424942017604,0
-1.282840663,-5.326280164,0
1.930714228355354,9.804418509807846,0
2.0430210089738052,5.292631992265322,0
2.4934357580256967,4.0486594287492945,0
1.9444618398665963,0.6812936763729454,0
2.7627404542908174,-7.333445221,1
1.2800096203268418,-4.35848487,0
3.2800343111130204,0.8475544465853808,0
3.9988264341327446,0.2014875747646805,0
3.439306002452496,8.736958283,0
2.2478773737944717,-8.1607533,0
-0.091307247,-0.33140932,0
2.4642813077420103,-2.083693898,0
3.1631729809576044,8.589055090719697,0
1.936826247,-0.026318101,1
1.0674984508979963,-3.712464702,0
3.125005508569252,9.308805603960984,0
1.8007168761452699,4.570287003357398,0
2.101615835798907,-5.140874186,0
1.6873958056401712,4.2997454705833285,0
1.8967877509345707,2.1322006077908195,0
2.8571856359126713,8.848742570302868,0
3.7719864139153145,5.972732750012476,1
2.884418966029168,-1.857807099,0
6.769595032828613,0.5866464162073175,1
1.535603246932648,-7.206707689,0
1.4040993769742003,9.397824081849567,0
3.389799227251018,9.853709873000291,0
1.0937420409271363,7.329193335386627,0
3.0274102900352924,1.2678705161708752,0
-0.11100801,-6.843708216,0
2.3457248202472396,5.067013221528976,0
-0.093660902,-4.726703235,0
0.20365702025247068,-4.975985778,0
1.3518308764784324,-6.494429714,0
3.061089752108053,8.925171005792357,0
1.720408610045038,-2.082131904,0
2.1087505252166334,-4.14711431,1
4.264572001,-9.253655902,1
4.317239433,0.7102589183974359,0
2.1194913093494074,-5.177900811,0
2.4490019832274488,4.370166096,0
2.282904773674553,-4.940430228,0
1.1173829901807346,2.783004614997626,0
3.0365452850613845,6.876470816934724,0
-1.033077484,-0.281120857,0
3.743663401550362,7.084573184,0
2.4051232307703856,2.079097813880569,0
3.4598408057977186,6.663870959462066,0
3.572989999481335,-9.029710558,1
6.781216613098639,3.9068406064282275,1
3.1506245909937682,4.160767679571791,0
4.049730252,3.8032164357298477,0
2.735762998600949,-2.950092474,1
0.063142836,-1.351912042,0
2.118285204542727,4.912902968985133,0
1.5676449239764008,-8.835007739,0
3.9302349937227303,8.441982512233363,0
2.288854779583356,4.937652256800282,0
2.383575380477388,-1.682755183,0
2.9120441056530044,0.8774086050246979,0
0.39380270957807284,-3.626982723,0
3.7286011151269367,8.881245115,0
1.265597357760524,2.792803604605343,0
2.3063603148891683,-1.033239642,1
2.3237830074557406,9.885637280569028,0
-0.637216282,-8.785415633,0
2.5914649922993944,-9.565849252,1
0.6302110308416253,-2.308524629,0
3.495819837908866,3.243456577880032,0
1.9902526154924938,-8.657119326,0
1.933417575878547,-7.753995149,0
-0.625647042,-7.677553108,0
0.7606697085135143,-9.07170074,0
-0.434638255,-1.084885033,0
3.1223370216340602,3.100684024943872,0
-0.278967532,-9.780818884,0
1.6562342309764708,6.796189735725612,0
3.967306330130751,3.392041480926828,0
2.338117058157232,-2.966926579,0
1.9018081657413184,-7.393333001,0
3.954113095452383,-5.27333201,1
2.5217027388223276,-9.598864436,1
3.697237637641634,2.5569165053159875,0
1.3144525610989848,2.209308401,0
6.166011018874428,8.653358724849657,1
4.207330931955645,3.895042084916753,0
1.8556157469646881,5.190263638949684,0
5.852915103267981,5.312084438745131,1
0.42259186442259655,-1.784573977,0
2.055661424118029,3.852700257119846,0
1.2139484093577257,-4.19485067,0
1.0732528842683347,-7.405954468,0
3.278663376288806,2.5207983309874855,0
2.670344962711659,-5.597982041,0
3.181554328464395,-9.487575505,1
1.6082411000154002,-6.247359947,0
2.508580130475548,4.854135175507739,0
1.3862682386975471,6.674562001178536,0
1.2992486082714434,-7.281326725,0
2.7626309127467867,9.515038012068338,0
4.378367066663962,-4.091167238,1
4.100279145822045,0.8252925733707457,1
5.477475205135216,7.021766745398036,1
0.1015345786027737,3.0130669467103726,0
-1.132780619,-5.200566819,0
0.22395934649910487,-8.380978756,0
1.6639582100701995,-8.882737236,0
2.8754627516111984,-0.93275305,1
4.520289063835068,8.02794387,0
0.7440141503656497,-5.993165282,0
0.5073124538112437,-6.914577576,0
-0.300018777,-0.869687546,0
4.512416114228173,5.591295070562907,1
0.47944516907399637,-0.914177493,0
2.3505919110947464,-6.188095159,0
1.255742250440442,-7.524393303,0
0.9568530493819254,-2.129603687,0
5.480330738918972,5.690328928746114,1
2.8438862762893495,7.521286313522783,0
0.8901644844543701,9.945585194623291,0
4.114365542092287,-5.292475378,1
0.3902936707212623,1.4227561595223488,0
1.3706698362113316,-7.945374916,0
2.273791864885433,0.7389611076795983,0
1.1318413999271135,-8.961978784,0
2.045732788673905,2.2338255025113956,0
1.9986700303865932,-0.797720864,0
5.874273779638115,6.391013982250797,1
4.463719202613893,-0.367320313,1
5.964807486,9.000869515840819,1
2.6559505025685337,-2.393925503,1
2.8353417118721325,7.935509929654366,0
0.6659783049027006,-7.892755514,0
2.7950469292875018,2.6241487965089085,0
2.860739078287306,-4.732003803,1
2.4910789093361974,-7.482150382,0
5.775240497688129,7.647009087851298,1
3.246588395848385,-7.411183322,1
1.1724218929005457,-8.669650055,0
3.1257815978834254,-5.121004448,0
0.3004739623545445,-8.691986453,0
1.6195663510233307,0.6739034787135427,0
5.5305662982591315,-7.923530915,1
2.0601456415248895,-6.298395752,0
2.284760939214414,6.279318558633008,0
-0.364477872,-1.250837733,0
1.1304675725502595,-0.52931555,0
1.1818967075937734,-2.464028389,0
0.5797092291773864,9.416889262656596,0
1.9003102413646769,-2.65996416,0
1.643336473204256,0.7975710101691575,0
2.083458194745859,-2.556182968,0
-0.049482039,-0.303036346,0
2.922540365,-6.98653792,1
0.237261851,-9.080126208,0
1.7141938945558626,8.468606824584704,0
0.5080293029093821,-8.375533902,0
2.590658352451304,8.430907364246703,0
2.217021661448101,-9.67369182,0
1.6168766008232307,5.336843067469243,0
0.6655084636774311,-7.571788862,1
-0.362599061,-8.330591148,0
2.261996220440115,5.781598950111647,0
1.5491270616644826,7.760866689713751,0
0.2989424803226671,-5.594522905,0
2.8140222199716347,-5.594280855,1
2.4758348799666345,2.5977592725995695,0
2.9040680783820907,2.894630181441187,0
0.7255882625056136,-8.309338344,0
2.9170142032799458,0.46532771417221674,0
0.4463626618286064,-6.381827341,0
-0.006451312,-5.417231867,0
2.829298921395155,7.131472857253762,0
3.310795196541963,5.6772735771229215,0
3.7929225355434637,0.30877232059537896,0
2.025520189,-0.494840189,0
2.5897414810730686,7.279661237535095,0
1.3153023197135738,1.5868953236615333,0
2.3101105304942657,3.290487348845687,0
3.035352193150792,4.030239849781372,0
1.520607310535349,1.9259704799740298,0
3.232190749971898,6.887314711411648,0
-0.703821896,-3.028812607,0
-0.109232027,-4.997730433,0
2.2727428591835035,2.287649676852844,0
2.237524832401286,8.420918212027235,0
4.124944969173112,1.5196270811600137,0
3.116928597898364,-3.321443587,0
0.7933351446844468,-5.424233211,0
2.0496353129873905,-9.351809883,0
3.5650446136190013,-2.695498013,1
2.822593669,9.146615729979914,0
1.201140074319714,-0.893466619,0
4.695269297448794,6.041416774684006,0
2.590858624125793,4.356194364549069,0
1.9091689946550505,-7.263008655,0
2.2875481363542884,1.461482580709827,0
2.712099860878124,4.032723957,0
1.8667590294339087,4.987565537144512,0
1.9573397132913055,7.094707144625538,0
6.499659042012001,4.330994215216732,1
1.6402332155308117,4.860675644757988,0
4.242545707928679,1.9772567068923799,1
1.9273489162729596,-3.113764647,0
1.6755060934140433,-6.966676383,0
1.4090104396734429,-6.875561566,0
2.373597140386951,-5.120589378,0
2.6806495809957287,1.7096727176195827,0
-0.605448127,-1.947817461,0
6.322978960804116,5.043169113883966,1
3.341435545074586,-6.751785513,1
1.102385203135295,-1.861916183,0
1.752113441841124,-7.940924565,1
2.047402575,3.9031302593896644,0
2.8942064089227166,5.576716905938595,0
2.8269769546804957,2.6097331288356926,0
1.687203204056646,-4.504871391,0
0.17844800302285024,-4.014214188,0
3.3578062604549057,-7.54155978,1
3.3652895759668717,-5.156319787,1
1.938523064255238,-6.316437926,0
1.7563514239188598,-2.418070275,1
4.113388185069907,9.282639064,0
3.862903397475086,2.3713757361519896,0
0.2125170425091758,6.2777199344310795,0
3.8258460154707925,7.915013017575635,1
1.9264833272304442,8.488834222797642,0
3.142744031330542,4.1551151586972335,0
2.606807431648048,-6.366212107,0
1.8224610191250425,0.39636044746453436,0
4.195476061226205,-5.326292743,1
1.6726438441754479,2.0504519114564737,0
0.18913337905552507,-8.962388228,0
-0.12645884,-7.378306201,0
3.832626736445789,-2.481199698,1
1.4217487595373703,-0.355190905,0
0.9915148238852032,9.82197766,0
0.6619571075599402,-4.764216261,0
2.1478471919995847,5.333720178487768,0
3.2304202579739503,-6.935571855,1
0.16975441049800932,-6.146732237,0
1.1902365710733924,-6.799767672,0
-0.518852628,-9.903159311,0
1.7479334811153346,-8.986739063,0
2.532767120877938,0.012323474307194715,0
1.6257628644147413,-5.024536572,1
1.893845476511681,-1.889114134,0
1.130412210040648,-4.475923956,0
3.376272877237437,1.6293805747159507,0
2.0855184877490327,-7.37844658,1
0.7428570122849081,-1.051638397,0
0.95686131,-0.910535124,0
2.422214816575277,4.470737227646435,0
7.1780776374145585,2.161679174854882,1
1.8365482618645146,-5.567807227,0
2.762614044078441,5.844898839834656,0
3.0174554530590845,-1.226472956,1
4.582833110433265,2.360019013871426,1
-0.656262158,-3.043227738,0
1.1525546454796993,2.2800723721151765,0
3.738725063460665,3.823883206508288,0
3.048601402,8.004263309,0
0.44856077994045385,-5.714293692,0
0.9054480414748178,-1.68220848,0
4.914453996833313,-5.738767565,1
0.8181664685825485,-9.844457968,0
1.4661965202071157,6.0613827218583936,0
5.507858617510481,-1.279843375,1
1.6735245716764122,8.866695822,0
2.0400582234200297,-2.724090012,0
1.2389472410246236,7.3515546221849455,0
3.293520529,0.1929923206445352,0
1.9675204649442009,5.030288598129346,0
1.438495481201942,-9.387270821,0
2.708653418507326,5.028526870344901,0
4.915420562020852,-4.815399802,1
3.8194056957445173,-6.203927948,1
2.6313962626728222,6.647813840021595,0
2.3848126012229174,5.897552549703832,0
0.7687885247287403,-7.3019645,0
2.5893850190464898,9.008383290760491,0
1.4041177404639158,-1.242450244,0
3.6018389117719813,4.606422136856414,0
1.3214147154985874,-2.9778774,0
1.73212259,-6.687974987,0
1.7136552067157582,-0.627640833,1
4.207102578895128,6.197811846257309,0
3.8419073959891836,-2.844331721,1
0.6396034275019433,0.7375118919125807,0
5.356688084747276,6.1511354771343605,1
4.374437773518114,3.5753749138847084,1
-0.170787775,-1.222384087,0
1.8928706174599048,-6.558290995,0
3.4036155325366177,2.179309395133197,0
4.211111146148899,1.6420905397152978,1
2.608454466739308,9.890693439051287,0
-0.469356307,-4.921201662,0
1.1049524105634136,-4.626105367,0
7.583131018,2.896666954514009,1
3.6093524173653346,7.860107649406945,0
-2.299416964,-1.027345527,0
-0.19251978,-3.52849687,0
1.2024665639115493,-2.58110409,0
2.6531678214646806,-3.092509538,0
2.385065431778825,7.888109605243642,0
1.9799926492477584,-7.757268503,0
6.568965777084884,8.170677187591508,1
2.9945565988215694,6.221087182902618,0
1.5080090870915142,-3.22333979,0
3.238556195582181,8.725025124853431,0
3.4699001233921614,7.319437970268563,0
-0.573041576,0.2237134769932112,0
1.2027469022869894,-4.22203168,0
3.2461217267148323,7.420147681630269,0
3.5485335104162665,4.679895562647724,0
0.7493743164687292,6.618528063898282,0
1.6073852814339582,-0.098153796,0
1.2788943625510965,-3.99710476,0
3.5210967088579412,6.777513443552756,0
0.8843027900016331,-3.529259824,0
3.401264017724149,8.266231052,0
2.493242542730806,5.481271275745637,0
0.2809296819645668,-6.375912368,0
0.8197239936767904,5.776494200978952,0
2.6300527406790053,-0.369842,1
1.0738494148078974,-7.848856429,0
2.3149649510110453,-5.942217857,1
3.7049955380162602,-5.73603006,1
2.408424991556961,9.313614283,0
3.5380167179008084,5.023019207041845,0
2.582591137478647,-4.57630569,0
7.572903812830784,1.3959362160937605,1
1.2481408529719502,-8.53114401,0
0.7003579381220423,-3.514131229,0
0.1624900237853888,5.971634453062308,0
1.8152398759327202,6.600268406797188,0
6.0002544372274045,8.672853422531325,1
1.3340881769202764,-5.415714497,0
-0.241661999,-0.743761391,0
1.0897869669802644,-0.387035266,0
5.420600840417468,2.5161170363601286,1
4.972235655074223,5.529050836,1
4.795778141173271,2.830018315454483,0
2.4623384389999665,0.556978893,0
3.3154735832584854,7.922422429,0
0.8475794908606612,-1.9459507,0
1.0397760767775712,-9.67522332,0
1.0809748642784454,-1.196773348,0
0.3807630062146532,-2.272247533,0
2.0729048878453087,-2.661838731,0
1.3569737628933876,-8.681483165,0
1.3806257566278746,3.3393055090329753,0
3.142578324821136,5.363912588175552,0
0.11690878008077832,-9.015729534,0
1.184683729,-6.548667349,0
1.9594229261386853,2.3472862226992817,0
0.32338415195722525,-0.075584707,0
2.8386896888558484,6.273419551008413,0
1.6977943449483033,-8.531846989,0
3.456423180005432,1.1655589657552596,0
2.560473036924765,-0.04204289,1
2.006628807281068,-9.045627474,0
6.655269895165918,0.7857463810452447,1
-0.105115205,-3.729233276,0
2.194393504698615,0.7975288399363851,0
2.2359385315850364,-9.458509721,0
4.155206112170958,-4.541052258,1
1.798387633,9.270963433817393,0
3.453000760506666,-4.60318114,1
4.114595052048412,2.3626101849500394,1
1.8450227077866743,3.955592248,0
1.8890496400120729,-3.381863094,0
1.2727335557492936,7.5328030185065735,0
0.003322295,-5.251734515,0
0.7962545302931057,-9.328369455,0
2.558812623,9.915976697864217,0
2.577560489007092,8.788145655058244,0
1.504454833,-7.043243582,0
2.121930537,-4.837472073,0
1.1305344170340252,-0.216942243,0
2.0541834707231343,2.3872572514928248,0
1.938645222436778,-4.41129059,1
2.2555718114832235,-3.717958105,0
3.6605206479753853,6.807230298043255,0
0.6018491514398185,-4.576481559,0
0.34836950344010553,9.237995075742575,0
4.021539659429147,2.4074300041182557,0
1.9007366142261948,-8.364823357,0
3.454034241059025,1.4292233816841176,1
3.216952076136324,7.209579517199064,0
3.4025744546854755,9.563249687633764,0
2.9710358715571554,5.680589219074168,0
5.3706501581332855,-9.308307535,1
3.3495250845579925,-9.32692594,1
-0.055432063,-0.659712388,0
0.28660298294491315,-3.632284686,0
3.021111702284172,-1.746590064,0
2.3134822259657017,4.650988364490914,0
4.323996219184229,1.1518435480329021,0
3.5465842151088016,1.3909505643571958,0
3.4656955029656853,-5.123379463,1
1.7735791510800305,-5.644077098,0
1.6550101841823113,1.1251215237424184,0
3.6258340123397623,5.0009133359915765,0
1.348796786244962,-0.479367979,0
-0.23789343,-3.17502122,0
1.730917409768739,-4.475550003,0
2.130440420181571,0.4153178981600032,0
5.240953849883106,2.1268502853926243,1
4.168654014928327,5.031965804509145,0
0.5081661346499722,-6.995519061,0
0.14133322128895276,-2.047442885,0
2.9550611935415674,0.7831166123137727,0
5.584156939243794,2.130188241262573,1
2.758624183030821,2.2149794948981327,0
2.789670265472835,-7.881665246,1
2.802783134109056,-9.496774511,0
0.30009474562043303,9.848924760361609,0
3.3806713500446395,-0.591701118,1
1.9782587884781972,-2.609330749,0
2.5219208566996203,2.124372951479181,0
3.2699279500515246,0.9146466474431403,0
5.608768910645049,7.787456802781879,1
2.6224544013216886,-3.850377347,0
2.0011993696388144,3.609817607352179,0
1.700440203938959,5.576945415423626,0
5.481784375585981,3.723192552605493,1
1.4091759928450367,-7.140639197,0
0.6569279619217977,-1.352511932,0
1.3105626984638161,-5.68960312,0
6.383761459146377,7.4642071361143465,1
2.687891090890211,0.44237643756167344,0
2.9733238286606287,9.926168239714201,0
5.247244062008374,1.5514723088830333,1
1.0847534843777733,-5.753980985,0
1.168781697376054,-0.435787345,0
1.4535600979825056,6.7761330565321245,0
4.932104503659288,2.335236055473235,1
1.7970774079304441,2.4290318447732044,0
2.2564835385108246,1.6936018712205136,0
1.653231149886632,5.588259429382179,0
0.6808901204630362,-8.377618594,0
0.4668107565955829,-3.596809631,0
-0.330864943,-4.629021785,0
1.7162538365201774,-6.323805618,0
1.7423080297555393,-0.410672282,0
3.2867756599672115,-5.449217154,1
1.7849949004293206,9.509577544753952,0
2.368632401331051,0.059600184,0
2.2141506650210703,-6.285899347,0
2.163840319552933,2.2639569087090408,0
3.0447950724595305,-5.548689117,1
1.9014487488276397,-1.345337011,1
1.1568931556314028,1.4385872917271136,0
2.4959472035431025,2.6416700621127376,0
2.864432644374944,1.1801277200480804,0
2.0681760739512596,5.034391597981569,0
1.8910170759379457,-4.563153511,1
1.0606644808368346,-7.223662704,0
0.8369116676842898,-1.876352473,0
1.2540529457991774,-8.734829277,0
0.6314744267336632,-7.721890132,0
2.7454334931708972,6.415691815,0
1.0672668681728317,-2.96617033,0
0.8838829263797058,-8.629042108,0
3.4590683761361616,4.268111402444623,0
1.421661449980661,-2.796879548,0
-0.738585027,-2.677585006,0
2.577970902227405,4.662755054683032,0
2.4448460386065705,6.886786118564281,0
-1.161420897,-6.546340781,0
3.563849035864208,1.6768477017883505,0
1.0663415028407885,3.414410521,0
2.767512372499883,3.159485438080914,0
3.283395277448516,-8.798382401,1
0.097647325,-3.794887564,0
1.382645921678895,-7.673115142,0
0.7965003640726869,-5.567678501,0
2.5648476827264552,8.357070168742439,0
1.0946676366528512,-1.615291089,0
0.24615822870972748,-6.889709266,0
0.5105851166454969,-6.802590628,0
0.9591084569551479,-8.64714275,0
0.938264624,5.0860775056756165,0
-1.336123361,-3.998259063,0
5.355418192233966,5.884073762,0
-0.420685466,-0.577315771,0
2.1356793523954187,8.842265132219534,0
2.6865964698880207,3.644138969625212,0
3.9521960496380864,1.4139278298426188,1
2.3217623641349934,-8.781040832,0
2.605960812825897,3.0358090020506285,0
2.2902678493972957,6.8419402457353655,0
-0.903044517,-1.804848657,0
0.9389469439327429,9.060665745,0
1.6875422818007246,-4.375125047,0
2.946192551064202,1.8166232604284254,0
2.2107776969299016,8.703297675769004,0
0.25451948572026906,-1.389179367,0
1.1322091734320952,-4.724392617,0
0.40532745915053836,-4.70970075,0
1.3259732720194104,-9.003003474,0
1.4417753484584734,3.539857245480766,0
3.1584421865866026,-8.143359205,1
2.2589195342415946,-2.257498964,1
0.6416140550533339,-8.597868982,0
1.3576061329889777,-4.051839623,0
1.9041514961879864,2.5362510294163165,0
0.5668402723810484,-1.30656693,0
1.3606473140712658,-8.187456414,0
1.512751439,-5.138434291,1
0.474047436,-5.473015746,0
2.3116953945206222,3.642146497989474,0
6.434551067813855,2.0309361829103167,1
4.225282325058768,-4.864583327,1
1.4698635564246603,2.0497551648274186,0
1.4726080637935897,-7.287758714,0
3.211079616003748,4.442569486659071,0
1.5624377774673857,-3.011253899,0
1.3580382373342244,-3.757569582,0
3.9111748198371945,8.016575177,0
1.5803706547050687,2.2887505900644083,0
-0.209728703,-7.994347689,0
5.2170047491242535,8.092380142525045,1
5.568819984498088,6.369220144501597,1
5.449498983412941,2.4211869359004474,1
5.111676465170111,1.8724411718585756,1
0.8322688019003857,-1.094580033,0
2.976445056,-1.608358766,1
1.1134392392656518,4.465804868834356,0
6.014765097792214,3.549073768727089,1
1.291128527382327,7.358457670584276,0
3.800312900610288,-8.587865116,1
2.610598793774833,-7.294930243,0
3.1387477149257093,-4.793534886,1
1.4829209385418056,7.396722085,0
0.3861672703613396,-3.17127696,0
2.3337710237307685,-5.475701498,1
1.0532995885669507,-4.803557168,0
3.8674781698827787,4.687485139790935,0
1.2705245966194831,-9.448150539,0
0.49856211448083165,-5.56018899,0
2.469222517732984,1.4499597307355785,0
1.7972700490871545,-6.278434634,0
2.2642683901908285,1.3514349186314654,0
1.2958685577505475,-0.667170086,0
3.672802564354114,-5.130097296,1
3.438830401871029,4.787027403441964,0
1.3741328756219968,-6.859692665,1
1.1658235659739489,3.0710153539878586,0
2.302708606815787,-0.587653615,1
1.3634619580190734,-4.591795665,0
1.6435676511988428,0.9233792843262876,0
-0.286873431,-9.879020878,0
2.539523753915643,-9.826124768,1
2.7149949836610756,1.0310192086450893,0
5.557231100515511,8.974005540473073,1
2.250752146950616,1.646006867202658,0
1.8183065342672284,-9.056231102,0
3.042773674079716,7.109113349284353,0
0.5927085875768838,-1.196181964,0
-1.503432482,-6.52456253,0
2.5669394423314738,8.154099217241317,0
3.3147816867043036,9.760817207770085,0
1.9247615549758543,9.971897039931974,0
2.0220803054498506,-0.522508987,0
1.6299871902450034,-2.381878841,0
4.033993568582629,2.149244054801084,0
1.2557474295623954,-8.654109279,0
1.2331498914411285,-2.83639557,0
3.1508045107778058,6.166810181368806,1
2.929560798918685,5.107128796839911,0
1.0708481962323275,-1.95577979,0
-0.615698863,-9.383272988,0
1.9050559994330845,9.542659032189388,0
3.5830828144558966,5.416899276754171,0
4.285490081019101,5.708499969,1
1.676518975,-4.68428593,1
3.096808584758242,-5.521121996,1
1.1088040747366668,-8.720420504,0
1.5185361917085975,3.4870932792001597,0
2.079717883464448,-4.619744114,0
2.372222104134199,-8.851440474,0
1.0240204182993753,-5.153876976,0
-0.105142542,-2.126498685,0
4.872071713390678,2.946936085,0
2.9066896381424563,-1.119378982,1
2.383478100415989,8.775466910781585,0
1.7008698677062621,-5.968252539,0
0.8611697740975464,-5.496492842,0
1.6130581165753455,-9.294994235,0
1.855290133646349,-3.148915371,0
0.5765699911778784,-0.468571519,0
1.260003842813161,-2.637428681,0
1.0254727039839358,-2.877916068,0
2.633100192218812,7.4509312338063935,0
1.3112408314780395,-2.313795413,0
6.255971160010994,9.768741542,1
3.7612938067947415,2.179324776050958,0
0.8902219147313537,5.042298081758592,0
0.2564213064874532,0.8264999657833378,0
1.7723959774572275,2.6763959783557585,0
4.382384999965316,7.318176870684546,1
0.44002128402021234,-1.508962541,0
1.5804824694816804,-9.873800019,0
-0.024275768,-7.76583206,0
2.0543306382027358,9.334845152584347,0
2.1077684893896236,6.4708549828220825,0
0.8483137011386768,6.124835844520401,0
1.8882098078776766,0.3897464675418565,0
1.0602279330106799,-5.772624568,0
0.35148128396264167,-7.67812519,0
4.170953019245335,6.397795296874872,1
0.5459537887412851,-6.907898061,0
1.3106342880906907,-4.880460319,0
1.5374064109557892,5.222553193107942,0
3.6563382342154944,0.063468465,0
2.441662186096154,0.8066843900394094,0
2.3148386852773477,8.443355498080301,0
3.118062149917535,-8.062245758,1
3.3535559431940003,8.229222984168299,0
2.7667268615511316,-4.544287738,0
3.896531071240126,2.809570594192774,0
0.090870157,-5.749496394,0
4.095423891,6.954334074,1
2.704132910673493,0.2611384663895535,0
1.3984288379656458,-6.721221219,0
2.4670247311060103,8.779747416988148,0
-0.449615893,-0.019630145,0
0.2830901054940679,-0.015046215,0
3.2044607142336865,7.832561178,0
2.749595976044331,3.120140923098706,0
2.229217968323597,0.6951904816227383,0
1.2560073996666337,3.828782166383613,0
4.609166014324077,1.3718193966107393,1
5.557156687,8.052358502441464,1
1.3699099652275857,-9.206349907,0
4.846664206173588,2.490795820728531,1
1.7758370753782657,-2.181404399,0
2.141515699573638,-5.147598787,0
2.677357189,-6.400492739,1
-0.175601556,-3.593775435,0
3.527270431132596,3.8995481534668848,0
0.7016986080151222,5.718518923,0
4.206545945884357,7.794641804,1
1.8573425836633632,2.8848936608758926,0
2.1691581441622647,-5.450095433,1
0.3298563285567053,1.7772631473564378,0
1.4270609092474953,-1.441955206,0
5.706957796394277,5.230583634922688,1
2.8061554454149844,-0.092129243,0
0.32850705729287255,-8.611381085,0
1.8611092046448496,-9.935728355,1
4.369302825212786,7.8095325744746305,0
-0.02499479,-9.570565104,0
3.3040372914269835,1.1902684088704483,0
2.1497525115145963,-1.963343755,1
2.3427605197713097,-3.4958475,0
-0.071347585,-8.499302667,0
1.8117953173598522,8.963603793319031,0
-0.937708218,-7.337568571,0
2.255957536969809,-6.512496923,1
4.104939950913173,8.888375710050724,0
3.4181908225223188,9.016282138,0
0.874634944,-1.996544667,0
4.342496503983577,9.465245324927544,0
1.2113801193652751,-3.288998153,0
3.2876012205259864,-8.062354801,1
1.4880406816099803,-9.529182422,0
2.2406422208335606,0.46713660071067054,0
7.137264822112985,8.94110968,1
1.3902347667898174,-4.237679829,0
1.699261557285531,7.356060722403704,0
-2.281595392,-7.787156013,0
2.588875608116561,3.3984967484625788,0
4.846514094589299,6.859058763117055,0
3.0646482141900595,6.9988775004851576,0
5.050080005,7.055271543,1
3.0630751952330675,-4.97906417,1
2.821456600553912,8.631072119,0
1.9897028636266803,7.8398156358540945,0
0.7267098111373935,5.108141145552906,0
6.521938937417223,2.4294312961995264,1
1.5609541959337028,0.2907962144480436,0
3.0835294304521264,3.9283909373821366,0
1.0459941697170694,-5.107259879,0
4.588749771651745,1.0440641815052736,1
3.4584831530230105,4.615435206401504,0
5.875548855888664,5.675950307,1
0.11533368125373089,-9.768992767,0
2.359670549338075,1.2625178920053095,0
-0.995273425,-2.216912453,0
5.8105817891466405,1.8484305839259108,1
2.3644351553188443,1.930372432566017,0
-0.168030661,2.1737631905868753,0
0.6822621650828222,-2.519472897,0
1.0589169392675561,-3.899843131,0
1.6344631504677316,-8.904342674,1
3.6395081956369095,2.6033597239835853,0
2.4505402229499142,8.059672705062692,0
0.8874452818155834,1.2142987585808527,0
0.5174164052293724,-4.729451801,0
2.4423310334630215,9.104585634,0
0.905017264,3.446598712426267,0
1.9698189591323843,-2.108651511,0
0.880167389,-9.188550049,0
1.105204122168251,-6.226194846,0
-0.402636427,-5.951227315,0
1.2939462440890013,4.618952054,0
2.6745701344421695,4.353683221614389,0
2.3489544572835426,9.766905002435326,0
2.542353513566365,-5.351395616,0
1.307327791047062,-1.785988184,0
2.895387499187238,8.708475794388765,0
1.4536537623901096,-6.617684638,1
1.880644361453622,-7.029375746,0
1.0227051673145064,-7.027773791,0
-0.009531803,-5.886356942,0
0.9707278411014915,-6.867101891,0
1.327783192803249,9.706023285594888,0
2.0581357912802476,-2.129251618,0
2.5816317686871972,-2.600882067,1
3.0435485826997084,0.8166092445917901,0
0.30957756939603787,-5.30280287,0
4.002701515232707,-6.230608142,0
3.1824341472009587,-6.930430537,1
4.148705400503989,8.110701761656902,0
3.5746959581338116,-0.130716002,1
0.14992834111101505,-9.584524146,0
2.7455923222842626,-9.492780372,0
1.8757169363560768,9.087331661092222,0
7.265680844791136,2.3888163454371103,1
3.271800884436139,-2.497258234,1
4.846521277788878,4.064502333066011,0
1.5519737005260008,-9.734818265,0
4.846656072243269,-0.126768505,1
4.306587123479588,9.035997738214839,0
5.747742648333605,9.482481594423689,1
2.6958994541533454,2.6378312348114807,0
1.8543127329373768,1.8225061810441812,0
1.0194986909876504,-9.241003749,0
1.4586040616336824,-7.046779699,0
0.9606827359694707,-2.199579505,0
1.880718622590432,-2.747953165,0
2.1339375493957897,-1.817286661,1
1.717124758594991,-4.083831201,0
-0.565277825,-9.914323377,0
4.580135133165175,-0.684242614,1
2.701762765851259,9.933990337742614,0
5.664134151,0.28730453964474556,1
3.340886413026392,7.365447178325979,0
2.8427273274322533,7.482493711972992,0
0.991170991,9.867142989948725,0
2.405575937,-1.867109415,1
-0.141335596,6.690953157,0
5.468368954,9.321524542378846,1
-0.381123755,-3.30883612,0
1.0086750456667486,-9.943880151,0
1.4226823768092483,5.087405593748846,0
4.329856397588862,1.9484025637493207,0
4.259370829581529,9.393571726426234,0
5.506991291761793,4.785053349885153,1
3.5554211035103584,2.660461323,0
3.801737908774844,8.348305947,0
6.252897405,0.3571689536146785,1
0.6091657895829047,-9.258429766,0
1.9119169224092283,3.235909164599649,0
1.004632453661497,0.31950444528575694,0
2.943439285731689,1.347115346507362,0
2.573965449192528,-9.388665074,0
1.2954305153126662,-7.972050622,0
0.9461062829617504,-3.886315065,0
4.794755272480851,7.480555637629049,1
0.20785170049481883,9.481814541964386,0
2.3128220415088587,-4.087071784,0
-0.417440501,-1.821521553,0
0.7141686003736749,-5.33751291,0
2.9661314910961716,6.2194830490488435,0
1.9704364095010904,-4.221196675,0
5.166731592431132,3.7356307425256734,1
2.5591657033188477,8.256242183,0
3.5708217923987613,4.4066425083988285,0
3.2165353586114507,5.925316632978568,0
3.730245309055903,-3.814312444,1
6.820014325252927,6.085032402328629,1
4.711066749355597,2.0695252837730607,1
1.0693203787488976,-8.075818162,0
3.456566682190869,9.742664637,0
0.074029102,-8.767640181,0
0.000811893,0.7031630837903453,0
1.8020837029281307,-7.809438272,0
2.010688285095065,8.911836437198847,0
2.9989494566691377,5.979094902189351,0
0.5532979392415214,1.0593273620563117,0
1.727773110266881,6.168462227497184,0
1.0483098682519951,-4.012687456,0
0.8633546708814535,-9.500831496,0
1.6693624067429607,-2.041648279,0
4.5573824193256245,0.5685381027140508,0
0.7059649533806318,-0.784917294,0
0.44178221224489156,-6.280745648,0
0.6072514702437962,-1.069712677,0
5.199981464,4.3183966222634425,1
3.677467503726385,4.104392404676121,0
4.239635372,5.955577635780253,0
1.142758483823981,-8.65928823,0
3.3487407478289097,9.5305008,1
0.7954383869295172,-3.285702658,0
4.083289488020787,-7.874701284,1
-1.273483,-7.16441744,0
1.284427995451142,-7.908840953,0
1.7489631430041763,3.8339917525175515,0
3.6783108634071207,1.7089026611409714,0
4.678592657556294,4.497663957000157,1
3.1628004717951925,-5.130314501,0
4.069283905622707,1.1769274266854133,1
2.5807731108727485,4.7958679376295485,0
3.085362053801841,-6.865630473,0
2.5005448624307984,3.3193892392456874,0
0.587629683,-1.288402736,0
2.705418693856219,-5.752120415,1
2.969983288766601,2.9884637385927313,0
1.8320831803735969,1.2099470587447918,0
2.793735229634616,-2.886942798,0
2.0626298036003585,-6.436130981,0
6.622193119436044,9.603945356011423,1
1.5220103092071962,-3.890208173,0
0.6542229832877696,-3.905986857,0
2.076606579708579,-2.846791881,0
2.4702292058316218,-5.845519122,0
2.6961530221450394,8.409837589645832,0
0.4972292623527833,-4.736141864,0
0.9027602334128528,-5.885036953,0
1.6830567990180705,-0.580536983,0
3.279348517720413,0.092187126,0
2.484798588016637,6.010211117,0
0.088049172,-9.151115673,0
-2.422274814,-1.531681711,0
3.9187385972578896,7.374116426543658,0
2.1003795484230885,0.8979040809616592,0
1.9783107291130941,7.1885821684682405,0
-0.878505913,-6.691789772,0
2.6066857828422694,5.548765388753189,0
2.7004001539437734,0.7925227563076014,0
0.32999564435403983,-1.705565432,0
3.800676930725283,9.273436961968617,0
1.2888074117510913,0.5651781917938656,0
2.5884899357538416,-8.988014695,0
3.66430278,8.423478623101662,0
5.648199735740802,1.902527777360648,1
0.9959578259104823,-5.016295618,0
1.7769409102381748,7.865642881401865,0
0.9882232625912379,-6.276495621,0
2.415356928621016,8.007187454234707,0
2.405434066739909,1.3495085471857102,0
0.054102409,-2.301361801,0
2.931988987056324,1.4848739297066231,0
2.4196834532745632,6.966101056797719,0
2.847385894159529,7.176767011,0
1.2660533071134288,-5.441579862,0
3.228765726091029,5.041050343817906,0
1.7171373419831704,5.424437704649174,0
2.252943857353248,1.807181852161433,0
2.5583905816404955,3.0897594227624516,0
2.2660270386994865,1.5918356700479368,0
1.4202265807794383,7.586320169,0
0.9725091,2.1776982918942007,0
2.209132141804112,6.782049132399386,0
3.241478984,1.8570379916409436,0
2.199288203973392,-2.817730772,0
2.037529100154409,4.899334419954846,0
1.3832381050261535,-9.813061741,0
0.9668370120638238,-0.210613295,0
0.8288151191546135,-6.045728999,0
1.0072032846135435,-1.468255234,1
6.238950747393472,6.217655392483895,1
3.4290623301417456,7.394420232526954,0
1.8941787284021805,3.787225204047566,0
1.7108930293845124,-9.316534991,0
0.28419746961252734,1.8598696243533865,0
1.7116683031890096,9.120890892,0
-0.129222788,-0.005861623,0
2.877476386556759,-1.518363461,0
2.4879548885981935,1.8483701369708676,0
3.7476608496317323,-1.385473422,1
5.493517616,1.4497509657645065,0
1.2573923341816984,-1.112698969,0
1.716339397256033,5.895600775234977,0
3.344369634051393,5.544367568991753,0
2.2155175633378588,1.1876175526811217,0
2.625145747965736,0.46412014640927524,0
0.4872689527791927,-4.238588802,0
1.7857751348685467,-4.304658543,0
0.2280900480478767,-7.069869089,0
6.137147212,7.24698362,1
4.318554578212515,2.7658739091612343,1
3.687007708617539,3.2259669721269812,0
2.4177908461090896,-0.658837721,0
3.0232552005287543,0.7234099551070621,0
1.8260662754364958,-3.900189729,0
1.9412780252318307,-6.311273598,0
-0.602915337,-3.014361483,0
2.1213060051045796,-9.373317972,0
1.446932049815384,-1.531103368,1
-0.372194115,7.891858803395564,0
3.297064171030036,1.346800799133307,0
0.6109207296223391,-1.583258702,0
3.650878282571364,1.9000707179849012,0
0.032641521,-9.292393392,0
0.770662389,-7.836900022,0
6.156675569,4.768547683003593,1
1.6249227471818655,-3.930656576,0
1.1446512616235518,-2.800207829,0
2.5826231590776305,-0.555351019,1
1.0460543008475054,-8.625810562,0
2.9131488231571674,0.8850244812324721,0
0.33428038543785843,-2.445767632,0
3.257267558500095,5.041713862331418,0
6.261296244540221,8.997988541207022,1
1.7339902474921927,6.369317701455341,0
0.5518921388353526,-0.538522647,0
3.5100579034174295,8.291422231113668,0
5.158396276,2.5889920537278233,1
0.7531880562033626,-1.127144508,0
2.329043151523645,-4.407412513,1
-0.521434836,-5.60070279,0
4.812542919128404,3.2975606027203703,0
1.3670623694429584,-3.602426146,1
2.5939171675048533,8.824795495283084,0
0.19377545936999163,-2.829284756,0
5.050612378282223,6.090470473430656,1
1.9888773435017686,4.526761009528471,0
3.4578697078405236,-7.166069077,1
2.7309983084327314,-4.529786422,0
0.8026066926104818,-0.035001305,0
0.9341963030899161,-9.43134751,0
1.6709090457995102,-5.687248775,0
0.7137697683086429,-4.124819768,0
1.9630553570461364,0.087526779,0
0.2705664025389337,-3.889426866,0
1.1309094697597752,-8.306111973,0
1.9253695160384319,-3.876032164,0
1.060532966030565,-7.165007555,0
2.2035193364649825,-7.433061181,0
2.1050143806207697,-0.02074454,0
0.3593360787685421,-5.300164671,0
1.2647465401210662,-7.768443507,1
0.5547169444782518,-9.615456816,0
2.046003597153588,1.2618848406354406,0
2.0087947884899715,-2.376856569,0
4.5709007478374035,6.588051461212608,1
-0.413357423,2.9317032335411426,0
0.9541731956847227,-7.215323626,0
5.459789167012011,9.398343424217213,1
0.47756111763431186,-9.556290214,0
1.8325221127966969,-3.933424797,0
2.2763310845450673,7.376895124923994,0
1.2868041467643598,-8.656901347,0
2.254550125,-0.38261682,0
4.548654985288435,4.208785507323318,0
0.3875083615619027,-2.227086251,0
2.1592289955262944,7.565194664228962,0
1.4319197880040915,-4.250493645,0
2.1008301008392873,-1.392831311,0
0.8655973472812848,-7.695117643,0
2.801341246260956,1.2747841112035587,0
1.5414179825708034,1.4540612247850948,0
2.7900358180677656,8.757839877093204,0
0.8554015092037568,-6.841062606,0
1.9656736319700863,-6.737145093,1
0.738662581,-5.649249795,0
2.1582467767443174,4.013491812200698,0
0.70046366,-9.499604453,0
0.8597931455435108,-3.91378787,0
6.027224989405173,8.086240396598946,1
5.79564168,3.8865346223823742,1
1.1878640956985955,0.3837461,0
2.000874485823104,5.286365666397401,0
3.974265998505859,3.684345892580163,0
-0.258184652,-3.83009146,0
5.0244930166301085,4.803178425865264,1
0.32555028552586807,-1.632873134,0
2.0831355292870515,6.844330403036757,0
3.3590836418984993,-2.557259702,1
1.2613662735110114,5.977639070941635,0
0.6357859044873799,-5.260345485,0
1.9763324565488387,7.363133935331206,0
1.7701322522762135,1.8190992777603388,0
2.6785197881154765,1.4005927293543508,0
3.2572518571633537,-6.93358707,0
2.969253003245552,7.7299987938915855,0
3.254959580332983,4.875294904316245,0
0.399497585,-9.103299922,0
1.3458656669757358,-4.783438226,0
2.2961365546045327,-3.856862973,0
1.560912419451708,3.7610261659883193,0
0.7682506168247244,-5.186556768,0
2.261257524091599,-8.782256465,0
1.6020082741375867,-9.878876579,0
1.0937525469572784,-3.318525816,0
1.5641255459450605,-0.113500087,0
2.931551896061077,2.3469947061841943,0
3.4456767499798415,-7.245870527,1
1.9865551148397476,9.315720818,0
0.5796702629245767,-6.90987521,0
4.421192250814384,5.953792884390161,1
3.3738520984425984,2.156623384,0
2.112837489651829,-2.607007422,1
2.4062708813531257,-5.561498012,1
3.031297016219228,9.025570835525286,0
-0.306733284,-5.046828765,0
3.3050076898220384,1.9761600801119261,0
0.2771379969468838,-5.984251301,0
0.8492447695951676,-5.500852039,0
1.1906178493417363,-7.449434828,0
2.9317442101382847,4.903334139348834,0
1.5725019127942086,-5.17248712,0
0.5084624097638972,-0.169030682,0
0.601984346,-3.644529444,0
1.5879365293296872,-3.918203525,0
-0.500237138,-6.920974214,0
1.3614522519530758,-0.17701236,0
0.22349870145953143,-8.013906311,0
-0.854040024,-8.734935247,0
3.1945799160104715,5.364561622939865,0
1.8474684770337304,7.409778190814308,0
2.6712770729360082,-9.198807005,0
2.2315833661936972,5.181410695631639,0
2.8730375043829612,2.380054959401674,0
2.3098080315661775,5.9274787127542545,0
2.0452854450590316,-0.597053032,0
5.391613722364387,3.8519672274163153,1
1.708929046997126,-0.895654347,0
-0.579290979,-5.666002077,0
-0.175017983,-3.621805297,0
0.6000220810244161,1.7998748122041555,0
2.9623698161075263,6.545410459558521,0
0.8590895986962884,-8.185844444,0
3.6869879586956165,7.655377279705583,0
-0.118536282,-3.253502807,0
1.2318033866211622,-4.865190856,0
1.8181048066192256,-7.772153592,0
1.6695399206516712,-6.321841616,0
2.5506148278114273,7.436166537317117,0
0.043022996,-2.058585622,0
-1.353948335,-0.151397603,0
4.2282525439084395,1.9178777185198026,1
1.4371765139572252,-8.182372648,0
1.2601694715554852,7.136365004261172,0
2.8427563852392432,4.010544397312202,0
1.4425363867641205,7.252065219763033,0
2.716287959622025,0.8405040500077376,0
4.096237278908586,-0.482082226,1
1.4000354370472434,8.276626341984464,0
3.7678391115813508,7.102536941732055,0
1.2520064081968756,-1.54564086,0
1.7876856505872105,7.319391689649329,0
4.250744939,7.280656420287944,1
0.13105244408777994,-6.470613199,0
1.3511897571440163,1.6144097992751316,0
5.198665053486775,6.2265206343283666,1
6.941513393461824,7.608113261,1
2.0575826124106524,4.506351281894361,0
1.0669579683877837,0.023118908,0
1.964486094656242,2.130207216237592,0
2.836010500882163,-3.894858509,1
3.2922688369423136,5.488507636251249,0
2.870614992291785,0.013610627675198828,0
1.995111967056546,2.0442860207845612,0
2.1905520736009496,9.493146467823081,0
1.446580597623915,-4.074807478,0
1.8154084776333708,-1.812931039,0
2.193987747173836,2.5709253258774485,0
3.2575523281963346,6.037768247641495,0
2.959998391205846,1.947686821971363,0
1.8104910362389486,0.6117664743781681,0
2.613796467548801,8.532668474028373,0
4.764033875238938,7.2638670088770425,1
1.307618624956265,-6.157268972,0
3.0815607977890287,5.241360385039933,0
-0.507878408,-9.642475998,0
3.9173928003768523,7.723228048316688,0
3.2879248669906858,2.326957109129914,0
2.791101755491657,2.163192547911656,0
0.9283718553124982,-8.845038982,0
2.79215393,8.697963903954719,0
5.521553679939624,2.9719414092343026,1
3.2080693885025444,7.696095903301071,0
2.272293888184285,-0.319193201,0
1.1030125611008204,-0.605928351,0
3.5643710275990426,0.062289025967574574,0
0.41432405910095715,-9.039188905,1
1.9174556413797068,1.5687510309226855,0
3.4695616670193887,7.683335486364161,0
2.658544628,2.0596437900407096,0
1.8217035644388053,0.9715109295054365,0
-1.052697776,-2.155656918,0
-0.486494357,-1.635705141,0
1.1383819173259118,-3.462465354,0
1.1653244591098317,-0.271178253,0
-0.808799387,-4.368315129,0
-0.282313893,-8.206308701,0
2.728891700798893,1.2208723008852207,0
0.5078762354222244,-8.898985319,0
5.237428543288817,6.418276256400972,1
3.6848352755613147,3.3362278640676752,0
0.9695341338499354,-8.658975391,0
1.7339273799417936,-1.766110878,0
2.646954315965009,-3.528923439,0
2.5390638346229135,2.470738075,0
1.3492532930601517,6.772590448916855,0
3.1436565367725677,4.392917687802981,0
5.104567218518996,6.595184541554371,1
-1.96516333,-6.811079653,0
0.7129784239258417,-2.907647303,1
1.6606248022425354,5.504371305088432,0
3.3555003243768455,5.664661278,0
0.6129225296553774,-3.385888823,0
1.802091017359424,4.585688654329942,0
4.067969330034444,4.285033453105971,0
0.4323621242020794,-6.304015751,0
1.5198683974907072,5.816350685787999,0
2.8881924436835673,-8.761130674,1
2.047900499136981,-9.217864329,0
1.2973624817987297,-5.59419448,0
4.431772536740339,6.272030492998958,1
3.543908719151747,9.152466433037812,0
0.6325760572635551,-4.611738622,0
4.542098905899069,4.902669814675509,1
0.7591716095876764,-5.694985957,0
1.0948443596689064,-0.550517228,0
2.9819519930615215,-7.889556398,0
3.4636929022123653,1.5411347266802817,0
2.2252165855757804,5.638509773029428,0
5.1795734733145435,6.5917861940351905,1
2.353725476,-0.422342254,0
3.601040766,5.392187420036356,0
2.305100497629852,4.048960362899255,0
-0.663324548,-4.908602342,0
1.470704906356787,-5.258303761,0
5.367122357904322,5.156273586198633,1
5.4082386952068395,4.315078994331898,1
2.9917238110351096,4.823927380587989,0
4.084760855404203,-0.790778883,1
-0.044808617,-7.12639007,0
1.6471946679384715,0.8161421551560277,0
2.6266335536147727,-9.766075041,1
2.0295943736300686,-7.281808098,1
2.632654067378329,5.725153461869073,0
3.5493177377956395,2.9700243179877805,0
2.8060786039662746,-3.657959612,1
3.7421401367110545,0.38164322871102563,1
1.2196050271445693,-9.212684397,0
1.072925436830353,-2.827245235,0
1.8742280061069363,-2.155193067,1
1.5810084364888959,-8.157960288,0
-0.662748183,-6.103361026,0
0.7771303009637403,-7.891001061,0
3.216204270657962,5.670599463648429,0
6.224054409481971,7.6002529358616755,1
0.085980731,-9.446792519,0
0.011406686118881515,-0.623263764,0
0.4022334939351756,-9.335356424,0
2.647594152171602,9.629806097543785,0
2.175213868372435,3.4112253075027095,0
1.6433388008371708,-0.575889633,0
0.774938808,-8.478453484,0
1.124163526,2.822932732396435,0
3.991108585792537,-5.138887078,1
2.721398473250768,-3.942564532,1
7.177213154221863,6.632434466076326,1
2.488182567999459,-2.633786172,0
-0.351277766,-7.186055603,0
0.33635575738283974,-6.548435483,0
-0.260417203,-2.115709144,0
1.667381795927185,-8.060936544,0
1.860190146160853,-0.165529221,1
4.198922005380166,0.3194558629389199,0
1.3735382409287133,0.6787454025266797,0
4.287113510578474,2.7534221968875023,1
2.2762644843171698,5.938271837235172,0
1.4185778577969903,3.1894630210530206,0
1.440571815692101,9.658899731582899,0
5.476321388008384,5.690860857109561,1
1.8340907980986731,0.38238016368725525,0
2.881811120024765,8.381224001,0
2.5465905879779447,3.9296125528442722,0
1.6872527904786487,-2.234141326,1
1.7074065389073136,7.597814015688357,0
1.3685982000442733,-8.39884496,0
0.5112961918597192,-0.695560107,0
5.263624391631014,4.294699364,1
0.6130488000058728,-4.681268462,0
2.939593852461532,-1.135522174,1
4.103151090635734,0.8031384319995087,0
2.214189416937002,5.571063258190176,0
1.4181524064630018,0.561566668,0
1.446938718133712,-3.563680578,0
2.9123668432605725,5.280971631132065,0
0.7406863074783443,-1.683927465,0
2.5065444002079778,6.957946555190354,0
1.1100401916737854,5.666085577,0
1.8352256140852294,-2.798692652,0
0.36544989928146665,-8.101902754,0
0.6529859969644769,-5.404296119,0
4.091629128613369,8.624394770893677,1
3.443515504953932,7.907513285775217,0
1.914774512313444,9.86753204,0
2.237096094677742,-7.395013819,0
3.4002001360649814,3.5910947104714275,0
-0.523153839,-6.971809992,0
1.585788132170975,3.5253198749988677,0
4.096142502980042,4.595491322749652,1
0.6754678747414529,-2.138603991,0
3.6230695472823333,3.050990533931298,0
1.046281098811485,-0.843391418,0
1.1378488157004811,5.351571808575116,0
0.2727718679070653,-9.405455675,0
0.27551042134640835,-9.583358886,0
2.9052102890779037,6.286307610929768,0
1.1741159768987848,-8.127171583,0
0.9740886639766942,-9.759888635,0
0.9269656220457684,-5.443957909,0
2.1022938382868728,9.556226374831404,0
2.1015497372064953,9.561682883918067,0
2.3851203754676513,3.789526778973986,0
1.0908809442321379,-3.282220565,0
3.074958278,1.9052391414274528,0
-0.745159091,-1.047674325,0
3.2377450492632462,8.323069565519184,0
0.8630391761644036,-3.204461821,1
2.1207988961889925,-5.492899295,0
3.2605427796926394,6.527771790097098,0
0.4727575193871716,-8.714530059,0
2.1440273280542144,7.771751423352903,0
4.595239629613054,1.8295859965274879,1
1.8570959553127189,2.0508252082650653,0
1.8535807478533697,-2.830051945,0
6.757711668739805,9.107421919869513,1
2.917370898873551,8.700808803185264,0
1.7494792615384687,-7.855045085,1
3.716651457966429,9.121049546,0
3.007117540308662,3.7584176836521834,0
4.3809244472278905,3.699814058286252,1
2.6036684489570447,9.057525556936973,0
0.5306869028956172,-9.813729206,0
3.436638463903281,3.1126031289554845,0
2.883023322,9.56636765,0
-0.212494011,-5.598043443,0
1.528734325231834,1.2739690716504022,0
1.5944316832802277,2.1958811053728233,0
1.8150990977111032,-8.420711928,0
2.5714482177785443,-6.675456227,0
3.189168209731762,8.917119293349579,0
0.6182224397223048,-8.404910255,0
3.181287537188501,9.958927225,0
2.614210092353729,3.5852511429627416,0
4.053211198466462,-6.342534095,1
5.634417401420647,0.1323813526438915,1
1.720129989877134,-0.67995393,0
0.21104399024106146,-3.993111009,0
1.0557357348411351,7.652676206356016,0
3.1730563323259346,8.146223284591333,0
2.768248308285921,-3.390806609,0
3.6754051822516196,-5.349226219,1
1.3397178673352506,-8.355686154,0
1.0497155559846039,-3.478928103,0
1.1700979615621843,-7.670372852,0
1.5424932817730281,-0.234475838,0
0.915718239,-4.789881508,0
2.656043794062038,-9.887276108,0
6.806705170930048,0.3315343017623995,1
2.1401251957490346,8.731047417831668,0
3.520406220405647,7.4876452616387965,0
3.692540555210096,5.679920176205464,0
0.045373444051601375,-5.286497692,0
1.1710770692200754,-6.323103369,0
2.4949907117596286,8.067728888332326,0
2.166214065082828,8.876566762,0
3.243466120291139,6.135792239327916,0
3.843169280736461,-4.686928649,1
0.4480890772942101,-6.22399895,0
0.9892057816437017,7.792723838,0
0.5140602810154136,5.931894702961735,0
2.501050727346975,4.994791080246861,0
0.5547947741663268,-5.847526193,0
2.1710894162598433,0.13539669646881336,0
2.5891952670910388,-0.573629506,1
-0.437543013,-2.860547175,0
6.948230841852704,3.4003451266704445,1
2.155036811057676,-0.995884657,1
-0.235871486,-1.833186203,0
3.0020419052281513,9.494251231924771,0
1.8903651654821723,4.709362815060773,0
2.4241667104833917,8.482957318076188,0
2.250538191646579,-4.698318233,0
0.2937333904927957,-0.331325063,0
3.8156627675215002,7.443499804,0
3.1776013666169947,6.384401438629471,0
2.094536042293273,0.9943554221303348,0
2.3174459887340353,7.270200785157975,0
1.921309875096002,-9.120513454,1
1.7375575089190405,3.347755102476764,0
2.3914433357590865,-9.59286265,0
2.4316891385626533,-6.690655386,1
2.083050757861884,6.303487550883421,0
2.8259011579378335,-8.872244019,0
4.129880153,-3.247794721,1
4.2846914087180865,-5.700641272,1
0.9355564921733699,1.552095659815322,0
2.555424016223397,9.247480055277983,0
2.227450060863577,1.9955778995960003,0
2.423309327,-0.432144042,1
3.4008682673162705,-6.312831171,1
2.0243686791974262,-5.455986828,0
1.2232033458506288,-2.644897352,0
1.651526925,-8.838992959,0
2.7065451797660423,-3.589605714,0
3.0610533825373376,3.195893230570668,0
1.551004307773009,6.521382670671709,0
2.453591143730553,-0.0563075,1
2.6532846174693314,-1.433397151,1
0.8575100511138678,-8.268756973,0
2.0109424114742405,-8.521575535,0
-0.016305507,-8.544262766,0
5.845230283195898,2.2562035872780744,1
2.4451622916600186,9.380030592333373,0
1.2937640137805955,-4.059623922,0
7.595617187625416,2.1897292754921196,1
0.7248316079319115,-9.958425525,0
0.13216197129654883,-5.181776039,0
1.9178375472507647,6.163707388937098,0
1.895866947800474,5.723692322081153,0
4.706177483,-5.572785772,1
1.3667011311757535,0.6411749903233215,0
2.4945943930584935,3.746997010016379,0
1.5188831188688776,-1.359695554,0
1.660390692744274,-5.043171681,0
4.475963761169073,1.812584744342713,1
1.1803442769902643,4.6503696310565665,0
1.9508652795139936,-9.365004895,0
0.4856031492135481,-0.641161141,0
2.9221740548807675,5.403699151295854,0
0.5921269512019702,-5.304815859,0
2.6524317221222744,0.7970832111470862,0
3.2959814223550485,5.411164608657568,0
0.9188847891889381,-8.16164893,0
0.369402611,0.14681219611870944,0
1.213267259,-0.543534812,0
-0.063971463,-6.804407938,0
2.975786354401448,5.520318680347458,0
3.336201862504219,6.924444599121394,0
0.2124928158573972,-8.745939928,0
3.586769744342531,8.272635664772544,0
1.8096285151156586,-2.761613045,0
1.9491505247151262,0.9250639142479358,0
2.7215377419074263,6.962107166386367,0
1.3004284468019478,-2.56234676,0
1.5353215309591755,-8.976747641,0
1.3534603990030427,-3.200969243,0
-0.942793334,-5.402789562,0
1.6873137349400755,-5.411001844,0
1.7869329471662136,-6.641619889,1
6.359471164790622,3.397461423115269,1
3.8049605028433504,4.587065025632462,0
3.067581073322998,9.455597540812228,0
-0.072969034,-0.701164289,0
3.158301708381002,-2.455837509,0
0.24631003569988685,4.661405467742979,0
0.9898185708528363,-9.441056822,0
2.489301406,0.4468590267788297,0
2.932850102800462,4.747759205654338,0
1.711417690999586,7.932612709284211,0
2.8079477622375486,-8.518944994,0
-0.502934835,-0.632700903,0
0.4738091528517897,-4.459701829,0
2.7726950818251446,9.573758293591446,0
2.6581079244843355,3.6421556408658056,0
2.257941658534148,0.5620377946887771,0
0.011613442604331281,-5.345441126,0
2.4392834420758085,-8.353493865,1
1.0585539675193496,-1.948993644,0
1.5684603936072643,-3.253674046,0
2.5899108037500027,5.957189333736343,0
1.5140511266467391,-0.781875521,0
4.176549917885822,4.2064179027191795,0
2.706925678635223,-4.118845848,0
3.691535339198208,4.1794410211812245,0
1.0471821753819008,-4.994094699,0
3.192831810340873,2.3996100753386074,0
2.5620060559213464,7.869979635408193,0
3.1386940717576595,8.147786438648296,0
0.6376436059815036,-4.362906027,0
1.8687397311135632,-2.143462528,0
2.3470198892063427,5.905835453700849,0
3.016681995017511,2.456140224907383,0
0.6210239725287923,-3.870620333,0
0.44154528515401514,2.2838388262811904,0
2.1898271188505856,7.234864532785682,0
2.9285417091310375,-5.889384688,1
2.1877329683112277,0.6052831821892202,0
1.539317017377639,0.4035644271793064,0
1.1526560439028062,-0.397784467,0
1.3332047323641616,8.40604015,0
0.39729434259355845,1.1185191727929116,0
2.170227825625058,-3.780083924,0
2.8424036653280416,-5.067732459,1
2.408833565406397,-7.201945107,0
2.379973397492485,-5.826086507,0
2.6375553891035257,5.464950198432291,0
2.080019322743948,6.577810124737535,0
3.203802504482062,6.982399427613437,0
1.9493908938496567,-6.667652011,0
0.43640358008827496,-4.644725931,0
3.1767605093891174,3.764878711,0
1.8908442084317971,-8.531829908,0
1.2060399816195073,8.498161562727265,0
1.7162487935161397,-7.190124452,0
1.7890717315165534,-3.046198554,0
2.2270053531082397,-1.413627187,0
1.8152706021642424,5.178478805640474,0
3.801287024713865,-1.172515181,1
1.9047241507222719,-9.424098242,1
3.8624066092828313,8.818939721857664,0
2.343663415208634,-2.741029291,0
3.402396728816069,-9.289857291,0
1.7196071107990556,0.057502535374924335,0
3.1777219407892003,8.372817565152701,0
2.282463920939584,9.964578044054772,0
1.3004895562528205,3.4252092061290718,0
0.2086206169400846,5.889287892454593,0
0.9413073334104074,-1.563512736,0
2.8212201339269205,-4.850874791,1
1.2597413982578407,-6.945747254,0
-0.822256072,-5.109236314,0
2.655406359064605,-1.639876656,1
3.6711258028403924,-9.786110857,1
-0.638819702,-3.310879102,0
5.769247158134714,4.8626688465174155,1
0.045716584917630865,-8.730500302,0
4.045344833911036,2.612911710127488,1
-0.906588738,-2.672582213,0
2.687419149181017,3.2211554279138728,0
3.1362190000385293,5.522875594070037,0
-0.512728147,-2.401714127,0
3.1639016599616525,9.078717062546534,0
0.9281897461494674,-7.325280808,0
0.19345518081896762,-2.166150418,0
2.3461434908243817,5.616667717756911,0
5.944051275941187,6.594754479400006,1
1.5868596214230593,-8.580463991,0
3.65194079,9.789152121070778,0
2.5881745241375373,-9.435225157,0
3.5275305140699076,0.30460934900604997,1
1.4381730342309182,-0.183699047,0
0.7397138093648188,-5.11022203,0
-0.636742849,-3.99646974,0
2.431542447102327,3.148079741844363,0
3.6162066096181995,3.8903616585727363,0
1.7267638873742182,-1.593892231,0
3.3269206478472992,0.27363579917999914,0
0.6170937247906518,-7.111058194,0
3.308885156270788,-2.177165986,1
1.431374127494776,-9.14582181,0
3.0392614356906904,0.8660209050409513,0
2.767982056688404,7.5874975539420895,0
2.5490220109683968,-1.237174361,1
2.1690050214201233,6.551889527371195,0
2.5862256150952296,6.170975413848744,0
1.2768626723951244,2.189911583840667,0
3.396056295129416,9.143839186,0
6.139229753323993,4.955888965050789,1
2.2746284023178824,5.737504350517682,0
3.2553261720488025,5.586789727784588,0
0.4521679549301262,-0.949031,0
2.4591032598842832,4.809160703391303,0
2.254541286,-1.870183077,1
2.8196414005731953,3.219896122,0
6.954719633,9.735143561547286,1
1.9168264611612522,-2.393377329,0
-0.481935434,-7.448085055,0
3.0129185334014394,-8.270188673,1
0.2475586349291663,-1.618244468,0
1.3236089863511626,7.3732778745438345,0
1.1794128465842666,-6.867913335,0
6.114556217967839,1.5492191954573453,1
1.3928670218448804,-7.276816613,0
1.865790385947248,-4.444492602,0
1.3258823879170136,-5.158593939,0
1.4636427709224809,8.341283415014122,0
3.5126979643595124,3.6465153923881495,0
0.871016201,0.12314760597769947,0
4.472339490510814,-7.016626367,1
1.2829341946513173,-8.900247865,0
1.3378192162717462,0.5389913464218097,0
0.5303902029484208,-9.73720945,0
1.534092969264007,-6.891853332,0
2.3175549159000424,-9.390111995,0
3.0575245976666854,3.226348711229644,0
3.4811686096751333,2.898983566856346,0
2.2842046455484586,-4.602642211,0
2.5957157486297895,-9.267814932,1
2.270119023238626,7.637798095478875,0
1.2152458906881607,-3.256105977,0
2.9349923389813344,7.886345190661107,0
1.1476843234394658,-0.510733255,0
1.668558577586237,-8.003658115,0
1.897363392523526,8.013286514,0
4.655141654569095,-4.286312827,1
2.867876109812576,9.308027653454499,0
0.8064109288345123,-8.392571209,0
-0.912995672,-3.281955154,0
1.4401923662044316,-2.51084938,0
0.091434718,-0.445268596,0
1.0801397496195682,-1.462657523,0
5.351662058,-4.796212662,1
1.7797519039208414,-9.989556147,1
1.951858572859968,-0.539216166,0
-0.423227701,-8.709531757,0
1.3259955620237842,-0.014486882,0
0.8230359926795381,2.7837049610442293,0
6.4701207575721424,2.1963258365562925,1
-0.270294557,-7.256702438,0
2.5955318639229055,3.9475129233022876,0
4.163801890211578,3.865730073831541,1
6.1672536001021365,3.8143992583117576,1
3.2574145189325163,-8.794075616,0
0.7454127919576754,-8.066937027,0
5.0652558182209715,6.860839076421485,1
2.3939852593587334,2.899476453186697,0
1.0648706194907411,0.46744647041640874,0
2.998318267004479,-0.720444108,1
3.9755220456569846,5.9134941022366245,0
2.3179592712092214,7.255848490806642,0
0.887064897,-9.471993538,0
2.7257980780892104,4.6678474320563765,0
2.9337057054546496,4.258650385,0
1.4706402259042364,-0.948352905,0
0.792006095,7.229163413559711,0
2.231872909289868,1.6971504824674604,0
3.706211755801676,7.627413668613869,0
4.416799726067845,-2.302726007,1
-0.187251169,-7.675543701,0
2.2564053497508705,1.424967576395753,0
5.650886066135292,6.647850655313981,1
2.2183631629526843,-3.958889339,1
0.8028271242841765,-2.362811152,0
-0.670535967,-9.130705087,0
1.301365879684248,1.9120091741644156,0
2.5917126495096814,4.303458369202991,0
0.5649380413677485,-6.723365261,0
1.0822664873636336,9.552933302474308,0
2.5129197733129303,6.540844730460648,0
1.9085625374553792,-1.09038109,0
-0.086257072,-9.399898058,0
4.006448509488397,3.746111765943832,0
-0.135233419,-9.656115207,0
1.5993755821584472,7.224648696692906,0
0.4885039845067385,-9.580892711,0
3.392152332845921,9.480128755773695,0
-1.253020505,-4.126437656,0
3.3546572526280043,8.446483192577475,0
3.5859419356317956,-9.441056125,1
1.5077543719289128,-7.039050448,0
0.6521099226190633,-1.282779411,0
2.186337685247025,6.544684149699464,0
2.000222714938144,8.160341821118596,0
1.9358982176792494,-5.244579314,0
5.049998690773415,8.837567197,1
5.407877725645979,4.103580353287427,1
0.5599293285800295,-3.799322167,0
2.106926372871589,7.252679321848966,0
1.7722304247660605,-5.455914864,0
2.067108737878228,5.7764138297969865,0
7.079195506,6.204598883605165,1
2.1770665687865316,9.898349615444396,0
1.598671325710468,4.754926397830628,0
2.3656912757084667,7.173387357271341,0
0.028263632,-5.37037283,0
3.5915704050882225,7.687636107222772,0
0.7230916487560426,-7.752175571,0
4.027716906,1.6122783410447479,0
2.8652636262193947,7.812032024578961,0
7.452597173427436,5.850951421292187,1
3.3300194691218192,-9.415418534,1
0.17361607114097477,-2.40902041,0
2.3386419576446666,0.1543507081391411,0
1.5735941513634457,-5.606983759,0
0.5037183294731671,-8.850175671,0
1.8860965733396808,-1.46596318,0
2.493161091,-8.575496947,1
3.1958158088411555,-5.919854757,1
0.9871767000294626,-8.387037732,0
0.6904974617180266,-5.175165257,0
-0.12239539,-0.244697888,0
3.187169223064454,-0.338094642,1
2.763445504195624,-1.228101818,0
1.2158209512313727,-2.901136796,1
0.9984726900079645,-2.430643824,0
5.857922676,1.3035635870808306,1
3.214408911288473,0.6580148760835058,0
2.7607055911501517,-7.829613658,0
3.1561769457384568,3.0577708218894486,0
2.766046468918312,5.923250519577159,0
1.8839161698335571,-5.774691949,0
2.3688484241618775,-8.213059765,0
4.767535059951515,-3.189610991,1
3.575269396701728,5.477100214465709,0
1.0924037246936638,6.936985529102934,0
3.289084446503657,3.6339719119496845,0
0.9457678990734518,-5.495417605,0
2.1675821179718184,-0.716962002,0
1.1053041852029286,3.899249744900823,0
5.903958490505431,3.0303438516392944,1
0.522414634,-1.50571057,0
3.4862973140310007,6.776850840611132,0
1.3866969932713253,-7.039481521,0
1.8725046041439266,-2.976976064,0
1.7289484130813908,-8.387041196,0
1.3660672840597614,1.9596521197457477,0
5.668878172117112,4.697469240718966,1
1.4225459899508175,5.6723237065393235,0
3.6649346018188034,-5.74744266,1
1.440756267179101,6.852084525432151,0
0.47226751584336035,-9.12272242,0
3.3645965517758505,-1.609607362,1
2.6767456535128784,-3.966103679,1
1.8959969246230721,5.049845390476532,0
2.926615948842705,8.840776300385368,0
1.7124719579639924,2.5343466785813806,0
2.6577284850896943,1.0907673783625356,0
1.104798596413078,-1.123877115,0
1.684172699458193,-4.515225709,0
3.471979304768869,7.872698829369401,0
5.299093295584365,9.416972457969148,1
0.4049563405462816,-3.147916619,0
2.0072152326345827,9.908720123648834,0
0.027339769075550246,-1.818482225,0
0.9733046572983893,-2.122407297,0
3.6600058328315512,8.975744993,1
6.010784669723146,9.436421475920543,1
1.0922556533237342,0.911921386,0
4.505467513141979,0.718762716,1
1.7727185071189266,-5.826876454,0
3.653465299196702,7.863991056418811,0
2.839605516046955,6.745707080856917,0
3.681957326084515,2.5073148280821833,0
1.8221286920072608,0.2685418095893546,0
1.4503542739857742,5.357985482826994,0
1.1124522065001905,6.570430265704484,0
0.5413182592991002,-0.469966636,0
4.698795610225323,3.2938286059856186,1
0.38705316032703185,-1.331644559,0
1.6606605870586095,8.076860256,0
-0.279181772,-8.599352227,0
1.5096598776733692,-8.899982555,0
2.238976857559991,-5.998999674,0
2.810482833519908,-1.028231131,1
0.5384390504380439,-9.811391458,0
5.341978083203642,9.625255175652637,1
2.0864915646333655,4.071864556396621,0
0.5628384224093061,-4.671682608,0
4.261207833,0.6017695415495865,0
3.7898264508385875,6.366810172087419,0
3.018689595459056,-4.395252126,0
-0.987251194,-8.962973682,0
2.555766450534681,-5.302247069,0
2.3232200216018106,-9.272374833,1
0.018288765257108652,-3.750272129,0
3.609256692785904,-8.374857083,1
1.1240977274689774,-5.704578873,0
2.633328364547889,9.442946814783443,0
0.8082122085930468,1.615311492384734,0
1.1975394845400336,-5.008188747,0
5.315189272,6.118731603013497,1
1.5708324577716863,-0.290574583,0
0.3301679096783632,-3.617272884,0
-0.378415864,-4.411885338,0
-0.40241453,-8.87186064,0
2.148913666126799,5.415990398517383,0
1.9426640067880259,5.690383682229971,0
2.909274306463999,2.232512262672495,0
1.6502907398139794,3.3949187635041778,0
3.012403022703717,0.8482098381644185,0
2.8325009860465493,7.380590036,0
-0.210594795,-9.679865758,0
0.8995679128478666,-1.226182462,0
0.3278088888910704,-9.190346253,0
2.638189302330413,3.2151067040610055,0
1.1771025993578144,-6.489200678,0
3.460207296845452,3.767000176648912,0
2.5529228468235945,2.895185894521644,0
1.8634380471213028,4.101851932,0
1.3726113237115762,-7.676191261,0
1.1163773328298046,4.607211478201414,0
1.233615806581131,-7.050962213,0
0.8332896892624568,-8.490321374,0
2.882648181321071,6.2634532081136065,0
-0.137474991,-9.59069071,0
1.1906834537701823,-4.560852202,0
3.039229327046041,3.8594848169056775,0
-0.877015311,-3.691019629,0
-0.000178276,-1.580522149,0
3.177845564,3.1840758981855473,0
3.159403141366957,1.5292101572576922,0
6.103020217361806,4.027066021,1
2.3649281017756745,9.361590850872272,0
1.1528635997459271,-0.923876784,0
0.6431184350782171,-8.255474718,0
0.19875201568209377,-6.340922716,0
0.9717506367996805,-7.079999285,0
-0.23293232,-0.724271423,0
2.1294771310376395,6.339873612,0
3.599357008390191,2.295146516150197,0
2.803299750182155,6.335810843884065,0
0.9702436074176755,0.6505292657310662,0
1.9191189007766838,1.760411219503947,0
2.1438571385814007,6.627090113054859,0
1.904362286883265,7.064549875671574,0
0.4659545645159151,-2.507505677,0
3.1773344250090187,5.8137842785907985,0
3.9468454923754583,-6.837963914,1
-1.048677979,-0.710273523,0
4.800049960312675,0.058980862,1
1.8986993875298297,-7.402012656,0
2.179784905756234,-4.175696512,0
3.077914457575243,8.252287129948137,1
1.219153713482629,-9.48348096,0
-0.082437546,-6.277113537,0
1.6062928866799755,-8.251140029,0
6.545217592589859,3.115276762141521,1
1.4685958299470467,-2.740395933,1
1.6652851108490239,-5.29396224,0
0.33868302865103384,-6.318095926,0
2.912596436196447,2.598742814868885,0
2.6460455601207373,0.30911812698875174,0
1.0765755756002204,-0.243947863,0
5.113192733738815,2.354831925655457,1
3.2556244351580297,6.0779510805817125,0
2.0019290098221396,9.278259221489485,0
7.255480953133287,0.19525443637398787,1
2.6231173376966193,-1.989069329,0
1.198776382583095,9.888119081,0
3.2748852375843707,4.964842846644013,0
2.1087281365704706,-9.666499355,0
3.807015649599358,9.357012635847955,0
2.2326567340320924,-0.73007314,0
3.278736746953388,-3.48124074,1
-0.141625852,-4.056741462,0
0.7223348249009749,8.700086777595018,0
3.983450690265965,7.7637110219626635,1
4.826451299331273,6.959040665544396,0
6.156671908408539,3.7090130461714104,1
3.8745196062795584,0.25511045519926157,0
1.4393936373564646,4.723672719111253,0
0.5223932431252117,-4.913765249,0
3.1961746053441598,7.867968478676822,0
6.606612254021016,3.7851855913516115,1
2.0234239668990637,3.281416168,0
1.1302450742089305,-4.713824298,0
6.755941827,4.021021609749447,1
2.321216616,-1.572902464,0
-0.250388157,-0.628646596,0
5.800908943826972,-6.488716771,1
4.706614020651384,0.5298292668903173,1
1.0400631054784177,-3.249472457,0
2.1894016703609696,-0.500813575,0
0.18341645068671164,-6.037846628,0
2.9328721499713635,2.960002511243589,0
3.420482687632508,-7.623934655,1
3.5031173134585236,1.7716809582697124,0
0.27589900138257184,-5.260049524,0
1.5713907290838878,0.9180421775302694,0
2.4074110759824574,-6.253138534,0
0.5204094895046054,-4.100343591,0
3.5955106062364433,2.502119563020557,0
0.8499373464427745,-8.588101137,0
2.8834014011355653,5.629701780620607,0
4.910090049503886,1.762970723527781,1
-0.001309278,-8.433430067,0
1.4181641310617212,9.599153163596672,0
3.5159236837090546,7.153940856435376,0
0.6465185174464183,-3.431514827,0
3.6079157972933795,3.687311618973716,0
2.808698147495705,-0.635766028,0
1.864643147550459,-4.374559826,0
3.2629343359771146,7.090994756895764,1
1.7658442987644614,-7.696453218,0
0.8419228807493935,4.544990824552775,0
1.9013874124653496,9.252649961239285,0
-1.168333432,-2.177741864,0
2.042310362472533,5.4352018933557655,0
1.1474962502387973,-4.093806531,0
2.7372394494697536,-5.392329529,1
6.636146579069097,8.339268709258171,1
1.4098045278454945,7.068437803,0
1.8670737216899913,-9.149715572,0
5.152264906457378,0.9572090371614514,1
5.369996092799604,3.3860449297657365,1
4.405247626527692,8.099161271096015,1
2.4363300617753008,4.608155853857124,0
2.1579995992699996,1.0765654619156635,0
0.456375668,-2.887108195,0
2.0876270341644996,5.089053673126651,0
4.488117454360097,3.256776111487202,0
1.1608959394620135,-7.739092521,0
2.6288123491000475,0.3948860608598732,0
1.5586386775795313,-5.535253077,0
0.7690269379606154,9.984565235892507,0
2.021586385940608,2.697921134,0
0.8760789567184895,-5.749035433,0
5.842526237608855,7.766218639769459,1
0.48499579159545914,-3.406843911,0
2.903066889730752,8.621656859587784,0
0.1991856403154304,-6.638743981,0
4.287334748917855,1.9588054684572516,0
0.13797500041963917,-1.76342866,0
0.7702399352275457,-1.570547624,0
1.4492502831958582,-2.674314212,0
3.5253569017041912,3.3659987710106503,0
4.101293917776117,8.007157823085066,0
3.1795136366438026,7.804537218335355,0
1.3180419445471199,-6.556202806,0
0.9826205402771298,-9.569648668,0
2.5947052316688195,2.339707410391709,0
2.7997379599602947,5.558746730662797,0
-0.377122219,-0.033323594,0
6.87550414,1.8497965835419556,1
1.9154431759431554,7.001135584107054,0
2.2996864964498425,-9.592583814,0
2.9732014391264467,1.5102811810126493,0
2.6756682370026725,-2.767441416,0
1.6535927279769733,-0.060672077,0
0.180138096,-4.061612088,0
1.5401048336729244,-5.23480484,0
3.680293900005436,5.702336039574938,0
2.0200037501211234,-7.582565545,0
2.6697917139502136,-8.48477824,1
0.8780898747634125,-7.251138733,0
5.526032066865062,3.0677993635623952,1
2.3463253399905875,8.602301601,0
1.5952178858359936,-8.364705516,0
1.8175191998356897,-9.23800942,0
1.2440900386863527,-1.816795984,0
3.9611953838390743,4.816765864561425,0
0.2294292886357202,-0.705462871,0
5.7329635122416365,6.512793101426734,1
1.8308434289490627,-0.39111731,0
1.4190197573515158,-8.354160961,0
6.079823187528076,4.985582417798508,1
2.9983540240607662,-2.797969487,1
2.531900031576539,-8.126369263,0
3.259079791855123,0.35310720950131724,0
1.3422456206080007,-5.218754592,0
0.6146235947671336,-8.196330113,0
1.443211540604641,-9.852207589,0
0.3419313510511104,-1.346539407,0
2.3042650498232913,-0.83426954,1
3.975663807089077,1.9758283015498357,0
2.8723526849246057,3.234627661145833,0
5.588967167385906,9.410795616165476,1
2.4738269461709628,6.426700417110453,0
0.6230623297786104,-9.87829435,0
2.2999824306714314,-6.990061087,0
1.779023322017987,5.831365617,0
-0.29795044,-1.131450131,0
2.4584402324563936,-1.844518619,1
3.209744398771706,6.180312269951077,0
3.883074731091723,2.558208211500748,0
1.679532315,-0.785637891,0
-0.628305487,-2.13318649,0
-0.04365849,-5.762311641,0
5.5878225352073825,7.324727855925278,1
2.2680376755314384,-8.101501136,0
5.485825679336934,5.551426867,1
1.9026366500704583,-3.975653898,0
3.8437780046474375,0.6828627521191066,0
3.0751510737088665,6.593707854613417,0
1.484999863000167,4.986314173384098,0
0.41332248626349655,-2.424710551,0
6.044931259232549,1.4832078055525173,1
0.8983847358850793,-3.871665191,0
2.2584405669879977,9.818912781,0
6.568928108225707,6.5793807418744805,1
3.520100292,3.7901363321095403,0
4.061810192205675,3.7657268551723355,0
0.11193223139539243,-5.159379371,0
1.2300409805090606,1.2483322836315054,0
5.187047721682219,-9.176763599,1
2.7643792076170266,4.0417238395882045,0
3.053450452373553,-4.874635198,0
2.6865789974961993,3.219416756471535,0
0.719468414,9.354547387080906,0
3.6489964143302833,6.607658529019581,0
0.7087880576485874,-6.32964297,0
1.117949991111438,-8.399359255,0
5.190576320702838,3.3475605857646524,1
3.4828256824196067,0.17421872407694927,0
1.861405581502043,0.6381772173867457,0
1.3217030420792604,-9.670737455,0
1.8177401529771824,6.312950298754721,0
0.9298440708980262,3.5195625515674074,0
0.2612292798541723,-3.672751243,0
1.854740946589133,6.382336578048857,0
0.713550424,-3.313854863,0
4.1974456214299245,7.0843651749891094,1
2.882749200779911,1.597664341,0
2.0527286023062277,8.266089762783896,0
1.092684031253576,8.546156889560447,0
0.083826511,-5.049607265,0
3.814075916337836,6.814340916,0
0.7216789137818613,5.964990200310485,0
-1.418266331,-8.192489859,0
1.8330208959123864,-3.125466271,0
1.6270289588615803,-4.502322498,0
-0.40350806,-2.748853635,0
3.1334420212496386,4.0091444470023525,0
1.877581054347738,-4.441167474,0
1.2368887125802726,-7.332938089,0
1.6225716672409831,9.531682892,0
2.6023925127066883,-8.300390752,1
3.372729554524213,4.780470150354294,0
6.427680418280306,5.602651295543009,1
1.9012492833205346,7.4150829050119995,0
6.5036794398792965,8.335260243154579,1
2.0361115388175586,7.511656835642508,0
1.5667150309223468,1.3239308511401227,0
0.8052164462717533,-1.745781882,0
3.8443650139467884,6.980430037761927,1
2.633540044156819,-7.276251638,1
1.9524220168999553,-9.770091636,1
2.0396806804108234,0.39114266611466775,0
1.5474204223401449,1.3285356743103822,0
0.9812222689789909,-6.584041711,0
1.2148720361979952,-7.757298759,0
0.8828826677866368,-6.633449944,0
3.907246098298162,8.846644812273706,1
0.9553272594000373,2.8985600026522835,0
0.7714633981487002,-1.06691903,0
2.6979455520518845,0.129748178,0
2.558788043591993,5.785177924344767,0
5.784607710389823,-9.880800489,1
4.431000607106177,7.4663419522767995,0
2.4476113381865057,-9.876586985,1
0.985845282,2.086460970991739,0
0.7116849046483256,-0.814817985,0
2.397498575385043,2.122476134136482,0
4.895632903912506,4.907166597632656,0
2.485613346387435,-1.189998887,0
0.9548949110940665,1.7928743320016487,0
3.4795278411447006,6.137860794056309,0
0.5647435,-6.836090061,0
1.9569682708217018,8.788832591,0
1.0376673082242158,8.25076511,0
2.1898277921931677,2.2774156309417464,0
0.8936265001710441,-2.462651116,0
1.5774944240555757,-8.479546847,0
3.0495224833797416,0.8186276974909124,0
4.616970939522531,0.6196286081106521,1
4.557654947447953,9.138845749634314,0
2.020655073,0.8976922301262906,0
1.9626368105793919,2.1747067347619335,0
1.8608892172883489,9.450513911795284,0
0.6067051411560394,-7.270270936,0
0.6187709818707077,-8.564084065,0
2.1152313096776094,-3.991476442,0
1.163204198265413,0.6455687411798277,0
2.2793279830466475,3.0948415356208425,0
0.10114289597455572,-0.731221786,0
1.5292380786861557,-1.253512743,0
2.918390186453957,1.097736129686595,0
2.3585531907880957,1.5522245585517922,0
3.9832040990736974,9.370675113,0
3.7407238596258363,4.358339502572958,0
6.555061236,7.896140914451728,1
3.0599918133016866,-8.730359115,1
1.8074199374397981,2.8208244612817808,0
3.310282475075368,1.6317938007508275,0
4.731225637802199,-1.181243247,1
-0.222883775,-0.982273398,0
3.5415019310861684,9.822104917163195,0
1.7814184976324454,0.6068839707235902,0
6.8003252150103695,1.774878296333327,1
0.3669867433888454,-9.996745725,0
0.5317085152168806,-6.798666726,0
3.1631914907464687,-5.739209985,0
-0.616841509,-6.176349862,0
2.3188106572871203,4.764082687831902,0
-0.414024075,-5.932326046,0
2.8505547705081686,9.84968564,0
1.8280269899475323,5.968965069063376,0
2.4263610250065892,6.133403301684172,0
0.006438572,-5.166534261,0
6.521736102406635,1.4766184357885024,1
0.8603629588559903,-2.117330861,0
0.8341748447284398,-3.787069025,0
6.186305678781989,2.064236211150641,1
1.1531160239431644,0.027329763017826636,0
0.4270659391903735,-4.96365136,0
1.5193466598964431,-0.449729617,0
3.378629896625729,-1.95440276,0
2.638494966,3.8077188738961105,0
1.9586096350162259,0.5841596216151945,0
1.9869660249170231,-8.732204372,0
-0.936464635,-9.617236706,0
2.2687493075615093,-1.224642712,0
0.2124909025553563,-3.011096795,0
0.533605672,9.36177942,0
2.763394807217004,7.723612879,0
0.2530885564376604,-2.837115153,0
2.620928912705617,1.055709818155501,0
4.3029768634760845,0.23409891629302493,0
3.457495415,1.767504751837052,0
2.62439992,4.065967654674461,0
0.5407397778407956,-0.949892563,0
4.527976767594487,9.363164360255261,1
4.664455657891979,5.5427585583514105,0
0.3597791722059237,-8.788234103,0
-0.820094897,-0.6765901,0
2.619245961298581,5.082611948964713,0
0.7963059520524141,-0.72151112,0
1.504271476487404,-2.477597347,0
0.4068704392250748,-2.603267412,0
3.280601065959849,9.667985518557035,0
3.973646298906294,-5.603577822,1
0.10917371302578405,-8.885833377,0
5.766114200302311,8.665200925,1
0.3672029078463588,6.749652838890228,0
2.8738086506872538,4.283129201524147,0
-0.055860055,-0.79969498,0
1.3196736063518206,-1.955617457,0
3.7145655252754377,4.792123362684997,0
2.581014671577325,-8.221009383,0
2.064063066401009,9.005182139,0
0.17034384574503125,-9.990550973,0
1.374663290930492,-4.261085126,0
0.8743886859790068,-0.286260532,0
1.8429831418214477,4.785332843542312,0
0.3818895352071442,-9.510695207,0
7.646278862542233,7.566424424146572,1
2.6917580155388325,6.124399856104766,0
1.3024114262283106,-8.236961003,0
6.175373145400019,8.032743786,1
1.6349851856073003,-9.965524503,0
2.5221043407035832,1.2387599216487128,0
3.688845781504391,7.355624851520641,0
0.3129598563269228,-6.433353638,0
2.6913276922283886,7.454014581338253,0
1.313638654768881,-7.03744565,0
2.1329897669866433,4.231137976428743,0
2.2465448316676464,1.4825800697612657,0
1.6086724987131142,2.0066476207231716,0
2.940441016757035,6.871909759490983,0
0.5135011421785116,-4.926883468,0
2.086785764498111,1.3951303458165327,0
0.807925531,-6.575366137,0
1.7465477028530711,-4.907737154,0
4.5336862369263855,1.169095423075019,0
3.529294912413395,-3.489790308,0
4.75799357,5.439884493030087,1
0.5950104424476074,-5.396870068,0
1.039407824699925,-8.01638334,0
2.1178494532097156,2.0001335547762373,0
1.5221790501463455,-0.239907542,0
1.694589006626527,-8.699618461,0
1.891935503677014,9.681109400585985,0
2.115170186644289,0.071976431,0
1.484151810628254,2.6546799550627647,0
0.9198663303823718,8.122838482749252,0
1.640127283110545,1.3205604685705161,0
3.248953699682685,3.9145326523117614,0
0.7275487007136632,-4.398234794,0
4.618601644999086,-9.623111235,1
2.440649715240621,-5.03699467,1
2.978877173494667,2.139088972300627,0
3.9105027205889114,6.3059242802557876,0
3.9013167302283125,8.069781548021307,0
3.018973275,-3.087751845,1
5.267688354476201,-4.034053211,1
1.7461490059448246,9.840883019877179,0
0.079609246,-5.603529388,0
2.5049293774211985,3.6129371313573913,0
2.6683643495641487,-2.850154091,0
1.8914797152757623,-9.718464716,1
3.6705860978617837,0.6711444217409124,0
2.5789077479732403,1.8368546465150164,0
4.472398267913983,-2.308830278,1
-1.055844211,-4.336082552,0
1.9323930214469707,5.571655909459681,0
3.0900644503417687,-4.128925079,0
0.21020426874586295,-3.832631956,0
6.333109664084566,3.743877123669421,1
3.995964829291397,9.966248399710487,0
2.234330833979473,-9.140974449,0
5.384851069289959,5.193630083979441,1
4.1814678216398935,0.5915909137868436,1
3.8068374256159547,4.1972574794468915,0
0.803454223,-5.149997632,0
1.749934982272972,-8.149964405,0
5.047279409908084,-2.552595198,1
4.364415622546199,8.940201886,1
1.155005309310017,0.41744823759896477,0
1.557183108657108,0.2515885642657665,0
3.554712318330635,7.103232568639207,0
6.9070814551048905,7.952272377656126,1
1.8179861251409275,7.915948724415113,0
2.344256360697507,1.6385300779163323,0
1.9374379193908302,-9.316697813,0
1.9723794527611642,9.366831941078829,0
-0.096637932,-7.408617236,0
-0.318616451,-6.65553712,0
2.252260488558757,6.066908906439842,0
-0.289281198,-8.553511414,0
3.0859996710415976,7.024044778661857,0
0.045317786,-3.809399115,0
1.3762121724630316,2.854396399483294,0
3.0554464917702933,4.019169804688369,0
2.0711282581185273,-8.19761905,0
0.9317348105998218,-4.419471321,0
2.622694273462364,5.788305263692795,0
1.0483501943939373,2.505304581058599,0
5.874708839759726,8.054713504585656,1
1.770639433119269,-0.718245774,0
0.8829610589431275,-8.289803406,0
2.521818084456488,2.1488036254764715,0
5.946810380525027,5.698329646594447,1
1.1956783397995052,-0.250023102,0
2.0514329607570003,8.724556749792558,0
1.2654391881952427,2.871898845434618,0
2.6555648932031586,4.916379289,0
2.7805128492448232,3.852464938016599,0
2.0040647852415945,3.188137652793415,0
-1.022701505,-9.278792123,0
-1.394579846,-7.712219912,0
2.2061959314123225,-4.71945459,0
0.9404499403731137,-8.755117034,0
-0.77278316,-0.686627643,0
2.4619405730553825,5.740408422781812,0
1.0861179593217332,-4.765138416,0
0.047052426740526676,-2.106620865,0
3.6467165549374942,-9.77265378,1
2.338351345880013,-6.874196502,0
1.382568676244881,-1.037458562,0
5.0246917683969485,-9.585130216,1
3.5219486051928053,5.051547440450646,0
1.2141556950702739,1.0840803879936125,0
0.9212662960226695,-6.494420232,0
-1.131133775,-4.726925404,0
2.459467495808203,9.140294461821721,0
2.5790063486382038,1.0675638073277032,0
3.0593035318890367,4.795371350642942,0
1.7008794830112253,2.1675879140764582,0
-0.277382617,-1.676757473,0
2.770843309401488,7.800898223434004,0
1.9379859360265423,-5.982012405,0
1.912811074972102,-3.436889067,0
2.8790940783920247,0.17210838741149814,0
2.352559265952829,-0.395790002,0
2.2334357096598065,5.399568325611741,0
0.18735436646927606,-1.038882987,0
1.8025058651210415,-7.684943752,0
0.7853354841154002,-0.56942922,0
2.873242759012153,7.2342599199476645,0
2.4177336039722706,4.301716382772991,0
1.7007497014622757,-5.907321452,0
3.8690271164677403,8.026172190256933,0
1.1922604903665164,-5.423277673,0
2.2128129190782038,-1.865212521,0
1.4321692744105539,6.378207730922107,0
2.235267305937058,-1.714325711,0
3.4223741311514067,1.2863024375571932,0
0.539216085,-5.786496112,0
2.1857714503467793,2.607598825530431,0
2.6052519535919254,5.108966250270054,0
1.6228830774510137,-8.62085311,0
1.7024054890838614,-7.862763566,0
2.7070002220765357,0.5506516555078989,0
1.7245605767457488,2.5500061911647762,0
-0.398843939,-9.555424588,0
4.891239458967439,3.9930246399138625,1
4.036989690283211,-7.332527223,0
2.3604188863147053,1.162398121138967,0
-0.804284255,-3.811359729,0
3.927741439686206,5.534057985831202,0
1.1916951642591875,-0.125949991,0
1.1404063180975428,3.769537429973502,0
3.4747566492445396,-4.829235305,0
5.470819957,5.593229912,1
2.3543057380994763,6.9419016000929545,0
-0.3849534,-6.175185072,0
1.2455745402963383,-9.024889969,0
4.023327424359625,4.067753539229599,0
5.634736883409365,9.842523288711913,1
2.990837142911174,-6.211607305,1
3.691007637341179,-5.853977288,1
3.1011878660928263,4.514169382513645,0
1.0550550834915102,-9.035894462,0
0.8500241241746322,-2.382985878,0
0.07748979,-9.39357995,0
2.4598974637588893,-1.428286341,1
-0.662568334,-5.689861799,0
0.39046229983253056,-7.668783917,0
0.5755353720582939,-3.42866448,0
0.7490771860614795,-3.111080495,0
3.9685500814632766,7.905231155418662,0
5.937607163,6.374197438520554,1
0.7989749385731584,-0.691212536,0
-0.27165697,-7.852083877,0
2.2492318684801926,6.232959282,0
2.8826430247176162,8.876133529325884,0
1.831879800873795,2.1974456045040114,0
0.6405462893145683,-9.420001602,0
1.3087848544772402,-8.536575596,0
2.097132220507798,-3.450499981,0
3.692991752369589,8.321326507867774,0
2.5912444158384136,5.515539633274447,0
0.9909512884004682,-6.638087135,0
3.1899482416614164,1.2204865526916144,0
4.140428589100009,1.2160199508317078,0
4.318574800345715,0.038774098553179925,0
2.3074260022616673,-2.981778333,1
1.5900438353998956,9.651662628048769,0
3.1434205182899317,0.8595467429262698,0
2.296273111838642,5.282379634218797,0
1.2916715360819926,1.914412011848075,0
1.2545315470018283,0.3135202452293644,0
4.795529659098927,-1.778526314,1
0.9406829584107093,-9.861577766,0
0.9909851758084295,-0.696318127,0
1.809791535794472,-0.843646654,0
2.573850510139342,3.196853515800864,0
0.6191652371857206,-9.999270839,0
0.5977507219585227,-8.850189128,0
-0.057851774,-1.650209717,0
0.2407512491000421,-8.396232821,0
1.6416932659154484,8.880737371,0
0.091956009,-8.627951307,0
4.809023312001305,3.726994893267232,1
6.2138341424735835,5.920280804693686,1
0.758027325,-7.872882112,0
3.2017826178265425,3.395727200007803,0
0.5595567441728679,-3.654414501,0
3.4114912142910727,7.675544557863272,0
1.507736441090033,-9.548774376,0
3.826466903497006,6.1077359624524945,0
2.6364287635857777,0.4991591744229229,0
1.4742530408531922,0.36514520060043587,0
1.6536393730937275,-1.830022932,0
3.0224652106979475,5.141974455303476,0
1.1437123882976357,-0.425904802,0
1.6066347424471603,-4.168404219,0
3.382543860407534,1.8477209589806787,0
1.4916852635478541,6.923593482511141,0
2.3163188990147354,7.613344920828435,0
2.327271029531401,-5.396687468,0
2.5778227660636346,-8.46772655,1
2.1808721002948115,9.893693260745778,0
2.1531251278405583,-4.356561232,1
0.6515740098581269,-1.818137296,0
3.0381622643195776,-0.626731911,1
1.3665638630306498,-6.813805364,0
1.5432744197035786,-6.340891785,0
2.0203527550478615,-7.691064482,0
-0.187454399,-7.818099377,0
3.8866641043555066,-3.137075938,1
1.0552417660401674,-2.456109987,0
1.6538416102771696,3.1512902238163214,0
6.0793918352446585,2.6501006873855886,1
0.6368314008103642,-7.344763975,0
-0.419077558,-7.796790228,0
3.192439773,4.611336015379482,0
1.128967752015503,-4.627352561,0
3.651394245026926,-9.276362435,1
2.6912867864932273,7.339807217,0
6.103468570220993,0.40153535779708527,1
-0.211081517,-7.061029983,0
1.9231433188312093,0.8889098006826792,0
1.9511402535987925,-4.302572421,1
-0.553800882,-8.126768592,0
7.357957874545887,1.6645185321964782,1
0.7588247715500636,-6.204627345,0
-0.29461834,-6.327235986,0
1.3000825580402955,-6.15591981,0
1.5162155531538515,-3.156075049,0
4.030188426958492,1.2075808006356823,0
1.0414463739813633,-7.641809013,0
2.1265802385042405,7.163937605499349,0
2.0349914590491376,5.019103795580817,0
4.2657673645391805,3.3044606319209393,1
2.5687971800595806,-7.463590401,1
6.199423131512617,5.8437876886338795,1
2.52510148,-5.469324143,1
2.5044494835543505,-2.443175202,0
2.663479020599909,9.213952467,0
5.529606788,1.4098337660651517,1
2.512734386580257,-3.215687962,1
0.3586970846088776,-6.450769982,0
3.7782087438395777,9.45735889,0
1.5977922119104453,-6.283501023,0
1.3520577643324276,3.7868159114659363,0
3.9906181610607163,-7.229748479,1
0.5259354586920814,-0.233457183,0
1.8256443584306585,-2.917199209,0
2.5980936136700787,-8.15035721,0
0.9648198380132887,-6.72179537,0
1.166466143134312,-4.933279252,0
2.9578479027476923,5.836346794190197,0
1.8619039544985792,-6.628052419,0
6.031925729693752,0.18936549817849802,1
1.0503155452210662,-1.839443171,0
1.2142624966486841,-3.684512891,0
2.1329104618711776,6.224362027,0
1.628733057666691,-6.194470009,0
-0.070471119,-3.671107074,0
1.293721390153159,-2.29966607,0
2.1689405537612254,8.561203039657688,0
3.3772669922355782,7.939176959,0
4.797818155417494,5.763213562148266,1
4.577332905853936,7.138059105799183,1
4.5363046449423905,1.543448972858286,0
2.9282401285768276,-3.618912984,0
5.407933761929204,6.027346356641509,1
2.3846943917720154,5.213843314,0
3.023422370654884,-6.497854172,1
2.117480492892982,-3.563029469,1
-0.689480711,-6.571785477,0
3.6810725489172884,4.454481594275064,0
2.401119341380499,0.19797705565125057,0
5.651479516096407,7.718126055543642,1
0.7783677075820374,-4.986415506,0
2.9799516029963065,9.940329320300695,0
2.0690386674663994,3.8990858072359647,0
1.256074743884102,8.984965172,0
0.17141209309898098,-0.374213364,0
3.958336185321098,7.140746602714497,0
2.2282973362841316,-3.512564963,0
2.7393415404059613,8.859458254,0
2.6443634204699356,1.4444810302346163,0
-0.794043472,-6.539440388,0
2.3762070199160235,0.6714190323160985,0
2.4738343495808435,-3.549530603,0
1.678563546190495,7.095103661543863,0
0.6945514007219629,-8.709278962,0
2.1118865940065157,-4.344466173,0
0.546666351,-6.760248241,0
1.9145389820382217,-2.89871706,0
1.4245036960301454,9.859337224159177,0
4.282832906,2.9792529833551207,0
1.4992409573300283,-1.395537615,0
1.0177775513638352,-1.888912498,0
4.282799763,-5.759714158,1
4.510560889596902,-9.587061818,1
-0.735264203,-0.688780641,0
2.595713112270255,-0.7002395,1
5.586647602,4.843813464368857,1
-0.077413794,-7.54746833,0
0.8180602574408898,-9.183985351,0
0.3505820097907717,-9.106508233,0
1.7372449215053523,2.0314380960606844,0
3.7282168249737415,3.5068648260930537,0
0.9922792040422982,-0.269907422,0
3.367755719657308,0.8347213591649556,0
7.0559549432455695,4.646451311880302,1
2.7959351119750457,8.283039203627197,0
2.7742036971183186,5.457497866182967,0
3.0694647638895907,1.8753582626594518,0
1.368114696449933,-6.513021669,0
0.1145587254156093,-0.273949499,0
0.031642158,-4.88053708,0
2.4439424341704328,4.301202461354697,0
1.0822749394078712,0.14714633233802665,0
1.653857846776409,0.2547073143699663,0
6.272189748122991,9.432104035487484,1
1.8798519954955606,5.573806550798512,0
5.012118327793914,4.0404491604802715,1
3.8767610940597765,9.567108220433493,0
3.8725268922027567,9.484254378,0
1.1878009672038332,-2.641220675,0
4.659987094313212,6.161645401274299,1
0.9990177684456338,-9.868853244,0
0.33230101793820455,-8.040659494,0
0.8436674139004952,-9.126188073,0
2.9246505733159514,-8.759781838,1
0.2341434787978377,-2.303823411,0
0.087400364,2.4102303209227554,0
0.9146653508635488,-0.925461042,0
0.7730017707679591,7.128240132484166,0
0.27822028839400337,-3.136905397,0
3.4646909235206214,1.1407465280546454,0
4.327301472235205,-3.835777795,1
1.7848418709671896,3.787030189792425,0
2.5492380285124896,6.106888454512372,0
3.9985702606893443,5.116834936813593,1
3.3440559164516026,6.701502066897405,0
2.669410011407344,2.458651128366899,0
1.098209251434568,-4.569642378,0
3.483027444375946,-9.809779448,1
3.049100592014997,-3.656567898,1
0.18443925129767702,-8.468401933,0
5.779922082516701,8.188524374148777,1
1.2608031057035902,8.531837088806967,0
0.648870189,-5.351617753,0
1.5250978699947426,-6.624516479,0
3.2003025299159606,-8.344144971,1
1.7678333525804701,9.617561296730695,0
3.2877798314732454,0.097080354,0
3.7008717455935933,-7.9928239,1
2.934403884701166,7.506796675616002,0
3.4773275209888346,8.461812208701527,0
1.5621244729628883,2.5029511601849954,0
2.3105274998324306,-5.811774835,0
4.208350549807086,0.8574532108891191,0
1.9135905543832183,0.6473874299921007,0
0.006971452,-0.358595724,0
1.705910743423336,-0.765814313,0
0.5123100808874923,4.172639411499491,0
1.1984848702568496,6.742424432096982,0
5.6486180751294075,4.197034989319732,1
-0.069539551,-0.125975993,0
3.5569355075321916,-1.17733708,1
1.8019354045542495,6.1857179210164475,0
2.940460188565894,-0.297187305,1
1.853622129385609,-4.626851853,0
0.4981243712923473,-7.159902333,0
1.928317011527871,9.284647207224058,0
3.2660771311822976,4.037096903785182,0
3.479670909373222,1.6625447344974695,1
3.196010451414651,-2.848813162,1
4.985086538907241,8.503402204398473,1
2.7697784297974204,1.2846908132874226,0
2.551932945776005,2.6799451936556924,0
2.4522117866340243,2.5454107494124614,0
2.944840542535392,-4.144324279,1
4.996830800023431,9.464270185461075,1
3.571083983523654,9.720301707,0
0.653579966,-7.682166612,0
1.8771308061518364,7.621875020553585,0
0.49447185603467925,-9.52805318,0
-0.458553638,-4.391338533,0
2.9291522046397374,-1.96200204,0
5.194206803282569,2.2646246586361922,1
0.7362944644528147,-8.519948384,0
1.6596556396923465,1.7702142734868627,0
2.5726374673610852,5.284382959358545,0
0.9297406248448967,-0.98693697,0
1.4997443195807585,-0.26355081,0
3.2287053652357547,6.039066253459932,0
5.6147960488322575,9.240808785,0
3.464354104072018,-1.57210866,1
3.264766686530403,1.1690484665326029,0
2.6281516620232144,3.944506199731082,0
2.5124572818887976,3.102489104986276,0
3.6556093176733118,7.231767722770627,0
-0.079824643,-6.978180217,0
1.2379669706449237,2.768056799607786,0
6.296729772009288,4.930025301557041,1
0.9866801785921265,-6.212487446,0
0.46800079045508836,-1.769365803,0
2.092652618184633,1.406485354045163,0
0.47331295056614964,-4.540736744,0
-1.345836691,-8.624236047,0
2.203127893,-6.05838452,0
3.400069372940853,1.3629291945588697,1
0.22423930317153729,-4.364035365,0
2.587790398731587,-6.04161026,0
2.778112302427243,0.3473594269397502,0
3.9346083867120427,5.713476916434747,1
1.0580680039273278,9.155651128186836,0
0.4188325273650664,-5.608011229,0
1.137316585636552,0.6230604837465386,0
3.412272149566815,3.1211568501191174,0
2.7335796933798666,2.455150573858372,0
2.7927127629222808,5.582072799296734,0
1.5809541048971023,-0.17934727,0
1.5760230845042495,-6.604831283,1
0.710653739,4.775608222893769,0
0.5281335015914447,-4.337855809,0
1.9952141619141126,6.047298210766481,0
0.9149177816881013,7.469488591464447,0
6.099666087965693,4.944410242971916,1
4.438694223020642,5.365489933029053,0
-0.666218472,-1.965818086,0
0.1327237097079903,-9.064595342,0
-0.120027447,4.025481423271897,0
3.0693773883320037,1.4649549159058601,0
3.4619897116638656,6.059736092098326,0
3.520639442,-0.439930061,1
2.940620882807726,-4.827234988,0
6.059418196434702,0.8837168716640669,1
1.491244418850694,5.176812728295221,0
2.549048527,2.480508682049944,0
-0.729749052,-8.849171461,0
1.5978243742578893,9.362741663684606,0
1.2018300695988877,-8.244579373,0
2.4522127183568907,5.4084967357603375,0
1.8200710298866154,-7.65240031,0
1.0031062225707872,-0.689016725,0
0.5056470153055607,-3.082830173,0
2.5547761064116017,-3.189164186,1
0.7956401424902247,-0.366342363,0
1.874264153816752,-2.590746287,0
2.6484899352878077,-5.47700942,0
3.147955623851022,-1.978060146,0
-1.761482617,-3.636574895,0
1.2549736922075954,-8.617999468,0
1.7809780110039846,5.711718019,0
2.9452713266697423,2.913675691106283,0
3.5808352358254885,-1.141341007,1
2.9145717398232387,7.738797976688527,0
3.4758988024277064,-3.474679319,1
0.5388859688901391,8.158566272883029,0
5.498373309515554,6.761927927891158,1
2.3251812459589516,-2.9496792,0
1.356506601527646,-3.851986489,0
0.8069521264741428,-7.076213656,0
1.6959059915163275,4.821007254034988,0
2.098950318802221,-7.120377991,0
2.821264141996251,8.384931773059566,0
1.9636005648768644,-4.958367944,0
0.622341115,-8.501358622,0
2.969534266795363,-9.604454454,1
1.849989998261282,1.0825268044220415,0
2.8874011878089676,9.678354939,0
3.7267199036877443,-4.344706695,1
1.5467058599395158,-7.696731041,0
0.9749277655869232,-3.182221559,0
1.884451884073898,7.968708680551973,0
3.4890394919641485,2.413018279181351,0
3.7522562069853977,-3.984203618,1
2.1970929761792415,4.835602008110591,0
2.052275045678943,-9.778325829,1
5.07600762,1.3957035143243175,1
0.8038346811767465,-9.479559368,0
2.5237177816466616,1.6156058574774868,0
2.1373549528948095,-2.995403485,0
2.2031057093145043,-2.036178288,0
2.8299271847325835,0.9561802618037145,0
0.9726755533749212,4.787014342949806,0
3.1792872543494077,0.5928264112189385,0
1.8960379341126947,-0.141145924,0
3.474583725544493,1.0992161857528444,0
1.8571982898257733,0.34182688130437633,0
3.3299540753069565,-8.684038036,1
1.2186944051868047,3.734679512914351,0
1.6507107553634612,4.095460053967956,0
1.1265706795791806,-7.69800663,0
4.8858856572906335,8.386956703885545,1
3.317203321699765,-8.779152245,1
1.7320903666532828,6.280116364997479,0
1.7704668013111133,-9.67848682,1
-1.560392238,-5.211302731,0
2.265398147904777,7.3891473749586964,0
0.6929891290984209,-3.967786068,0
1.013139672974063,9.672145593,0
0.47985510020292155,-7.281887533,0
1.957881068101368,-8.010644925,0
1.9072253833710606,-1.493900602,0
-0.032849317,-3.395109527,0
1.7613909261588454,1.539039650188716,0
0.513099522,-7.577212615,0
5.381343023886277,2.170221934147584,1
3.375961391390947,5.021035097864871,0
3.3162622154288774,5.8066946482602955,0
1.8380686369954655,-0.712674891,0
3.343535057689792,3.7425793765022686,0
0.768784898,5.556107463517588,0
3.562842419,0.051675876,1
2.160239818238638,-0.075523328,0
2.3372371501232454,0.8999283934276612,0
2.8400504180758195,3.7098422911384183,0
5.328405923,4.200983004174825,1
3.534301728314586,-8.331551651,1
2.0156408963061203,1.3529880781276855,0
0.37675035500203047,-4.549447891,0
5.421565896306927,1.7371723269663715,0
-0.094152568,-3.909433813,0
5.119945996009865,7.581355479855159,1
0.5030807934284303,-1.988398514,0
-0.577218156,-4.651912472,0
1.7114105779754878,-9.400854655,0
3.1155565956007956,4.9074779731226865,0
4.425352272106476,4.611478476,1
0.2396579753162078,-7.679467799,0
2.488511510899772,-0.965037336,0
-0.154504877,-5.095814531,0
2.037919905182436,-9.74412486,1
2.3692834232731013,1.661034628646032,0
1.9511940150721687,-4.934058978,0
3.8837659115929615,4.276356740279045,1
2.5380774428659905,6.342143592894086,0
1.0884074638291585,-9.800203336,0
2.401484999559645,1.426932424481377,0
0.5079357129638085,-9.094204576,0
1.8036972267916447,8.301575182050293,0
1.8929271542249801,1.582682127864759,0
5.465573989287688,6.2219023842595504,1
0.5201095332213419,-2.405589126,0
0.6393989447319302,4.854182146150645,0
-1.548788133,-8.984913201,0
3.276158425322969,-5.743431347,1
4.197476863514439,8.136352334494038,0
2.036979386425375,7.784318706,0
3.4134422715353687,4.32475672,0
4.218772935917115,-4.278185912,1
2.704905223260506,9.550758544628543,0
2.4993849315547285,3.514188807336783,0
3.1322240639394634,9.318846892916259,0
1.795905300539967,-5.115108464,0
0.46605995834323843,-1.891253778,0
1.5265463026127324,1.9344367802913727,0
0.21332398515880246,-9.36211623,0
3.192297841995756,1.6015343929918746,0
6.632042471217954,7.8515231338613205,1
3.623210830763366,6.911959345687734,0
1.062990912551017,-7.538891538,0
-0.859233755,-7.691383476,0
4.161507849939316,0.32887313074163416,1
1.1427097282308802,6.399891897812896,0
2.328951741911541,0.32063002,0
1.3488059256836267,8.605991419400855,0
1.0182591716201577,-5.718332574,0
2.012216939693001,-3.308349318,0
3.4996024275338686,-2.515512302,0
0.7189507351203845,-1.825290087,0
5.2784956058254755,4.092412189454484,1
3.163737915897425,3.9741063352731416,0
3.773307921633248,3.728932146053765,0
2.787039008194361,3.3066810994533835,0
1.082660073171075,0.24381748071224507,0
5.563079104221088,0.13709748691209178,1
1.6861238272250048,2.2032704607538527,0
2.063583728,-7.432442664,0
3.768075330721034,-2.061422077,1
1.8955065495910373,-7.783262605,0
3.2131765366346388,-6.047821325,1
4.120332523154111,6.746682022559838,0
3.0436745707713038,8.379422830310656,0
1.7906544837442424,9.931360838,0
0.4536559130963179,-1.863236669,0
0.4865127751249929,-9.747680404,0
1.6084065463366004,9.023337415187278,0
3.047586968930152,5.158629908999011,0
2.314611044538414,4.257832497965367,0
-0.653055771,-3.525736121,0
2.5277988646187373,-1.429772562,0
1.9373167732272618,-7.043649956,0
5.633124489194505,4.884992506362959,1
1.0763017146437261,-5.6716238,0
1.1731050251579307,3.444126977623057,0
3.0059035593454766,-0.873337659,1
-0.820869972,-3.383277606,0
0.6454210334023383,-6.972310411,0
2.155700629191406,-5.212693424,1
2.627209978427367,-8.652783527,1
1.054577764460644,-2.429230135,0
0.6563740596236276,-5.548776091,0
1.654341743604962,0.769183464,0
2.2817723118046858,-3.317442429,0
5.277254921915953,5.793027284946037,1
4.200162366718818,9.079581339982855,0
2.3163853761880135,0.371744239,0
2.951510320551603,0.064218285,0
5.318357295604164,9.431639581232865,1
1.0509904405131163,-8.610160486,0
4.523963147272714,1.7204600322998065,0
3.336304148886031,9.169076161516166,0
2.7522468449690134,1.9605854278775823,0
2.6075317079803404,3.533848214721001,0
3.735747340149617,-4.486473255,1
0.11997188676177972,-7.060814719,0
0.3062908843995241,-8.504669446,0
-0.096758746,-3.680283788,0
5.074547854760826,5.404402417882672,0
1.7966405413976991,9.943415207205142,0
4.906742856818765,5.040385592141661,0
3.0584553623385164,-1.37369621,1
1.1023462811959355,2.4599769209979456,0
0.590932149,-7.211754653,0
1.749247644424104,-2.17462019,0
4.897795241901759,8.696781236128466,1
2.7865991887628385,-4.25254757,0
3.424621962606394,0.166841114,0
2.9476195639566876,5.698380161158196,0
1.9094496945488517,6.178425445169648,0
1.2931928729227762,4.271292219770931,0
3.4511562093803856,2.5610631496389242,0
2.939457101383478,-8.400877186,1
4.058427859775174,8.410630694585876,0
1.2720409967416688,6.031660783030112,0
2.752218547024728,-9.456014658,0
1.1808663726040383,-9.734620548,0
5.383048193671519,8.332991982677218,1
3.2055446596202986,2.683099044,0
2.823911283325863,8.979002050004379,0
3.0127464309865655,-9.150333342,0
1.412157913702076,-8.560097907,0
2.977191012231044,0.20630295257338993,0
1.5456999254478818,-9.698158011,0
1.2353535837999556,-3.313065916,0
2.2592752682070905,5.450760568889573,0
-0.668785796,-7.059020372,0
1.960272775749063,-6.711243246,1
2.3561006963152518,-1.554207896,1
2.855673023806476,8.035755844332595,0
1.7013684921868313,3.1085602234556386,0
-0.139802927,-8.659422751,0
0.6289767186379638,8.005281401886066,0
0.5337721428207625,-0.520836091,0
1.1634455740077858,-2.396711142,0
2.173376225,-1.896837755,1
2.147171179135233,-2.523292658,0
2.0780897125271034,-0.953014839,0
4.220600389833295,2.931772842,1
3.061846119000147,4.5685758932192435,0
5.388396634665668,9.605355911,1
0.9902079964763011,8.699130181986206,0
2.3398740078463245,-6.711209351,0
2.594407040599606,-0.317754885,1
2.1449642271917124,8.631533805,0
7.593895820476449,7.568434270332855,1
1.862101448957179,-6.245599292,0
3.3901984052467675,4.305668069923103,0
1.689776273649215,-5.742272787,0
0.7198864096857498,-0.269487758,0
4.375249095037573,7.573774423259255,0
1.0980508236980266,-2.417561506,0
1.2529964815510555,-8.076036666,0
2.3318591706832685,3.4388259561560943,0
1.4885300166501976,-2.638617464,0
-0.386648552,-7.43939327,0
1.8493099503690966,-5.910736436,0
1.7125252167415899,-3.976097883,0
0.26846024390196355,-1.305604108,0
2.6332726260739046,3.4419528754408333,0
-0.14658262,-4.450353983,0
-0.280272903,-0.59624616,0
1.354798059510555,4.898770002472695,0
0.8800157423557695,2.574232471556117,0
1.7815669077589988,3.421624905604295,0
1.753988969905965,4.370654320251299,0
1.7340809347489157,-7.252013002,0
0.12681813363865224,8.472927391,0
1.4306846846353218,4.549559748679954,0
2.32415791,-1.439623312,0
3.361828321856612,5.665829436293869,0
1.1721350143290195,-7.573573028,0
3.5725371796685303,3.1000413685267443,1
1.7774003898571666,3.341115428933822,0
5.715067135749812,8.659259149033698,1
0.8772122327182359,-8.551236165,0
0.38425716447146085,-4.792130456,0
2.9650112630153145,4.414540497888739,0
0.24526000327469166,3.7975148431779377,0
1.906011512997582,5.994852014657768,0
2.124394925955536,-5.374233585,0
5.926014681,0.19482049075456764,1
2.906024515876941,9.688634296691877,0
2.7786275587421017,-0.106920141,0
2.862886753353101,5.834408896839685,0
3.130505800310232,3.263338959431806,0
5.477661606085887,5.846407270726466,1
1.8018230813887293,6.287139634613304,0
0.9768915638631108,4.041211594,0
1.8632129380945983,-1.112690624,0
0.5081592572429923,-5.469721349,0
1.6097721118169384,-6.772086015,0
0.34320443720604954,-0.316396183,0
1.8974006768903104,-6.566337874,0
3.3933453949134678,1.9291946165801441,1
2.125295204280756,-2.914964577,0
3.1083552129480183,4.184767780477623,0
2.4772758581356857,5.087706784094284,0
0.6099472356219147,-5.887249019,0
3.8461620621428496,8.526142933163733,0
3.4333055405512636,1.3365021333607707,0
2.645751852632946,9.84779971,0
6.82656403,9.452308770256924,1
0.7025613155855327,-8.859545226,0
3.7235323664703905,7.116049487180881,0
3.089857555865258,-2.529856031,1
1.9525257913054719,7.075474615750192,0
0.8739958491571556,-7.468509176,0
1.2581064808919689,5.725522040262764,0
2.085046758,-3.051779679,0
2.0151755953579373,9.493892978,0
3.469756517210177,0.9515203240701009,0
6.914424382212908,6.227788312977182,1
1.8237764443717024,-7.971507855,0
3.299260552098991,9.434023197758389,0
1.5827116943852217,1.7256798802551376,0
7.724507435779858,6.502848797,1
3.9550916363734943,-1.115380484,1
2.938516894150458,2.480425773729195,0
4.647622047,8.209748341946579,1
2.156389104205789,-4.637244408,1
1.508276942744022,-5.385703438,0
0.7971507593522041,-0.810082693,0
1.7520472758415966,-5.391647044,0
2.187607283631802,-4.263392141,1
0.9083406027604182,-6.824256654,0
2.6041121720391116,-8.500601456,0
1.3635989764627248,-6.009813026,1
1.062479884501916,-5.968988787,0
6.203272016036658,4.149153666,1
3.339749508094156,-6.247470788,0
0.3797174482217818,-4.865452364,0
-0.542700084,-3.726034409,0
1.0487204178914835,-2.414501362,0
-0.601203217,-9.201735833,0
2.1530522875494054,-6.437120139,0
0.7223540312424628,-9.034205484,0
-0.356735573,-9.729529262,0
-1.135358642,-5.142707423,0
0.919597678,-3.745413098,0
1.622257104636061,3.279917714,0
1.8725677908852694,7.543628974,0
3.975099835825283,5.592608007742687,0
-0.867520916,-0.785974516,0
1.140888315623041,-5.536271377,0
5.227476566293257,8.906603393,1
2.9380054988258806,8.809311570524144,0
0.9321707877067744,-6.57683812,0
2.379658802101571,3.4340197078238806,0
6.402395379883627,8.454580523330243,1
0.6442238773891438,0.45770421973417363,0
0.7316441293749878,-3.086996822,0
3.016475625,8.110405334,0
3.058321139022289,0.5863537298166417,0
3.0305250923830984,8.793661779214943,0
4.252203561,5.361567567872857,1
2.048629628078027,-0.375224026,0
0.8487858258282162,-5.488887623,0
1.9986578017070311,5.280552028708069,0
1.0127780240538606,2.3133318309061757,0
2.6512837932428934,9.738631257950644,0
0.4671530214805668,3.9104662214809505,0
5.539710663663765,6.8532068697572335,1
0.8446943354472501,-9.823999645,0
2.561756523704702,3.974573675311447,0
1.2805674801341755,-6.673314299,0
0.45291376286362794,-6.238287656,0
0.9545527368052309,3.4699521934809106,0
-0.213754082,-6.745513528,0
-0.016822305,2.229070330908616,0
6.793277552256381,9.294370764436426,1
0.18588009089469393,-4.609848534,0
0.23682798750928968,-4.158097738,0
4.575791909419718,-4.094702059,1
1.636511853744652,-5.549950114,0
4.6076073886715045,2.165559631152256,1
3.4844145240637006,6.028572253,1
2.485670844650507,6.518728717783773,0
2.470228199079862,-3.698647483,1
0.074278184,-8.45097301,0
1.8639447045510287,-3.270965934,1
3.826835083807996,1.393983511180334,1
1.4011560141062642,3.0132534627183727,0
1.531177225,6.524121087462355,0
1.6215176373413644,-3.515439155,0
0.936562283,-9.728136815,0
0.297988545,-1.607767296,0
0.7868722076869662,-6.33406892,0
1.7804759897620817,0.2424643298498843,0
2.4054569722779373,9.402454140579003,0
5.145514002264453,5.411160630524069,1
4.040262258792891,8.417255145824548,1
2.880516366,4.159407254263067,0
1.9164066877434769,-6.812445,1
0.6891923699626968,-0.963209589,0
2.711439613514419,0.4236238707181528,0
0.3167452866591519,-3.800395205,0
2.799815192197273,-1.371257102,1
2.5615594737479217,-9.319375676,1
5.439324527382178,6.3560577739464605,0
4.495485795294015,-9.440202246,1
1.6814899986851755,7.678807241070643,0
1.4912324695069643,3.6696981525769345,0
1.8933298038811255,-8.87712397,0
4.2901477314754155,8.918151170678431,0
2.5911828937668253,6.328432245657968,0
0.2859227798612908,-9.700469251,0
1.8876920958214631,1.7146435221719578,0
5.571148201681502,4.062324374384314,1
2.6793265996259485,6.7942357229385095,0
3.331741844312832,-2.781767491,1
3.7135765738544233,6.853025582935597,0
3.124116903086067,-7.170503535,1
-0.55319427,3.8868694521386082,0
0.6749241468694331,-7.823804589,0
6.125236526943278,2.061404330469415,1
1.871149490089089,-5.694731894,0
1.0619758168975384,-4.535564017,0
2.8664303092263346,7.376902945244844,0
0.2684763264908705,8.674592814281315,0
0.4743765069838908,9.996858823,0
5.3605999103877995,5.262224848816359,1
2.5999131930975556,4.176769890642245,0
0.5821987780423528,-4.220543394,0
5.3207566647775835,1.7839820795522066,1
6.758466023214167,3.337283279911736,1
1.1762873793694084,4.474359842368536,0
2.8109173971514316,1.9992382323302866,0
3.1135505391347924,2.9962519846575155,0
2.5148797529597227,2.5162502711652213,0
3.359214220137208,-0.547586688,1
1.9824439498541642,3.875845354996361,0
1.0990990326150487,-8.74636119,0
1.0141343758113135,-3.068899011,0
5.751260768,4.928660326065678,1
1.7326816963774512,-3.667858967,0
1.3936921248243288,9.830485513330412,0
5.716011603845652,5.231374371,1
5.167477035,1.5692226974398586,1
0.095258197,-3.013330497,0
2.854306068208848,2.8529998850692913,0
3.4533619792951855,-0.576053733,1
6.427256629105805,4.047203575979239,1
3.6092313575856254,9.936934765804402,0
2.495226032124788,-4.407040552,1
0.5004663207713638,-6.005145322,0
2.083984989945921,4.552080781343509,0
0.16974558729671752,-5.401626198,0
1.2687403672289705,3.665930175231198,0
2.073000116505879,-1.492280931,0
0.6280014597676056,-3.739851416,0
0.6653441451664612,-4.342411289,0
5.224834543,3.7515774962996886,1
1.6941161642822706,-2.139424373,0
2.8757123778862783,7.088401075280505,0
1.9435376165696687,-5.51244309,0
3.7518849573917943,3.1901048348682703,0
1.5506163742516508,4.781297829235767,0
2.7227765475377628,0.3399809171141239,0
3.3149935495969785,3.6139895506764326,0
0.5063012786656671,7.254063604506914,0
5.738459700136306,8.198852232035627,1
2.3889772843387114,-2.69215801,1
0.4646374283358341,9.453313626,0
5.384300806,0.715791629,1
2.8941479877454217,-7.383371099,1
2.2773883869397986,-9.792859915,0
3.674941546023441,4.429058506741157,0
2.257051061155029,-0.297612353,0
6.7910835857308545,7.728158657855431,1
1.72199482,-3.409085376,0
1.7127290212489568,2.6869046081602157,0
3.962565921506603,4.79859196,0
1.4825488761954604,-9.12246195,0
2.4423733901624387,-8.407358924,0
1.1889592811742387,9.556208604707702,0
2.896427888,2.4819090687865284,0
1.8008220936214305,-3.209465782,1
0.48533551918369333,-8.71838455,0
2.454389220528956,5.8879852956917755,0
2.6625668244214964,1.5375261626217025,0
2.126032859292821,6.609378878868089,0
4.030897126,0.8434500013453654,0
3.1007380557322812,9.295393272411768,0
0.48839589419334395,2.0110215447180124,0
4.925045600259665,-6.576690695,1
0.2852896890032438,-4.746485783,0
3.171841584130377,-0.23151396,1
8.485857431207574,0.4697010814315927,1
3.018455856777903,-5.518555132,0
1.7587617817906698,-2.462143856,0
3.1607308005890133,0.9319805079650436,0
1.2702878906618753,-3.787938331,0
2.203762403230048,3.3812365911803415,0
5.461310066439486,-6.720901693,1
0.3748308728333207,-0.262972909,0
3.0300247516922756,6.3537601,0
2.9968553477009596,-0.798053245,1
0.786313658,-8.819583914,0
2.8565700207910014,-4.048234741,1
5.208422569010562,6.145466349505458,1
3.585731631,-0.536491837,1
2.464169381557615,-9.680167836,1
-0.392984484,-0.026939826,0
1.7584919898390154,-7.977541609,0
2.3887525570254144,-9.052458516,0
2.1371161701306542,1.3983488118117844,0
-0.067945348,0.27592007312895284,0
1.023494500143242,-1.226773024,0
3.4929463506851706,-5.468852719,0
3.4994981597111563,1.2315496175844167,0
3.0169353042867857,-4.950843013,0
3.3818623397341416,-9.721750138,0
0.6574949616682884,-2.950993257,0
1.6636436044806073,4.925052541036397,0
3.895878416407384,8.994953591899826,0
1.240279203634332,-0.546831076,0
0.2218113854841789,-8.602597471,0
4.532141079443493,-8.052684994,1
4.103463312251961,1.7597507925759643,1
0.11253550160745462,-4.831539471,0
4.652573018617943,8.904807483,0
2.6971188975977123,-2.184474996,1
2.0743622454667534,0.9472192509762589,0
1.6898075684599059,6.777649133,0
0.10835110846799667,1.0852140416346234,0
0.1873189261619269,-2.188929184,0
-0.017037277,-5.664588868,0
4.8362720567508095,5.565765013147942,0
1.4404732736088135,-9.614978491,0
1.9374675536172048,1.5241815614492804,0
1.3785227690060942,-4.131054532,0
0.4230120863806184,-2.279419511,0
2.595717698816771,-3.17979212,0
1.185341576569678,-7.229644561,0
3.8931469301847157,8.372762405572434,0
4.994014297583019,3.3918601343280166,1
2.6980987924960966,2.201730276983337,0
0.6330448176735434,-1.324254469,0
3.365905572525863,-1.90839982,1
2.300587163249605,-1.978075255,0
2.710346152232226,4.334291228357879,0
2.295425974435477,0.3279659113508657,0
3.6428894794988076,-3.982065477,1
2.2994540882523022,2.461361640531319,0
3.2266426422899177,-1.001380492,0
2.918426249141098,9.269225736675192,0
4.339116847305977,-8.231784581,1
5.8355389351480484,7.946632867881881,1
3.534634119968498,2.8781035086871896,1
0.3736222715603248,-7.577967811,0
0.2201074870240617,-8.650730685,0
2.5536457028554858,1.0681472299081545,0
0.7790696277174682,-2.999793121,0
2.038787038157154,-9.746392051,0
2.2598383981530272,6.734063340400162,0
2.7313155685206185,2.407299318704844,0
0.9307606227485061,-1.318011476,0
0.4406973692700932,-5.443246223,0
5.885092155551998,8.470108807632165,1
3.5770786920827793,7.221566824436142,0
1.6485081413582199,-0.498093478,0
2.0200754390869538,-4.398154514,0
1.2793128325851546,5.415167348194247,0
0.2371924523788579,-7.358870592,0
0.7645154554057678,-5.68418087,0
1.4190351576771265,-8.37189085,0
1.290934517288798,-9.933063444,0
1.9554210950729987,0.017984190595372596,0
4.685920128989226,-4.351840376,1
3.807276220786721,6.527383713430051,0
2.307753009459305,0.1153966688347623,0
3.200267582134679,-8.539162988,1
4.081814115119254,6.049182314,0
3.847879288185686,-6.259536851,1
1.9404286822640207,-2.82681088,1
2.7085357031829758,-4.400837684,1
-1.038027326,-1.79999442,0
2.3679988680593795,3.8190695689480343,0
3.2252270275923376,8.169254429,0
0.41332816905568026,-4.815899936,0
-0.121004642,-0.738341432,0
1.4467345900442057,-2.889019544,0
6.041928197639821,7.014033516597422,1
1.6449975417264364,-4.490813885,0
1.0804759222109777,-5.934634613,0
3.172772936490849,4.471854734062363,0
0.765525335,-5.638985948,0
1.164677446001595,-3.409771927,0
3.1416804846204656,2.277589655678913,0
2.0488306782840633,-1.641218843,0
3.4206007914893597,2.4025944849874143,0
5.936660828487085,5.923685833419183,1
0.8836970900571809,-5.465119105,0
2.5400423956598233,8.347199924314562,0
3.285208988049898,8.645787145840139,0
0.6825863099585787,5.828153864324573,0
-1.228111676,-3.821929799,0
1.373926235839917,-7.190063514,0
0.41449031771183875,-3.096418903,0
2.3698854150910402,5.948953044314958,0
1.9066144157872154,6.498361187273495,0
0.8181536692757021,-4.204619777,0
1.6954479872262607,-0.40044407,0
0.8961910153578488,-4.979087614,0
3.9532752125504347,4.677998423499329,0
1.9690520861679688,-7.715040768,0
3.355298730152882,2.4966849147342263,0
1.5975538460672443,-2.406064011,0
3.4265857392628734,-1.336834668,1
2.899782412529639,-2.412963489,0
1.4047368333110732,-7.486783381,1
-0.504131556,-2.772782331,0
2.1431179876354456,-1.751228061,0
-0.085166276,6.4043869953928905,0
6.516338396127627,6.924585729543281,1
2.7467202019033317,-2.655146156,1
1.292892390951826,-1.03607096,0
3.486537155930667,1.448548442341247,0
2.519849018606094,9.938377812434481,0
2.6599455996377706,0.5066213146477097,0
0.2662402131423086,-1.250523799,0
4.181443073,-1.685680052,1
3.3557040886033374,2.3749960957253933,0
3.1813768192392096,-8.262598718,1
-0.931851968,-4.279968027,0
1.881719917126508,4.864343661580847,0
2.980250694031787,-9.096119612,1
1.1935283102592313,-5.932012555,0
1.5765057098297541,-2.390709209,0
2.118343442554341,8.767558943136464,0
1.221225313394015,4.811681728909903,0
4.523154725442603,8.006892919275796,1
0.3703910639189937,-1.992535107,0
1.1938372880675172,-4.847092857,0
2.5504477059788044,3.2296397535590415,0
3.9540857119076143,6.153805422909382,0
3.4177254425791648,-2.968495511,1
0.7793409189725269,-0.775268958,0
1.932249840309364,-8.9743915,0
3.0041536054754414,4.063611199,0
2.5715216806350236,7.228897023188868,0
4.278939842253957,-8.90359899,1
5.420161302601013,5.2148043110934985,1
2.799855329858195,5.066554891425405,0
1.181053975752144,-1.061369522,0
1.6658926489222128,9.894555538904338,0
7.675824593371264,6.732728403955008,1
6.284762661,3.8687865221835764,1
0.24236024397116374,-1.36378399,0
4.491603590214984,9.581614951038574,0
0.7763437198846193,-3.397841812,0
2.043296824142362,6.971183109308466,0
1.7332420603922607,7.485189277513566,0
2.907746228765505,3.446219289184514,0
1.4446236290224401,-0.482458439,0
2.7382672454815116,0.7191971077597348,0
2.763412311419671,5.678585109213888,0
3.801078225168424,5.4169612982718895,0
1.9498534029477317,0.1717005000157883,0
4.451773233485268,5.062374484870656,0
2.9512876330393834,2.601749973646827,0
1.9202356803170475,2.8541216183313356,0
1.2487866857267989,-5.319863835,1
1.167919449497181,-8.878002663,0
3.280053041361418,-7.737945504,1
1.259289110288427,-0.238236578,0
4.404687567566345,2.3023981499289388,1
1.809572786729872,-4.474164275,0
0.18393096052263136,3.069369460066472,0
2.561206625421654,7.293272652598006,0
1.8067745573222316,9.919117439512604,0
6.464213378,8.851599484,1
3.0499216537596947,-9.444129195,0
2.2357995873699283,9.182223819662216,0
4.071111443068942,-2.726793147,0
2.432313701450643,-7.558237969,1
1.2893236895209823,-4.97591302,0
7.1596988601235765,4.529001090386956,1
5.045162165851473,7.619229634038579,1
0.071902028,-3.26498797,0
1.676079182,8.047270053514268,0
1.2046949834933256,-8.058229149,0
2.4329188360020852,-1.22830214,0
0.1669812347220141,5.398233797136138,0
1.1866850160258384,-5.912046499,0
1.7647298482434874,-8.309569872,0
2.930409331606694,-3.288460347,1
0.9169805496531482,-9.333489842,0
1.6904178915579653,2.8514420302463215,0
1.3791096411335246,-3.429647204,0
5.254410530683343,7.461735157,1
-0.200976624,-7.854453527,0
0.530970405,-7.032300643,0
3.9628356148312944,4.403128239773595,0
1.8175676260250633,6.165007750061349,0
1.2901796774977925,-0.587078827,0
2.0275790106736706,1.8706829216719374,0
-0.19282548,-8.269601166,0
5.996107337094696,9.859069647408333,1
0.6276043710638045,-6.883411226,0
3.3838974293657973,8.503783795168008,0
0.32384512260485987,-8.043882043,0
3.8930029674337985,4.141780830934623,1
1.9269136951397734,-8.501854933,0
2.733704795336963,9.454882573218427,0
6.050467568300812,4.356300135494056,1
0.7371254084728329,-5.748037936,0
4.669056899803402,8.625782808251994,1
1.4186245216067612,2.685201725314027,0
3.6534632981572526,-9.435209072,1
1.3146460183315685,0.4498739200195807,0
2.6171391061553906,9.101237997507557,0
2.9205148541934904,-6.050481923,0
1.6140136374124918,-9.868100695,1
0.309232709,-2.479423266,1
0.5477158711524862,-1.255724785,0
3.288206311727639,2.3076882411912987,0
-0.334877783,-5.616426186,0
3.4015846262684706,0.267634845,0
1.2505101463614707,-1.06671977,0
0.2651811156066086,-8.308364709,0
0.3310811250790474,-6.059001198,0
0.5251499529848924,-0.774547173,0
0.5776257673985703,-3.532775234,0
2.3607156698027456,2.651797885286701,0
6.446352322040803,6.8923238427549585,1
3.702535899866084,2.7504759068063684,0
0.6401216053024328,-8.175122021,0
3.218253335424367,1.3594108066519706,0
2.2350299384285446,9.636582383301484,0
-0.767144605,-7.791877261,0
1.5221286800761573,-5.517646291,0
-1.206303404,-6.824904814,0
1.3472952875509983,-9.956569432,0
2.9148348841898253,3.618189511143786,0
1.3584469671013695,-7.755138698,0
3.0029189037912287,5.469273220058891,0
2.342794204,3.0572647115426665,0
0.8415539621869036,-0.747625782,0
3.040576794132818,-6.83864734,0
1.0519036812619598,3.075085737787287,0
0.34468474236945257,-2.613377419,1
3.483371587662719,7.024487268246361,0
-0.305883542,2.580202988392097,0
1.3531410983448606,5.150613081043808,0
1.597011163197724,-0.843972219,0
-1.522087235,-5.166818676,0
3.203472905784584,-1.719802904,1
1.3961181346503853,-9.098297357,0
4.027253318,2.484805088640183,1
2.0844233785083297,7.061558891739775,0
4.005815523317421,4.9939211037169695,1
2.2121259957870643,-3.879951314,0
-0.036108629,-4.75509489,0
3.771854629,3.878408129756842,0
2.0776443106332825,8.587183439332836,0
0.194458153,-6.234085897,0
4.315894823746254,-6.147466115,1
2.162512921110505,0.5232766412380592,0
-0.977666554,-7.695904959,0
2.0214905319703025,8.008998047014334,0
1.4894451319575692,-5.892586615,0
4.481305173325973,5.417642848561215,0
1.2878582306233626,-8.438744299,0
3.5260756845828887,4.572276058718218,0
1.4277734554522554,6.275085325266314,0
1.483698411511688,-8.119702519,0
2.8525726539185587,4.517463929,0
2.980450015599497,7.380568403441721,0
0.2441714763580105,0.6847866401840328,0
2.1329151678732443,-5.54389073,0
-1.995426886,-6.265095472,0
3.223534343086509,-2.012535731,1
0.1622081629127884,-6.773749836,0
2.4676370037052195,2.5197989623778394,0
1.6518162511757137,-0.158448917,0
0.026368594,6.442349033,0
2.307157405073495,5.887591238057654,0
6.355549062245883,4.827182791915517,1
0.585087947,-0.466307477,0
4.266234799605948,2.588998542324701,1
2.4093585767091605,2.473465128645584,0
0.048212373,-1.391810909,0
1.0274476079779717,-5.66647538,0
4.573531029728957,-7.847157846,1
5.0231742439087705,1.9584807409374605,1
0.23806934935743174,-5.893580418,0
1.552745106648612,-3.160027492,0
0.7276225532759477,-0.651163852,0
3.3874056801061823,5.941100312883975,0
4.685830745205297,0.7364052007699584,0
-0.663472244,-9.865582546,0
-0.105762672,-7.156582165,0
1.2021189448609193,-9.751889203,0
3.6676726427485695,-5.935260507,1
2.5739839530779625,-9.682722865,1
3.639298975646442,4.079978306,0
2.0591977225796936,1.9099840528049654,0
4.521536323576944,9.896046581560466,0
2.2768497808198562,-4.597997784,1
0.6804589927336446,5.326191175804727,0
2.0896089714855717,-0.482281969,0
0.8684302813584746,-5.990391169,0
0.2593743584265057,-1.927755645,0
1.5949353180062709,-3.772907604,1
0.23943131629559622,-2.650712482,0
2.171248206180526,-9.187645568,1
2.567480166265033,2.4335074233892975,0
4.188348401063191,1.5795582525994405,0
2.0145626707517788,0.288792618,0
0.725681576,-8.587725281,0
1.123797411859216,-8.415483265,0
2.773046398907185,5.93428937,0
2.8586505495376766,7.322782425483183,0
4.728295657525076,3.9042440988873963,0
1.3679824293173006,9.706053195640315,0
0.12383735622359027,-9.150799891,0
3.2833479962160914,-2.117554403,1
2.845282145737083,9.357095457058634,0
2.032356875770142,-5.713148606,0
2.2693693211784165,-7.55969563,0
2.2035345435911866,-5.430819841,0
2.543666148883451,3.917825807883659,0
0.5226671758520232,-6.698240323,0
2.651794727,-4.485856846,0
0.058702326701834284,-5.485674353,0
2.594936929718862,9.948983766,0
0.41437844100718446,-3.071352085,0
2.954695455529034,-4.738769094,0
0.35838902555819163,-4.74434577,0
1.9856947591076186,3.880367590047653,0
4.825037825249454,4.905421290975783,1
0.36446824962010094,-2.827724376,0
1.7541841039810242,9.915302539302957,0
5.623091996681524,8.607155985455051,1
2.226543831065176,2.999610906318164,0
5.211629884,3.236527945719434,1
5.835867183540595,6.102704844367722,1
3.0107322248267137,0.6550487022869955,0
3.1351195191362615,7.347890208154901,0
0.6031745348120974,-9.46106131,0
-0.399854473,-2.27193889,0
-0.823594012,-6.511290122,0
2.0402320616177487,4.711445772714907,0
1.7594200829457634,9.579707729476002,0
2.7959490146331865,7.7356019045007045,0
2.218601902900305,9.331707938769437,0
0.6177348617345095,-8.061418739,1
3.418776217776626,1.110989676282749,0
1.510703778253172,-7.488588273,0
3.567427473746406,8.007868390485605,0
5.045092675334311,8.824519078208766,1
5.843402777116467,5.160366257153594,1
2.835991581167544,7.755591048,0
1.6422468923473832,8.070122896213078,0
2.1202875626070097,9.848295215763436,0
3.7955144332123743,5.903709682,0
1.2619872699162875,5.428840456711752,0
0.5816245800621801,-6.995782037,0
1.881177835683064,9.902323477791882,0
3.4609178661064735,1.8189502699942146,0
6.078391994754617,8.80628371,1
2.0978239702858485,7.488000670374838,0
1.7461007792746894,9.508882618515848,0
5.27222983,4.556690991000476,1
2.4997482751542393,6.299097174985082,0
2.657493150217094,0.507358131,0
-0.099231099,-9.082941444,0
2.6219347081594915,0.44014421089350897,0
0.10941082472694852,4.665130803705168,0
4.979149867697716,3.7927823896580453,1
2.137777591950268,-4.351675996,1
1.1217011856072472,-8.502283975,0
5.974629005805093,6.095996633273867,1
2.377631768400171,1.4100402002861614,0
2.649835181183089,6.380715473638393,0
2.3114583535435935,-5.704091836,0
-0.526193714,-5.291417323,0
2.2196767024860353,6.821856122939241,0
0.20504004441562662,-6.230590044,0
0.5555539952188524,-9.208663713,0
3.750027215430589,7.675406456515184,0
1.3741396952462002,-2.590842972,0
2.107007287994764,-7.688921385,0
1.3792090491147881,-7.522835715,0
1.9376019254230727,7.233173864927753,0
2.3008819417291084,-2.634609284,0
3.526925729,6.471811465907397,0
0.6104884819099683,-7.326838959,0
1.3087015311760875,3.261030355000784,0
2.9337876696040603,8.282856723733513,0
1.2934111269458861,-1.185946538,0
0.5407495081106777,-1.34952303,0
0.043349017913740795,-3.959608506,0
2.2857103664026965,0.7778049649961183,0
3.835113657686726,4.2171301358170865,0
0.8444271350044725,-7.858167915,0
0.9454024438188201,-3.188756082,0
0.15090286830770427,-2.457245428,0
3.5183358726045553,9.868924099,0
5.448735523431177,7.592966050830196,1
3.039266290987241,0.2838320601165698,0
2.0917806699744843,5.866138431012654,0
1.9487678053550506,6.809725331,0
4.638017456061248,7.140733250126779,0
0.8318194071453464,-1.127866033,0
1.9704210446560455,0.8740053013037432,0
2.9747008898557596,2.0828559040137336,0
0.4332832861336364,-6.371080343,0
6.252596279,6.868918137352498,1
2.348488657515362,-0.85706269,0
2.126954666596689,8.831541000916939,0
0.4643530459567595,-0.379549705,0
-0.36658428,-4.749266423,0
-0.400973722,-5.5205203,0
0.094940151,-3.782512908,0
1.8840106300149166,-5.626649743,1
1.336768334,6.440837764,0
3.4228035770631267,2.692192991506916,0
0.34842802222928615,-1.162717008,0
0.24525707314869327,-9.738271294,0
7.543484211,8.773108862,1
1.8339067878257946,-8.750675103,0
2.1530388311069775,2.959158904345454,0
2.546360185738478,4.776255911459737,0
2.3717024506840536,-7.382332236,0
2.7590785026509588,-5.522429944,1
2.174478213961958,-9.382920484,0
3.1511775824817594,7.045018784580577,0
1.3553879923618164,-3.422243775,0
0.40074938078912437,-3.629528108,0
0.7594025163712776,-2.548421608,0
3.210653428060114,4.630667262682289,0
0.8148898729244838,7.852200792220344,0
1.0135201440411254,-8.113979252,0
-0.467300224,-0.523725737,0
2.139320809971388,5.314572209757335,0
-0.154306463,-7.42770634,0
3.142301954429485,-0.766027682,1
5.470437494330258,6.432632851566289,0
3.9669489976323336,-5.370927847,1
2.0930579464501577,3.2244577674426615,0
2.1440063844375814,5.3580237823743655,0
0.082982024,-6.342347785,0
0.6416091414175924,2.4166407831040697,0
3.3777570147994096,-5.524542745,1
0.8091338660783319,-5.635683739,0
0.5957328308228138,-2.221250334,0
0.9380767909199148,-1.286597254,0
-0.453321286,-9.912051657,0
2.671432325521624,7.907271431277351,0
1.983037897212833,-6.190653526,0
2.5728693433663423,9.011470771,0
1.0860332937234938,4.453268615659404,0
5.329219774543371,-5.260014784,1
6.859138380450959,2.4626285594576647,1
2.188563465242652,5.817672013381738,0
0.5940423450224999,-2.417688254,0
4.901915158724411,2.0406620788186665,1
0.989834874,-4.619453829,0
2.418000310111874,-6.037897706,0
0.8418327863594719,-3.029437239,0
1.7865733096619265,9.806661232672052,0
3.3736821397492345,8.520202681480782,0
0.8501706665056178,-1.381359213,0
2.7507234682924997,-7.189931393,1
-0.034150623,-9.660277053,0
2.9729784955179532,-3.260703684,1
2.600378187324597,5.100418264031482,0
2.729015233,-4.656922857,0
2.551066325386091,0.00616199,0
1.6788548329550088,-2.977042535,0
2.6701705452907034,-3.354152135,0
4.056259226369582,4.647692150507943,1
4.767170219898031,6.953262701,0
0.9798014472004716,-9.282947715,0
2.721120757804099,6.770925178514961,0
3.721903577,6.786259995764013,0
3.264941555189602,2.14656616,0
3.4239940400348403,4.483067760874292,0
0.5620398861980331,-8.160474335,0
-0.758551882,-0.449628841,0
3.319604179939496,9.842411047039963,0
1.4417208933925612,-6.079151011,0
2.049842576574111,1.0027031150763488,0
0.5034258595742263,-1.135039591,0
0.9849675911497477,-8.980345591,0
0.4444965794838537,-1.916128612,0
0.27084292839116186,-1.791922075,0
0.6117607110504957,-7.539095964,0
0.6623836220621552,-4.45125062,0
0.6813730658815836,-9.853863482,0
0.34394258712418657,-8.748042681,0
0.8735061376900843,-6.226692862,0
3.4802429379501945,-5.245027978,1
4.955552493563446,0.030408790060242552,1
1.3269743284797024,-0.974435172,0
1.251620891867225,6.717122692,0
3.146522377440757,-5.320572551,0
1.5570994520662182,-3.110679934,0
2.4261717685816895,6.096798182340983,0
0.23452694971415455,-5.304444635,0
1.476297855405373,3.2018554127689285,0
5.302963724,5.252955569238358,1
2.270765576759698,2.0121067682370395,0
0.5935905545432848,-7.044349895,0
4.118542932264063,5.900216976660575,1
1.1565404156586445,-0.283674577,0
2.1980646904883034,-0.004027186,0
3.678920972,0.7596823654933988,1
0.060574665236197034,-3.892841964,0
1.6135538501519184,2.8920743239151996,0
0.7570622701618791,-9.469870512,0
5.147104535990103,-4.158518649,1
1.308226057,-5.320782655,0
-0.40242757,-5.522867823,0
3.8198321367807626,8.200362243709776,0
2.8849804288435426,7.344538052286957,0
3.7206974772160653,7.587859606545631,0
2.014179541138907,-7.724393374,0
2.2331432784548877,4.840442357444575,0
0.7398455387076472,-4.413178428,0
1.3413550074862919,-7.738355353,0
1.8699925228697558,5.578044863443566,0
1.5548725247212558,-4.475508604,0
-1.037640878,-2.335665734,0
1.6277129039639084,-6.658179105,0
3.3917423217723184,-3.142934012,1
1.863152418772305,-6.467800041,0
1.7055442994666614,-9.455380423,0
3.142669820678192,-6.110567004,1
1.0082998776863505,-4.491763839,0
1.2598973150478188,-7.959037697,0
0.5101712457487193,8.509899154275491,0
0.8358597112186218,-0.956077934,0
2.822762979688343,4.888513240457433,0
3.347726808974045,4.266352303825583,0
4.532892851363901,8.389871880345552,0
2.3193606717067867,2.9685669358966233,0
3.4251063528520813,-0.878677716,0
4.706145587691559,5.205442283270106,1
2.719496823745283,9.597721558433886,0
1.6459729312922404,-2.025803908,0
3.1506066613418686,7.225343858969495,0
1.9194684548967786,-2.877746853,0
2.8943165185407485,2.7845323561633037,0
1.7805572375299752,9.351038846,0
0.8782403208819489,4.984664755,0
1.993145338811919,0.20195768365781142,0
2.5197591025894237,4.1035991269783345,0
1.7555746521430695,6.152065137079514,0
2.178358806,0.8383247662289897,0
0.557808588,-4.998099072,0
1.4194306380278898,-1.481335601,0
0.3405734386097138,-8.441567041,0
0.4813617543961385,-5.027781523,0
0.8507264956720046,-5.782263983,0
2.4185299601854453,-5.69876241,1
0.9128721944477551,1.8006744888624162,0
-0.052729099,-1.606824216,0
0.16115787774653145,-4.787207478,0
3.4482672324368373,1.2774143753579619,0
0.38445780029533794,-5.240269888,0
5.031671859113899,6.407144209867496,1
2.550927196552154,4.414421597222587,0
0.5319928778016287,-2.196015987,0
0.054958600564348536,5.093711638391342,0
-1.460263419,-8.876902931,0
2.843376337850214,-8.963903495,0
1.168444987970754,-7.767944714,0
0.6522033887261081,-1.789124674,0
-1.447418761,-6.736682189,0
3.772654086780037,-2.756975771,1
1.6377784455548576,-8.196037467,1
0.2563373541101135,-7.957122144,0
2.0046295073369493,0.6935149443965578,0
1.5919345791216768,-8.658315398,0
3.9260526869510164,0.7857064228742505,0
2.5596142763484737,-3.115277561,0
3.2116340214066557,6.578200120905983,0
4.912772488773567,-3.416526206,1
0.4005571967574094,-7.674838813,0
1.7049555121436482,-9.660759736,0
2.6733842223558724,-5.525426973,1
2.024392041,-3.206008956,0
2.527369627709441,1.514334244064715,0
1.635816491396378,-3.679831368,1
0.5579563512768551,-7.484301116,0
2.1888010368358057,9.574757197940151,0
-0.69017261,-0.32111611,0
2.5308920711612615,1.8321467038417243,0
2.2245632673727496,0.6457461655790446,0
1.0608063720116745,-7.775383537,0
4.815140925308002,4.724444887683216,1
6.4255342832970355,6.344797915233606,1
2.038422815893372,0.19934254390985906,0
0.4178779943915134,-3.249091497,0
3.475910932959439,-1.699077021,0
2.8083818313839872,2.8766336723664914,0
2.1729209902878854,1.3406587940593582,0
4.216096105393306,5.389533526519543,1
2.5130408838152403,6.8014100314166654,0
2.283625532256264,9.242715981453635,0
0.9219072684390186,-7.246409105,0
2.009525479003999,-6.285411468,0
1.984060115912405,4.7530452026119985,0
3.757808598916829,7.347662179171522,0
3.172520380494659,8.638811875506644,0
1.4172561305459481,9.717620725002142,0
0.9308206257656251,-8.401864888,0
5.0842377020927065,2.7778237387972595,1
0.097607108,-3.80582776,0
1.3686469481592043,8.597911052970591,0
6.1203372896648975,0.085361356,1
2.002844956735684,1.5394294610429071,0
6.362184182588637,4.182643872066997,1
3.3915554495999816,1.887607269368301,0
2.007406507038909,-8.671521798,0
3.962243094432066,5.783616846,0
2.1984267269855158,-4.089946731,1
1.6881410027222437,6.787780732,0
-0.289556936,-1.799191597,0
0.46790690840298244,-6.996272407,0
0.9641783930196381,-7.599855758,0
2.668216384349119,6.0246095581397405,0
1.8865338530883102,5.697274394758672,0
3.963052291,0.7998576374736839,1
1.6121325503369732,1.5004038973153442,0
0.36337057385349125,-7.430755145,0
2.530011680737552,7.940815617798684,0
-0.03553019,-4.834779374,0
1.159734559738032,-9.52094521,0
0.27182270235479455,0.883629671,0
2.0032700755372326,-8.510181768,0
4.235481315418871,-9.561993588,1
3.064035635439683,-4.743833109,1
0.5971604498246625,4.398958146540664,0
2.0042216733690275,6.804374455710448,0
1.7031152851064473,-9.82457146,0
0.8715900244688348,-7.021933167,0
1.4785973788338622,-3.136073648,0
2.649876825701867,9.026024334736512,0
5.878030510172249,2.9117158079304915,1
2.0678920258213243,-8.456541258,0
2.0618037809183734,9.035867357247383,0
2.663183673713772,9.31311264,0
3.8726881243263853,2.8189500578193787,0
3.2345375465934136,3.380982074817137,0
3.943023599478594,-6.688426964,1
2.3990204531443644,3.7404607409670234,0
2.7879364037444523,4.635996579679432,0
1.3231234335012811,-6.372130034,0
2.1646755816750307,-9.459808748,1
2.8811641367689242,5.108553599072266,0
1.6830933601446723,-6.992500964,0
-0.691576221,-0.812873468,0
0.4731028172801448,-5.275172278,0
1.2543677057203415,-3.496634359,0
1.9473864608597586,-2.686659779,0
1.1406652854252157,-5.959005262,0
1.773414763587477,-2.055645911,0
4.594239420111588,7.844182603,0
4.2277945089593265,-4.356300499,1
1.1729570790796362,-9.84608286,0
4.170023698910821,7.843743626036314,0
1.4352554698735414,-8.813836414,0
3.344981269084337,-7.151024504,1
1.6273992216060833,-0.894933916,0
2.9766830301149985,6.938996906173394,0
0.5236673544354338,-0.045380987,0
1.0651384383111016,8.940480381074764,0
6.746946038658087,8.524219369,1
0.6418266453721988,6.704447045122194,0
3.3930062994158723,3.373967971609762,0
-0.394049414,-5.978091957,0
1.555850932419462,-2.06106017,0
1.7691157890490325,-0.633796993,0
2.7587684291237546,-1.007474132,1
1.6096021428313085,4.9602584247287655,0
2.7023350982856202,6.555054036184174,0
2.518147466972735,4.851932766414073,0
1.8246948483053078,8.861995172823935,0
2.334135808323076,6.224419325909647,0
1.3506790877053585,-4.925805912,0
2.577768541533037,-8.163323435,0
1.7300125954678789,3.2415257402210162,0
4.166735949979616,8.580341104873341,0
3.158867696110472,1.6630409165692477,0
4.3248405085029855,3.8584730343513627,1
3.1865620645147987,-9.757351091,1
6.336593367544226,4.544827586632312,1
4.839809446905066,-2.983172564,1
1.5623122941478087,-7.461488559,0
0.14137762273889476,-5.697284694,0
3.597412698339827,6.3898085713811845,0
5.272771234996304,4.412297418437809,1
2.254322402596198,-4.707559429,1
1.3011019450006105,1.1572223467460585,0
-0.079292758,-6.982629413,0
-0.872628656,-4.189717391,0
3.0607003598970106,5.637392451267933,0
2.2657764019425315,2.4594785982082783,0
1.9089816903340666,2.452481841525074,0
6.275960477465246,8.992851779864829,1
-0.991503426,-0.418209742,0
3.210007734727573,0.49275376190915665,0
1.3284540565173462,-1.155766804,0
2.402476347,6.862928369,0
1.5042882112119091,-6.629889027,0
1.1232720008946677,1.307376289,0
0.10696405018143573,-1.210423213,0
2.5043966512982307,1.004937614237008,0
2.897315385549126,2.049135760127559,0
2.295314275114826,2.655465335926344,0
4.421679698357719,1.2434801453786903,0
3.3729377825105336,6.928677272943059,0
2.5218322144512406,-2.120624268,0
2.1612300170146397,8.036250475667877,0
1.8790153610273748,2.473695492202033,0
2.0091837347511086,-3.376325432,0
2.501918678085346,4.496410955,0
3.6459650257041503,1.5356821352688144,0
2.9703411734402345,-8.747258235,1
3.0624492428256698,5.0204896139704935,0
2.3824600377875456,9.902864489365875,0
1.3929784390416982,-5.759965893,0
2.8499918926449825,-2.00323675,1
0.13262064669701445,-9.153627696,0
2.502822910887433,0.098988384,0
4.046856160481502,0.22629977117081168,0
3.3024568428961265,0.16985091225258842,0
1.2853538565621294,-7.12832809,0
1.9260175342996382,-4.40948319,1
2.5419324800530294,-0.915255231,1
3.5655565716057773,8.994936792809384,0
3.682144377054474,4.041373088498164,0
0.5020327057438183,5.510242486139374,0
3.274345096992522,-6.579003342,0
0.4944083870440642,-9.421321247,0
4.077170513243178,0.6461385616067634,0
3.7221616915615274,6.287995468532074,1
2.913287272229961,4.832143978604101,0
2.4371834392543676,7.191716718223422,0
3.0563951343639384,-3.043953004,1
0.293529852,-4.181226799,0
3.4727331911736035,7.724137475,0
0.8001258923004967,-4.639223554,0
1.323079056939246,-5.461498511,0
3.932331568773126,8.913670019569157,1
2.056234646725765,3.2792560353816853,0
1.6800410999808202,-3.121650867,1
7.086866176,6.249350524483344,1
-0.337438821,-8.652098164,0
2.2062575979123604,5.168517505397716,0
1.2473780028939887,-7.615560929,0
-0.478596454,-8.145308463,0
5.416605838799468,6.307666911524194,1
1.8785671103956996,7.9077090485500925,0
2.5765413865900713,9.870421067,0
2.2557923218806577,7.619560534398758,0
2.879576474103824,-1.602356455,1
3.390597617726848,1.9696179822939186,0
6.040522276845545,1.085144406603817,1
3.062393516653101,-3.722690806,1
2.552949698551096,7.246267370489733,0
2.9572805438937215,1.0166483543499538,0
4.825032395021266,2.514522623866924,0
4.4217420537879555,5.735211898487417,0
1.6479685104427046,7.405814452195813,0
1.0001311011675054,-4.730702702,0
1.0871453255542045,-3.79602582,0
1.3943826018350456,9.409432503300287,0
2.5111090378459555,9.157441534661295,0
2.0587616449581216,8.776263082884572,0
-0.07863204,-9.09956257,0
1.1327568772214762,8.225341722237815,0
0.3774183169253408,-9.426915111,0
4.765712565149859,9.778231951130493,1
2.1307851215054026,-2.458094507,0
1.1979970791847152,3.5126926445628612,0
5.443837288872641,9.807358221174855,1
3.328208987957151,7.1501765374587976,0
2.288128058890849,-6.656115888,0
3.158386252760887,6.196468155191056,0
2.3535671943774066,-1.542019855,0
1.5433491743690584,-6.106740547,0
1.5003976242405785,0.6660703123418639,0
3.855083346,9.445549627914065,0
2.4712941120072736,-0.688580684,1
2.0070937094145593,2.003651012669689,0
1.620340165,7.582700179991555,0
3.028959667345065,-8.163703177,1
4.144918192903344,8.211296059479412,0
3.1466309639525445,2.3688435819333353,0
3.386121889012959,-1.439036909,1
2.7184059660239512,3.961635225352275,0
4.350369625,5.486606110516812,1
2.915984326102797,9.420063763105617,0
1.0559662577555442,-0.075567235,0
0.41575486508474424,-6.071013584,0
0.9322547076541697,-2.290080773,0
0.25362190100636284,-6.837577176,0
0.031490032,-4.670819012,0
4.733407466619287,2.161902350790342,1
1.1192009233653997,0.6881677999348703,0
7.659285029256518,5.514879638034138,1
5.044943186913068,3.864308716413259,1
0.2535921279321074,-4.915265665,0
3.103432669972218,5.457056791656484,0
0.7909225176956678,-9.951908305,0
2.7621103761682617,5.425630486318543,0
4.095208402,2.329572659990486,0
3.843866980589766,1.320295597315635,0
1.9612099173744157,-5.848288655,1
2.402317883789262,7.239663766294104,0
8.020581318046043,2.914094326,1
1.118102407820344,-2.774884401,0
3.1033077498208375,-8.759089156,1
0.8696651181643444,-1.681717407,0
3.006442157186488,9.753587439848864,0
0.6737415735613663,-1.94992255,0
0.5835874826553709,-7.38112628,0
2.0844924764104262,4.216513271383706,0
2.348335624201996,1.317067334867465,0
2.072964728565122,0.8223538548308511,0
2.475074209521887,3.772432561977446,0
1.7643914452157192,-1.846789754,0
4.406623425204314,-0.856961728,1
2.274294674,7.938530827305684,0
2.3469059544985083,4.5715984263269505,0
3.473664293933825,5.739209530366562,1
1.0952286644095652,-9.213843075,0
2.1567226697202013,0.001271647,0
2.4422410304761564,9.174898229,0
0.33050632993292783,-5.3595281,0
2.1492467496115757,2.6275792919175505,0
2.459927451210197,9.303182059124225,0
3.0199155504832484,2.276536433745445,0
3.4970132586412626,6.526766460531778,0
1.4556693011156994,-4.372723657,0
2.7060889607528558,0.9541836658432175,0
1.5552441696974983,5.571933946013974,0
2.888217119,-8.586149797,0
1.803195836241454,-5.918970423,1
1.767336108700662,2.138946649973052,0
3.3514452264842287,6.2068824424776885,0
4.702206376956625,8.391904515042832,1
1.2291928770957834,6.5799655406264215,0
3.363031370007638,5.728576884386911,0
3.696871939575809,8.680833870271492,0
2.208830587748518,-9.192445594,0
-0.367857752,-6.280149091,0
0.6323673020529754,-2.096639743,0
5.3818470946389585,-7.686776008,1
5.590935986854884,4.163944441891342,1
2.1329285523763692,-0.98938689,1
1.6586392945035393,-1.187813628,0
3.611107364578253,8.317139465912767,0
3.1632959635564326,-1.410314502,1
2.8557527056490146,-9.590999337,0
0.950788304,-7.954020359,0
0.8412016141423306,-9.337599403,0
2.9251171326996506,6.689153059506914,0
0.076042708,-4.142330307,0
6.306167104050951,9.022082724226866,1
3.7485692474227905,6.010679292195086,0
0.7700702064896943,-1.161577947,0
7.096770116895811,0.3681870368150406,1
1.4889098402606904,-1.288976418,0
2.135529153789159,9.962101009889604,0
2.669246034384164,6.095451186323206,0
2.264114166919317,3.5630344525240822,0
0.6272264287251758,-5.967380106,0
3.2481468976481764,7.926783624259535,0
1.554325726539305,-8.247718506,0
1.2497634972497622,-6.967370316,0
1.7193409437744194,5.678499919,0
2.4581761461669562,-9.533010707,0
0.5312162123972238,-2.579708786,0
1.9633845321989258,-8.623403378,0
2.823329366256672,9.333135457236473,0
0.9515397296491572,0.24983217432619043,0
2.324917613147353,7.317070392194967,0
2.4401301144498704,5.920962836980765,0
5.9488742895375895,2.0311291766332396,1
2.7263456436259417,8.058044340336984,0
2.4086077728657793,-6.365971786,0
1.5438211056960256,6.8938139441717325,0
3.609285706892785,3.831734280457839,0
2.9206346529930975,0.798633065,0
2.160005466000233,8.345738744766816,0
2.053905183,-0.945753909,1
2.295258952552287,-0.678115891,1
0.35888861663764227,-3.82058306,0
1.0159132852396546,-8.052427289,0
-0.304034853,-6.500152532,0
1.6976482467476446,-4.939055067,0
3.2421920188412323,8.784118111735708,0
3.205478521513869,8.014929574,0
2.9048908424530144,6.878408736736198,0
1.069986355,-5.811553661,0
0.3684749842506334,-4.537317955,0
0.8769450332933004,-0.014398915,0
1.3628864099916569,0.46574382937295766,0
2.8012144296821986,1.1237591880525315,0
2.5129520656164237,-2.317448366,0
3.990055688138788,-5.869905518,1
2.679627719000142,-3.560976672,0
1.7184059771502938,-4.27806709,0
3.263651636642194,-3.237472852,1
3.1507590539433616,9.217186527,0
1.6306056330832992,-9.777152756,0
-0.532658603,-4.638207919,0
7.323611845816966,1.5069134824943013,1
-0.047703836,4.576538080382896,0
3.1728571720303123,-0.243210961,1
0.3855015941937263,-8.644537698,0
-0.178324962,-4.124117971,0
0.5552149078000841,1.770614844980546,0
2.2184771116209427,-2.707633249,0
0.240375455,-0.60324718,0
4.872544526157574,2.636439688731162,0
1.7639966425733422,9.568936563897644,0
-0.353288762,-9.542703244,0
2.7225421772916722,6.0900290161605035,0
1.9822044305686854,2.3705609222882824,0
4.390437311331262,8.303616976,0
1.8796153891730234,5.585074389889016,0
0.6121777345810058,-7.989803165,0
5.872829905724684,8.129787129226408,1
2.3537789350889056,-4.196716019,1
1.8932027660954307,-8.96135237,0
2.867772576051579,3.7460040398867704,0
0.9187986250529132,4.2379238816811515,0
1.2804847752126836,0.1908655214235111,0
2.717895192112742,-4.836121271,0
3.331653101698755,3.4307182206378783,0
4.742048680295065,1.5108075092240565,0
2.9101554511942322,-3.490555945,1
3.942469965372781,-3.94842812,1
7.097604591662237,5.264569801355616,1
3.5926360663113446,7.883203784244408,0
0.13696656389160322,-8.602125223,0
0.2796968160975275,-4.883219287,0
0.42981457170829074,-5.878334783,0
0.8451482908537633,-8.377748547,0
2.643679504544827,6.4438186496750625,0
1.552683820029305,2.5759790779720895,0
5.0972092057937495,7.021624914494165,1
1.389724395718563,-6.852161952,0
2.7275946391167625,-2.265120081,1
3.0220603531039774,4.334083902862705,0
3.514380814659848,-1.76855367,1
2.0685571765545805,4.930105521522172,0
2.7522537503279243,9.464291281757575,0
0.26360680473899434,-3.754677376,0
0.2470988433956055,-3.342230705,0
0.9483233707459955,9.012429527410877,0
0.065414469,-4.447123983,0
3.3720052166694368,-5.408470474,1
0.8043465043513196,-7.885463101,0
3.5004581501287286,6.2526297030162645,0
1.9846226406849339,4.834735026400738,0
-0.142462513,-7.822754164,0
1.0061235958624144,-7.894075772,0
-0.348806492,-2.093622734,0
4.396905671311708,9.105866196372382,1
4.311951293231344,8.434874500824488,0
7.018077509865428,5.309750455411999,1
1.2980256133543588,-8.29027967,0
0.40006263896259253,-7.702312965,0
1.966003010989219,-5.868707942,1
0.5430140021826455,-6.913903276,0
0.2086282797993645,-5.283612259,0
4.313523014653446,6.860859558269226,0
2.663609792119868,-5.47846811,0
4.972718074394801,9.169796650513486,0
0.14663580482639094,-6.449973794,0
3.211892479,1.667477464471915,0
0.2737213657435451,-8.437021595,0
1.481118376549823,-8.070110314,0
1.1525621228807008,1.0893985996665663,0
1.371804640325486,-7.088514896,0
3.155277120173438,-2.093469076,1
5.074319907601231,-5.80685721,1
1.8401106838113128,5.004763361510694,0
4.100665582987422,8.702453338897737,0
0.6099177957255482,9.234272561459388,0
1.006277121308168,-6.321222731,0
2.985251525434783,-7.809193296,1
1.3195891315901838,0.655464926,0
1.9757917625895884,-0.349677341,0
0.9243893215483231,-6.978959526,0
1.9254203160836059,6.925916369127783,0
1.9753781717073553,-4.138914177,0
1.4640620386193803,-3.525750943,0
3.808840271928784,-5.03588956,1
-0.392941094,-3.478962648,0
2.0109470730194507,-2.265247556,0
3.0495437675310444,-7.715223282,1
1.720468505749564,-5.662955442,1
2.991836125705381,0.1424579475442318,0
0.3638001787133518,-8.27909803,0
1.315277528214053,5.368675226525514,0
1.7954420296818632,5.167967084182015,0
3.6032844229775973,9.607296022067434,0
1.1745885188851963,-9.338175869,0
1.6306471292430404,6.638109674638287,0
1.6739000413133691,-2.858211299,0
1.062373363647465,-2.929065706,0
1.5995921571385294,-3.83023246,0
-0.101662342,-1.140266102,0
0.45884200209464254,-8.829865491,0
0.7432745663598312,-5.265137689,0
2.2022668735980746,8.454393429,0
-0.726935639,-3.1255279,0
2.979131468,9.226937122976501,0
2.8648576240526964,3.593381639150719,0
2.320810910073956,8.734431188478908,0
1.0574404244373434,-2.657716453,0
1.638334465755725,3.6300528837120396,0
0.4788926688196038,6.277003745,0
2.962972173823096,9.842045705287248,0
2.8242309176692864,1.1421631164970396,0
1.567365920101889,4.823964070548779,0
5.480606768,-2.123129252,1
2.1609694346430732,-2.806921168,0
3.226650216,0.8784736474421191,0
2.226040577324374,3.253895958813004,0
3.285602140137475,4.277182783720983,0
1.6752554003238163,-4.924729032,0
-0.516293941,-8.328076336,0
3.973764462103971,1.0654448628265367,0
2.618887658142596,8.870813348802361,0
-0.616813688,-7.348656817,0
1.8564446749245074,-7.93393355,0
3.8081388450186027,-5.563289973,1
0.9941838978476263,-7.019244927,0
2.212266105373274,-0.03375472,0
3.007328241800832,-1.334302682,1
1.483111916322557,-9.705649695,0
2.388901731749087,-1.496670945,0
1.2775134586979535,-7.557356052,0
1.9756318830120727,9.250108784989688,0
2.4527664439607353,-9.687087024,1
5.821864378560149,7.010978500487063,1
2.6765776240979045,6.870622264336333,0
1.3149817990023398,-1.717729785,0
0.15200358125680347,-2.597530333,0
6.395711832468812,1.7800722744361348,1
2.7629950007355926,9.341530736,0
2.554019845050923,0.7929017379985979,0
-0.095807948,-5.070722145,0
0.043254868,-6.445675797,0
2.7129579016617384,7.235602310981946,0
2.3916388731115203,-4.174451451,1
1.4755671778176618,-6.427063216,0
0.2110957744650126,-4.724806266,0
1.2894459683759862,-9.376324777,0
-1.301868427,-1.377448688,0
2.3075705543889327,5.8563090749202455,0
1.3460054877443435,0.22650863554547662,0
-0.242762357,-4.122467322,0
0.037583664,-7.657869473,0
2.649968705686246,5.405178269370163,0
1.081992806570323,-0.453700008,0
0.572626589,6.641016317853875,0
4.275335526542137,8.739714796350299,0
0.9713804593308204,-0.179631243,0
2.0607012422461666,-6.147904764,1
3.768305143282225,4.268201702557615,0
3.126169074653402,8.726643190446584,0
2.040859857844456,1.6443267675868185,0
1.6406099706073745,-1.386921242,0
1.9450675889383435,-9.122690655,0
2.209876655770656,-4.904579276,1
2.632971444549795,2.0327826370210964,0
6.781080015749432,3.1882179823117838,1
0.554739891,-3.051067914,0
3.9612572205613916,5.159338778381493,1
1.3756812059706514,6.588125641904664,0
3.758502483551035,7.805734212,0
2.8633860810149034,1.853235312112723,0
1.8235830297072715,7.2492144900685425,0
1.4188598062508624,-0.580292647,0
1.547840714553391,-6.103824346,0
-0.358344152,-3.670612703,0
0.4732543058503367,-0.369271647,0
-0.216716096,-6.870326309,0
0.7254334222736579,-8.606130561,0
2.069951539139611,2.572494464597728,0
2.145961175779891,7.016562721105107,0
2.336781832383555,-0.192729794,0
2.351757604,4.519537676751561,0
0.7162813423999439,-6.897695019,0
2.334452259641803,-5.201990921,0
-1.805544004,-4.162799779,0
1.5652961770910028,2.0360885261029775,0
0.37939548460489225,-5.927322764,0
0.993834991,7.792684168870235,0
0.10080888671616195,-8.072710552,0
0.489845193,-8.090265621,0
-0.377077629,-4.421899387,0
2.658931497196056,1.735074648464412,0
-0.003962692,-2.244080836,0
2.6148846746660768,5.761897570086045,0
1.7287704765178993,-8.533959342,0
3.1840033961139462,0.9228320103686638,0
-0.767171108,-2.343173349,0
2.6644601347814802,-5.831247707,0
1.939348869,-8.130265602,0
2.652462528720612,3.5692211292924725,0
3.6079418552333387,-5.148820992,1
1.4210214623583417,9.457644094,0
2.480695589921486,8.495656139263104,0
1.1790735611420908,-9.240522453,0
2.7880539755116645,2.6061219122603507,0
0.8773930747126077,1.0672799733389269,0
4.666355128,2.2651307533807348,1
3.1772693682977406,8.397040547405254,0
3.720284037614312,-0.953281994,1
3.7455409662415615,-5.702897323,1
-0.49045852,-5.278326497,0
4.084244148276225,-4.115947739,1
3.951951428632421,7.9860748853307655,1
0.28678520080402836,-6.311943991,0
1.4797702196423483,5.117138797682744,0
0.45149576993105667,4.954080757324171,0
1.0044253803489973,-4.235735223,0
3.1253318235474135,9.249731568565672,0
0.9338476602056804,-4.30906338,0
3.7265017977686226,4.869897595050187,0
5.841383545461784,1.1959310751353485,1
4.115353934670931,7.416220791702216,0
1.6357062083208125,5.5813270926992065,0
1.1113225049873674,-7.629726175,1
5.507610745825612,1.749655314776975,1
3.735689617662747,-9.675551475,1
2.1903952628618173,4.7631533657233405,0
1.760471430428372,-1.61837155,0
0.8804236947546407,7.7443322042592335,0
5.38893035,8.576744618589988,0
3.5529806589799473,8.827917630170997,0
2.160907258045296,2.134591737561278,0
-0.953178445,-2.881568594,0
2.9692866691890054,-7.533591281,1
1.7352287328324538,8.938526368500604,0
3.6024693242313734,-1.87547925,1
-0.330864392,-5.927154683,0
-0.059143525,-3.923323048,0
2.4962500149609648,-9.01933602,0
1.945905613896195,8.671883983,0
2.2810347102716397,-4.270695182,0
3.024711525593954,7.659963448664698,0
1.4433381462268824,-8.410473889,0
2.2712636559059085,-6.272603459,0
2.8224610462177444,8.996172666402597,0
3.470047663300221,2.115207983055674,0
0.3098433369105169,-0.200092388,0
1.4097412920259498,-5.075996098,0
1.7188798364849718,-3.639676437,0
2.4799299647600925,2.8726064966594684,0
2.7827944351121805,0.09976699,0
2.1580786228866238,3.1582739570249885,0
7.312603648072354,6.1312618357936515,1
5.267595586,5.777636012395428,1
0.4831076412141382,-0.245414451,0
1.2364099147152976,-5.926047649,0
-0.103693241,-7.170788909,0
0.664612766,-7.604488075,0
6.052450244816894,4.753336913964652,1
2.9625384893694817,9.547210439544259,0
6.8230432365355425,3.4512706096090007,1
3.730786577955096,1.6107421814902523,0
-0.612995321,-2.06320251,0
4.452596168980402,7.596951015572845,1
0.6987102291244982,-8.780899726,1
0.17863170334606704,-7.550852221,0
3.545587378398679,1.181042645502421,1
2.876993561350305,1.176004120345656,0
4.154311363270567,1.7347661339269482,0
2.7639816242881565,6.336769721518625,0
3.327012918006008,-7.416200465,1
1.7819989495856765,5.842549329667596,0
1.2723825229139396,-7.851286759,0
0.6893567763032485,-5.371614199,0
0.589468379,-4.227558554,0
2.0165417718047287,3.8944538806585918,0
3.287926293046301,-2.227050822,0
1.5770202263823059,-4.887362596,0
4.3248820871981986,-1.71983255,1
1.5174106845275128,8.200085384783517,0
1.811390682806747,3.2555627555810407,0
0.6980498952066649,7.760266559219879,0
2.044699994325924,5.686839425453993,0
4.262522284932778,5.654930643683516,0
0.7404315987962145,0.060222697,0
1.5171594399152324,9.039825204484838,0
4.1936495090357315,-8.48386531,1
0.8585263084029553,5.895915950103998,0
2.4905575659590338,0.21939427032933523,0
2.989835120891232,1.233996507273174,0
1.328822897682889,5.407522211864681,0
4.209527718730036,-0.62925964,1
-1.453892131,-4.076110064,0
1.6319857226660668,3.652587866237324,0
2.6520084065720213,1.696458059959694,0
3.2647236984767103,6.525517229691694,0
0.528850996,6.228373090681973,0
0.3780428324576651,-9.99856175,0
1.3463676920516632,-7.400097602,0
-0.144618312,-7.023856282,0
3.0485082814098354,7.624191607560739,0
-0.255952411,-1.481508271,0
4.833749651,7.266152036244417,1
2.697881512671649,-4.634943315,0
3.9495054126743723,8.802382726969643,0
3.4931354942805144,4.079033226101725,0
2.220016746547701,5.871312027936419,0
4.567399439102795,-5.893994447,1
6.611652205957431,9.182216464016708,1
1.0553151502469464,-6.990033052,0
1.831763397976213,-5.9411544,0
1.278479913681192,-5.104676216,0
1.7188162037708623,1.697662860814308,0
-0.069708212,-0.339863463,0
2.997968890493655,-2.112903922,0
1.8557264789285572,-6.518857668,1
3.9607106267538055,2.5298274429310865,1
2.603413269055249,-8.348030205,0
5.1389563165015275,3.130014878606456,1
-0.193113906,-2.934810752,0
1.2914598936305306,-5.189531223,0
4.344893851061608,-3.255943529,1
3.5483432178207623,3.4611709599238445,0
1.179728971545255,-0.021267409,0
2.0009272507699563,0.6252293524458974,0
0.8113273416925841,2.467024574797703,0
2.578108283016151,-8.653666996,0
2.2126134765953807,8.305859840413458,0
0.8557717289991165,-2.763985958,0
0.6843918536261231,-1.052749649,0
-0.157995573,-2.801784807,0
1.661493109301464,4.315113105,0
1.282672925945068,-7.868215213,0
1.4736266389965258,-8.319888982,0
2.749390448197955,5.995454657,0
-0.030662358,0.5873769379792471,0
2.817669686745152,3.315157138410589,0
3.050889855,-5.80880354,1
0.4280854066452634,-8.735517001,0
0.40309177833337795,-3.684415163,0
4.998598244022061,3.2895959181054035,1
3.820331180473848,6.790659390649314,0
0.2713105725754519,-2.757561282,0
2.7029884013601473,6.705781873749132,0
1.6083466277437688,6.450882170471555,0
3.6380072326758692,1.8975310981797158,0
1.6696226728773538,-5.081533945,0
0.9654166647532677,-7.793962038,0
2.944718457944204,8.097017809519915,0
4.381009158395928,7.154612152270062,1
3.7962353290541793,-0.385931325,1
1.7977404921611981,-5.637276214,0
1.123023278790969,7.405128753,0
5.533621568151608,8.351542452493351,1
2.5832948544438166,0.4391616718065823,0
0.8047137403914574,-2.03554665,0
2.738591988307345,-0.057551345,0
3.7069524460439185,-8.219647948,1
0.2899426898089661,-9.698539451,0
-0.113461682,-4.502401808,0
2.579602508409087,9.639174731344234,0
3.7113879604511424,0.5599105228074652,0
1.7975474905680264,-2.226360362,0
5.984550544561984,3.6366384579338025,1
2.17915238,-3.403418655,1
3.722658932877446,6.406844833249444,0
1.4981856078281843,-1.332741813,0
1.928517423002507,5.192157481863029,0
1.8123367100623637,-7.601687417,0
6.058794103557941,9.004005171,1
2.2804298260412743,-8.487079843,0
1.6138917685775378,-7.662035805,0
4.3906893444571375,4.7865415373586515,0
0.9359213256425365,-1.549175057,0
1.4661463069151361,-5.414219888,0
0.3047178940802524,-5.097116424,0
-0.377780939,-0.777084714,0
1.0060142016810671,-3.876628834,0
3.8761190119798674,6.134206893324578,0
2.6237437843548963,-9.695829777,0
1.5470621839667977,8.993056967994402,0
-0.24900865,-9.477116095,0
2.730255767538022,-3.234511627,0
2.241626731888371,7.392452106778954,0
2.346485280720286,-0.707245595,1
7.110007115716111,9.894848405503033,1
1.692830171170713,-5.330267477,0
0.7791049198804745,-5.428987351,0
-0.25373854,-2.20872798,0
2.3448010746824677,-2.248717272,0
1.065187577719429,-9.32493404,0
1.8855818052418702,-0.06855515,0
1.0763668587325728,8.171471571,0
1.0448841344328852,-8.967096923,0
1.2296374955367342,5.119132374730185,0
3.9729265847709603,4.609819239300164,0
2.3444232440864567,4.6629765539687735,0
1.779284820311834,7.158034154877004,0
0.057611162,-7.191152689,0
0.3539157915559289,-7.655519744,0
1.2899129046274525,5.733585764351471,0
6.294050279608942,3.3698387625881647,1
2.029335170461744,3.5557392758172917,0
3.4435110647075358,5.6796118198414405,0
3.7271738933410985,4.025678104031702,0
3.4800057533551203,6.650877574,0
6.200441067161657,6.446176048331893,1
5.281312851537362,2.8311201066274343,1
0.7158825520296104,-5.895224907,0
2.018212931694832,7.784522129313821,0
-1.081380971,-3.253521815,0
2.3761544303212343,-0.934616672,0
0.5815405876953477,-8.875767159,0
3.9214825322186595,1.6234545846632447,0
3.1631162934683354,-3.455325686,1
1.8568117722575803,-0.865028767,0
0.4690178125084121,7.417630008,0
-0.290711312,-0.045320129,0
5.557129958709506,7.298628341953627,1
1.7066384779264276,9.435488798191411,0
1.3334687674701087,1.7937593029534078,0
3.0973247544311526,7.495099915819932,0
1.5630078006399724,7.033706555606482,0
2.395969271098194,5.276183418279528,0
2.8958707703301827,7.511473315933163,0
1.7980564915257147,3.5619102362005925,0
0.213623954,-5.203931004,0
2.5306759470147693,-2.772823778,0
1.488481626073167,-0.333347105,0
2.480570425898461,-1.486735253,1
1.9924990933862254,9.480316003,0
3.6489012406846086,5.5868090333869524,0
2.5748910662702507,0.6768225416687734,0
1.1213599092726614,-8.28631508,0
2.033921286134048,4.174169354,0
1.9269318783251732,-6.213537204,0
3.977186286757128,4.843961396184742,0
3.9620197572833367,5.943800378665349,0
2.2085646678243895,-6.723231953,0
1.2191289454641565,-5.136436821,0
3.569792159856499,0.8686433290757059,0
3.133355081175724,8.999552099013332,0
1.008030984350472,5.606668332,0
1.9433735500962717,2.168102354576231,0
0.20399231656427397,-5.516961593,0
6.637683059661457,3.422031637335909,1
0.5211506640957329,3.222983605234109,0
1.624808727284436,4.835043672522188,0
0.7434911379202958,-4.025957602,0
3.4778372527892865,2.937745554900131,0
2.387534401847068,1.5768657812659441,0
-0.223638299,-0.885141171,0
5.652882522256417,3.3056438657770144,1
2.102352451716775,9.966449709,0
2.590883580668235,-1.947520354,0
2.0900565808280103,-4.192150107,0
1.1570657304735987,2.2705893425289894,0
5.315781106055741,1.7381590414316133,1
5.543041374,0.2918485353292297,1
2.468970528233044,8.585818252,0
0.081829615,7.385274471269035,0
1.5949602939293763,7.361676694411777,0
1.6250994099263931,-9.0124971,0
4.034126395231461,6.458654634,0
2.7790603250082837,2.8001789496930414,0
1.504230490274362,2.752170219182659,0
1.8024087580135215,2.5348770874124185,0
0.3991387553396182,-1.052496919,0
1.0802260653919489,-4.265306767,0
0.831698663,6.859251070414452,0
3.5015208524847106,2.356107335,0
2.7510816554876807,-4.03280281,0
1.8961701708575969,1.1391566419738979,0
6.0058028978879765,8.514438791537302,1
-0.164131589,-5.950035498,0
-0.316155567,-4.482280534,0
1.8855666684895027,3.9168428918849365,0
2.555189979272985,-3.063991618,0
4.989720045641583,3.1667625458462894,1
-0.019168253,-6.772289078,0
3.4348315609417326,-6.817368554,1
1.3337984390544912,-8.278040157,0
0.3696385692924523,-6.137009574,0
-0.364723342,-4.784306388,0
1.5545118856270914,-8.060817144,0
3.8106210332704817,6.3775756135154715,1
1.9593652291746095,-4.218653856,0
1.7566978414654848,3.6053143929638907,0
1.3681114367481453,-1.312952489,0
2.108075222687153,9.684587066,0
3.153430187904336,-5.314786108,1
3.0647881374260044,9.632619482,0
3.344361098334761,3.9849106838471737,0
1.0418821076173042,-7.152425857,0
5.7897572265078185,7.161094682648116,1
3.6251172441105974,3.2406394540147296,0
6.051927211883211,6.6137754588166295,1
2.2000171663869854,9.453447118128125,0
1.3914308661269987,5.168015961565441,0
0.027685188,-7.687114726,0
0.536041834,-2.300341111,0
3.0043077247788132,5.528075765504445,0
2.3315991614195655,6.767537600423321,0
3.2532617894124156,5.8067810005703215,0
2.7709030778461354,9.097640259165566,0
1.7239610472001692,4.885455701829766,0
1.573757042913259,-5.399041609,0
2.848980984597326,9.57364426,0
0.042586440736996356,-2.155041536,0
-0.163943542,8.949261353108156,0
0.8423202250741106,-7.24402798,0
3.0815639990667543,-7.574444619,0
3.9836283496532565,8.680351288,0
1.8236640446946173,-8.759776993,0
0.23825342891850743,-9.638210186,0
-0.293542808,-0.001764583,0
2.369341599966617,-6.257793369,0
2.2750861171986543,-7.689797549,0
1.7898693840940698,3.7865635787302274,0
1.6727174956413116,8.620448995239883,0
4.414542739728513,8.438788530820041,0
4.740328707334188,3.0458835727469378,1
0.669906917,-5.33657759,0
3.2626832497300917,1.8578088919468918,0
1.8123667655677174,9.971793580800522,0
3.216886253297431,4.393388771540309,0
2.523977849091707,0.7505696388531966,0
1.3927320900730034,-8.468612655,0
0.3266488664118523,-5.005722826,0
3.175708897498315,3.6688155142259955,0
3.4225730873347793,2.8902838769726618,0
1.2203927459046402,6.6396901242403175,0
2.273101031985309,1.1312347644133691,0
3.8057862772505304,-4.537957586,1
-0.173157008,-7.398179685,0
1.5953060144489668,-5.414927936,0
0.509249477,-8.341705284,0
3.9619243868436254,-8.118561959,1
3.2933285789977136,5.482863564312456,0
0.8660357326551232,-4.899237487,0
1.4760059729701744,0.3832899162657384,0
2.3727867079796994,-2.817940482,1
1.9004636184797183,5.466581393301684,0
3.3246167559643847,5.709684060583394,0
3.182279288206107,-1.521459236,1
1.2243434210647797,-1.713974925,0
2.5040177179215015,8.456886773841198,0
2.770761427,-0.622014271,0
2.847132629432967,7.641945158884198,0
0.7399582536491163,-0.562043799,0
2.854098649052666,-8.896936511,1
0.7741615312310131,9.775665796116254,0
2.458590011596577,8.368201102372414,0
2.439150795907359,6.067938332744276,0
2.847663141465879,0.6131037895692248,0
2.3309646032239373,8.307157760397029,0
-1.188890285,-5.166731311,0
0.525991986,-5.866431653,0
1.045128295884367,-9.659981293,0
3.3181874481686258,4.169041536522954,0
-0.792709943,-9.974241307,0
1.4734869240859483,6.303010893334143,0
2.756333800275253,1.4819017702800714,0
2.102418516572678,7.748251278,0
1.7266843817818707,6.060244586888668,0
1.9817472260907119,4.719940554548421,0
3.0375493612262274,-2.846516162,1
3.607515889832535,1.897027870080482,0
0.09212861,-2.182329607,0
0.9929266106640774,-0.184744753,0
2.267013453793621,-6.695123421,1
2.165433743771314,5.328551001739525,0
3.437344761497527,-8.064709568,1
0.4873198468754675,-9.057360049,0
2.188088096033072,-1.50459743,0
1.1092315060365199,-6.357108141,0
2.5645088949230654,4.579708222142099,0
2.0347941616534104,1.2384667775194753,0
0.3307227859675983,8.184201556642982,0
0.6644947305825748,5.946486350174849,0
3.0341074470967406,9.238661530395532,0
6.130512804399599,8.594399329308718,1
0.5925475295067736,-1.1600673,0
2.9057068764710725,-2.125260865,1
2.5174144540488177,-1.191843184,0
5.591354690717775,9.465593270636738,1
1.1730369895475428,-8.443812781,0
-1.878920404,-6.695249991,0
-0.040838185,-0.571251757,0
1.9318565419146767,8.230498690924783,0
4.948716910958116,2.8272233846041157,1
3.7706962330323797,5.448959717797814,0
1.569074908432413,-5.641102361,0
3.8879677440709113,0.8387001892228891,0
2.0028036027181453,3.5453310035606336,0
2.1834248459893595,-9.666310169,0
-0.369657998,-0.369076874,0
1.6169786186787962,-5.530351235,0
3.998333062456731,-9.515029213,1
3.0629916674347277,-5.519079089,1
1.7650638202531992,-3.195794208,0
1.1158180919789298,-7.988001771,0
1.349340548569697,2.7942696668146887,0
2.823009998453556,5.174455355415219,0
1.4318206761914816,4.6794485978963145,0
2.447174909554871,-2.414003239,0
2.363906164408304,3.944736325658191,0
1.645648808881147,8.675342503178403,0
2.471368261342706,5.1966665931753155,0
0.7829138079117184,-9.686523163,0
1.0892536116246883,-1.958328918,0
2.8932913389070536,-6.890849028,1
1.5246037983982492,-7.103175184,0
3.1563190864594324,3.0864832362282115,0
0.656130412,3.3016131816781975,0
1.8359267417038891,-4.273991075,0
1.9023566916650223,1.523593265766383,0
7.445559725,8.425267255067613,1
0.44922648523059705,-6.592088919,0
2.9811779941307375,-7.728093169,0
-0.638041883,6.920148462161851,0
2.8670429260119272,5.1729393365970004,0
3.4856938136064963,3.6070838378861065,1
4.633641006807245,6.135718480102788,1
5.947615924358101,2.3339280757221044,1
3.2882098525036576,6.428885015807026,0
5.531037933379412,6.272144578475654,1
2.266790984443809,4.030966587251703,0
4.705186872679702,7.743792421861674,0
2.727091038367262,0.12460686808617716,0
0.5118627376354947,-9.46243818,0
3.2443351302423675,2.0257026830187748,0
2.7028705015822685,5.773349577087753,0
1.3422511913286634,1.5404678407646504,0
-0.93856076,-3.757507765,0
1.3663392564917944,3.8091318958444926,0
1.2599349783071967,3.6109903915276895,0
2.8258961981920847,4.537954027,0
2.924611395664075,3.3573169922531036,0
2.098277380164566,-5.820423582,0
2.2100808268649748,6.9343167339896645,0
1.0756181319539955,-9.192801432,0
4.309494604784098,0.29709059040688857,1
0.6679071744412348,-7.160858041,0
2.2813022259085667,9.501919147977937,0
2.301224990875794,2.3191667142757915,0
2.788385310294612,0.4857086489971092,0
3.431551850961971,-6.053679783,1
1.5172880968215756,7.230410718982849,0
3.043020622318663,-6.993510107,0
1.0915862472016051,7.391450937365612,0
1.0207813533904189,-4.076208622,0
1.3401728857123774,5.005355506170435,0
2.6106861405897224,3.4088253885373625,0
1.669879087689006,5.447470663,0
2.2311553600095086,-5.085041802,0
1.9382366405339593,5.139547657787226,0
2.8868302141310704,7.204376428213443,0
3.043477719690718,-1.908168187,1
-0.132365771,-4.592061953,0
0.5870260752842369,-5.123595074,0
-0.009562118,-8.461846046,0
1.2862396305948594,-8.847847715,0
-0.441293087,-4.704397881,0
2.354728178728867,-1.017941143,0
3.6096338736032263,6.286110099551298,0
3.269530679334826,7.104226786968109,0
6.220489128456772,1.1783691484700078,1
3.0313410889876002,0.44107758935960106,0
0.7136637330216712,-7.755757874,0
1.871078093902458,-0.935387647,0
0.38588932806769516,-0.318228011,0
4.2448714447202125,3.479065921662329,0
1.6207894288399034,-1.497352147,0
2.7416812759487477,1.5205080297166766,0
1.0971464285548391,5.527495360752269,0
1.975902370368225,9.449011769069344,0
1.697186626668771,-1.451142566,0
5.239794979699004,2.425511674273517,1
4.7673632818146015,2.6329867581182285,0
2.9723687148983826,-4.763525585,0
-0.049197616,-2.652782978,0
0.5259974141868675,-1.985891328,0
1.9181247805433208,6.2143664772535345,0
1.1569250317017674,2.562764229038965,0
3.183647672439016,-4.640346322,1
2.9520529868248184,-2.968996353,0
2.3679320768410332,-9.606460976,0
2.841392282177904,2.996396298924271,0
0.21305831190412372,-3.213505757,0
1.3668789673140729,-0.306356106,0
5.330022242245807,4.2041102044527445,1
1.2067058088667477,-2.260203471,0
2.999493195858519,6.90117113,0
2.577445145167529,3.8378196628930628,0
5.573555401017641,1.340134424673117,1
3.0699471077651643,-0.92303232,1
1.2211608569853678,-7.747689518,0
5.375175088255345,8.327490882696903,1
1.7955530910717128,1.2948292925709932,0
0.5320922881547439,-9.320059796,0
1.2227043423937904,-6.244177826,0
2.206665367831698,-8.643431175,1
5.385365677,1.7532949654211194,1
0.5652052329761008,-1.479630592,0
2.6914380995020455,-9.314794789,1
2.7648993175223975,0.5781770437718414,0
2.700653841,8.586577932,0
2.136092348534077,8.153066250651719,0
2.990422430613753,0.663379074,0
4.694805611,4.537587532035335,1
0.18161390441295033,-4.925329623,0
0.8179310967144731,-7.561460939,0
3.0203858247249507,8.102562398755882,0
1.5912113979364055,-8.992884067,0
4.225054856975799,7.204361662332861,0
1.9068779475984154,1.4322547252870894,0
2.5364235686742287,4.429815758189248,0
0.7669735470029806,4.372113323167161,0
2.6017005622839533,8.542060842,0
3.404581714903373,-8.145399941,0
2.106925902643266,8.703896682244014,0
2.484506913512458,0.5548199514469498,0
0.4028559347248719,-6.827265132,0
1.5610157401304794,5.906223604423209,0
2.4395409062596354,-7.161338505,0
3.7579248187039616,-9.88789367,1
1.7407354345372725,-3.254052655,0
2.2035023382449817,-4.944552903,0
2.4661809931415943,-2.950178068,0
2.775297036537869,-6.681744425,0
1.2568515941227738,0.9456140284413035,0
0.7089871683756515,-7.15209339,0
-0.191072492,-3.70646022,0
3.7326164266695505,7.045136537331665,0
0.49680109283536167,-1.084119526,0
2.2799847351893563,1.600129691819152,0
3.472420066361352,9.677626883850447,0
1.3962792602980534,-5.989855155,1
1.6078192962856555,-5.754933733,0
0.30922886332660815,-9.897237664,0
5.560808394600902,9.440494425733025,1
1.9232617732175372,-9.745005797,0
1.7822323016477775,3.3813845921969197,0
0.9736807041414868,-9.447499414,0
2.502751468485028,6.856605503412247,0
1.7015500433936392,6.684303492814092,0
0.8420225854652605,-7.871922077,0
2.155185146426703,-0.072564956,0
0.32370484628814955,-0.901915098,0
2.6903853438997753,-4.855982018,0
3.296084684521365,-3.576579532,1
-0.09142379,-1.42287292,0
1.523321623,-7.510973915,1
1.2893321355659155,-6.014258991,0
1.6245554191786709,-6.241637639,1
2.9258648370108937,1.1815210198984953,0
2.436748921555733,7.425692465975544,0
5.825935181402863,5.013406011829723,1
0.22909836907859515,-7.620809805,0
5.022033653201752,0.5407210184210509,0
0.654987241,1.2958136424967783,0
2.8558215207449806,-8.659640627,1
6.306570441802304,4.441155751407708,1
1.0493763596481194,-8.973096381,0
4.608142056637246,-0.689552785,1
6.094346368199091,3.9290720918663773,1
1.3574403107046817,-3.615746865,0
5.49007451,9.041798914502962,1
1.1223883639909609,-2.112834148,0
2.646313836245402,2.636557582592907,0
4.650232451797897,2.2598052241431397,1
4.380237326,-6.648738145,1
2.785871220825706,3.988577070617838,0
3.5150790437352546,8.682809681756112,0
2.4200601347421236,-3.322840273,1
4.626693902904716,0.4408699835784784,0
0.8693290265827647,-0.92604295,0
0.41597048337170694,-7.410260213,0
1.2270342557505747,3.913415954637083,0
0.7312197456286861,-0.404451002,0
4.321821901932146,-1.42635229,1
2.2762012188410123,-6.02558671,1
2.2244468536972852,9.452531614,0
1.7756482266882454,9.195864638267008,0
3.6091439620290133,-4.386563962,0
2.830516801032968,-7.083736702,0
0.48596281489584814,-6.73349014,0
2.0006780726498357,3.2339185221594136,0
4.37785126,-8.459763554,1
0.17654646098865578,9.073477894786976,0
-1.198619997,-1.410101317,0
-0.846635143,-2.824325049,0
2.011715004,9.985987669600341,0
2.036440895949183,4.571151291226608,0
0.3912532112225674,-5.616228038,0
3.7272608318642333,4.145090594692743,0
1.3832149148291224,4.002184248285223,0
1.816518162290464,-0.82580102,0
1.2837858735752306,-4.667279413,0
3.3316098477349945,6.718897386322965,0
1.5755448615871457,0.4488913305450595,0
0.6484877617744353,2.8473746810805984,0
3.0282001931623372,6.413229400680798,0
1.870145247101211,-9.808997322,0
1.789620575228878,2.499403909628592,0
4.000758477951955,4.466903422885217,1
2.185269545532133,9.949702346436162,0
2.870351872789911,-2.763000567,1
0.9979768286608687,-2.809773268,0
3.1674536812507794,-8.943348742,1
0.18616273397846528,-5.464603265,0
-0.4570304,-4.120922315,0
0.8162538621133912,-4.074844687,0
1.7856949843428254,8.714965574524772,0
3.254258586647525,-6.957171354,1
6.326530597479468,3.589057896300538,1
3.4188463516646337,7.0412612486366335,0
0.5186803184496054,-9.883526164,0
0.33325242092252116,-6.696768078,0
2.498554802788474,6.1565566816993105,0
2.4334571604023405,3.6449209231347535,0
3.2791343340421175,4.503137628493619,0
2.3045142733175488,9.249561187515102,0
1.6080852402463526,4.677878022241247,0
1.9538672996466833,1.9597319407345566,0
1.7852792433073714,-4.957846557,0
2.6049800263130027,5.6066340361634595,0
2.0030283987124733,-6.323322349,0
0.6462731997832283,-5.079510587,0
1.5719727298830322,-2.519742523,1
2.5867617038819035,-2.22171035,0
4.831337413600164,-9.037814022,1
3.2781686304574844,1.8998534817601964,0
0.3822413262559391,-0.544090806,0
1.3123835541588296,-9.954715651,0
2.222341872531035,-6.03540989,1
2.682049454429346,-2.261347022,0
1.6555839055159456,-0.960194307,0
-0.528891972,-3.566171614,0
3.5216197924159207,6.345648916910225,0
2.257558028805603,2.5382060097016286,0
-0.31449136,-0.131143865,0
2.701961944685017,1.090283117545635,0
0.4525448128098505,-6.603660804,0
5.417005889556667,8.328326603055565,1
1.3128802335828607,-2.924065989,0
3.049071975506136,0.2638767381990732,0
2.878138773782634,0.21078525702936268,0
1.1330904251360467,-3.150971133,0
1.6451334755426485,-0.188579816,0
1.6692203904566068,-8.86382415,0
2.108290573200103,4.2447610401763125,0
3.142381455044661,-5.754105885,1
-0.028511578,-4.021611849,0
1.6284496046150698,-4.847316467,0
2.1336414674510906,4.857548619449329,0
1.071252413524809,7.130175716632113,0
0.9909608404192582,-2.459901971,0
-0.476817808,-0.403586513,0
1.7221137605958958,-3.177043231,0
3.4900293099489335,-4.885516562,1
5.6713209816263666,6.342880340322537,1
2.0576842197142122,-4.047121588,0
1.3464252576170503,-0.026092451,0
1.5163773473487396,4.172713700228002,0
1.5342644465001327,-3.270473684,0
0.7833418314031841,-1.181476499,0
1.7377887521509325,3.182655452907719,0
2.8056411759558797,1.8969268015351144,0
0.48376866747583114,-2.499476446,0
1.0629552137975178,-6.69357699,0
1.7320415232060395,2.1362428877184936,0
3.045388104929813,8.983992668284806,0
6.444060383251289,3.4321474825068226,0
3.1073430896515224,4.387713569921994,0
5.669434925551076,1.364610618134563,1
0.2896074077540173,-8.713988937,0
7.102733766631832,4.117208660331107,1
4.191292994320591,3.8597755292033664,1
-0.06863734,-5.115195971,0
1.281427002147066,-4.21360993,1
3.6851660839226366,-7.785477112,0
2.409494557358624,8.112290329,0
2.6304184540271303,-5.09227423,0
1.4497318553308935,-6.989717477,0
-0.183878267,-6.563231417,0
1.705422130810557,-3.970337367,1
3.7267501551348197,-0.19158086,1
6.846951414236161,5.6708381268593975,1
0.26301800951995113,-9.161358986,0
-0.290432845,-2.99317667,0
2.2342575221508816,0.1545147778318814,0
3.507369530170549,7.9594524057454095,0
2.849051769850888,2.4171346750839646,0
4.050738980984534,2.618464804676595,0
7.6691445515312955,8.925411545,1
0.5019249322244961,-3.976135489,0
1.9264367266404405,-7.816339093,0
5.301645857163396,4.349278911989797,1
6.403689056911535,6.902542589,1
2.888598252512273,5.796633470798238,0
-0.825025404,-4.515740717,0
3.7144377795921204,-6.154166459,1
-0.051562253,-8.452681223,0
2.835603571,6.0385177717939165,0
0.7953275174351329,2.7588804785923227,0
2.617743708825986,4.588194035214901,0
0.081501389,-2.193099784,0
1.2149350465981048,-9.542481128,0
3.5211443591283462,-5.525531945,1
4.489841033197754,8.326072642887222,0
2.245960261953477,0.25360163639579625,0
2.7401057203542747,-9.920365738,0
3.3228231856968153,1.0650303653128006,0
3.4793294165833464,-3.275167015,1
6.575109711,2.8823523125368684,1
2.773395170543996,-9.08361353,1
6.004426635,2.8288177275162685,1
4.094957283196128,-7.032699195,1
3.3922391685384254,-6.769234836,1
-1.189398433,-1.301141602,0
3.826676202026983,5.242921600691625,0
0.9391385501011674,-4.545030261,0
2.688830271757726,9.668494244,0
2.778528453074109,2.2025700860025115,0
2.861875021487449,2.7718230482587316,0
1.2829301021282093,0.6944567566923148,0
1.6465591380291142,5.372154155987591,0
0.737429692,-0.678511821,0
0.9165160524551224,0.39123830250580127,0
4.462479747890525,2.138410742484666,0
0.958756197,-7.685620692,0
2.661401977294135,-0.485173283,0
2.235706556742975,5.916691983883135,0
1.0665975383555661,-1.838482661,0
1.4557341392324648,0.7628246302546735,0
3.304304269167871,-8.895451272,0
6.179065592611457,1.495696695318113,1
5.016853821533934,9.533268480409433,1
3.783128698027836,7.367369149,0
0.692637809,-0.956841279,0
0.700868101,-1.605224928,0
5.105974531739221,-0.95591392,1
1.8988947952971929,2.6583531249115477,0
1.1522694636494708,9.793678349831435,0
2.1368781562482972,9.649736636649948,0
-0.240104235,-5.456996075,0
3.709688293,1.4838770157054455,0
2.0758709717907395,9.314406285034721,0
2.6814092310473834,7.397075267796772,0
1.4104112997483453,7.254535055545329,0
0.14421042552160157,-3.080378021,0
2.1312521519683383,-0.884681588,0
1.7721233888452261,7.104587584874999,0
1.3235220789061986,-5.911213039,0
2.9915191625582533,-9.211333878,1
3.597056639552849,8.580182704333296,0
1.9201834985004849,-2.056568392,0
3.6414920298910927,7.874666323988855,0
4.782595371,3.1647120517545666,1
6.067958103678933,3.6079425456864005,1
1.109251652415626,-9.565212122,1
1.4711146682060394,2.4002125146234796,0
3.0432497014998496,2.7968095538798448,0
0.9507257303342185,-0.399734218,0
-0.146668895,-7.564142589,0
0.3119580304472138,8.331335382172757,0
4.064950216809109,1.8847521448370568,1
1.9218926206062856,4.8677923438023445,0
2.6230426311840973,-0.242976846,0
1.7664567269535314,5.413461924885347,0
2.0065312351040547,5.196758137605839,0
-0.357710988,-5.772241114,0
2.1485488719373667,5.474244284449043,0
2.3454630166941666,0.9846029933488367,0
2.7239431890928247,4.804501644864406,0
2.077465806,-7.837547139,0
2.216932457387543,-1.449450456,0
2.529301099515948,4.800378597296158,0
2.8736478851326543,6.865335951119661,0
5.8387419807639285,4.637340930595142,1
2.0502742953435775,4.942514597017777,0
6.432497305614458,8.082022567029668,1
1.4330098168982015,-9.678385438,0
1.0817654604256668,-1.45235797,0
2.2210790941318015,-0.536259525,0
3.359024722121226,7.312613982413453,0
-0.112934863,-6.315661186,0
3.5306883022768565,8.982642533719396,0
2.110364530020494,-9.105579774,0
2.8191832263426937,-6.64062339,0
2.4722250859420254,-7.229549035,1
2.4354278301308354,8.619892035042142,0
3.0103913378802174,1.5200073424398788,0
1.2797256245524244,-9.124618257,0
2.6028218667883314,4.764556111,0
1.0969412263783747,-9.082966643,0
1.5567587154926361,-9.064138126,0
2.9350428687082983,-9.887816352,1
0.9265134013603346,-5.79615625,0
1.5118360925161851,-7.227857536,0
0.611031622,-1.115481553,0
3.4991113579968736,-0.133492879,1
3.4395182910949664,-6.505418236,1
0.9147972086620821,1.5234915908158655,0
5.200269672635031,5.145266090833596,1
1.825880037360034,-1.103530722,0
2.020585959613853,7.956321547875394,0
4.715501512393376,2.3983283233575055,1
3.6546613348633588,9.581793448915402,0
0.2872042180520403,-2.641323391,0
3.8465136514601834,-7.145577347,1
2.69962449,-0.980810791,0
2.0289059807319534,-9.063189278,0
1.4720278335521095,-1.655189452,0
3.0196796792093963,6.192323820428179,0
2.810573808393772,-2.570945851,1
2.7910817688807987,2.237478777865631,0
1.2822248082536682,-2.801064267,0
1.262345271861815,-9.056417661,0
0.9985016597264647,2.233644684105986,0
2.1378416526347603,8.349010685,0
2.4534396072672995,2.611098228610288,0
-0.039206667,-1.729596747,0
1.6459334927091396,-5.005915305,0
3.1110740713954543,-5.702447295,0
0.6184957069806698,-5.117026909,0
2.9149398369744395,-3.814502008,0
1.3785896516702412,-5.290803809,1
-0.552513423,-1.574183785,0
1.9475549050051333,1.0831990039419797,0
0.9688986858701675,-5.467383697,0
2.07193876,1.3160065141142603,0
1.7603030091316572,7.8862748682913235,0
2.4910325016294763,-3.207460917,0
-0.009718897,-4.62361583,0
3.6219307227254873,1.3535794998470756,0
3.2688188358541357,-5.050030979,1
4.026039123511199,-5.861801689,1
4.857169026483216,8.467756277223703,0
3.8115470984792843,6.1741366347559605,0
2.917584554766052,0.5189552480134587,0
0.9380365243088434,-5.128630589,0
2.8742496642998203,-2.956379799,0
1.283684508658188,-9.058940253,0
0.99232516,-0.300010216,0
5.059047450594499,8.690010857583815,1
1.3124963503371812,-0.314672568,0
3.4308332628983544,4.546836662684994,0
0.29054171059606493,-3.967173292,0
0.21879762572993322,-8.791506204,0
2.1353770283790676,0.7167605261184828,0
2.2271124427538065,2.5084877372758996,0
6.389569753439033,2.362362485715332,1
3.6362370220571627,-8.704964507,1
6.802581127,6.9597154442605955,1
0.15735515384621446,-6.639517228,0
-0.101555258,-8.350936045,0
5.418592405,2.5372769003383606,1
3.3784625087284264,5.238675575393659,0
0.48700658560235943,-1.475586803,0
0.6050841464774117,-3.887927446,0
1.4849331959922893,5.939033199266229,0
0.7903328044193358,-3.883674773,0
2.0456842569628835,8.517118209155282,0
4.920351702397979,2.0354334901246744,1
3.0243351824782074,2.7274046631866717,0
3.188364926129586,2.522701679600141,0
0.050545502,-3.627210109,0
5.091872860981924,0.24412942940978333,0
5.618247397,3.6288604414988868,1
1.0078011733707635,-0.192893676,0
0.4684069431114778,-2.339425913,0
0.6446040357232266,-4.061290462,0
1.773718525733584,-9.242358444,0
0.5765282103489715,-7.937961279,0
5.408506798095428,1.905796817893222,1
2.4522144391755027,-8.045167893,0
2.942526325341035,-6.908531475,1
5.701804461,1.7854246242058043,1
-1.237432573,-3.188435318,0
3.3722949981230967,6.505012613342991,0
2.8269137430837956,-5.802910706,0
1.6295610719885487,4.5262198183223195,0
2.2054074186282806,-4.384610537,0
1.41152601,-7.282806356,0
2.715344724108073,5.186232589366984,0
1.7974763212780167,7.813344454,0
1.497034982055544,0.5012700359680338,0
4.702410909465996,4.1270711461269105,0
5.988987423505764,4.130155908912041,1
4.689644635322803,3.996552592181322,1
2.2266431830379276,-0.748558949,0
2.2048747945187284,5.558599848292706,0
4.864960180595486,-5.69206697,1
0.9615277277301866,-2.863019744,0
0.4664357954347407,-3.430310964,0
2.8997032401333973,7.430984038,0
2.700033869063178,8.479383556347802,0
3.1177440404793653,-8.624198106,0
1.5223535402539936,-0.98214645,0
2.0658291952590027,4.014924661946225,0
7.640497224664663,8.830607837,1
-1.383938584,-1.570144405,0
1.6453963984248055,-4.518150746,0
0.6684222333665928,-5.65348112,0
4.234250798276746,9.815814141197706,0
3.198728143650128,-8.376384636,0
1.1816208549836482,3.3258643767756446,0
3.501177225439254,1.4683934710536057,0
3.267357669814932,6.7244434806122975,0
1.3051168155739064,1.1763706188229168,0
3.840075446395203,3.013793391662425,0
4.573091283657945,0.41298416476736577,1
0.48110828463621846,-7.793041951,0
0.45773136603241227,-3.30536702,0
3.869399471904999,4.5016326378293225,1
2.770361811678865,-3.060981306,1
-0.040707615,-0.49663527,0
1.795626400851491,2.888673923854464,0
1.5933835269846892,4.30681262,0
4.1912255319503755,2.0097497506004363,0
3.611541229644845,8.230840986319478,0
1.5814212809077879,6.9501764472806435,0
1.4473666725159378,-4.121309811,0
1.372068574277658,7.047292817991636,0
1.493963583,-0.16274183,1
0.9360402103685147,-9.333424932,0
2.2020200773476977,4.6664839555604924,0
6.310340750438489,8.621071346,1
2.151467433375432,-9.272584543,1
1.9444446226228154,8.861769315111143,0
1.2244777113923762,-9.027296378,0
2.4110467113415455,1.246111600907609,0
3.929300002342383,-1.763137432,1
2.766231829618752,6.684991256658684,0
0.8904292129348514,-9.729215666,0
1.927079511304822,-6.635975449,0
3.8119000366250155,6.504141881679828,0
1.4783403645415272,9.566044832688998,0
1.8599739794434456,9.802119335184624,0
0.9747649046491386,-4.271338324,0
3.7434830615732895,1.9533523506001558,0
1.7332148538137493,3.827825943485026,0
2.5721205677637657,5.904971656667895,0
1.969830397835759,9.638979717015513,0
1.0751102526899403,-7.703052611,0
2.0923311151317066,-9.964908075,0
1.5701686130520274,0.5726206269004663,0
2.080366816099886,1.548527716692325,0
1.967875876,2.6505955605837173,0
0.9939138403727785,-4.41666774,0
1.8583232988439993,1.5180256878927736,0
0.3451960687571095,-5.094068527,0
0.832937564,-4.937057922,0
4.671244906845288,0.3764561318201025,0
2.789658842512353,4.564487271518118,0
0.7935546266583925,-2.051084006,0
1.9453993723054377,-5.121256258,0
4.061951925,8.624832802210836,1
6.1475136085807005,6.455330986830642,1
3.5316248633288034,-9.239610341,1
1.4338703480947923,-5.262442793,1
1.080966015102738,3.1750063334995087,0
3.3546043185820293,8.763414581772825,0
3.4038400624681633,-6.59931098,1
2.6746828475272455,0.8662104138776545,0
2.0657875885598225,9.324347737,0
1.1570256583717593,-9.60219758,0
1.0098594350352557,-6.65923468,0
3.4871549962605424,2.1814379565885957,0
3.236407103797541,3.654077402886829,0
1.5627389902651307,-5.104884772,0
2.6645606335152503,1.8561693665525887,0
6.0876486700040395,6.215970819007822,1
4.898025374146586,2.1896069967432084,0
1.1427689960070588,-3.391393909,0
3.192301212221141,4.923565046123864,0
0.9234840020497312,1.2325241012265558,0
5.875711528,-0.331909311,1
0.7328509167223118,-4.578127303,0
4.459472994673035,7.550827667431616,1
0.6524638435020971,-7.715736445,0
1.2105045761867719,-1.567298321,0
0.7936847940059157,-1.865563198,0
0.12397380802616575,-5.794894231,0
-0.617051298,-7.655865716,0
1.147096520992232,-9.016137919,0
2.2083769363788086,-1.411567087,0
1.8729645546480556,6.351794141052718,0
2.9192144913910787,5.981278512,0
1.9745931913972172,-4.841754582,0
3.618994279153559,-9.995169477,1
2.3953444683568788,4.216531234695623,0
2.4215371116718107,-3.068099543,0
2.362041730977511,7.731228816902213,0
0.9230453459018215,-6.159226572,0
2.5049056907862024,3.234257377,0
0.283958712,-2.917790853,0
-0.493386513,-2.802565862,0
0.5837633136115793,-4.057528611,0
2.301380825849172,-9.300629659,0
1.1979617701502057,0.4067808358640761,0
2.515559384014783,6.651156490236367,0
6.097636813,1.3336619317826575,1
2.3490163183152384,7.917660140459379,0
1.1716678334954407,3.1142137876639016,0
1.089184161816508,-5.009557398,0
2.658639493565563,8.421442105878715,0
1.4290994537832094,-9.488717504,0
6.6376231625256175,4.715332470073539,1
2.5384159786860017,2.5497083951401933,0
5.557369657,8.667354686101106,1
0.7384705492452908,-7.019878593,0
-0.691771419,-2.979105785,0
5.799098999390692,1.9829169879687427,1
1.0425865816747761,1.018574910415765,0
2.966653489024351,4.8186972374779025,0
7.860523518229108,8.753166260259032,1
1.8712206446912902,6.728502155148174,0
2.724388978784688,-9.954997928,0
-0.131090983,-6.879150858,0
1.3196923350212315,-6.169789275,0
0.4199993770108531,-9.859057848,0
2.062095217181781,-3.033986208,0
2.620626853806022,-3.988272402,1
3.271014327966826,-9.524425866,1
2.785731059027627,2.773544528214808,0
0.42761355434315895,-3.25894795,0
2.562078523796631,3.8602838602670175,0
1.786389025645137,-7.028861693,0
1.0400425407531908,-8.152386186,0
5.802187217530904,7.411473168958739,1
6.425078071936337,6.592185079488473,1
3.2858782501074177,6.0328833461597355,0
1.0240699349686773,-6.812424041,0
3.3404579867320487,3.0879140567444985,0
3.216531747108023,1.2354758341331955,0
-0.192403385,-2.640614348,0
2.781613005268744,0.8175243766415683,0
1.3408560507161944,-6.666279934,0
1.4110994289978132,-1.554274504,0
-0.516071248,-8.873517233,0
1.5158406651815397,9.184204269237949,0
6.541755212336276,8.374299675,1
1.9508685174092744,4.195474760686972,0
2.432481432383863,-9.804116551,0
3.9229966963710883,-4.10398421,1
0.9565762141355255,-3.020063325,0
3.006414398036051,-2.890305,1
-0.246468293,-4.013495696,0
1.7398999105553221,3.2910779057307966,0
0.43834987752154164,-6.623387585,0
1.2176898840962427,-3.054280552,0
4.235912806941409,3.212900291297899,0
1.6888496200254721,-5.723502809,0
0.6258360495881707,-7.698225798,0
0.3031772300013571,-3.103264269,0
3.092728928103998,6.613925152569159,0
4.226299620942786,-9.829610472,1
1.9529304217940608,-4.63712125,0
0.7114168496812548,-8.110139738,0
2.022265149630993,-3.626626469,0
1.2467570002003758,-2.071136882,0
3.7337441739126556,2.6587236730226476,0
3.6089823625025055,4.123442982837782,0
0.5183143988239505,-5.141092966,0
2.613810046510479,6.767337974148447,0
0.4988854381359824,-8.840147957,0
3.037038312591127,0.065368022,0
0.44453674617336825,-3.120506565,0
2.9957736571964606,-3.84779735,1
3.213183271218699,4.874826205437293,0
0.6439539068383631,-3.838081973,0
3.7689609625399805,8.659512568086235,0
0.7017877578311265,-8.733234055,0
-0.381249591,-7.787856072,0
2.637026025674147,-9.484053372,0
4.037236403107595,9.187981020000468,0
0.18023184520816393,-8.216948482,0
7.384659100915896,5.065301185,1
4.145914637308812,-0.988805574,1
-0.918051726,-1.364452498,0
6.154109837792564,7.111062305614237,1
2.7879691691041373,3.2264282794606824,0
3.4658087206758905,4.933427369982791,0
1.3913212954504033,-3.007759653,0
2.801155364519351,9.696500546813809,0
1.818458006587495,-6.911769126,0
3.0262635159099145,9.022681370031957,0
6.842151631283098,2.986104186,1
5.143135779621869,8.854067537352176,0
2.6811438542177477,7.436752727843555,0
1.5821970084027677,4.622404333376339,0
0.6966548855949457,-1.59886411,0
3.9061997531338766,9.481404117,1
2.914748148423824,-8.538038942,0
1.7621578251961574,-9.16231425,0
0.876654151,3.750595688340665,0
2.873058591737017,5.4260692271861615,0
1.0112604827553235,-1.687747812,0
2.1209022556451806,-8.991977675,0
2.9404257976149606,8.004828666011086,0
5.054376750462197,6.067421426,1
2.482640246010341,7.292720942400393,0
3.854149683854433,5.5256475625681425,0
2.569424736,1.7910812241068115,0
1.8250832260607854,4.570894397867351,0
2.859841041704287,8.877320386,0
6.778544474629618,1.1544103349715655,1
2.127658975961835,4.470440751695957,0
5.478441904811287,2.9726557636635107,1
2.0401515873398823,3.566764303284444,0
4.718820885028802,3.8148999336371077,1
2.789320100372666,7.083555319139155,0
2.333495702403498,9.262150302417087,0
2.3318574904845017,8.366967683879789,0
1.925411945185377,8.369196576851024,0
1.2784057618105695,-9.542358889,0
-1.135523205,-1.426359644,0
1.5250098750843466,5.899666883,0
3.4078162138871844,-0.739800293,1
2.275832267020401,0.42169529324400656,0
1.1606430879728677,-9.440757711,0
1.800184888139765,-1.671153367,0
0.9712467061441924,-4.574169558,0
1.6356107108523343,-9.055073644,0
0.8528824707551355,-1.218040435,1
4.012199669150164,-3.919944829,1
3.4796363842123466,7.905922788601394,0
0.6282802874034847,-8.465845325,0
1.2395312029750527,-4.328533742,0
3.017481638,6.962958695877617,0
-0.141194821,-4.455967878,0
0.642890257,-3.679821298,0
1.4144540203075409,-0.429044029,1
-0.712975569,-2.774410808,0
2.295255540179924,-0.369531456,0
2.6639285720550867,4.2852764376097525,0
2.651318137933644,5.196433264171269,0
1.2479647924930986,-2.876281135,0
-0.801655563,-1.192794346,0
2.717784984654733,-3.873911742,0
3.9782211874954867,-2.514729401,1
1.5745332424169507,8.849767787350899,0
4.786800238413509,5.661638511432212,1
0.2229829425300911,-0.724393065,0
5.297662298857967,8.489592424243785,1
0.5451713911618465,-4.320244456,0
7.774690309363709,4.733832070449452,1
3.561169062025035,-6.5670772,1
0.11686243610423563,-3.521761788,0
0.148373723,-2.596699508,0
2.502338893400522,5.929704950626451,0
2.9758578796511426,3.6708199293701256,0
3.0590584748905933,0.6792724358500539,0
5.7453916560800256,0.7323936504840933,1
0.059490573,-7.660467982,0
4.292296153693429,-1.177195175,1
0.5975939930195149,5.724733341443933,0
-0.243777086,-8.59470108,0
0.9332661290289341,-9.171445868,0
4.626558954509291,9.629932246562976,1
2.911678477682785,-5.020769796,0
7.665814636989108,3.9332258605133816,1
2.9030216896513448,-6.667946099,0
2.949078122369399,1.2537765497823532,0
0.7492501883073455,9.986869732071025,0
4.741147402449078,5.521657835829345,0
1.4412695390531807,-7.517594529,0
2.956045431735972,-5.906460194,0
-0.071866459,-0.9188387,0
-0.213130793,-0.852852563,0
0.7484833884295885,-2.547075069,0
2.721299232218408,-5.33612507,1
4.9579195834201055,4.387775627175152,1
4.478287296437281,1.700562785238322,0
1.1207378147375135,4.690916701016462,0
1.754814866463708,3.2646051665280513,0
0.036979611093647446,-3.199902585,0
3.392560348288448,2.664509779656477,0
2.7414087875798785,-2.89276355,0
1.4275032344946537,-0.675268409,0
1.49697144,-7.732442003,0
2.3860818534216595,3.9640486587560826,0
0.2469387082669937,-3.77859138,0
2.432792682,1.8988442126613254,0
2.255270170742717,0.4954575549931928,0
3.041336523115074,7.1996824340311605,0
1.521939143949726,-3.944565102,0
2.744780376,-9.42110783,1
3.474815344,6.802606653814685,0
2.225409428589199,5.492430375408453,0
4.664503364140308,-1.662021501,1
-0.274150156,-0.662410823,0
2.1395665563561987,-0.509375424,0
3.926951701111168,4.1837598969259595,0
6.032160180484121,7.014037286060411,1
1.8177204075183302,-8.519215734,1
3.397393218,6.230251611021437,0
4.407997110742816,3.646018786441953,1
7.085958835079888,9.750638351180697,1
1.757996173159388,4.821051404071943,0
1.3805092647628885,-5.423860906,0
2.0735233042075487,-9.751846686,0
1.5646934331030062,-0.809980922,0
-0.273597689,-5.020543391,0
1.1962246961842893,-5.234616875,0
2.5566326340746355,7.3582017282537535,0
4.302455621966602,8.411436123277095,1
5.610079605944475,1.7271775061950745,1
2.5062956556474636,1.6938864013815547,0
1.4941138038491226,5.332114999080506,0
2.845492599009565,-9.64445453,1
4.0691880901381765,-1.447223086,0
2.010488475458036,3.5835006624592314,0
5.755194333646411,3.301075238097548,1
1.033203338330973,-8.880770294,0
0.41278077439095107,-6.355149562,0
4.178533612404084,9.363918114,0
1.1831369611432576,-8.463665842,0
-1.033371411,-6.576404658,0
1.2171467972089183,0.6452826910200127,0
4.101155530416261,-6.845756204,1
1.2225153943998528,-3.820273316,0
2.454227834242679,-0.613773314,0
0.7688855199911151,9.423925699,0
5.072344321497868,3.897168859986312,1
6.553000644068214,4.805616625626062,1
4.829067114108911,0.257914762,0
2.4634345362691272,-8.583179239,0
2.2445928487124878,-8.174446693,1
1.3234638498085713,-4.363953372,0
3.1995878653008956,1.9518437210124713,0
5.993653291826744,7.597627047839126,1
3.0756284875234168,-0.746542781,1
5.214294290581228,9.692299184024836,1
1.6497296998784596,2.463931490829509,0
2.408041637107787,5.980861593871172,0
0.6406432432037175,-9.891290815,0
3.7931885924287054,0.7800313378698434,0
5.073384552362182,1.1252263382567023,1
1.2033430103909044,-2.052134625,0
-0.53129504,-6.351706707,0
1.1363064882415834,-8.716661745,0
0.7918106597134631,-6.870882485,0
0.6100323134787344,-2.853292086,0
3.4699650199601426,-8.872756323,1
-0.502730763,-6.314181159,0
2.305604866512011,-5.719537558,1
2.0604292155248305,3.6369535406040967,0
0.8556754906352269,-1.447549602,0
2.9734870901770933,1.980544958168771,0
4.257692457217921,4.231442293367474,1
5.961637618659709,3.599085274484686,0
1.9945584659674398,1.0534303273019745,0
-0.124500316,-4.032276143,0
-0.189860652,-7.881981571,0
1.7128864692815027,-8.419399092,0
1.4789141885192685,0.5741800203529941,0
1.8394690431163412,-4.187454514,0
2.578834222472917,-9.900245366,0
2.767159849799183,7.480769975154875,0
1.2388991726514795,-1.965911082,0
4.566766846762326,6.267544447019105,1
2.702829702,2.056330541121783,0
0.052161686,-9.649145007,0
2.1009273715650636,-5.519214226,0
3.5790252391457607,-7.785503366,1
0.6350769163523029,-0.250196442,0
-0.452262689,-8.335337327,0
-0.039562876,-4.969103398,0
-0.156256734,-8.889888366,0
1.999416588481871,-8.029861086,0
0.813270568,-9.305004955,0
3.6708782568479217,-0.733577454,1
3.296361381826555,0.746538602,0
2.071017943290665,-0.203856117,0
0.23087243531175983,-4.024713794,0
1.9991608043874574,5.857184434,0
2.5947446360291293,7.696161152,0
2.8331801515495045,-2.91355466,1
3.238653081217172,-7.996850033,1
0.8572911531083762,7.1373183303940095,0
3.5942799703343846,4.224930370557701,0
0.7592564375707784,-1.700670132,0
2.742173410985006,7.060722998030769,0
3.5218389859435564,-9.041967485,0
0.032164028,-3.550067,0
2.391301581079465,2.254811529063904,0
2.4807598633904484,4.6067864243042145,0
2.074022271947949,-4.647411721,0
1.317687126508793,8.126620616523432,0
2.7179597541609692,5.106437631362557,0
1.4926127852025917,5.716082999342522,0
-0.647906343,-9.847751239,0
1.166819753547286,4.499507415979227,0
0.7824119024852788,-8.33533754,0
2.182975795,-8.810198549,0
2.5221718368366726,-8.644135423,1
2.0043508435603186,4.2756429518904895,0
5.4418971754620635,2.4219865070725675,1
1.424883821,-3.748458994,0
-0.105656647,-4.228898003,0
2.469488152705275,1.231534755491122,0
2.287845464367905,8.638289124296161,0
6.315267422617714,7.7181155568632285,1
-0.262728713,-5.420275896,0
1.6366878437492343,-9.606536449,0
3.082160553389838,2.8786899371890087,0
2.797346567274475,2.510997240844617,0
1.324565596289776,3.3031593686302063,0
3.921406674833973,8.537141881,0
1.2196318191853268,9.632002054862415,0
2.9703354375736266,7.764634860784152,0
4.353510765790344,-3.400833556,1
2.0044302285250937,4.070612291382577,0
1.8317081056159203,-8.789152909,0
0.8557047958309357,-8.842130582,0
1.6400237917955487,-9.328381996,0
0.8581251084316872,-1.492594485,0
0.4482905046193767,-4.422033095,0
5.718042424189543,7.8616835776891385,1
1.6154303904648577,-4.408315453,0
2.360154670199264,-8.738860972,0
1.114959295260745,-1.221832212,0
0.7940692578268033,-7.129116289,0
0.675185951,-5.571645772,1
2.2050663091247262,-1.109506346,0
0.4490010800447588,-4.803165976,0
-0.424750742,-6.894492594,0
1.4608468757749773,-9.674559533,0
1.701678489058617,8.988736559465941,0
2.044544118539175,-2.377918012,0
2.210951957565559,6.325068141883101,0
6.0419501456311515,5.460898412793311,1
1.2062112242246592,-5.260969602,0
3.5033901836392323,-3.720421328,1
1.4788263588335846,4.052499954697328,0
0.992887084,-3.157790155,0
3.140383343964854,3.609737344473423,0
5.574789479314198,5.479506380825567,1
3.0476843113278287,4.7766263820917505,0
2.8047214414771156,1.7362910550356503,0
0.4478114475681123,-5.369639454,0
1.428954322230164,-3.845146133,0
4.782123466914268,5.025824948482608,0
3.811627079219039,0.2880940017659199,0
2.0291754837260974,4.079672625475583,0
2.0790070788435506,-7.764346888,1
0.9964141602037214,-8.01762054,0
2.4150179748877076,4.660607175641122,0
1.0702967814821231,-6.146378922,0
3.1234753785657174,-2.167864141,1
0.7343112368723098,-2.851620033,0
4.613939210255571,2.3646979165265094,1
1.8188372902167331,-6.668551495,0
2.799034901508958,0.076324749,0
1.579059527,-7.570530447,0
5.729227464,6.396003900669612,1
3.2827785155890767,7.090262911413827,0
0.5808779967166119,-9.827170883,0
0.8658603959802985,-1.020476663,0
1.7511035789633445,-6.698610226,0
2.1673907761820534,6.400528902485949,0
2.967103776464289,-7.350805281,1
3.373789439,1.432203265281121,0
3.3179615930840325,7.2233604969410585,0
0.9337516253437605,1.2612915893763432,0
-0.559283864,-2.601969783,0
1.8083953035232323,9.285896233029874,0
0.2914291808428412,-6.46458511,0
2.2443546784306285,2.2830730378485704,0
0.9238997271365158,-9.077856448,0
2.970168300138794,-6.155454565,0
2.175025344673915,4.941442748899291,0
3.504344695053632,-8.100209885,0
1.206825451529109,-5.948025793,0
0.1640479500936789,6.358671831887552,0
3.177078625016965,4.231633891,0
5.499084240451381,4.518854733913191,1
1.693672732,2.3343384157546936,0
6.349774376926506,0.454331206,1
2.522213360896395,0.7130579861756239,0
1.7986364894572566,-9.430584798,0
-0.1949985,-9.761179204,0
2.325613093981355,2.668291887,0
2.6511538865515956,4.300314855946276,0
2.592058890237133,5.847027914,0
0.42148673567362016,-4.092955443,0
1.4853596304428036,7.688951657521919,0
1.040908561091003,-3.105882931,0
1.2217102791092065,-0.673731135,0
-0.114344501,-2.754651018,0
4.438369995245218,-9.180023826,1
2.6096295793004702,-8.784528493,0
1.0061924205234025,-6.975994146,0
1.3187714206995642,-3.118848624,0
1.4907866734900042,-7.036626845,0
3.929340806428258,8.216569789,0
-0.010880649,-1.829990224,0
2.9673591366088994,-1.571071691,1
2.900487656199038,9.464202328520312,0
3.164273425705209,1.1542769566523319,0
0.5867624032556383,-3.73855833,0
0.7882516635734499,-7.540323379,0
4.055354903264473,1.005656959763055,0
1.1086676091571865,-9.365991368,0
0.8508079831682406,-9.710679617,0
4.302127470467968,0.6015235530951166,1
5.3467870173660685,1.2640541681648205,1
0.20587276593879777,-0.855620588,0
2.9234492197171305,5.338315391529861,0
0.7707382295089936,-5.825692375,0
2.0619611841787573,9.852379773,0
3.557023618133286,7.676342974717311,0
1.3272038457521358,1.8054173991401399,0
-0.748581971,-0.355088128,0
-0.318542264,-9.519681404,0
1.3532926890519152,-5.099558706,0
-0.717028056,-4.291519181,0
3.724008016845529,5.787576046908045,0
4.134061977128227,-5.330214192,1
2.8808922865146425,-6.755571137,1
1.4196646102307289,-2.979887859,0
0.9072599371236284,-8.958931655,0
3.8308287928459794,-4.590840178,1
2.489750842580447,4.445672635001749,0
-0.404917141,-1.076495253,0
2.059701019934966,2.927988050117703,0
2.743712491,-3.232692562,0
1.6704781765345724,5.589419877200028,0
1.6474638535899457,-4.080460554,0
1.9094949201615095,-9.340275597,0
0.10634661791340916,-2.139991191,1
3.775526669101818,0.37424996306327074,0
6.086299986099884,3.1446664364007493,1
6.252505883438485,5.004600932192494,1
3.8632657134601907,5.838400438050515,1
2.5220062644319237,-0.167374057,0
5.149802436395541,5.276265735023058,1
2.7586184239194376,-3.079558224,0
5.640117687056781,3.492976257236988,1
0.930218827,-7.779758521,0
0.6874216363464698,-0.429482264,0
6.459728172576385,3.4949776779816624,1
3.5297538772856845,5.578118479653133,0
2.1939709265309513,9.116982492913404,0
2.077937132945546,-8.579048087,1
6.493729467510963,9.220133705699716,1
5.063587566000447,9.096535385019141,1
-0.890376066,-1.955040148,0
2.792649887048736,-1.083768013,1
5.477996842089896,-2.435226906,1
1.4633464210137643,4.265356243425909,0
0.7658458625220287,-5.299177339,0
1.5353158449245583,8.214678657053874,0
4.851288372241065,9.430529888297418,1
2.1744396460626785,6.274902696,0
0.2325922475384664,-8.645666101,0
1.0033151977681114,-6.806188095,0
1.3692999014868446,-7.696591937,0
3.3551380733278995,4.813031493621997,0
3.2548455652103048,9.758063559936964,0
0.4593248871463008,-1.724379232,0
7.418331890196483,1.8115128820280972,1
0.7837349580753619,-8.029705081,0
1.845672240849052,3.7103669938592887,0
0.5635335662065629,-4.929685097,0
1.2096519615412167,8.661559462,0
1.4254799557469466,8.389881388655926,0
3.7645817263187453,7.956647751273849,0
1.7865545800878957,4.110652846776354,0
3.2664090222941367,9.608309513934696,0
3.581947030614776,4.446429028841049,0
1.7358108303742736,6.602691657,0
3.292466586661515,-4.212470482,1
4.641814548686302,4.983489924934341,0
0.7548448970918429,0.7482063526902216,0
1.9990780784092934,9.571124998869333,0
7.143399542144701,4.869131747696514,1
-1.277672192,-9.314707936,0
1.2897160609285008,-4.347196935,0
0.874660385,-3.727806487,0
1.8433239457184625,-8.210268424,0
2.468619740723671,-5.99790009,0
2.226037873977924,0.027192284345225914,0
4.128660324759998,0.5487399928643377,1
0.9267122640389998,-5.903845687,0
2.213131466011578,-3.751906986,1
2.6014435075958984,-5.071253588,1
6.609001606089378,1.0976802182005425,1
2.432334768154724,6.5069655314495165,0
0.2844425742168739,0.8584816391085823,0
1.1916213483704432,2.250026631295917,0
4.204001498,7.702341716173578,1
3.8506589408851712,4.463325325895429,1
-1.290807885,-3.522353857,0
2.4107511156350236,1.8913245824650637,0
0.8667164914128099,-1.319816162,0
1.730093493360217,-5.825384376,1
5.22579648,5.7419258326218845,1
7.088135856790636,7.219104839661576,1
3.8068154372976286,-1.114152077,1
5.106549724559801,0.5244699186942157,1
0.15437857163979762,4.897361789156127,0
1.5852022226056874,-8.187455124,0
2.756509786099399,1.9987971516976977,0
0.906500922,-4.524320578,0
2.0505124883019827,3.0745932652183416,0
-1.261506888,-3.112531399,0
1.3486008998761403,-8.885337135,0
1.1364900833693279,9.427240822535758,0
5.926786940251518,3.681226306876974,1
3.7291853599986924,-9.288264114,1
2.8049339634482195,3.623540861938233,0
2.2740827647063453,-6.062350746,1
3.9800327172215866,-6.117812972,1
0.6884200620887497,-9.517486188,0
5.075774675461352,6.482160079616364,1
6.171037089101333,6.5284619594220175,1
0.12247517237302252,-1.41813904,0
-1.591275132,-1.73381514,0
0.5198428923147771,-1.754109027,0
2.216118752974577,3.816341005787754,0
1.4157033626983624,7.555798132437836,0
2.8736336424296893,-4.585686172,0
1.8918534958907616,9.078842428869155,0
3.9451920624295855,-3.820263311,1
1.024025962900155,3.4864692869675302,0
1.6337389270783296,-3.41440058,0
1.146814878942061,-3.394974033,0
1.7006972550932327,-9.257816081,1
0.37204933,-4.792212694,0
4.168640154560599,5.003144152751268,1
1.0686613752572722,2.297985197,0
2.397321898965018,4.785607052796355,0
2.4874171037018695,0.9937100107415233,0
3.2032808739869267,-0.514520375,1
2.907514009433439,1.318802210853482,0
2.9163657418498277,-4.177933132,0
0.6646746099671859,2.690763166982194,0
2.0408580145135886,-6.082514267,0
2.4790587058307194,6.140722395287021,0
0.30297307881539126,-8.719922208,0
-1.100674214,-8.963489546,0
3.2070054464753746,3.997311076492114,0
1.5871500087857098,7.191518504313809,0
2.8051093897838957,0.9447259243021868,0
2.186765448878891,2.2674771274933896,0
0.23899275308394685,-0.716628346,0
4.079567775241537,-7.416966306,1
2.572646581325551,7.617731008575802,0
1.443704976165626,-7.623749753,0
2.0716902913519717,-5.049329853,0
1.475133985,5.444333586375453,0
1.6896030351607014,6.971080947225559,0
1.9619405745162515,-1.637389449,0
2.7417298625219546,4.488765327478191,0
0.5503334208226422,-8.830890621,0
3.6724054920639517,2.195192273302487,1
0.6827857840884475,-9.226556607,0
3.8551767727879196,-7.720416508,1
4.8961915473085185,3.403474993458694,0
1.8206519266896017,-2.569255845,0
0.7299992378209048,6.7840795642403044,0
2.203183583391251,0.8682971660295209,0
1.826111633678566,9.258618305031547,0
1.0188501932768819,-4.82631975,0
3.534694364101564,2.209434868081889,0
-0.444770632,-8.006852622,0
1.1006054218175079,-0.016934811,0
0.22643858214163726,-5.644629578,0
6.065888227802315,4.7316998868936295,1
1.0449384545217784,0.7139964398253991,0
2.728554753,-3.86369898,0
1.434136075995345,-9.619852254,0
3.478246210900363,6.557132746865605,0
2.2304815358879266,9.876882721,0
1.3326591764729698,-7.873780957,0
2.042139132979583,-5.084909772,0
-0.877914729,-2.603380096,0
2.5514963196307487,7.037003476616494,0
2.8674282319570636,3.125211596,0
1.6965803254101424,8.806826878398255,0
5.888247743851361,2.035002976459751,1
2.4074039819232724,9.907255964585971,0
0.8858334232303351,-5.059938705,0
2.8611659273343726,5.293797040331604,0
0.8176920323724712,-0.620769129,0
-0.736765848,-5.530418822,0
2.9976768168194114,2.4664805018948925,0
1.1944752087261938,-3.616653876,0
1.7441711820708043,1.7247099642152328,0
-0.517612994,-9.397487981,0
2.467642351001767,6.873328804,0
3.807228430819465,3.057977752311567,0
1.263805659907815,4.166585915758327,0
0.5134921196581503,-4.864810381,0
1.9451263869549713,9.813198267265246,0
0.7943006134359972,-3.769757998,0
2.0454783931177167,4.805761644819409,0
-0.096193595,-1.623877522,0
2.894964385994396,3.898178826,0
0.088223729,-2.940685243,0
0.728674366,-8.404554006,0
-0.861448878,-9.333768788,0
-0.580893875,-0.842909227,0
3.6911590252466517,-4.927058403,1
0.49069209071851283,7.965401963454234,0
2.127793738426146,6.529291221233407,0
0.058517176724661724,1.9852776377836907,0
3.4317225139216494,7.127094858945128,1
5.105807346402689,9.143735733884984,1
0.8665432748606974,-6.900930682,0
3.286161956434265,-7.627617735,1
-0.696543078,-6.35497434,0
5.386741633121126,9.643999543711185,1
2.6667129268061247,-3.702915647,0
3.2819475369037443,-7.162689683,1
2.114750096252668,9.486811807322027,0
1.1734764527056671,-5.692283218,0
-1.18343147,-8.137915612,0
2.5878510255240754,-5.270145748,1
2.676501504522961,-6.303692438,1
4.490491395241447,2.9707196352362217,1
6.175976435961935,5.302122233831113,1
2.1427333045385466,-9.521256,0
3.542535782946827,8.720232366065709,0
0.5197961329103716,-0.442793292,0
1.3721462265306605,-2.001332658,0
6.020060194893896,7.2659673005982555,1
-0.599314313,-7.446656492,0
0.7624392704206802,-4.623955489,0
3.845985170815082,2.8885989673537615,0
3.4483893469630136,9.599292407,0
1.4707327686192126,-7.980288296,1
0.12902807116310688,-3.851785796,0
6.864355379,2.5206759120250943,1
2.1599517199799854,-8.616852666,0
2.880355238871046,-1.094911755,1
4.1068600025572435,4.396693489,0
3.787866339666787,6.303234104931423,0
1.4574692516828796,-7.074864915,0
0.33900592257282014,-0.890136222,0
3.5409498340255885,-5.552333433,1
1.4331658704427492,-5.089520879,0
1.1954251565452223,-2.805007203,0
4.1741603578147455,7.532859141457383,0
-0.407625407,-7.396242207,0
1.8446909646249061,2.9511719843352786,0
0.8762883117552104,-9.452589205,0
2.147859119650077,-7.451365238,0
1.5873074716572195,8.396510500454216,0
1.0425066310813578,-8.026059963,0
1.3314912211781214,-3.984022707,0
1.350771243845718,-1.392730444,0
4.2575386741965815,9.275131919139895,1
2.246938923343662,-8.084605524,0
2.0257981451930087,3.6404527701881406,0
3.2331753846445377,9.346448831,1
5.032926277,0.7560779873359031,1
-0.636900481,-9.682977591,0
1.0348800268806693,0.11964544606069794,0
0.5492040216156122,-2.187779242,0
1.5703601615186271,-5.303588756,0
1.2392650253990247,4.463381542221567,0
5.000679686,4.867620047650334,1
2.955396240257662,1.7658845924363842,1
2.8975334390457315,1.4653735702723374,0
1.329591730947428,5.376480655889701,0
0.9445139178021567,-8.10445484,0
1.0166815124063864,-5.952618491,0
3.500520784425299,4.774966821,0
-0.005742741,-3.237704306,0
2.769790216406534,1.3419709603181396,0
1.3241574532674563,1.1984088213317516,0
2.688594479208988,-5.02655078,0
4.981523433417134,9.472069220617115,1
1.7540620142006622,-6.292143919,0
2.038745931655448,9.185876072000148,0
2.4535567510905256,-5.445187372,0
0.072938908,-7.869896743,0
2.620732065669748,1.14656429,0
-0.032698317,6.7111307399469275,0
-0.184834355,-4.699275193,0
1.1277772821520948,3.140896805933348,0
1.6532631270438247,5.589632831552667,0
1.927153806051931,2.6171466464769004,0
3.311920893719263,1.577584212210919,0
3.8057826573982725,8.856409712412997,0
-0.32057969,-0.194334661,0
0.9264422341979734,-5.312628494,0
1.627793221694391,-1.39032501,0
4.177015918610506,5.4425944494376886,0
2.686081438,0.25288375439539124,0
0.37333730698278855,-1.167580989,0
0.984154884,-6.289800175,0
3.787973878193039,6.792447479556365,0
1.2215483781573622,1.676160242976131,0
2.180832681,-8.601138933,1
2.6212970351599414,8.956941967,0
1.2500338369586106,-7.706916972,0
2.1606143544445393,-9.531127936,1
3.505485294752356,-9.004918291,0
1.1689580405184945,-4.137972302,0
0.8327154453045487,-2.856633491,0
2.804430073142017,-9.378330019,0
4.386690735669856,0.24737215711550675,0
2.8846079233239195,-0.915500128,1
1.8227163981087393,3.0226447139357493,0
1.5930869956902372,-2.849199106,0
0.28424105287976587,-7.533497377,0
1.6647123617720108,2.4863057686860497,0
3.775377020560465,6.695487901701192,0
3.0354819585082256,1.0306692711633012,0
2.602223612,5.380561864180645,0
6.7826008130841835,6.646209777,1
-0.089810397,-5.807297634,0
5.8161453855997145,5.043529025734939,1
0.22105191344928743,-9.57561874,0
2.595520407116844,-9.734957655,0
2.3292489795534657,-4.854587345,1
0.5195219910187965,-2.532589287,0
3.8178341566325766,1.9989070976420251,0
2.317251392961703,2.515791641851674,0
1.5729851479370023,-1.635727878,0
-0.210300578,-1.161482405,0
1.429206407863435,-2.797205823,0
7.132612195309925,0.14246828283701873,1
1.7542786271361466,-4.055914807,0
2.079460009493924,9.096105828649673,0
0.5557884264738695,-8.654509373,0
6.156025942788896,8.581800352013222,1
4.148727316,0.26870869012136467,0
2.6131337169381266,-4.183864666,1
-0.32166933,-5.325286577,0
2.1358100252194316,7.423082487948275,0
1.8788184434814013,9.252892464263631,0
2.624474119499011,-6.449519936,1
1.6204018765469963,9.185323497,0
3.8410317711823523,5.159267908624081,0
-0.403197419,-9.646766124,0
2.5845457908464535,-8.56416271,0
0.9496634984804007,5.571134795702722,0
1.3679152754447785,-6.720994684,0
2.8210544765564056,2.386412824455789,0
1.1714072515097598,3.3374136146764144,0
6.201998092700916,5.267840495482881,1
0.5781628578767248,-5.427561459,0
1.480586192147455,-3.763943013,0
2.9892271043072305,3.2928203339921946,0
4.105276996152105,0.23873490034787004,0
2.818832061832623,9.428917988244475,0
-0.088673263,-2.974194682,0
4.338442369522678,8.486083790287417,1
-0.687735957,-2.56767646,0
-0.384362039,-6.5078551,0
2.8891294281408912,6.333598093625525,0
0.5742874627402093,-5.75766482,0
1.3604570079642608,-1.196226063,0
4.832831301984327,-7.929663546,1
0.097619999,-2.538047147,0
3.7240857408169923,-6.676557596,1
0.14149401308103127,-2.956534796,0
1.4931803554890835,-2.50910007,1
0.7897532354643942,-9.239898345,0
5.744435559387915,-7.534174024,1
2.001974385035753,-3.529820051,0
1.0844145049259541,-1.676628793,0
2.7259639319804343,0.096972058,0
1.8931080724636176,9.115648893995349,0
3.4821845324449123,-0.897266586,1
1.738385282939108,1.097093267124361,0
1.8127690429765013,8.449175487496191,0
2.1916757030767067,5.640381265636133,0
3.637257897402904,6.406134326,0
-0.052030212,-9.713919843,0
2.5601010365169716,1.3933898393703696,0
2.578313566722747,5.296993761618197,0
3.3875705580814457,0.8037027008721296,0
1.483490227421296,7.848664645031008,0
6.973319863586634,6.653004218579774,1
2.862800478572577,-6.81858326,0
3.214918372015403,-3.627822612,0
2.278753792,-8.294469702,0
2.4073697368140072,1.1458357165756645,0
-0.012966247,-5.387253301,0
2.4220449687920618,3.326041136,0
0.7347958645632726,-2.877960408,0
4.822135571710592,2.1619408392983424,1
3.5375478374275486,7.746038476046802,0
1.449166381004662,-2.778705569,0
0.081681003,-1.221551658,0
2.967465010722586,9.779652633474136,0
-0.273146956,-5.25587983,0
1.8922819718529271,5.624701063457378,0
2.1042030699283045,9.899736178430032,0
1.1882003757984565,-6.757914833,0
0.6487042583257543,-8.77917171,0
0.5121277081552186,-2.811816273,0
1.656659662,-1.635607779,0
0.6466492328371238,-5.624919858,0
4.983567392745672,6.237732348250422,1
2.8480947529101823,3.002039394419789,0
0.7118199037574192,-6.808108681,0
3.7750051804369438,9.151264267994588,0
1.7141658800068649,-1.96104473,0
4.578119980792631,3.0561106848719266,1
2.313551118608258,5.702550422039309,0
1.665686310955525,4.013147143698809,0
0.8992227177617204,-0.939717329,0
0.16485421589195604,-5.386304278,0
3.0394452797668428,5.537937136479048,0
1.3185223239044768,-5.003539308,0
-0.185691493,-0.460144324,0
2.025915895412628,-0.587346063,0
5.441139105262639,1.0961343780957638,1
1.6641781789102488,1.7572961925847466,0
1.5986577014774093,2.3030930572866577,0
1.9872462710722938,-4.88479363,0
0.47427221791789886,-6.519374261,0
6.717837819174033,3.971358804462909,1
5.172090311447007,0.3783252081752444,1
6.606887055269722,5.672661587504118,1
2.9769431316779027,-9.328886448,0
0.481054342,5.900693188722341,0
1.1417745565024524,-2.717893851,0
6.171783302951159,7.706212218399667,1
1.3893643749834856,-4.048209162,0
2.9701859327315123,-5.32976273,0
-1.029607022,-6.883087164,0
3.0519155434663756,0.2504379912550547,0
3.0397569721782527,-7.504899773,1
2.0805847621187907,-3.217362404,0
-0.37192982,-5.663042443,0
5.875192835413551,3.7885477887349808,1
2.687483050167981,3.4921410985201717,0
0.5282541254909365,9.743370442,0
1.6723247853535486,-0.705229823,0
1.0295253190096327,0.5611099865647056,0
1.3305007482483573,-2.131250268,0
0.5745581915166613,-8.548770367,0
1.769988177758799,9.581825,0
1.1826866500866706,-2.47550483,0
2.246699044334119,-9.897118564,1
1.333387283066723,9.901123172751639,0
-0.496067779,-7.376283365,0
2.2937470104545237,-5.005572048,0
1.920702821864642,2.963413226642892,0
4.0277880820968175,8.504829628,0
0.19247243787072832,-3.702058272,0
0.006829596,-1.611903758,0
2.6067342183841204,3.400370376073969,0
4.7407973884057535,8.384760122885751,1
2.742907038138615,4.0650665721437935,0
5.105591565669107,4.725514754213883,1
3.0483573233797534,-6.127566418,1
5.930933129955321,5.805952664401524,1
3.953249592572272,-4.750697063,1
4.410178722,7.269192852450544,0
-1.276052825,-5.978639328,0
1.1950458800216317,1.2363403786565481,0
-1.017932394,-7.767492096,0
3.685921325273117,8.009818234,0
0.9441321518378811,3.0726556455345424,0
3.6066020105259353,2.3980222499931347,1
1.6765052227982205,0.16451402605389198,0
4.850661481419993,-9.280258711,1
1.0616919042653148,4.182046216000801,0
2.7255516701061686,8.816105341272749,0
1.6385473665602022,-9.549917603,0
2.5877206032183446,6.582089236871425,0
1.8823780972735278,-6.570111477,0
2.731376952463256,7.801928391834586,0
5.143528296904227,7.5905056596614635,0
1.6412522127121711,-1.369296961,0
6.563803704314545,6.016449448992525,1
6.304098292651457,7.441184322864075,1
3.2302491672001787,-0.656634204,1
1.5850160175904144,3.8032463177539277,0
5.865286115785513,6.326178721411736,1
1.314731976,-4.126068239,0
2.5351962018127274,-4.92229318,0
3.147365950423611,-4.157163593,1
1.082944501619725,0.7052989666649516,0
0.45952866373274903,-6.394454995,0
1.289665263005017,1.2739954585604245,0
0.4539077857123981,-5.268583069,0
1.0084087906113803,-1.901328159,0
1.2399950146293237,-8.146563335,0
-0.383433149,-7.59610298,0
1.3468479746624247,5.860065723477344,0
5.806927365989162,3.8748675804867627,1
1.8849423970035257,7.509306951,0
5.473192956,3.604842150983025,1
0.8936879102982193,-5.54841614,0
1.8016048093902532,4.856022756,0
1.7207415170498481,8.041834862373765,0
2.194367387361449,-2.735617867,1
2.5112393656363254,8.884742627546366,0
1.734630657681888,0.3460354833687713,0
2.747390251922374,2.6021337404120803,0
1.4285495263119439,9.388616794989627,0
-0.268729752,-8.204569541,0
0.6202921865849738,-8.066904468,0
0.9846542558019261,-0.207348542,0
2.032506835220234,0.6060342555864189,0
0.2801875270014359,-5.796603352,0
2.172536102,-5.06504865,1
0.20329650895629847,-6.066238196,0
1.1786563929111042,-2.167840949,0
2.9197279609804503,-8.798494549,1
0.8133247929608103,-1.842178525,0
0.32166226977572976,-6.496734739,0
-1.921297921,-8.745456781,0
-0.283155846,-2.073676357,0
0.47628818500875125,-2.506917009,0
0.8191020441147618,4.130221294559757,0
3.2566324468282897,-1.753394939,1
5.710765157745653,9.404198495,1
5.656169308,3.747150129888597,1
-0.214475231,-2.929078272,0
1.712200023181238,-7.004452943,0
-0.907581998,-4.241695175,0
-0.023457543,-6.202671428,0
3.7018031244637486,-1.908671291,1
1.382330557646071,0.759723711,0
1.8365619638004216,3.9711701505349684,0
1.2559923247738418,8.943011515791145,0
3.392793966001595,-8.126049409,1
-0.681459506,-8.580106469,0
3.5167694666610867,-9.439965551,0
1.2351050359975269,3.0876402406819974,0
2.504909488425845,1.2271883808713984,0
-1.072681725,-6.046799789,0
1.3114437209235463,-0.211785726,0
2.7457499259988047,3.0416452516106744,0
3.7804340830278145,-1.708932706,1
2.548257112701971,0.14456748432949418,0
1.865121288434331,5.356309467404907,0
3.231218825116933,7.3965622439089955,0
1.2743581478033472,-9.30828275,0
1.4527312302631754,-4.663493596,0
2.038289147076065,0.5837859767275795,0
2.273922274,5.6377492396981825,0
3.660934199451617,8.097918661266228,0
2.751590091,8.696607152,0
2.0202842168678163,9.699578696759765,0
0.10054398491170025,1.8293023222382914,0
5.889475925429217,5.2505335966405635,1
-0.103009517,-6.193318104,0
0.45689722401236255,6.918215610334716,0
3.1013410799394987,0.3123184684305471,0
0.8655756597496721,-0.856229465,0
0.48256168622464823,-0.094140651,0
5.811504369930409,1.0127634790960514,1
-1.43533034,-9.141703345,0
1.4552246687559314,5.878221855895383,0
0.3597914692984011,-4.761775307,0
2.6516680833613284,4.595082365766421,1
0.8338186341361324,8.250692418555325,0
1.0719954955579138,-2.978919461,0
3.999014908322169,7.840242769678532,0
-0.608577992,-5.173720809,0
3.1734349535881528,2.636076388617406,0
2.648915239,-7.639488414,0
5.728680898163766,0.963389255,1
2.612513967,9.345836796559592,0
0.3428470234071618,-3.979323833,0
3.1939692230179784,5.462670587138245,0
1.1305927611511635,6.786410351203116,0
4.736786140090385,5.109767425048869,0
2.040714749306514,-0.62292153,0
4.9965955540570555,7.946674854048826,1
1.8162043447753529,-9.373283381,0
0.018032848,-7.70974129,0
3.157642746876356,8.95967007,0
3.1070360116762163,0.6473571914546294,0
1.0825374286911607,-8.222734383,0
1.0231836141248571,-7.368464542,0
1.3553717595071963,-4.82830692,0
1.0184182683937466,-3.316949839,0
3.628064071523041,-9.990708524,1
-0.707557756,-0.453996849,0
2.0826785838775583,2.551694788222079,0
5.226655834391337,-8.529146734,1
2.1269806192414906,-1.173274577,0
0.19047847821798602,-9.714446265,0
4.243709982582003,3.4981247266507136,0
5.540553855016323,5.8022484865195025,1
1.063449268134003,-2.58519389,0
2.1008459413986706,-6.155680397,0
0.8001814753768542,-5.706420603,0
1.5628019558168575,6.325764632049843,0
2.150338209114551,-9.42576073,0
1.1651675650425832,-3.990707881,0
1.2672430245920316,5.107554227880961,0
-0.028772149,-0.494600334,0
1.2629955363874552,8.2316555,0
1.1372506789826111,-0.424501353,0
5.3988503,9.502429333207854,1
2.3001938594339464,0.083668968,0
2.2982415466334585,9.899082665248088,0
4.215899784781137,2.410466289933769,1
3.6787245502466934,5.494442659470849,0
2.345677103115546,8.772454500161967,0
1.2162156686250554,-5.792581637,0
-0.41190179,1.7870875903881895,0
1.682586706149289,-5.341061487,0
2.683356917312576,-7.462885268,0
6.371562897645916,5.736322577170158,1
3.780174438605051,7.683588794,0
5.131460634841015,6.459321127426087,1
2.0873790567951644,-0.940043867,0
-0.034132551,-1.05782093,0
1.7087226172827035,1.2325169051054967,0
5.6314239927155985,5.960394429805522,1
4.250666974018313,1.013808308263604,0
-0.759478211,-0.568959461,0
4.3423049885512786,5.107223824746541,0
1.6382045237469014,-5.090855933,0
1.5716217910975345,-9.809098494,0
1.5090771389541686,-2.794669829,0
0.098630103,-7.298533761,0
3.5157196425821025,-3.489854396,1
2.8009738658345325,1.3346301577809747,0
3.3930377809683163,-3.430054304,1
-0.028339156,-3.329840204,0
1.9307389540204687,3.635546441788735,0
4.2401872284879785,1.0345188011049764,1
3.6392486715937427,5.450998446271736,0
2.131992149243379,-9.151327489,0
0.11740332158406719,-7.872275452,0
3.146570082194008,0.3668101826504895,0
2.979933123,7.605582779,0
0.6102568368692731,-9.041555759,0
2.107423720698299,-4.802048712,0
3.548517908052921,4.142451362814786,0
2.462947292800598,-8.999850242,0
1.7292819633308683,0.017824816304017332,0
2.4745794866939916,-4.330658622,0
3.5424774638579413,0.8237932792367104,0
3.898113002588363,8.286958987933637,1
3.1154797636468814,4.120923539519303,0
2.888550183007733,-5.264278517,1
5.481308014795969,2.988164659430179,1
0.8841874152563407,8.632892123589233,0
-0.510400367,-0.356588524,0
0.21394167148228815,-2.557976683,0
2.965429761328317,1.2539063143447997,0
4.237500386275281,1.1232764550411627,0
1.6334437166099356,2.1714665264420407,0
2.600740938126955,-7.791201585,0
1.9695816632329632,-6.397620366,0
1.824811976,4.811227913245711,0
2.7834608440701643,1.888897739030961,0
1.7655182878277393,-2.136900477,0
-0.062095696,-3.476031697,0
0.37908243666586094,-0.885444419,0
5.111288767187629,8.136467535289675,0
0.9516368612674446,3.294670865050808,0
1.520210794804136,-3.243968298,0
3.71378212,7.3280495910841275,0
1.9417344319896699,8.551601727905535,0
-0.079371889,-5.723697773,0
1.2760583801612988,6.284554817345818,0
-0.030718617,-1.194248714,0
0.4917348180823362,-1.710326206,0
5.519873602552391,2.6531390265610195,1
1.760690764783828,-5.146654032,1
1.2758910661978649,8.052574341,0
-0.121437752,-5.177307927,0
5.9341231020253415,2.7438753543572574,1
3.690909467006974,7.163211621125928,0
2.4979634145785266,-1.189170886,1
3.6897834620657273,-5.358604882,1
-0.929339357,-7.070852989,0
0.6232107794081871,-2.22582902,0
1.1321827948062926,-4.523400948,0
4.5152225875263765,6.161772114592978,0
2.446259064145478,-3.098627271,0
2.487159363728292,-4.337268958,0
2.2658232997715877,-9.312986019,0
5.398637507116119,8.892270309983331,1
1.434944419596799,-8.479838736,0
2.0918553204567187,9.637387149659567,0
1.3241744926471783,-3.221457977,0
2.365418919142145,9.138251818632664,0
4.557095893,4.986488720488275,1
1.6629932043245645,4.128514314781357,0
2.5474297747807992,9.203042711377329,0
1.2002004466802805,-0.731633123,0
0.3073682594235916,-2.267047964,0
-0.18275978,-9.252331327,0
1.8760661002377663,-0.843579157,0
0.8604434222166875,-4.038944218,0
0.8393081889141343,-1.769670937,0
0.5475869516309337,9.125530285125915,0
0.9288146018385381,-9.599333141,0
1.152126163634352,1.1811854912355813,0
4.021182130294616,6.265791914,0
3.7996670951387577,0.830894189,0
1.2332242710774013,3.412399221544657,0
2.8184416809755035,-4.14728634,0
1.0574277084656505,-6.128643503,0
5.376033479968082,6.135570484779084,1
0.9783559949133476,-2.341618082,0
2.6532121182416737,5.147641182444714,0
1.5165609159561202,-3.265927664,0
1.5836992406440937,-5.53507578,0
0.6878178044268914,3.4264811577039396,0
3.5021500753348054,-6.851697196,1
-0.106489174,-3.338833799,0
0.8277577836548158,-5.70239901,0
4.913862147333309,1.0865999170408536,1
6.668909621,2.562114167367408,1
2.2131220998889667,9.446645296605727,0
0.4662979421644058,-3.831936769,0
2.823780459113509,-9.261356134,1
1.202369013914705,3.4022824893506236,0
-0.460973978,5.3175280383775725,0
1.8411937555999947,5.963706411813991,0
1.4591485885992999,-0.56633687,0
1.3302956297546034,8.053482509019911,0
4.777223151274653,3.0981658635518254,1
1.4466265334626864,9.443902438472161,0
2.160535921410258,0.3499552158604864,0
0.15811321675065326,-7.643052317,0
0.8687548354074404,-5.692515575,0
1.8026755789673983,3.683699020809863,0
0.5145929732431486,-4.902761735,0
2.9750976170150545,-1.570285237,0
2.1076050951151313,-3.358159646,0
1.4901289432137221,-1.469722136,0
0.7219532759236309,3.4875076566439915,0
-0.361441446,-9.550130178,0
2.5309369096433416,-9.484102545,0
-0.458188174,-6.384554133,0
2.9272079524930263,3.8028865495677717,0
3.145125465363995,5.0916983147649475,0
3.311822867473427,4.317496606998558,0
-0.628997242,-9.97838945,0
0.9131548267113234,-7.801749112,0
0.20359132449237172,-5.568383078,0
1.4226537839954325,-5.492720971,0
2.431622973443198,-6.215907731,1
2.273803443284195,6.888727480583739,0
2.6001346642176957,-4.414324338,0
0.2520936796521882,4.8775942889303465,0
2.450146184354858,9.219008112137782,0
1.4021471998094286,-2.281758575,0
1.3078034141527746,-7.03909669,0
2.3627524471322685,-6.636110872,1
0.012939738615632246,-8.154119706,0
2.5506681483216767,-2.702663168,0
1.4819379985836403,2.011877884041432,0
1.358079636214947,9.952605026553577,0
0.3663252691201474,-1.209033819,0
-1.058887932,-9.158701356,0
2.9928663589242803,0.3043393660118774,0
7.188124234134702,3.4871935504823597,1
1.2234724794032934,7.555291092211668,0
2.3103134242016816,-2.567243978,0
1.7792488252764285,-3.705303214,0
0.9754393529599056,-4.115038633,0
3.0326499758381447,-3.003782284,1
2.2351527526037085,6.013925979795889,0
3.0851163249708815,6.975798861464632,0
3.552288492145956,1.5691989533862039,0
3.749141380306064,3.628707198203534,0
2.625680285796738,5.329224885665731,0
0.9870540557158403,-3.055047755,0
3.0945132716847454,7.084338765378217,0
-0.379410431,-7.288234761,0
0.7984463213713631,-6.923805541,0
0.3832924329740297,-3.647929024,0
2.219863190550528,9.203231121856255,0
3.7934994691715915,1.6492171773736803,0
0.9009141172566963,-1.286668275,0
-0.231809161,-0.097980899,0
2.7812327265455803,6.337747040833321,0
2.7907026391818657,-1.31526437,1
2.7069943024027125,9.125631521,0
4.912099812746471,2.8135279748410102,0
4.258935868479436,7.797301021831164,0
2.2913128734011967,2.858839163163564,0
2.5526041416607983,-3.327250552,1
0.7921085505702179,-2.047152785,0
3.4366886830801597,1.4005584576182795,0
0.6962610255784787,-5.607228369,1
3.123852910181852,2.9257687692155816,0
1.4172958889790972,-8.893511015,0
1.5261475252855652,8.011950348180921,0
4.9019621309663055,6.948137955526775,1
1.1138414260730387,-5.269486635,0
5.1015562897772995,4.335283418,1
0.26374800937164977,-1.261129243,0
2.7355937938014376,1.0760175669791607,0
-0.38978384,-3.37641126,0
4.186890808052006,7.441833373496891,1
4.415956482276933,7.203707360239132,0
0.9011164113354556,-3.004079209,0
2.0284563392975987,3.6331935585622297,0
1.6029983879197114,-8.279522553,1
1.5835103861677056,-9.60331689,0
-0.194144343,-4.712445399,0
2.8621417494311543,1.4337059821171927,0
4.417548310977021,1.7640597734539654,0
2.9974454753006166,-4.561679149,0
0.28693595829439644,-8.117436583,0
1.3800390744245543,-7.255255129,0
0.6866171014437341,-0.380437868,0
3.7886348818502342,6.099212542554511,0
1.2394219619843097,-0.435743957,0
3.6694917857153637,-0.568142788,1
2.103050292463938,-2.577388169,0
2.226833314743699,8.045883198,0
0.3441881784753116,-4.731166395,0
1.487812004,2.0207056868351287,0
0.8530308608599451,-0.207920587,0
1.9160106621498707,-3.565520157,0
0.7930487398853848,-4.979066278,0
5.366157831034366,9.227535959220994,1
2.7193809493141075,1.288153774,0
3.5568009981965365,-4.202443075,1
2.590569733671404,-6.947427408,1
1.6693943934032176,0.1507375548583152,0
1.4389182348789489,-2.453130434,0
1.5896458581306838,-8.003074755,0
2.764378331,7.0441299571044595,0
3.0852502408912663,-8.802900345,0
2.2684607853719485,2.392576314801394,0
3.2338276928663037,9.55659994,0
1.2337057139697736,-3.084931302,0
1.5466579893018286,-6.579579755,0
1.004256932668078,-3.089324889,0
2.0365076283038395,-2.310225493,0
5.023186092008226,0.646655305,1
0.626974346,-0.934627578,0
1.0700395135211216,-5.445987593,0
0.26531274900090684,2.8190068586158272,0
2.8303677468893187,-5.459070731,1
3.1828076892689863,6.102035201723673,0
1.284107638093865,2.186965580999235,0
1.647752142885342,-5.306160814,1
-1.087122011,-8.576407715,0
6.710770566027201,5.0915553400795925,1
0.2419331135233661,-6.716154795,0
1.493461888837624,0.8636719728963769,0
0.6273593414918139,-3.994258287,0
1.6711233614825813,-1.998850499,0
2.0041056898543843,-8.317439614,0
-0.15375045,-6.959479772,0
0.22847855822987906,-3.111807654,0
1.8853282495620771,5.4179508401799445,0
1.2668997997700973,2.671035004402224,0
2.212594161166159,-6.303903271,0
2.762209015959086,2.7913405682206722,0
0.2670960185228315,-0.033372392,0
1.752937210191484,-0.051379517,0
3.2964227959007264,1.5952495177560149,0
4.014412247291676,9.225375007441112,0
2.0340291463599947,-0.117741401,0
4.591281959657731,-4.798508836,1
1.5295587609725971,-8.338588732,0
0.2110413425085712,-3.415119809,0
1.902525048733109,2.7778471419080475,0
1.5632547691084344,-3.342970451,0
0.016831384,-1.4371841,0
3.2772976973422514,-0.886084301,1
4.016892996315084,-6.109705772,1
2.9094175129329853,9.207996706388627,0
1.5263389491803552,2.223917411,0
5.534756956785903,8.923635477801447,1
2.504836697768828,8.089486339549737,0
0.21818608679543183,-9.163763071,0
-1.403084815,-1.533380472,0
3.655250858306043,3.3631331555753423,0
2.930620305535146,-1.416896312,1
5.573794024,6.031968354373511,1
5.832625063410123,8.521160079190036,1
1.8275665144580424,8.568773429009994,0
3.441707196697661,-4.114617241,1
6.098826825668072,2.9893638032856344,1
1.8005810705782581,-9.115871792,0
4.052748540198184,1.9617386277561337,1
1.9721552015941595,-9.882282305,0
3.200100114693536,-9.392586422,1
2.887150602907842,6.112886825,0
-1.005476971,-7.488792582,0
1.1324454491171332,-1.06245763,0
-0.239300373,-8.128591658,0
5.056038402731733,-8.252204934,1
2.2260138006336145,3.9528014533010456,0
1.0165408234575912,-6.307117444,0
1.0916532256787816,-0.952529514,0
5.5967483312850765,2.352662044698004,1
2.372015191139651,-3.874328037,1
2.9228470295868565,-2.804160929,0
4.249964440373133,8.179263477068318,1
1.9928708114855422,2.879309135529841,0
2.857450456188646,8.972862056904667,0
3.4053270158957867,1.2382611582507348,0
0.564876852,-1.479059649,0
2.940935018202955,6.682940212917458,0
3.3539101015001105,6.3344856559910525,0
1.2947870950922213,-7.41057758,0
3.0773613869989913,5.443684342,0
3.3835122505021884,1.6459192789623494,0
0.25704523576626304,-4.374632531,0
3.767207351595892,5.441757483,0
2.2589527621502197,7.6936725157172745,0
-0.000317409,-6.268445702,0
0.2366644666360963,-6.492162532,0
1.5134290210611638,-2.785362856,0
3.0563796606852565,3.262099806423695,0
-0.151961414,-6.597933503,0
3.9017181312194373,3.760825064291822,1
1.4716752176936883,-8.62403837,0
5.606384332473169,9.625566462120503,1
4.143748896305304,7.992053131,1
1.479439283865276,9.923838243600546,0
2.455825088308256,6.876677902156963,0
1.5313364578364959,-3.787784225,0
1.544941930676503,9.259406549102664,0
-0.066492617,-9.393720006,0
-1.065176225,-8.752047765,0
4.416540849098194,5.902427514,1
-0.054439566,9.457835348000472,0
0.6926523283083428,-2.121113711,0
3.1110615370940424,2.889765819224838,0
1.99783631,4.769766421363325,0
0.7518659778064605,-1.962278109,0
2.6351873567626503,8.678553418313822,0
2.9970112941427733,9.287676819466522,0
3.1360500003535696,5.764321133750192,0
2.2077160023884663,-2.454273677,0
1.3527103047942632,0.02132529,0
4.715851381845033,3.1775299728386237,1
8.108162960397426,7.559643592786621,1
1.9851065747730416,1.006756456993699,0
1.7843652494422062,1.1545945311895274,0
3.135204081849139,7.943114268897148,0
2.007206127893874,0.45441560406801074,0
2.0723349113882854,-9.300211477,0
6.9078265531901515,9.104943658070354,1
1.0488016957565596,-8.478166083,0
3.1746043471613055,8.163455819542918,0
2.9546543290684255,5.191904307022739,0
4.361744410085159,0.5667294237810143,0
1.6915731993829353,-9.629802621,0
0.7017153897236993,-8.018384692,0
0.7006256826546013,-9.364288521,0
-1.216010321,-0.768508591,0
1.8326740583365964,-2.192127513,1
2.7897391216703387,3.4188425264757356,0
3.0375934102758393,0.7268122634158409,0
1.7217713122257932,6.501577013760439,0
0.9568928939962231,-3.690728008,0
0.5211048604690897,-2.28346984,0
5.339472376394792,0.555878784,1
0.6791005210522114,-3.745291177,0
2.952604782437181,0.496989168,0
1.2934423925420109,9.038445278386888,0
2.053799064843369,5.830367843549274,0
-0.387213851,0.5286137453844049,0
-0.152805601,-9.327847449,0
2.2965213297719957,5.263104963,0
2.8188810122945536,4.940266653093204,0
3.5160236222674492,-2.717778813,0
5.563097511551071,1.3869606803766938,1
1.912010856174326,-6.231734854,0
1.0148341437561066,2.7845105913253114,0
1.3302226204926144,6.447621398,0
-1.048582239,-4.944476638,0
-0.681504305,-4.986980392,0
1.8109120782424375,0.8578842386545045,0
2.000102735,0.8639091115714095,0
3.449651706294854,-4.793088097,0
0.48799213451693757,-6.497231688,0
1.6248888688935819,-2.503847827,0
1.4523698185868348,-8.134007044,0
4.195988045369024,-4.536919562,1
2.445712604582959,-7.149779002,0
2.3138236775097676,0.7277772953431345,0
3.1273562379543156,-4.575311315,1
3.8480137645109744,6.1001905738013775,1
6.841282912465453,7.644048284871964,1
0.17178476914354535,-3.65640794,0
1.6629358050169094,2.3769643189803435,0
2.468346027,0.6589792135603023,0
1.7509949311954192,-6.296609593,0
2.5347807570417014,8.843139658,0
2.0716094178823283,3.072125787393958,0
0.16142803308193687,-8.641034541,0
0.09453693,-3.535169226,0
1.6817684169841804,-7.393510862,0
3.4488810193936645,2.2986752932073156,0
0.29588431540044025,-3.292505289,0
1.774996804457403,8.253153758,0
4.199646445640278,9.370561254954278,0
1.7435042864711394,8.076977579546359,0
2.2902038354788887,-9.115804155,0
1.1855489721772634,-8.214279396,0
2.872504209466989,-0.438574034,0
0.9707788117506593,0.051605666,0
-0.928654519,-7.874466268,0
2.0697168218150996,7.722435891,0
-0.897207821,-4.405057285,0
2.7470905023282977,0.9411783672600755,0
2.2625697484444522,9.484834856219866,0
0.2260364570062373,-9.606530752,0
1.3140326617314129,-1.384300207,0
1.970104483306665,0.3878660262136595,0
-0.466446424,-6.840191911,0
2.1364098055194543,-8.056414751,0
2.279535325952634,1.5417432747495674,0
6.857655672,2.7556975371112493,1
2.9007719319777654,1.8041537686488986,0
7.995793583198616,7.404872459810058,1
4.735281890315147,6.731280780338359,1
3.4729054788862777,9.868043018799025,0
1.2915687968951712,6.067824681120925,0
2.9038940094173897,1.8517165772842752,0
5.970489576071499,3.927501071935449,1
1.377362259249928,-4.548466036,0
4.0469783029964255,6.517383198658603,0
0.058180838,-4.581021383,0
-0.129677849,-1.475882515,0
4.8252308871400755,5.759868102315011,1
1.3815042185718849,-0.783097021,0
1.8228311932049022,-8.12606443,0
2.686019866273775,0.9091640616272691,0
1.9037543189236945,1.261832825820278,0
-0.097986749,-0.927180712,0
4.362286254713051,4.876128133,0
0.4827964021013583,-7.464027746,0
1.5898159255520687,2.493017868526774,0
3.574501843203395,1.5767798678466605,1
4.268465766004491,9.918471762073576,1
2.705154799673958,0.084765473,0
2.976720223804267,5.849244477258825,0
-0.63527306,-6.685021323,0
0.6176538643233322,-1.523534574,0
1.736872881840235,-6.041289074,0
0.4233467907041877,-6.912648172,0
2.9081059881526214,-5.945597458,1
2.265042620985762,-6.345948108,1
3.361848382983583,5.874240364301171,0
3.9436972800595234,9.689287532,0
1.270911947434596,-3.288558868,0
0.1546665595752763,-7.679724915,0
2.713794041334491,-3.89808862,1
1.4869076451537024,-8.420764115,0
2.299488460067273,6.735918391807296,0
1.638411698327686,9.255554472089973,0
2.5804347884188292,2.4027637628823264,0
2.325188764576377,1.8243649823283352,0
4.996611022562944,7.3252721510885195,1
1.320382675579942,6.499503303315269,0
2.3943454547773353,-8.018619578,0
3.295789510634701,-1.188574396,0
4.074632256627404,7.381803610826015,0
1.9292829841742747,-2.566973538,0
-0.393906446,-1.381896395,0
3.9454732398342514,-4.042040291,1
3.071379806271333,-5.955710042,1
4.396005192665547,9.853776478419174,0
1.378332396464951,-6.241400614,0
1.284270211028595,-0.112879361,1
0.8214460928257761,-7.701434275,0
1.218634295441094,-0.242314225,0
1.389121419021519,1.8557891079203515,0
0.5267655668205069,-5.159478832,0
3.3734648302338113,-2.992083715,0
3.1464160293403864,1.5375527983811708,0
0.4538067731924593,-6.879704035,0
0.2878664161954573,-0.648299058,0
2.2728047498504296,-4.612565127,0
2.0246836237951755,-3.321611904,0
0.4314011459193825,-7.190244125,0
1.1158569918067704,-1.638833605,0
-0.417444234,-9.493126859,0
5.262626912,4.481188614598018,1
0.8933229628373358,6.754742654369021,0
0.37021378657836346,-6.633095518,0
3.1864829070122522,-6.541050872,1
3.9324561805823963,6.667177269536069,0
3.006720108678669,6.985730778,0
0.9238706771452168,6.350415446300449,0
3.4979970522220607,4.067473273276931,0
2.8637125002901893,7.063406132152494,0
6.966409760527388,1.4328910576235803,1
2.033638309986922,7.885315657532111,0
2.0987045197507883,1.3153649959380846,0
0.6765949501457065,1.943447514732874,0
1.4966351284315829,5.514697887568099,0
0.8590106159300348,-0.429076599,0
-1.621557252,-2.007006881,0
1.9167753280123805,8.248487444256536,0
0.5552238413518472,-3.014510602,0
-0.023312551,-5.388628293,0
2.0541588074977173,-6.55189658,0
-1.34652343,-6.95166474,0
0.7828916160845785,-6.630835198,0
0.020735249,-9.841411439,0
1.9184295931737458,4.985503829899551,0
6.840099739720734,3.513091399428676,1
3.7158199993125307,4.073744585221986,0
3.211824299035265,9.996085402,0
1.5655225996097837,5.526727069885801,0
3.189046601080349,0.841537773,0
0.11937819157942775,-5.608737586,0
-1.30610004,-6.573056073,0
0.46591504793117033,-6.780385232,0
1.9089734337544053,-0.262650246,1
1.1786371128359305,-8.756645255,0
3.244695140874893,-1.87314899,1
2.000174374483515,-9.459454977,0
6.465071101151402,3.7704472649436838,1
1.832973655315219,-9.173908745,0
2.883094167934522,-1.803524987,1
2.603645412286158,6.078187706937349,0
3.8018804391047536,0.847659865,0
6.099083333343201,9.781829997000045,1
7.138535863769805,7.871048326213742,1
2.866036113882191,1.264436548148284,0
2.580468687896465,6.153005008,0
0.8601624679907001,1.4460660275079658,0
1.8907292346219025,7.824851080646383,0
1.2596185589204207,-6.144016632,0
1.9183093693820397,-9.78845583,0
1.4652197649198215,1.7214393451561545,0
2.258097618953588,-0.872547668,0
4.226853602888184,3.688079400316349,0
2.2958897860554686,5.449338111563776,0
-0.028814245,-1.358652655,0
0.6205292779189184,4.615934085380079,0
3.0957754913455355,-5.829633799,1
2.928299979446086,-2.525009346,0
2.3042560444513427,3.202405765412129,0
1.338137789983058,4.187652735146157,0
3.289009191652312,1.9227850706131289,0
4.015588044376769,-9.696105029,1
3.5289282795791843,2.3820705225697836,0
6.4905685702382865,6.310669430370069,1
2.846727152041136,3.7370047373207367,0
2.5731977246034963,4.504575229270365,0
5.215564149981974,9.527055661602013,1
1.5792969805304877,6.519059901789955,0
2.1784204801170506,-0.673428097,1
3.6501027931362167,3.895760148818411,0
1.3448407393615438,-5.965251518,0
5.128995518164458,5.480594349,1
6.512771918,0.086155052,1
2.9278290828052804,8.171269302638862,0
1.703910178961843,-3.575348943,1
2.5500606799683267,-6.103314994,1
2.7370282121543807,8.747514445777437,0
0.6120617663668732,-9.28666708,0
3.883566643133364,-6.734840299,1
3.0180924022485307,0.37144355305397525,0
0.24504310833851528,-4.335230029,0
5.350394599247867,2.6031179673268205,1
3.484328000739598,4.229314574244089,1
2.771027979107714,9.140171153676867,0
1.393072898300583,6.410840312241522,0
-0.651127618,-0.62327637,0
0.2671412803113472,-1.732087503,0
0.6481319215823356,-7.443767666,0
1.1694861604805002,-0.148751175,0
3.0195476721085477,8.088653452,0
2.9376997113978964,4.269996367453469,0
1.0164680672896071,-8.090569955,0
2.344493078249048,-9.791934351,0
2.0068335995548843,-4.293015926,0
1.2862647248011312,2.662138169216181,0
2.6331098085986007,5.356378680098031,0
1.4131820785969558,-0.508062315,0
2.018673631724253,3.480974429183494,0
1.319584375618206,-4.401794808,0
1.1490382253516518,0.35739404503034145,0
5.085176922722578,0.7093824895024134,1
2.7419960972032076,1.614068693212932,0
1.5997094713240996,-0.066952892,0
1.5990606410960055,4.834179321614018,0
1.8570370229684823,1.6651267292664524,0
1.2590997445417509,2.7361191598784096,0
4.7459006972551325,1.6837267300783125,1
2.1571486574750955,-2.121549965,1
1.617924544166656,0.5218152407893406,0
6.05063231,1.5980009399309747,1
-0.216638848,7.427434059752731,0
3.9392045839339382,8.181863855,1
1.877315456460372,-1.743195592,0
4.372176024087676,0.6388548055620511,0
2.8822624109314283,-5.684351431,0
5.755288653699259,1.9698966002832634,1
1.3383612342040716,-5.233014303,0
1.206071976940686,-9.708731344,0
0.9732608761571401,-6.198138724,0
1.4156077721460634,-7.464054733,0
1.6749842596984603,-4.965607394,1
2.988710824192369,9.249559334829012,0
7.758712270695222,1.7556290488033017,1
2.8269093901457922,-2.098364539,0
0.10524513267336932,-5.075523824,0
3.072781300640682,1.2245977548250515,0
0.8246842231389105,-2.893737687,0
2.224020156316397,-5.03732693,0
2.1789772812900634,3.7313113550919823,0
5.786268697031065,2.9871928832513746,1
2.111959241345369,3.7599320792984248,0
0.9382120376543156,-9.337003725,0
0.344602415,7.477442413477739,0
2.2323470107089616,8.338794518032671,0
4.337205886504714,8.158138234066023,0
3.953471261653525,-2.713922551,1
1.786001723444277,5.639257242426808,0
1.6069856257031367,0.27997622505607467,0
2.804957354563365,0.15813636605775727,0
2.7821044418800813,5.843323829337736,0
-0.078352568,-7.793785147,0
0.049469557,3.2961237898656908,0
2.0399855438836174,3.4380506170881304,0
1.9723344557261906,-7.389799796,0
5.462214840674181,4.592819425475829,1
2.210145698469777,-0.253497173,1
4.998155318002264,-2.286240513,1
3.958713992,8.124413965032694,0
0.7537253975923343,-0.572890794,0
0.060655997092015634,-0.010090089,0
2.485102923291401,3.5069213762937217,0
2.562503965778183,-8.33531596,1
3.386203742169136,4.40971919,0
2.096775261205179,6.628375708775536,0
0.4565531108378009,-6.484444473,0
1.4851203173090113,-9.839051033,0
3.3205275591022803,3.9964340202732274,0
2.9496667285635834,1.6389809334707284,0
1.5251314374388287,-8.451740619,0
0.19403285525713532,-4.130803852,0
5.328437488096015,2.898872852870282,1
3.0272606297807396,1.8407271651894916,0
2.322136302307051,6.781071749251758,0
5.422896487046689,3.1047267367525766,1
2.1578101138441506,1.5332098465549198,0
0.055690781,-4.831085844,0
0.5836143537589533,-9.214944929,0
3.0126942366904927,8.264568833171076,0
3.149639950226682,1.7643276414648579,0
5.062780572888399,8.284165297708405,1
3.7647818070131676,-3.346362498,1
4.666925965757673,-3.151192924,0
4.158977343386047,2.8878520307710858,0
-1.418604151,-1.449044505,0
5.399811051361297,6.456152513,1
1.3682525054519314,5.5895896683250275,0
2.1206121864919756,6.499268766895739,0
2.034792116253909,1.3232741208974108,0
3.7251772068174906,9.514447417243439,0
0.921016113,-2.440623843,0
2.798757993083053,3.7440796543012294,0
1.9912164804009849,0.3993159699340243,0
3.9260433177777747,7.308004106,0
0.3684062344278334,-2.158789351,0
0.6838734337458632,-4.680335023,0
1.8607842358265652,-1.958410871,1
2.658057645257786,3.9807710032037207,0
1.8868302291846852,-8.335327098,0
2.3000663225608626,2.3961501831393157,0
3.1372114196837155,6.506755611968945,0
3.941995895354561,7.511948609,0
1.8999195406478595,4.804525142109759,0
0.14185827388569505,-2.8083605,0
1.5868203039264264,-2.94290609,0
0.053615507,-7.998064559,0
6.303673325314724,8.073853629930912,1
0.7575095362408673,-1.328125122,0
3.0698004847249285,7.064043977712416,0
0.8514652031763914,4.83636478,0
2.403304011313675,6.593987088949145,0
1.1236612666678265,7.058245214,0
-0.218998624,-0.702169345,0
2.6860558273222086,-6.382225314,0
-0.218276107,-6.203713491,0
3.7714870379725474,-6.484880486,1
3.4332996715668425,-6.637803152,1
0.9525919094106723,-8.011616259,0
1.4497358763696393,2.2278082917304722,0
0.5539098098281353,-7.115178196,0
4.0355910620146105,4.336268659769489,1
2.8622183004467714,4.9704408830716105,0
3.5051523727891984,1.8226143338099554,0
1.345221091361331,-3.997996889,0
3.5555689159203547,4.734526471134668,0
2.3357628231021876,-0.475839063,1
-0.234895187,-3.475144496,0
-0.254116322,2.340292548634558,0
0.43173273049162864,-8.587744632,0
2.438516970326188,5.762273384,0
1.5737169924942926,7.234895214275937,0
0.3902544663093387,-9.751269135,0
1.7195490585502324,6.580725657493435,0
4.458371568,-6.365424718,1
3.011426807189488,-3.713283939,1
3.7333810340361078,7.953423882974789,0
3.9182663145734202,4.4445683126828825,0
2.3371434771820763,-0.470214554,1
5.756364495814979,6.510848491363049,1
3.074441151743379,4.863791887954324,0
2.468802871435761,5.683370319985311,0
0.7404706326006915,-0.438868122,0
4.428906629,8.297349954752697,0
3.5837743069848305,4.252221704515666,0
0.5577285993242334,-5.749286445,0
2.6933020024469596,3.513463961458008,0
1.4359945398655891,-5.481936672,0
3.957250192,8.882939306482207,0
-0.345853136,-0.541697799,0
-1.776280118,-2.700651004,0
1.2036872703180805,8.243513080773933,0
1.1044135660288963,-3.845210749,0
3.244600690120806,6.347258244376409,0
-0.076373735,-6.905295705,0
3.0185482102380394,2.7902066195544535,0
1.7941971905075307,-1.615273796,0
1.2049625006856857,-9.96706733,0
1.7981487794734212,-6.974164622,0
-0.66298108,-1.030390338,0
0.23151882549986935,-0.091358413,0
-0.299844993,-0.931068223,0
0.6745530300604134,-9.592814759,0
3.4773215612985204,5.055729677582972,0
2.4297453184186137,3.4611365134307874,0
3.2115636950506397,6.0152564848211085,0
0.8254038856818281,-5.386927268,0
0.6016735061843544,-3.025310172,0
3.213598327366478,-7.036332012,1
4.012540333828332,5.922709174736589,0
1.058740264070812,-0.837453932,0
-0.203513666,-1.399813394,0
2.455967254006213,6.189226150660261,0
1.788889771879089,9.121043070243726,0
1.5771294804829534,6.549389188137983,0
4.860671039454886,4.543505359541056,1
0.7254620018523277,-8.614651605,0
3.9686714519064976,9.226461970114496,0
-0.226851809,-8.068511095,0
-0.39589812,-4.58013233,0
3.683643656834117,2.5706805127175727,0
1.2544846661573776,-4.924309971,0
0.9905404605674111,-1.591989533,0
2.726110443130634,7.314193481303288,0
2.5798330065184083,-3.698639784,1
1.607811678131235,-0.335700566,0
0.6002747113059628,-5.920552057,0
5.374353531790819,2.1566360516661227,1
3.9407915455602067,4.208861249164475,1
-0.169208058,-7.659479221,0
2.5831684814397535,3.2373640440809925,0
1.206896720666294,-6.724407968,0
5.126556897665212,6.318559725910337,1
1.3436448730794612,3.380938951,0
-0.797174647,-4.736120917,0
2.3395402842004427,2.657708909030749,0
-0.760938962,-9.11591239,0
6.983195370676338,6.523337004451253,1
1.6066714817498764,8.173288896,0
2.882937700190549,3.387203645929972,0
1.5967500410185065,-9.90223466,0
4.662517769004833,4.741040104,1
2.4805292787704287,4.292977661,0
2.3109661754683595,7.217015218229125,0
2.122192261307895,5.050430461197379,0
3.3821829515511173,2.0142806350538383,0
2.285217118767147,0.49562216537996484,0
2.5112429610503844,-6.582439331,1
2.933196583528352,6.144881980997248,0
1.223090041049434,1.4249693087123063,0
1.0975385677938687,-1.947730135,0
1.6062476989913068,6.895286409875727,0
2.2964002630920337,8.077403712430986,0
2.765929439335891,1.3703222727227633,0
2.7702667161641545,-7.237271442,0
0.14291038667717482,6.467567565,0
6.155054962762289,3.330719162762218,1
3.0349838756738423,0.585652835,0
2.430319942664619,8.367677998092713,0
0.8975468293259873,-0.164314888,0
2.369969551427222,9.591425653134827,0
4.808181883,-7.459548633,1
3.525391192587337,1.8818516001155654,0
2.2518353824936987,-9.507647972,0
3.6591486092526817,-8.516793204,0
3.9914565247603666,3.4439427172851005,0
1.2369994486882783,-9.605745703,0
3.858834047778214,6.630079184547174,0
2.0364984934658317,6.1601819319525575,0
6.2837920188071035,5.338202312,1
3.470712576666899,0.6887724205633212,0
2.7373475375276004,2.3955765769703774,0
0.5063548011547458,5.866841227044567,0
1.1719725321877905,-8.094996442,0
1.9645608238708228,-0.601073061,1
0.8989241004614789,-9.130215217,0
3.064729551083383,8.433367507861838,0
0.2468560635280188,-6.32479397,0
0.019980542,-4.675368128,0
3.5766104333914743,7.978700416769804,0
6.864208870654332,8.246768646999996,1
1.7533336586349813,2.1691854349407365,0
2.1988834758084232,-3.240124761,0
2.8183561829948394,8.621396060839793,0
2.660872728090227,1.5559718747074118,0
0.9344518179621242,-2.18073171,0
0.16311041333584797,-1.433657742,0
0.646297302,-4.496771951,0
0.20290056258989264,-4.12474753,0
2.4806385584778354,8.253260054643935,0
-0.133978677,-2.649980087,0
1.4394650116430903,-2.003892984,0
0.6891441841176222,6.618408372865435,0
4.478127417374535,9.091162388439166,1
0.44846109161609315,-2.658965527,0
0.625882231,-5.561478951,0
0.48727395837496834,-2.576880639,0
1.3656636574736152,-0.915222003,0
0.9776677047387259,-1.735823216,0
4.099671967392519,1.393505948590386,0
3.440970348546651,8.726484708423897,0
2.723625338,0.40787969489578657,0
5.969629495834364,8.107313755,1
1.9371063337153038,-7.283050734,0
1.8225811339070916,-0.147801555,0
2.9734150930480636,0.1965588131596263,0
-0.431775182,-6.399180576,0
-0.213741227,-6.030669433,0
4.3840209287874154,8.558314548176323,0
-1.367053791,-9.55435185,0
1.4517986576215807,1.0242578567786076,0
1.7050174110545473,-6.712980439,1
2.3277310299180773,-4.477220861,0
3.554053130551219,9.757502096611038,0
-0.093243456,-6.698630741,0
0.4376134261858895,2.3603883425079513,0
0.1651716942012943,-1.276068717,0
-0.691642779,-6.187656073,0
2.6950187428957624,5.480274502641727,0
0.8682701912492066,0.9623014308631923,0
2.9895981912625524,7.899112352042952,0
-1.046731952,-5.930519544,0
3.9775363215484134,2.116904822120249,0
2.3106463301383693,-2.665753039,0
1.9094745124833794,-7.071086019,1
1.6514759044649767,-6.680322235,0
1.7098057383899552,0.05664003,0
0.11838215845119116,-7.992603614,0
0.47112744415117724,-8.96590737,0
3.5017168921341617,-7.621789851,0
4.2502268545416575,1.0907181233729073,0
3.3470127120645286,1.8514620632306844,0
3.9589548911586796,9.180190035469707,0
1.8987963434562034,-5.98861163,0
0.44225873616868727,-6.374864126,0
4.753735391905186,-0.354471695,1
1.7450035886194262,-7.712284038,0
2.1922866319948238,7.0274659646048185,0
3.039340859,8.450670543207767,0
6.057247655405333,9.177255157664636,1
3.178987991480494,5.824369181250766,0
0.4543623211358233,-8.357229029,0
0.7986289702915197,-7.172232011,0
3.634385516008103,6.5003236461296225,0
0.1309407327472938,4.658054040237239,0
1.8789786016430061,-1.48615732,1
3.5732332081459717,3.467898145681552,0
2.6186909250526997,7.443753054212788,0
3.6978311252941642,-2.048269796,1
2.316265632381674,3.0941982583832246,0
6.598116067889156,3.6073239829529307,1
0.19621116554802065,-6.099706952,0
5.634076094584346,3.2167071512026073,0
1.539393405504549,-1.662077743,0
2.6649941404894433,-5.370515355,0
2.118186837348146,-3.880540873,0
3.6611747423813257,3.764740653431751,0
5.217521857042892,6.724073707506118,1
1.2856542542446352,-6.359676722,0
4.184378283,6.262902006407419,0
2.503063449608499,1.9755638864143936,0
4.642609741345888,9.810631686,0
2.680835845441663,3.861734192060391,0
3.7055850505592547,8.296560606232536,0
3.0439707721488416,-8.769268395,0
2.4452594666400613,7.554081737374883,0
0.8122661038066225,-6.172064465,0
5.236947513161242,3.501980114703901,1
0.036887385,-8.690831105,0
1.1113810741506724,-1.211389494,0
2.9031542572383735,-8.206251246,0
6.743525295303523,7.669355571319361,1
3.771631450685467,9.231159412,0
3.0091636148048475,-5.14222801,1
0.8276346969756394,-7.292825665,0
1.9560963159766023,4.337997631088804,0
6.220450600209307,6.041514518455585,1
4.757626672267763,-2.221324962,1
1.3877653557327796,-9.014781102,0
3.703645354946265,1.4865234837658505,0
1.1965955385305709,-5.512405696,0
1.8419514156448642,7.190765142830376,0
6.269690330816482,4.527711801066186,1
1.6999018290550016,-4.46747145,0
2.8957078464712764,7.220550035057947,0
0.9636569483590698,7.774398468587542,0
-1.674028269,-5.352602716,0
3.271022512832383,4.108047392864231,0
0.4312519954776479,-4.100717186,0
3.8441702397717163,-0.362916134,0
2.671599410266049,0.3904546462011993,0
3.1231932965775657,6.9874290348911146,0
0.24844553230154942,-7.247441677,0
3.0150522620070506,3.5138859300495895,1
0.8604714476056519,9.424613453395391,0
4.892874367188638,0.079808586,1
0.9790659524157788,9.268286343372974,0
-0.104180731,-7.968340486,0
2.1478165689576496,7.705376904,0
4.204975028103799,-6.935470843,1
2.1559982735410363,-0.357899133,0
2.9033154115103073,-0.68493518,1
2.1619471096773393,8.044799895819047,0
0.650495032,-5.925135467,0
0.8466344655069418,-6.721378339,0
-0.22794215,-1.296524514,0
0.27208150731357583,-5.110907209,0
0.30639369818307405,-9.504805454,0
2.5949710408375513,5.563536656655723,0
1.57125562,7.309841167553177,0
2.752544535675094,8.675183975913686,0
2.394900079,8.355642216030432,0
0.255262282,-6.936437544,0
3.8035852256337925,5.126390604948096,0
3.038189619897792,8.587870761,0
0.7507457362617435,-2.537920826,0
4.440717135734809,7.342253432988134,0
-2.051310057,-5.489163917,0
1.223646228652352,-8.382994877,0
2.6596966871931693,6.687311475971693,0
2.2192093657601153,5.782546640979483,0
3.068730023603771,3.1920046391328345,0
-0.230543862,-8.590259977,0
0.14891372937579106,-0.232901443,0
1.3562665696106875,-3.825744895,0
1.962347667216851,7.747230625789243,0
2.607528573592607,-4.456028502,1
1.5600191640263281,-3.174275342,0
2.1142163104153546,-9.943714724,0
2.2317268797644694,-7.40167072,0
2.717171718,6.164440312323109,0
2.3671087087428133,0.2767869031290715,0
3.270907961418842,2.394361507733656,0
0.45957632169585105,-1.510805838,0
2.3357706018006565,-4.671961019,1
2.642048693,2.277226770031966,0
1.4200497961951992,-1.185474408,1
1.8140798028050975,5.617420263838808,0
5.009210193769147,6.811584557008047,1
1.608401063098437,0.8548575752038943,0
1.945402820238058,9.096073857451255,0
1.4565078206035107,-0.464986175,0
2.570645493190285,0.42560621322884806,0
-0.720402874,-6.07739679,0
1.5900489134909654,1.191728454908251,0
0.8584921833630316,-1.270061271,0
2.9472752737042596,1.3006702491637583,0
1.6429177236365162,-7.586860846,0
1.359833016630235,-7.748648506,0
1.1909315408855328,-3.869954022,0
1.5411140269690708,-0.610320105,0
3.344575934405774,-8.319372816,1
3.4146005059330333,1.3173415593282005,0
1.4258719361763685,-1.049677409,0
4.843440122673148,4.0868456814761185,1
-0.948377797,-9.640862778,0
2.816360831,8.393415341327572,0
0.035487248,-9.692941722,0
2.9266822000035817,-7.190251528,1
2.2042666944251703,-1.179588043,0
1.0547655927538169,7.023135956820624,0
3.8942849507929287,6.077502706163315,1
2.783393641791442,2.070178453942189,0
3.341028616076583,-5.917432723,1
5.985317335615478,3.355817599915625,1
3.0504114686927477,1.646622456801543,0
3.1507767331100736,-2.07652286,1
3.0534693379351383,3.579366087508024,0
1.316294629844446,7.613395911,0
2.3544917637878755,9.331129600689398,0
2.849185060403313,-3.252207326,1
-1.066332794,-3.514187273,0
3.629641382660309,8.119354399,0
2.5654548841081652,-3.952191621,1
0.49823145670758673,-9.144593843,0
1.7592919890504257,5.733145151529289,0
2.9006669495193234,9.479886323890042,0
0.47522729063748104,-9.50200147,0
4.632729222366114,1.0174751024824342,1
1.3196493311323396,7.192689747639566,0
2.7792666259891825,8.971264020024162,0
1.644414915,-6.529734075,1
0.9037176158753774,-1.603647825,0
1.3969138756135673,-2.662969734,0
2.4967380988632293,-3.948694536,1
-1.506597354,-2.084935358,0
4.027424157,-1.273517482,0
0.8681893834097991,4.954526539290821,0
5.111349957771919,6.653249723903947,1
1.3591823429422498,-5.667605369,0
1.064695048240636,-5.818376275,0
3.9215562910977857,1.5209986983562445,0
4.556844562835075,4.505076404822466,0
3.0921051552432735,3.2266469761912564,0
1.6203350349401215,-3.781236982,0
0.8840032680085471,-0.31675663,0
1.5887589243878817,-6.549356456,0
1.1903726737571696,0.9520942392945386,0
2.118361843531682,6.054801597066209,0
1.7954887872938214,2.843283945484874,0
1.015098581514683,-6.653010288,0
1.680029768174112,-1.874760376,0
0.33460691934461284,-7.472299464,0
0.7612630759925936,6.8129008374688524,0
4.1743680778173085,4.756870160647161,0
0.6407333716395055,-5.990838927,0
3.1573471884970092,-4.939569817,1
2.9111993415089943,-4.471082877,0
2.8145043383800283,-7.423430191,0
1.5126862257308984,7.401279102,0
-0.268105577,-4.531376193,0
0.6295220796625252,-0.366048205,0
2.778184802603495,8.014232231,0
0.7685689389836865,-9.388976352,0
2.7917261792764503,-7.204809347,1
2.194524808418097,0.5866782542724351,0
2.726403080670523,-5.655030519,0
1.4812578585105254,8.616672503,0
2.907282320897032,1.2980538502227468,0
3.5675919710267605,-9.207365269,1
1.2056949087752282,-2.246112481,0
1.192532399625383,-7.442485504,1
1.7630106839779995,6.141932303826994,0
2.853828772900423,-1.671626685,0
3.287150802605065,8.985930195635493,0
1.7798187224716284,-0.714788207,0
4.567986694648883,7.518467551573792,0
0.6296475447965282,8.243728331487215,0
3.037583272386827,-5.992001018,1
4.431005571220626,0.6544487341253085,1
2.156350263116771,8.162032119638269,0
1.741386913223357,-3.454581197,0
6.464977785684882,4.952892892591958,1
0.6138436433924014,-4.752159378,0
2.506144009470567,7.429339226418183,0
0.3581950409789665,-4.111498324,0
1.5225351798835085,-1.900120525,0
3.0205230982501075,0.2601577809096973,0
2.450687812044961,5.399670226986329,0
-0.098962164,-8.309232594,0
2.987085078425912,3.7279640343007863,0
2.2945829365747583,-5.126256317,0
1.473622687328417,-9.188968198,0
1.2752780798535968,-0.437448242,0
1.300886148990852,0.7015910744436464,0
0.8615630166750905,-2.15582129,0
2.0889840937059776,-4.654905879,0
5.264051448666995,1.0881126855490013,1
0.30611460781189503,-9.297878527,0
1.9742878422732697,9.430739164948207,0
0.8302390131528771,-8.84604695,0
0.33966663449775303,-2.267848265,0
0.8228052588485464,-4.301372176,0
0.017451227,-4.689832122,0
1.9967015493401128,-2.074195106,0
-0.142065153,-5.080572518,0
2.4473281062379693,8.570147815678808,0
4.0096671396569565,0.4942035152801658,0
1.9335314657826335,6.637278183503824,0
1.8485312803221197,6.552189051748126,0
1.4089029750929158,8.958312306454044,0
0.084462012,-2.206397008,0
1.9500068900508376,8.321312844644766,0
3.9399034041168504,7.880008185743538,0
4.724302032188813,2.0438116417624475,0
3.314878881149131,7.850717155126937,1
2.2013355770654015,7.533450041,0
1.3214678116768046,-2.625407978,0
2.709026667,4.919030214707016,0
0.6744225324749209,-1.901348173,0
5.563851305662344,2.124072675690803,1
4.344865298979163,6.798219718505958,1
0.055041688,-9.122844037,0
0.9309683740898411,-6.556866349,0
1.7917252005388207,8.811742679763135,0
0.40930443865054056,-2.96879558,0
4.566070947856614,9.391248357664772,0
3.444996009,6.401925359,0
1.3106987408991067,-7.473586973,0
0.9084271036561706,6.034250222292638,0
3.2149112522828425,0.24652476295288395,0
2.883694963982439,8.556194546342986,0
1.8258759687709587,-4.901888706,0
0.08630737,-6.41078128,0
4.328833240152367,0.7035527771780554,1
1.7307973618131969,3.978791424802262,0
3.8954409297140975,0.8315085761169456,1
4.585300729703224,2.6612368174831698,1
3.3405501665426782,5.363350295632571,0
0.8292783152197097,-5.169377708,0
1.5556904815791788,-8.471139682,0
6.185360521749258,8.297851696082489,1
0.40701131394901724,1.1299986215025228,0
0.5192929249718722,-2.082092791,0
2.9231646635194237,-6.424217401,1
2.4721248190991596,5.938404299042741,0
7.043141038658719,4.733740844,1
1.5836449422810437,4.1445792525286045,0
2.8165165378195915,7.019227474945964,0
3.231063850148351,1.924717198057845,0
1.0842695281204502,-1.893917,1
1.8692389091830262,-3.054292015,0
0.2938021818588292,-4.167029258,0
4.1679898011367715,3.3067779000361845,0
2.2375926061506144,-9.130310856,0
2.1364643710965727,4.375725249465734,0
5.6107950652202705,2.2584897683609064,1
1.982607894661371,9.476732891695399,0
2.7236868984723386,6.040938580040407,0
0.9815047476399957,-3.06858331,0
3.7299295466594296,-1.129092961,1
4.247533119955586,1.9766387468481543,0
1.1074331647549163,-0.583338319,0
4.095415422917339,-6.702829255,1
0.5185487749691027,-6.161618402,0
1.9421432413204975,5.086717641874927,0
4.447046676870303,-0.708698243,1
1.451845533899211,-8.849843053,0
1.1330407147433028,-8.353523219,0
0.536706786,-9.416085237,0
-0.035950896,-9.31756349,0
1.5586375182777465,-2.131736045,0
1.5843159002762248,-9.865504239,1
2.8173030996754402,2.4516467429868527,0
-0.03464283,-2.081366464,0
1.4069244002811359,-6.8463169,0
4.018369381051854,8.089613966,1
0.062419261,-4.941355837,0
2.348311986568942,8.806986119916534,0
1.0039927907637596,-9.910233271,0
4.369570692752246,5.832407680456988,0
2.9114284004960798,-8.400894306,1
3.9532725408340985,7.662397948119693,1
2.482633475980221,-9.30390377,0
0.9060803113601125,-6.643078054,0
1.3363796756374815,-1.442162752,0
2.593916203557012,-9.890166198,0
1.3650967888367083,1.0876329017165727,0
3.0213344116248533,9.443116091860723,0
0.8163109636760647,-4.811783363,0
1.6149359179616387,3.9167790066299535,0
6.257803570500281,8.425273797072567,1
1.4201341223676482,2.838027030576754,0
7.9773752764492984,8.135176309684947,1
2.284845755468953,-2.142600633,0
2.932844793731606,4.566692104181859,0
2.5204498689100676,1.1442167102574565,0
1.9876976025845252,6.489395673,0
0.8550681355999776,-6.084122098,0
1.8083379899549419,-6.565818303,0
2.826042928093878,-4.722368571,0
2.208880620894257,-8.841937454,0
4.8468035514423935,8.748677067743635,1
2.5143991482679486,-8.746297088,0
3.167653274,6.126316157118097,0
1.9305481204589134,1.4151039194956265,0
4.726778066973741,1.297222313681237,1
2.707281220870698,-6.683982112,1
-0.440554526,-8.758273825,0
3.6845296178251994,3.6723635913072243,0
2.313943046119824,-9.588587006,0
0.9565505252774632,-8.009059266,0
5.213468104342196,3.162629305238003,1
5.496273930920291,4.63407981,1
2.2151746535032726,-3.065427401,1
3.6397280311102502,-0.787539244,1
-0.160486929,-0.738638046,0
1.5837328306774596,-2.708661677,0
3.6545257653059093,6.542365187147837,0
1.3424959286666462,5.672193025,0
5.090937012791595,5.713228197415649,1
1.8381491766824531,2.823141687650992,0
3.4475013161626036,9.235124269352713,0
1.019397928,-0.102103636,0
5.6212474474769865,5.124129590686943,1
2.8122840521698254,5.179797909,0
-0.342152055,-6.819278865,0
0.8821066673784131,-6.443057606,0
6.729937274767186,9.544007457150883,1
0.4093757803798316,-1.441848045,0
0.26446542665926387,5.771394544620598,0
3.6485400683116644,-9.212302221,1
2.3903504644676237,7.450987261591578,0
3.4630067811419654,-1.067013132,1
-0.542016459,-5.589483518,0
5.476120568119754,4.5550590616493025,1
-0.522335854,-5.880381304,0
3.1240035057567987,4.654252530990867,0
0.8773324858642542,3.823655689888657,0
1.6866229099143695,3.0949199587300598,0
-0.32815987,-1.684276237,0
2.149499580283802,9.961721503,0
0.7998399877494647,-8.555441629,0
1.0369142398804954,6.006450718083599,0
3.8700869845188377,4.176682509111231,0
-0.164444034,-4.46394804,0
2.6675658062242973,6.901190395898698,0
-0.584688229,-3.284886597,0
2.134451994532787,9.921881772329723,0
1.7114118971882606,-5.399826059,0
0.44175818081603835,-2.298499796,0
1.3318760003702308,3.511720856538002,0
3.9930119654123906,3.090046408881765,0
1.9380531338804805,-6.307604528,0
1.3268493050560304,-7.419035217,0
1.258296344131136,3.4959188691495307,0
4.8690735367170515,3.076907534240455,1
3.0147163996922988,7.958155271,0
0.987367863,-7.441356487,0
2.287146918952106,8.505901492453802,0
-0.118537902,-0.424823784,0
3.8908195308160107,0.993334381,0
1.5364687836228312,-6.268675989,0
1.592827636199218,9.528736414842179,0
0.6117744131375031,3.994137219728003,0
0.7471899191129023,-1.621499805,0
1.008588710611499,1.4455923435095546,0
1.920708746400452,-5.572902398,0
3.8636353848316567,7.573038267,0
0.8406417241014716,-1.54483403,0
1.875850220374991,-4.10579332,0
2.4308047364355136,-0.996964813,0
0.096419235,-7.916399222,0
0.3547406620253347,-1.430138556,0
2.7595924272266594,-7.291018324,1
1.5327550579622424,-8.076492506,0
1.6328667296540862,-5.673366971,0
1.097443456572577,-3.911553101,0
0.17401549359835855,-6.648825466,0
2.1237605902108725,0.6612476487128447,0
1.2366770205943627,-3.033317373,0
1.343356895059999,3.347297933391289,0
5.585720216474764,2.9363071502343896,1
1.879683889675771,1.0136219070317427,0
2.129675338915896,-8.396228082,0
2.1421349196554162,-5.945615453,0
4.391279772018214,-7.959884301,1
2.871162762144105,-4.971056128,1
2.085366094188587,8.422494859182606,0
1.4591189935736868,-0.253006434,0
7.038318354081911,8.795779509680855,1
2.792563632012442,3.8714299159264094,0
3.4593465242605235,-4.030649217,1
-0.702364764,-3.951641535,0
3.3043062451988683,6.141716784122629,0
0.8830195609422975,6.925604511292782,0
1.4631093859882642,6.591684025460253,0
4.697402420863529,8.554144113,0
0.7117341545677336,2.519571794400301,0
2.7792631065034152,-6.972526687,1
1.121226710930923,-0.352700001,0
1.8368526136797112,-2.817124609,0
1.3215004456972095,-5.026698548,0
0.6706071145723838,-7.466643188,0
2.7157118876976356,1.9096969257934475,0
6.054423138202872,6.2051937780722355,1
4.266572615206101,-1.01942314,1
2.8940240578637004,3.770288386773089,0
5.540490901390161,9.067980346488888,1
2.287562671466221,3.023961087549857,0
1.4696558670455246,6.8036901023815695,0
2.1242431702884925,9.032274224606553,0
1.0241162175480762,6.3517504920176435,0
2.634686789032191,-3.002081946,1
1.972703637303424,1.0859530247455957,0
0.24009310987671972,-6.778098824,0
0.6646445648259032,9.707454497090392,0
1.0397700786523612,0.6075080324143443,0
1.4055288365588854,9.188922003978202,0
4.677559564772359,2.5965289263732227,1
1.8060764126830402,7.9623814736921865,0
3.6065623086226655,0.6147185320331605,0
2.6754839796465477,6.692396112417406,0
3.0567495629103245,7.898951837336359,0
2.5520142565936896,-5.880367022,0
0.13427281079103015,-1.849061378,0
2.215093299783413,7.869939283525277,0
3.787678545488397,0.8586964113618141,0
4.896359328345479,8.822520335122668,1
3.3332544232633565,1.2582032035308615,0
7.621364344095964,6.1006856578656965,1
1.6165396528478122,-3.924038156,0
1.5517141336463223,3.984833256595694,0
1.8291943179536787,2.385593932163845,0
0.6950224253986489,-5.032339402,0
2.0735164924081504,-8.385581637,0
5.782050564,4.409152337722597,1
1.3818418379770068,-9.851720256,1
2.382911159595675,-9.492387269,0
2.321224894946032,1.7209573042114297,0
3.777159746228181,9.680577403660397,0
1.753641755953082,-5.009617956,0
2.9990130775087698,6.877845801790805,0
1.7382766160452898,1.3800644234037645,0
1.7546706032090509,3.5285641076096788,0
3.999080275,0.3230048317203362,0
3.646793446790716,1.9003842507430058,0
0.5855169154119771,-7.483773032,0
4.651399554,9.20003736,1
1.9244749381614543,3.546299466211714,0
0.24127562656700352,-1.568974304,0
2.6192999114038393,7.583623442555794,0
-1.366812025,-4.399828566,0
1.504969453949149,-1.727544328,0
4.394543867740839,3.100739113598669,0
5.1783703882120635,0.266678621,1
3.725029015,3.644998548205333,0
1.1552243251175913,3.5979420017049826,0
3.127219819533849,8.524331683788567,0
2.7483400701941916,7.395171186642035,0
2.2488882794984963,6.473462880774772,0
5.634495581421457,1.1379500093214308,1
2.7732199964093596,9.303519355,0
3.932473296,6.018680869531078,0
2.8243764573995005,0.9037225502296522,0
2.406629068123374,-7.696266757,0
2.4931587366633132,5.4441567451147055,0
2.7542808588035315,-7.049056669,1
1.1866269539609355,-2.461802421,0
2.5102351721370586,3.9429691548330084,0
4.004216456760219,0.054926884,0
1.043685707675279,-4.440452199,0
0.040560061,-0.760892712,0
3.870246750444838,2.5370592796692506,1
1.9539389420459692,-6.25882731,0
2.8517397857553357,-3.466201965,0
-0.094372202,-4.864994701,0
0.3861264902672239,-1.87200729,0
1.3362576820821095,2.307554347227441,0
2.295917842132196,-8.822563363,1
4.569318747096741,9.744450041364047,1
0.8174117587967851,-0.530839728,0
-1.26824651,-2.799230262,0
0.4947395356583152,-5.079781865,0
3.0117102889694207,-8.131116138,1
1.2208223247197996,7.125935239092112,0
1.481711860752653,-5.310230008,0
4.121397536849998,-6.131854108,1
0.6748142510971097,-6.484394405,0
1.630659440688354,-9.886640141,0
4.471349906456586,9.817229866,0
0.5566566509474236,-9.555720249,0
1.7415637331726428,-1.054937956,0
3.6181415449031906,-3.014729859,1
3.5294298504926642,-3.367912261,1
-0.074858512,-3.309111402,0
2.7991184646406095,-4.0494488,0
2.121646939970389,0.7017835991316073,0
4.601035511913323,-0.671910582,1
1.6993807950259918,-9.742417246,0
2.710993424884947,9.414108694,0
0.097436043,-7.95319807,0
2.9773766601055303,8.818982583022134,0
2.7581903024977015,-7.348118897,0
1.7512062109354574,1.6769691986681217,0
2.1224035795227545,1.7961984606009214,0
3.053466845478445,8.757379220307588,1
0.030754609644200515,-5.764108255,0
0.30918913760850564,-0.275027535,0
0.2705499470929853,-3.178037324,0
-0.017188439,-8.487533068,0
4.379743247413922,9.954681534524408,0
2.739013446211324,9.665570784034141,0
4.007700962752193,9.144454678042425,0
1.4078237583120012,1.2186836201537652,0
2.148235990228861,-7.062361503,0
1.7037331472011223,-6.062519645,1
2.3171068339536065,1.8114745804923356,0
1.8525600210403317,2.0871506267614883,0
2.1004946847346297,8.585863550277718,0
0.7864504825284486,-6.229516715,0
-0.874410436,-2.788374393,0
2.286653438876837,-9.518930966,1
0.8303262924313108,-7.89227475,0
2.3107904494147053,6.937551878285081,0
1.505508313,-6.380762666,0
4.111700383495735,0.5303296070541812,0
2.748476632557759,8.372461330010967,0
0.22088834081228392,-1.015300807,0
3.0434993222474116,-9.649774922,1
3.0266922837475394,3.582016126012281,0
1.1887895321596273,-1.565209747,1
-0.594825187,-1.988501791,0
0.38865441045666005,3.153041292909398,0
1.0782643246217796,-0.999726777,0
-0.619914595,-6.433731029,0
1.3188431940639171,6.871959941745548,0
2.2921189981811323,3.5909775582771015,0
5.060515709211781,8.933812042832823,1
2.969705033323972,-6.06101487,1
4.323236472534024,5.482158800619599,1
0.5732110197265847,6.724366998441905,0
2.2053113183049478,9.281395323596449,0
0.6361724260562274,9.969080068288612,0
-0.102910882,-9.308779471,0
3.967664331828329,0.3414431521128556,0
3.730508092322333,3.8285743407211896,0
5.892124610716862,3.9007852342708844,1
1.1143026273712233,-3.308730806,0
1.306187580145048,-8.436355039,0
-0.521410352,-2.014354796,0
3.2999925769047955,2.7989266980210488,0
3.0465975336687863,-5.565899603,0
1.5050420268015947,8.634700953967247,0
7.256969087200205,2.691170224552728,1
2.317243631108542,9.343455849227528,0
1.5373514584896646,0.10033617319530208,0
1.9416605213286933,1.3968154521364529,0
2.6792107998517296,0.23101974599517128,0
-1.061334612,-4.00068972,0
1.9695918100818801,0.4474207432555044,0
1.0974754308114198,-6.867608203,0
0.6165463979583716,-6.148107073,0
2.8077217831151313,1.6655685994068428,0
-0.368589528,-8.223945464,0
4.670153735579232,-3.519246794,1
3.471528041293924,9.262318001940638,0
4.113954340142974,3.2203014918226014,0
1.7056174070946306,7.0587361903311105,0
3.415504722114399,-2.03236162,1
0.8840299956941831,8.267488202,0
2.0762429420006843,3.608520156562191,0
0.031864034,-7.948059124,0
5.400788101894558,7.508454827874139,1
-0.778553744,-8.157523733,0
1.3445265877264754,9.861689006217333,0
0.5551155995341074,-3.231084589,0
2.352815497,8.069098254391111,0
3.7086491831326693,9.868965862173198,0
1.5354362328411875,1.0389356736284086,0
6.126962917045765,7.359224001133921,1
2.996242149,4.7293325585889985,0
1.3403224016569926,2.9988093195476537,0
2.4981786384474254,6.3132892025418705,0
0.12706207443750006,-8.919274976,0
3.177145462963587,6.865868082874371,0
2.3987226445439096,9.898351788127059,0
1.9645636745276174,-6.381273913,0
1.299857672683308,-1.254596277,0
0.9579806832103032,-6.60347915,0
1.6520156539949244,-1.294208777,0
1.7967610586197758,-7.465228834,1
3.2381485349347967,2.621172359227238,0
1.5148706556831826,-0.92119503,0
3.542376473497848,-1.6730339,1
1.991380844524523,-9.713180228,0
6.154387393157219,9.810172797262467,1
-0.754760187,-1.735850832,0
0.7151586648120772,-5.721178522,0
2.2627846854680795,8.952039765171293,0
3.9953610959706136,1.782071056434539,0
4.124904514314507,2.400216592488377,0
2.7361369049374984,6.025387559036673,0
3.092206244841674,-8.541404768,1
2.2859475740438304,2.0729978040722603,0
3.752291848561865,-0.043465286,1
2.899397123884568,5.752909872300014,0
2.341385625537237,1.515789418024422,0
6.219727615018902,6.4054094249128894,1
3.0043103755490845,8.862364805208674,0
0.7333469735756308,9.023683007776633,0
2.4852629114440314,5.048707579232385,0
1.5193763076560836,6.853267555057553,0
1.123351595849415,-9.529264665,0
2.537946070238225,6.570724973118686,0
1.8486632060332826,3.257861326278345,0
2.292640816542373,-4.159426924,0
3.871419809838363,5.480472710145197,0
2.6113623957304606,-6.803791867,1
1.7153671742192036,9.339482249739287,0
1.4867327471342278,8.166055516678064,0
1.3620008978004357,3.136046712819436,0
1.3727127449622478,-7.019613222,0
1.5061126783376855,-6.361674668,0
-0.421274335,-4.19819593,0
3.6570826694321674,5.1716046310637545,0
0.6414030995428739,5.715088111423194,0
2.213175014962336,-4.216616361,0
5.5474692427886465,4.859146342116681,1
3.1687891844198437,4.941166973569848,0
1.1044488071483545,-8.592887965,0
6.440330606259776,6.503548304003328,1
0.8460798108607798,-8.186102791,0
1.966903592,9.838567180952815,0
2.7707738686515015,1.4405687755393632,0
2.539814257606876,7.649745945,0
0.7616136852524842,-2.214425044,0
2.119345804735391,0.43577850166166066,0
2.068057460051282,1.7304147436261097,0
3.906740181803968,1.8640808037355132,0
1.6042717261803405,0.018903219601726917,0
4.065374047553288,-2.102079186,1
0.9599391009754215,2.9857650771711945,0
0.2005925441482369,-0.648602192,0
2.624478787593798,-5.390193313,1
2.562005412826892,-8.088753394,0
3.5192596474960975,2.993059316,0
1.1847300873673214,-2.840739203,0
1.7747524059984827,4.299385636267374,0
3.1593192728814707,-8.289509513,0
2.705275093138644,-9.6634823,1
2.297810300996324,4.273011937963906,0
2.2711310682796073,-4.989702285,1
2.4334173539560733,9.501824432408323,0
4.919140940855412,4.365688399857582,1
2.0865689421139813,5.192463131225933,0
0.8779677682130393,-4.749470293,1
0.25751565386308406,-5.120603344,0
1.8140865853645374,4.3590860062725145,0
-0.746148952,-4.885158582,0
0.6404018454079434,-8.142032987,0
-1.681904622,-5.908075152,0
0.6382924150400002,-9.854942052,0
2.561719032821177,7.325259150219438,0
0.5592680811445935,-4.43301125,0
2.7896522908054484,-5.403979263,1
1.9290942648892506,0.25303779360353396,0
3.465217072603141,-3.453133578,1
1.0356735462532365,3.400029976179404,0
1.9825342586679158,9.279276353,0
1.1060359462555478,-8.088281677,0
1.9057421513709896,6.247639289364702,0
7.202558085,1.539464192715009,1
2.7137228660389345,-1.937149015,1
-0.634446688,-4.889372592,0
1.0835862590154257,-0.131970942,0
1.507906536986165,-0.089034601,0
3.7977678110892725,8.726399512290104,0
4.609810553044818,7.639074263996516,0
2.511097979030903,6.862025808389973,0
1.6174165918242647,-0.134778774,0
2.7190393308755967,6.193893499556101,0
2.153617225052316,1.8108200491965185,0
0.6779865645046541,-7.056438188,0
5.352566232,7.892768996778464,1
-0.526172607,-1.353971273,0
1.4125471585250422,0.6025324279707522,0
2.0985893353949816,8.706088405181259,0
1.6941805177572662,-0.519558273,0
1.5676253869893877,2.2373984273012404,0
0.027205701267826843,-3.936463821,0
1.1200611920069625,-3.119121212,0
2.8337256913345192,3.329621380868941,0
2.1969981286728686,-0.25854819,1
1.768934439298031,-7.267656017,0
2.0069020291857522,6.108186568426252,0
2.218602771,6.487708886308752,0
1.661707783615596,-3.243488938,0
2.744479148,6.503034338693123,0
1.7567381118687768,7.649101693347223,0
2.8850666461717043,-7.653154938,1
4.837155369912166,0.4063835827533335,1
3.089693991,0.4481862409471873,0
6.530181038522237,8.960699231546641,1
0.47763363032138306,-9.464578769,0
2.470770245042321,9.376163460396285,0
-0.342740014,-6.202867333,0
2.870777375845611,-4.66773609,1
7.006758210933518,9.183568872993646,1
1.6366785418525016,-1.910960114,0
1.1806651138385984,-1.485109543,0
4.1322756228940865,0.6419599928958668,0
1.7026035840463356,-3.031632502,0
4.982043245687533,0.13872362433802188,1
3.1148422044250728,3.1934357800645756,0
-0.466351981,-2.339897877,0
0.5829078311566335,-8.140461205,0
4.241786820872266,6.401841995418028,0
1.925899623925062,4.984892834240622,0
1.7236219830317374,6.775072456,0
4.002130179881062,7.002092797706656,0
1.5823203867042268,9.133065867313974,0
0.8973267199728068,-1.250053777,0
0.6391936364581796,-8.681312747,0
2.901697651106097,6.750116038695893,0
1.4185594656111296,1.9976253905405272,0
0.24454912676832208,-5.940387315,0
1.8701471102715428,-1.171417933,0
0.2078395945710365,-9.329262586,0
1.8306654742058333,6.214737488488069,0
2.286072550630431,9.991616116857813,0
1.9854345719887334,-2.192736951,1
1.7070840993030851,-0.362013976,0
0.9782410492209632,8.284500507036224,0
3.006586829177515,-8.903171561,0
3.291780448687062,1.6525569174041514,0
2.974103507820681,8.344785862415414,0
0.039277618,-3.965061369,0
5.616794158311609,8.177106078170198,1
6.666495022391636,1.6577999191915218,1
3.3827221028517456,4.796411096,0
1.3961865967060292,-5.18104733,0
1.7877684357256678,7.735871384173393,0
7.149258820298898,7.294761114960295,1
4.955983858262138,9.556272178196114,1
5.090672364692811,5.948210585711021,1
3.297159176298053,1.4452251909811906,0
2.3650609135380107,-2.716148111,0
2.978117553738369,9.098570997447581,0
6.120686332336237,1.8123918589433146,1
0.5263439402112904,-6.440389896,0
2.655278964655187,1.411632132823291,0
3.020068401099734,-4.566383698,0
1.8195086351345364,3.6231562027545756,0
1.2141094096180802,6.929923314965578,0
3.6916284759160742,-3.120718566,1
1.4829253906369724,-9.551639299,0
0.2502323321045352,-8.03992586,0
1.2260296493019605,4.700061196009326,0
1.0341695228403063,-8.110512378,0
1.4292592785065419,2.772928620590683,0
2.673499667397517,8.442202657387423,0
4.483906014642936,6.850067614,1
3.597284959181943,2.813354712478503,0
0.8442312823159497,-9.153727299,0
3.0955968175977056,5.805682737355935,1
2.5089948802815503,-1.795874377,0
1.0131567088822764,-8.031417681,0
-0.796723965,-6.29241035,0
3.200652161291186,-1.679562875,0
-0.188850705,-1.370550593,0
0.8272503107937319,0.226753215,0
2.2332943271715306,-5.894692151,0
3.202051638836231,6.411647010483538,0
1.2099543749623978,-1.66540379,0
0.6006874100469217,-0.811150135,0
2.7099503948798573,-4.568884629,1
2.0213009120326717,5.180399430681904,0
3.3234772504883123,-0.691173455,1
1.5823019009531367,-7.808382718,0
1.474409542667317,-4.799778962,0
2.3558221586218417,4.213352348567421,0
2.8762852095921407,5.655457934623918,0
0.5365928322089004,-9.201799359,0
0.749991365,-8.643863213,0
0.10983622463710596,-2.350629986,0
1.2185872906605442,-3.21621562,0
2.025642683137486,2.8351617399593376,0
2.704082780687205,1.6124041621346699,0
2.938269218389928,3.7136755376727297,0
4.036399558959206,-6.063684383,1
2.574830063412356,2.558287991,0
2.483787179100093,-0.591390685,0
2.0311607374723653,3.834976519340163,0
2.225852166201562,5.124464625228418,0
1.2901425362253962,-1.848517358,0
2.279615320360085,-1.950060874,0
0.6386054633932687,-0.820529534,0
1.668128022,-2.828909932,0
0.21639570517252082,-9.359923981,0
3.199672894,8.040733965176738,0
2.4595089174327036,-1.101186978,1
2.8263933979358415,-0.404992773,0
2.114936906975432,6.638207959745529,0
5.826704855985353,8.140596834643258,1
0.5326910819404078,-3.470948455,0
3.2579548314710225,-1.531416371,1
2.1205812201190612,-9.46020107,0
3.6081870898959303,0.29833297441513196,0
3.201717127982471,8.557678911860226,0
6.690591191695443,5.670364515826167,1
-0.020517108,-5.600218021,0
1.4486779636430507,-1.790809207,0
4.929518906425565,3.0833776507985267,1
0.6716527556002225,4.525722763787135,0
2.3593051285962705,6.207333551553926,0
1.1326949403541728,-6.914648555,0
0.25047183663225336,-3.585051708,0
2.8355410280368574,-5.887064983,0
3.4372689314533362,4.667645272592019,0
2.647896978660777,5.063980902100724,0
1.8682912580084536,-7.699610057,1
0.3425952101790506,-8.8648513,0
5.549030607989778,1.9592757560136462,1
3.841381691772769,-0.335282275,1
0.7741421235298871,-8.74579572,0
0.001674627,-6.87082376,0
3.9101892331496546,2.567973566783216,0
2.7705442729697944,-5.889349977,1
0.063404596,-5.843155472,0
1.4271352723279809,7.232331585,0
7.119258219,4.6220003633604385,1
1.3845366044959884,-3.871516184,0
2.2790639093713674,8.552096937172145,0
1.0914779919075714,-9.943513718,0
4.328893001615993,4.453036083656672,1
2.1175244040104126,4.663582756041828,0
1.4001550922447108,-1.428011287,0
2.227708848697024,1.2834939098203257,0
0.6031493943509172,1.112961816219574,0
2.419404263763935,5.071767534145337,0
1.878428185599991,8.629392282997589,0
0.9831761468973035,-1.578199688,1
-0.768728027,-0.990689396,0
-0.626936378,-3.848029097,0
0.16940365788904233,-5.239686733,0
2.368359452597458,4.273924428384152,0
0.3166589105504449,-3.793110924,0
0.010126801583740241,-3.188417911,0
1.2815171383866164,-2.60676472,0
2.7162429174103604,-0.885344742,1
5.107002445409362,3.752066705142717,1
1.991167915862278,-2.492328047,0
2.7617949558370953,5.674909214500904,0
1.481272652408147,-7.542696104,0
0.7219599432121953,7.553151670417236,0
0.7524008832226446,-6.562408791,0
3.363840139151917,2.0268676649091173,0
-0.148878826,-9.960309494,0
2.750229286933635,-2.070854137,0
-0.217972658,-8.375331509,0
1.7287370657078682,9.331371418198152,0
7.135179350313984,4.2279977709137135,1
5.367800893201066,5.0513820647288945,1
-0.117939681,-7.972377045,0
1.1689900871287682,-8.403787744,0
2.5634053053311803,4.024622222096937,0
3.673980697322384,9.549074791535364,0
3.1864098812661816,-4.857522404,1
0.38338539324955934,-5.186765698,0
-0.775492897,-8.618601701,0
2.4362633028367493,6.375492838,0
0.028981851983078122,-3.048644913,0
2.2611089136867637,-6.650295819,0
4.066688328507345,7.415286394,0
3.1004992365984814,-3.423459246,1
1.539893766429413,1.4504944487307405,0
-0.111830218,-5.432035037,0
-0.536533326,-4.403620265,0
2.464021920586372,-6.849740123,0
1.549667273051214,3.2145951232122645,0
1.1208799642915555,-7.19369595,0
2.956872781042994,-4.129872976,1
5.701792911153191,1.3713900472267468,1
4.786217110489124,2.7941753705676398,1
6.587806581,1.7363403007813396,1
0.7458514505615297,-8.359198876,0
3.267114796288367,-9.030988165,1
1.6894999178839814,9.726041848,0
4.721695719,-7.183022918,1
3.639250069668562,-0.574659019,1
0.6762586309533989,7.765050347720585,0
7.1309607895181495,4.421482555881617,1
2.336322373326899,0.6022389110416189,0
1.2586125222899236,2.6825003728412806,0
6.776977702324746,4.415164910266242,1
1.8122245185747619,3.8777047103585502,0
1.8673079303966018,-5.339214638,0
0.24551652884045527,8.814694969,0
6.756931446,7.245044649169088,1
1.977056572102937,-3.33402648,0
2.6641322606175466,6.600439831565215,0
3.4985314117195117,9.456302826888109,0
1.335914840352909,-7.933977948,0
5.709029072689211,6.653599417078041,1
4.032573662937242,-2.27820093,1
1.9294757398683327,-2.830288035,1
3.008129803406929,3.9977428816971834,0
3.3059151929469053,6.177866830652874,0
2.8118868128924412,-2.417383159,1
3.3119300714181765,1.4967966150015233,0
2.5781135849708523,5.175126019873321,0
5.372348321005929,5.628310138652504,1
0.91889053,0.6625726950075812,0
2.9219839497346047,3.332943373,0
0.3399341470057692,-2.015869367,0
1.9011505926758199,-1.680226166,0
5.384700584941929,5.7534884417296475,1
2.5062917880517652,-2.2768085,0
5.512158345580997,6.820236849713584,1
0.8886429605056723,-0.099177821,0
2.3418560745064614,-3.851566611,1
1.1267074523699578,3.2221344320690104,0
0.7047305685135643,-6.110787399,0
4.062682458625841,1.7824196634213827,1
0.4137150290225732,-9.616784345,0
0.47856411214526595,-2.89394079,0
1.2666310085312256,0.6875554827562027,0
0.7290095412904858,-7.538197151,0
3.243347027305674,0.823967607,0
2.711181572051192,-7.953976978,1
7.866709269953981,5.368800526749631,1
3.106969228,7.263560370820791,0
0.237788957,-5.734109306,0
1.757378221464975,9.527001721581762,0
-0.148491391,-5.776050536,0
2.3790853334421787,2.7914204429184846,0
0.71198728,-4.287489543,0
3.499270784568767,4.7378858224712435,0
3.1204896897936236,-1.794572245,0
4.287125689486857,-6.692815025,1
3.899429864979136,0.38881549264440984,0
2.5658557759746343,9.027028521,0
1.650273388554172,-9.13152906,0
0.8839123063504952,-0.796021816,0
4.175075380885136,1.348888757943815,1
2.249576108316783,-8.172490189,0
1.3690443233090226,5.406270840929704,0
3.394692342002789,3.690638574570123,0
2.4288491314237493,7.3282779574711086,0
-1.123831856,-7.315483877,0
4.514042810041902,-4.247400149,0
3.9189262714897533,9.418206508004797,0
1.7687574842957647,5.258880545,0
0.006167195,-8.877822533,0
0.6120206299262487,-4.774381859,1
2.5919490747805694,8.511534107468197,0
2.4352103360543023,-0.917003823,0
4.950784832380749,6.431426526398109,0
-0.162482755,-0.604304696,0
4.256143485916695,-2.353511149,1
1.4410195025942418,8.871220551960288,0
1.7855004533463408,5.514685611,0
4.374706968141391,3.9058148348767148,0
2.4821924983552366,3.555389242,0
-0.969448001,-3.903830999,0
0.28853704611134534,-0.33780246,0
0.23218296218518075,4.995460577808776,0
2.938361318,9.038592151180037,0
3.825789423927745,3.7281946418330634,0
0.870413259,-5.728985151,0
3.0413723096124494,2.1435217749420783,0
3.44321244,-0.383296463,0
0.6529275122849931,-2.989110505,0
3.5922134792169036,8.340996118603922,0
0.39594846543350437,-5.577978707,0
2.804250173408242,4.113775434283918,0
1.3833993021625686,7.347796684200748,0
2.946611466427923,3.620069387478761,0
2.493920114,-1.822171067,1
1.2468646141114161,-0.187928433,0
1.666246456474008,-6.295514258,0
-1.079498473,-7.894036532,0
0.9426177716815028,-6.109900295,0
5.919786260712055,9.528822827621568,1
2.4647886885142483,8.442416189853915,0
-0.21772599,-2.706502651,0
5.721409281491442,2.108604255,1
1.918733828,-2.803439769,1
1.5937989823760548,-9.233364616,0
0.5069629700415261,-9.768588041,0
0.9808553719374472,-8.07334548,0
0.16849263992591257,-8.102480757,0
0.092904617,-1.597557499,0
2.739159455130425,-9.886098292,0
1.2598013453544699,3.317121535128395,0
1.9774060242256466,8.365470158477816,0
1.3237747058076936,-4.424282288,0
0.091014592,-5.699524166,0
5.9688950979853725,9.100053222289969,1
3.925041261,1.862890371842962,0
0.4084587141140814,-0.189939037,0
0.4681232880034094,4.843932879934297,0
2.6944639736638303,4.645867483970331,0
2.0469157406426124,5.9305313331570115,0
2.585650363262149,0.3978554459485224,0
2.6486653206247537,-1.078268517,1
2.091954544943703,-3.175087188,0
-0.677894807,-9.302094607,0
2.5107106612546035,8.408758203,0
0.6465755890395735,-2.271141511,0
2.315190135391978,2.320867897639582,0
2.022750971792754,-1.185142712,0
2.2403842929683213,-8.308782922,0
1.8187239786102944,-0.447898616,0
-0.376711955,-4.908699953,0
-0.123854132,-1.019794461,0
0.6803937068116138,-4.617223126,0
2.538836284490395,0.627441588,0
3.039957985955121,-4.370385515,1
4.718129152788736,3.306265809690901,1
0.6646564082899042,7.088036210408376,0
0.6001191141842597,-8.271533391,0
1.728529988698839,9.436937292,0
4.174500069685496,8.174522904912592,0
3.2634828279695096,8.345481988610484,0
2.064861598447952,5.812400690028813,0
1.4660773302200651,-2.312348728,0
2.9689371104594624,8.746370921970634,0
-1.004992763,-5.565329392,0
2.5799186444009234,2.4117366292970708,0
2.9939104632621074,-4.476593999,1
2.1016936816158993,0.43959968172983466,0
2.1529295879287798,-4.117648181,0
1.937922605608621,5.5542042178172615,0
3.6543071031243093,0.3708885525065284,0
1.1696124142528423,-1.01835085,0
0.7821965710452508,-6.040937638,0
3.472035027306149,1.5401198366892785,0
3.3484354284253564,5.437339415431481,0
4.721598580552414,5.055373751301511,1
1.6067292856051973,-0.512433141,0
2.7360152973391805,2.5274387711002237,0
0.7033345078871094,3.5996746384700646,0
2.7693719639757486,2.898328593005477,0
1.3752334328803206,4.490466172334761,0
0.13251466976923443,-7.45543182,0
2.358738443624473,8.087913914115326,0
2.236812277623283,6.232123335799667,0
0.40287439442665773,-5.662412846,0
2.8543878819443513,1.5765465239047298,0
1.8486031556105718,-1.688623256,0
2.3046586123841033,0.9525356997454395,0
3.1700360930301277,8.310826945,0
4.959963357690013,6.374899129762738,1
2.455268855391633,7.058136708467124,0
-1.047657384,-3.332064389,0
5.939168210453275,2.849342205899454,0
2.765631750626793,-4.594118092,0
1.5626880331060016,-8.588567222,1
1.669060763629898,-7.90350771,0
0.253681123,-6.049699518,0
3.596795337680579,7.312062402712243,0
2.105623197078814,-4.416408361,0
0.47110036690946533,0.11233427771507998,0
1.2004321780597174,-4.252661451,0
-0.55688648,-3.07806922,0
1.186420386,-0.380535524,0
1.628493181193798,0.070815906,0
5.966438133609357,5.097249564964585,1
0.29688210720266794,-7.23259352,0
0.6064951207503453,-3.066280178,0
1.6853774667022312,0.4922561140732711,0
0.7463756871905498,-7.911500217,0
1.1916114842210903,-5.928438004,0
1.0653734335988279,-0.154172274,0
1.7590663590787035,-0.818868382,0
2.0950720338848337,0.24151959647370447,0
-0.964625807,-7.046044369,0
5.300160432865642,8.472031024772072,1
1.0122036706146513,2.981174686098898,0
1.0623175422189224,4.945234077998531,0
1.256484408,-3.384824479,0
2.903706822376863,0.908858647,0
2.294509043285158,9.693306977684905,0
2.291723871929628,0.9299697416154391,0
2.4589881946133763,-0.997788715,0
2.3949666182219866,4.384108269775167,0
2.959179041285156,4.482796658283622,0
2.6218729045666525,-0.318851405,0
3.082672733002673,5.2124722941563775,0
2.7232271787698723,-8.285637657,0
3.354683382741575,0.083698903,0
1.8342095178626514,8.345593164118885,0
2.4470076269455654,3.670151695795262,0
0.9616981876076507,-3.640228903,0
3.785548400690435,8.033719857,0
1.1190814653221226,-3.295276897,0
1.7091435845181109,-9.505094712,0
2.5407764428506945,-3.231671389,1
5.837465213881693,7.550833006268203,1
2.2022792847118096,-6.210984387,1
4.657222006100973,9.821747508151454,1
2.242821670794414,4.135377024008395,0
5.530232837542136,6.915443085966324,1
0.11197825617244794,-6.24933207,0
1.6927079549842472,8.304525644098735,0
1.6129843866998732,-6.01948347,1
1.9827705381575007,-5.49029689,1
5.484555450455972,6.635287285,1
4.846519997763466,-1.294130911,1
4.490822852258935,6.287648064192911,1
0.8691486785496572,-6.027189375,0
2.1242238738967414,-2.535615433,1
0.889189634,-5.801657565,0
3.9714529395287492,-0.046877123,1
1.3358815447731367,-8.77946526,0
1.6760766338826358,-7.149536834,0
5.705884064865293,7.999702996,1
1.8679926940984637,-8.338315143,0
1.4487930306700936,0.16391657053228492,0
-0.185938923,-0.158859866,0
3.567126717405114,2.6853336400666716,1
0.9146863920654444,4.061251945117309,0
7.185205487857891,2.955160369,1
1.8740199006706217,2.0108555954989598,0
3.4850639072394367,-8.755863828,0
2.5398443559202755,6.480602911833017,0
1.118677243,-5.269159054,0
0.33080321338413965,2.7848472628194436,0
5.611844822351575,3.312456759081247,1
3.9778518797786457,-5.329024553,1
1.3822502096538365,-8.856478779,0
2.4527949536354265,5.657752620875163,0
1.3298877597844276,-9.009306533,0
2.505214768440062,-3.418019522,0
4.376810409779406,8.894322733742971,1
2.9112241218926225,4.812889938510024,0
0.5841626913961944,-8.415626491,0
3.6843312052540833,0.5700155760924464,0
2.9180551117846343,-4.10366228,1
0.9933537348851992,-9.93521785,0
4.080383161047867,8.658083041116448,0
2.3337826090750005,2.976240617139606,0
5.394540966096233,0.2030309474656491,0
0.6581438786828514,-8.122476039,0
4.620658424506322,8.444493498145825,0
5.480918944661633,2.0963636597839113,1
0.7190965319756291,5.5524345856090935,0
0.8105665835265041,-4.210551284,1
-0.181545179,-8.40301259,0
1.3962019173776619,-0.315241032,0
2.1634883125997577,-1.217320923,0
4.749317570084265,6.906248743493897,1
2.8611746958333013,3.5834314756825414,0
1.4105792552640222,-8.269475514,0
0.4699127244444897,-1.770097767,0
2.779756979058502,-0.72711116,0
2.346810774424592,8.681507411602482,0
0.17128171499840394,-3.163966223,0
2.8186149796438946,-4.811306126,0
0.9340388033560789,6.106415678630622,0
1.0155768128201175,7.607795186516803,0
4.298715474,-2.603183778,1
2.6360405627323322,4.920179415449407,0
1.9725561893045693,0.9531635161403411,0
2.0890915005821027,-4.27963592,0
4.520948139874013,4.617121643638743,1
5.026055085254663,4.6036173854063165,0
3.8217997611020906,0.9874258643853384,0
3.7232103560388627,7.701484571588786,0
1.059410753584253,-5.344728434,0
2.7456292880526925,6.273852474960986,0
5.900476646540501,7.012056573309991,1
5.148853376222134,8.964958229797219,1
0.830882471,-4.418599099,0
7.0871116429325545,1.2742719625672692,1
3.340320770905555,0.21741335502456494,0
1.8045994860585886,2.016835123269553,0
2.1136292243202583,2.3553408185662246,0
0.9323852066509518,-2.778871881,0
2.1279084256755216,0.767236889,0
0.49008403136183853,-8.172025304,0
2.033021367,1.5070439093989663,0
5.1077152012845985,5.881839383503223,1
3.3206522113149766,7.630470691,0
4.295107576300699,3.125711059214865,1
3.364742192397906,6.406440679117633,0
4.572225866297551,6.701400302399215,1
-0.033249645,-6.406987023,0
2.5371560388602545,-4.134072863,1
3.148269376593877,-8.973258169,1
2.2486101286317655,-0.449630178,1
2.538447703258881,-6.407890019,1
1.574868569,8.714566687110885,0
2.8229204576702993,8.449256476652899,0
1.5817040390218424,7.153136908357652,0
2.157484383693993,8.150468717,0
-0.000866262,-9.065658735,0
0.39354482219560893,-4.868843071,0
2.1767091072468583,7.365349711950859,0
0.044061449,-2.046110405,0
0.19784234388169786,-9.782312547,0
8.072904765335343,2.5511121086200017,1
1.6557181424517982,1.8674698958935743,0
1.7980551056231473,-0.842492926,0
0.26302742014566927,-5.95869882,0
5.465459613813156,8.920376245442483,1
1.8690158348651311,-7.978343582,0
0.059537384,-6.256729684,0
4.558139112249996,3.4383744639363467,1
5.802224288434751,9.078200297,1
1.4506267900216863,-3.682172606,1
1.1233389370657854,-4.575171692,0
1.4352758413296238,-8.500543158,0
0.48729886379319665,-3.185133302,0
2.487976080719386,-5.357570681,1
0.6360536651241055,-2.699613753,0
0.8831026600275219,-0.968178499,0
2.4236894966288363,-7.135411539,0
1.9772392091253976,-8.77397515,1
3.739304219380917,7.351817760872908,0
0.7913420777003626,7.326890001846628,0
0.5484633523221509,-1.513944487,0
0.723987252,-4.029153284,0
0.9328967180832434,-8.170865527,0
1.8282420258082752,7.231443671468622,0
4.903800772319714,8.313563101833534,1
3.6705971638103554,-8.509839607,1
3.1894871742077573,3.8337287280314296,1
0.6392589741304062,-6.606135071,0
1.3516059787588766,-8.136193364,0
6.397632887556102,8.582532076989967,1
4.863657052617561,0.4591145649415509,1
0.48477967856110593,-0.68361166,0
1.742026666204679,-2.575130803,1
2.571903838840898,0.9880032192592374,0
3.1441061979350295,-6.031715336,0
1.5392506730545215,-5.407716265,0
6.145262777,3.633171070754809,1
3.8432301862980665,2.3883817456874077,0
3.2927106672406645,-3.810615924,0
0.975135621,-4.443880175,0
1.128369181714486,6.303350447320529,0
3.2543193187310973,-0.29242024,1
3.809890297143678,0.102397602,0
3.1533211744804888,-5.946565395,1
4.100893655471446,4.735248937320943,0
2.365940943378241,4.663549320989951,0
2.9407157205731673,-3.824207024,1
1.0865096394007456,-4.129598393,0
5.088459694791947,-8.181949164,1
2.553665441,-8.284505569,1
2.0039934813387115,6.994081025602192,0
0.6713606410451475,-9.115350736,0
-0.705759015,-8.608828005,0
3.489740994327513,8.810334207,0
4.545397756297591,6.337999470429452,0
4.060812993911924,-8.447203323,1
0.6180351030518751,-5.628073711,0
5.066870629632358,2.3479059768720223,1
3.4194541599423633,1.1747193724655958,0
3.484360304757588,0.5922849166159079,0
2.0523030780612967,8.597124348485082,0
4.192221061,8.145558967250825,0
0.9684989604786765,-9.851934491,0
2.279444986013504,8.513985749254857,0
3.722058592011809,-0.227333331,1
2.3764395514499186,0.18962182459494947,0
0.11146416228832867,-1.448475517,0
1.3615827366357338,5.926484316399424,0
4.5687200676993704,6.132417209596596,0
1.491999979,-6.210014858,0
3.029218958997018,5.783323321410997,0
0.6919068285369765,-3.816302586,0
-0.83514173,-1.145053531,0
4.150515093019271,6.609234803118213,0
-0.017660076,6.124204916405027,0
1.4079476770503085,-5.793824714,1
1.7109961243396106,-2.620134991,0
4.720957818904585,9.132483873,0
3.7202856662578814,6.8015947712408575,0
1.7799824653599463,-7.030640305,0
1.5833208175672855,-5.716435691,0
2.942531430113812,0.4595681643973233,0
0.757423938,-8.903968023,0
2.514265552,5.037721327024045,0
2.3329102476223693,7.2243610924809225,0
3.7203953666959655,-3.484621654,1
-0.646652177,-7.019178371,0
2.5327172654202244,-9.078389822,1
1.6898748769393324,8.611791879699272,0
0.47653758639764465,2.172166214846328,0
0.7627006161725192,-1.429573485,0
0.43950116136831663,-0.67563585,0
1.7820677349581917,8.434644605,0
1.186463947950835,2.0361957762377454,0
0.45706583666222633,-6.959959776,0
1.0919298805965356,-1.249597246,0
1.6052962481418354,-2.042926382,0
2.8246734776467313,0.35662394403427733,0
1.4680848428506932,-4.412688719,0
0.8406793512668774,-6.835915061,0
2.0775575329184366,-3.872836335,1
0.7586051052385904,-9.975561884,0
2.8521740308148673,-1.651687794,0
0.8622439121588479,-5.979839551,0
3.789116143515585,8.042576640850278,1
2.120764695763069,-7.08804838,0
2.0038090997778095,-3.918378427,0
6.318836363768383,0.5308321392478064,1
-0.853570598,-0.840300957,0
-0.578255921,-0.133500938,0
1.5941301286080738,-4.981591953,0
1.012457931394614,-1.962062121,0
3.104373753940822,-8.839746252,0
1.3602038960002505,8.503929432946535,0
2.2697615700123657,-0.273893912,0
0.8287842105595817,-9.677798994,0
1.4079525141206006,-9.952440398,0
5.685175447288013,1.8931529587118963,1
5.016567363127558,5.508061830683657,1
2.231805848186433,2.7036787401864046,0
-0.793497259,-2.287642768,0
2.1945352755434775,4.496723892481665,0
2.2051128390367865,3.207981076300383,0
0.4136772735060128,-7.461321372,0
0.32167474918371897,-5.052953282,0
-0.46110812,-0.205240096,0
0.48378495960488443,-0.155711553,0
3.078881362411733,9.478743912804006,0
4.826996411785455,1.4280612138677782,0
4.708106517700717,5.154525206135096,1
5.3033842344919595,1.4168212929687876,1
1.3104639164154355,-4.302141888,0
-0.00172428,-9.782175222,0
5.295108412950855,9.537478978871814,0
3.946754731273887,5.179676714429103,0
5.224322080047368,2.3820921307520937,1
3.1730373867798836,4.276177769865818,0
2.302873797457309,7.596381162825935,0
1.4141948842309826,-3.335959022,0
2.5468871620731734,-7.016590345,0
6.789492866881079,1.9793782438646108,1
0.8614341773791278,-0.617693493,0
5.633425239041954,9.775644843304434,1
3.461977662445678,-7.322533168,1
-0.291035791,-8.873412213,0
3.2062622426213743,2.8832661828878976,0
4.116526307510614,5.797646999,0
2.7380445978981527,0.00981615,0
2.7269503551217356,-0.804448886,1
-0.063893504,-2.959352635,0
4.355771443,8.738336884188168,0
1.2312527692454762,-5.559463535,0
5.755713131714022,9.500609676518764,1
1.4747022149865172,-4.048998473,0
2.969845864,1.221394069902999,0
1.390939355859938,0.09526836,0
0.9150943111511963,-5.139663396,0
3.4394804577811358,4.445346291954554,0
2.1271307056018984,8.745907396588134,0
1.5634922791876193,-5.697921634,0
2.3690773687059856,-4.491361502,0
0.9438094705273032,7.229462835730253,0
0.6126988510576008,5.338277698760741,0
0.24472000212017275,-2.441113742,0
1.2461053955493449,-4.788829048,0
1.8100208323759235,-8.36196033,0
7.652660854809556,8.890676213190737,1
2.6850225096056994,1.203587520607332,0
0.3983711044270293,-1.449981285,0
0.42613879453725967,-1.541545777,0
2.8929586574429855,4.207437703428546,0
6.622504694581949,1.485959566,1
4.477163311821237,2.937338505907851,1
1.6283456444177782,-1.483219337,0
1.870590649981596,3.7884534309718987,0
2.3216040732300605,-8.347240029,1
2.121767327160891,-1.543328785,0
2.6084540385254527,8.016528479412631,0
6.8182037,6.918451183750079,1
2.9181306544546617,2.9031039695198597,0
1.437264599548545,-1.774695379,0
5.242300894141251,3.620999533787348,1
0.5671972586943117,-0.274581909,0
1.5632221709882916,-3.461863278,1
6.100576771691316,0.3365973419617063,1
4.695071117406165,0.2319396163166747,1
0.9797956910804655,-8.683666321,0
3.2489359121711345,6.877105295843251,0
2.4666585648265182,-2.507455054,1
4.647669785748031,-4.731247391,1
2.7490577538339096,5.564241719987679,0
2.347907698651021,1.3486340176931648,0
0.8080726983063834,-1.616204432,0
2.101764807607563,4.364979530525012,0
2.9529187391458596,-8.310410637,1
4.462603925419027,7.759888560580389,1
2.8694324011184182,1.0531050769217725,0
1.7434962996658128,-8.507651112,0
1.2319483283747774,6.115715363803957,0
2.6620078346823006,8.960682413854574,0
3.5883376870322117,7.293793644340287,0
3.256304268088665,7.267444678,0
1.4066858698304465,-3.727921102,0
1.2623358954625346,-8.55888914,0
0.8521237667538109,-5.368194453,0
1.840630871162598,4.5545438441798005,0
4.032770082329749,8.257236385118777,0
1.3448937498347886,-4.404605377,0
2.136083514493969,-6.454740234,0
3.245723276051314,-5.425915147,1
-0.452208751,-0.283581675,0
1.5502162325684732,-7.131710832,0
5.844963244371218,7.508061161305292,1
0.8765773993436415,-1.481238431,0
4.654870391965508,1.9029101044027286,1
2.6995700391874315,9.830292583943155,0
0.8698410258804996,-2.131068425,0
1.2509062896867922,6.056322119245181,0
2.784527841853721,8.991973186,0
2.5081000062786565,-0.046171772,0
0.1725328450046506,7.124731872077373,0
0.9513434267115093,8.458789770227074,0
1.423999926178471,-7.270333306,0
2.094249276717753,-5.097711256,1
2.923378466371919,2.834479486328858,0
3.1375174230581306,2.9123569372266633,0
-0.466399072,-0.574145017,0
1.5528218307737838,-0.935934297,0
2.809808630211859,-8.917665223,0
1.5569487917715101,-8.618657247,0
0.7419042242818266,6.3920604354384665,0
0.3069527240947141,-2.033028584,0
1.5247121382563324,-1.702122039,0
1.6384970202262261,-0.780558377,0
5.095865777,7.039845718053847,1
2.0171648325244584,-8.105150842,1
0.085595755,-3.83801024,0
2.1430359429070727,3.0853454392683837,0
2.5823618719010564,9.500975715690096,0
1.2154465717886134,-9.66705244,0
4.765059616,8.875000080107963,1
1.0427760849668681,-7.707491718,0
2.295239149,8.901951690366698,0
1.5995075685161844,-7.757194734,0
2.248957341526303,0.22372263253599556,0
4.572238946989911,9.803850285845833,0
2.6624917646288093,6.847899976,0
3.8327752049360186,5.889764573957983,0
5.446478836284683,6.987770707087421,1
2.016462774369671,-6.570207301,1
3.8250813405363484,8.951738497469076,0
2.732074609681217,2.3499947503587126,0
2.0562776061518377,5.931520649440827,0
3.7012559432782686,-3.936292181,1
0.007755189,-2.332680216,0
1.232318347872299,-0.53943194,0
3.9064821407960575,7.403876191832708,0
1.9298719947634324,-0.271842719,1
3.050266991881644,4.453256260462862,0
1.9774186484058869,6.813921307199994,0
2.8062112930394894,6.793891704340162,0
5.794567325740693,7.3185212588907085,1
1.9087726683270676,-2.144903249,0
2.076122644156106,-2.195440188,1
4.205557928551665,5.491265231984791,0
1.092843214777837,-2.78903094,0
2.4622921855292588,1.4064160326674884,0
3.358275612235129,9.801541468030155,0
2.5873389585434956,-2.771268594,0
1.5859196701024207,9.162090748440708,0
1.8189539846420282,6.5901487771965925,0
5.358534617445187,5.212639636137572,1
1.7099639655875467,-7.200658554,0
1.0795348297373968,-1.67536885,0
0.013582844,-5.55178012,0
6.315164336196644,5.774390564174103,1
3.696081833769906,-0.2171893,1
1.3770792192790184,9.322455108743515,0
2.754351033055482,8.473279136349142,0
3.423137831365292,0.8039003556903506,0
2.1393062516761243,7.4373701717678316,0
3.0778559525276914,4.788163003,0
2.59468425,-6.897442269,0
1.102467267868253,8.166074308457564,0
5.259303304567414,3.4380344450823017,1
4.9549528272425505,1.144740622774549,1
1.1216270036024998,-9.607674087,0
3.773841669479464,4.339923154696017,0
0.7150873697413618,-7.172075671,0
2.5598363520735843,6.587097105320769,0
1.8538720591411872,-7.822286513,0
0.3412094884883152,1.1707852771058853,0
4.933094310402201,4.940145505713659,1
1.5834921278624772,-4.207619323,0
5.253065737299771,-1.488695057,1
2.9327030837551784,8.423073001763399,0
-0.013983711,-9.221979048,0
0.9361036608317683,-4.192130508,0
3.1179791585238354,6.659504015327812,0
0.970727365,-2.019420684,0
1.6330717386372369,-8.257372698,0
2.5622600194595924,7.343358128995462,0
3.0921302129146095,7.909994447229018,0
1.5212577433329892,-1.651951019,0
0.4037199277176532,-8.043206787,0
3.437004405153052,4.598083937336174,0
7.094570319862036,7.115904908,1
0.7764331204996407,-6.747459935,0
4.12856185,8.682777234612693,0
0.8215012438068887,-9.589762253,0
4.035732638027877,-3.688267817,1
3.374313653,-0.899947538,1
0.17147874776642535,-1.401970963,0
6.161733210587687,5.364761288326891,1
4.127057602366065,-7.541755434,0
4.188058779378064,8.232939224560813,1
0.20888758650628025,-5.176951371,0
0.9978256601355597,-7.947822781,0
0.5646141644172213,-7.127851455,0
3.177648604384315,9.045580040477354,0
2.1449832972483494,9.350123911061235,0
2.7017699285625514,5.6639505233854095,0
2.4315681372858022,8.954158312172765,0
2.6542080675893227,4.728446026838224,0
2.953780233270421,8.193655670364443,0
5.273796562959492,3.6271964638885823,1
1.2464734366591026,2.867457261599025,0
3.250942137766083,-4.732506979,1
1.507180684414131,-9.389603307,0
0.5987281055978309,-2.76295679,0
1.3740198109721988,-8.863768972,0
-0.404093863,-5.714052066,0
1.516253073067724,-8.358534699,0
2.165955735446661,4.958084869773673,0
1.793402878835232,1.035276782088859,0
2.9839416598009048,6.79052193,0
1.4102674540837028,4.500624266320347,0
2.777778281865826,2.869998436938399,0
1.727292172131767,5.386905445986077,0
1.9979145640064582,6.381375973798026,0
1.0746367946418047,2.4415237780325256,0
2.952913073261073,-8.041363246,1
2.853926421602103,1.478034171359642,0
2.1012402659289613,-8.57351312,0
1.0448397560041043,8.134329012197043,0
0.947981724,-6.061094562,0
2.0685912485535223,-3.432370696,0
0.46864713,-4.456804784,0
1.319882422,5.328029117874324,0
0.3270420269592612,-9.427732049,0
1.6762097132222027,2.613760300793821,0
1.6962111800715816,3.132187318179092,0
5.749209874625017,2.9126253527982264,1
0.044861778,-3.010234976,0
1.9347102687390185,2.0254910060944944,0
2.2750907806621514,-7.338758563,0
1.5334997761212128,3.202254067361528,0
1.5206913820334464,-4.754266085,0
1.3612375043731115,-1.693426079,0
0.13765285514633452,-8.794654478,0
0.8409833926584858,-0.066996709,0
0.35012849873072815,-8.161030999,0
3.7182703511926922,-3.364034402,1
3.003041124,3.884603442949997,0
4.031967469215206,6.738331982118105,0
-0.199791697,-9.988814912,0
2.623922110917838,-1.523031733,0
0.8832335631783996,3.1912263475340623,0
2.9489270597293378,3.4672679371196544,0
3.942746481920728,8.243256209209203,0
1.927270138069885,-8.274038327,0
2.719161480614251,2.9060845307266714,0
1.400474128068673,-7.966157025,0
1.968452818655854,-4.13519501,0
4.047350804050797,-0.200007784,1
1.2842858007689257,8.786105765010007,0
1.2103272319809242,9.894886159,0
0.48188451746812877,-7.354286451,0
2.420915371985765,1.4496223936624553,0
3.2601386750964556,9.847318732453292,0
2.082688319480903,-1.635363719,0
-0.163207922,-9.047490219,0
4.5812706603155835,1.5600188017034036,1
0.5737515719704553,-3.301402961,0
2.8703749786623796,2.0682726475199242,0
1.0264582573101608,4.540071944645742,0
1.401565252593631,-8.008997987,0
1.9637483087166556,-1.616852759,1
2.4681342068847227,-0.228314557,0
4.866766135419467,8.287891090910346,0
5.3124839045378875,6.008470936947582,1
3.7376879078327496,5.862640743235854,1
1.9652994659521636,-4.820401864,1
0.7215353387708313,-6.703081024,0
3.1502651811839124,0.5479764344616367,0
0.6802404252289258,6.353638349819285,0
2.2688402245615316,0.767397485,0
-0.856459602,-3.14573109,0
1.616661122940143,1.5872873044142466,0
1.0612068286295677,-5.894506297,0
1.2468223347309229,-3.878747752,0
6.097404623322615,3.0712606535116365,1
3.6508808485815467,3.6320768366415486,0
0.37362495697585496,-6.914344549,0
-0.184561189,-2.552586281,0
5.465924510215497,6.0730623667599275,1
2.372951548253288,8.001758918416567,0
1.0170338401072443,-9.263416112,0
2.4796664515704334,7.106061763381124,0
4.931388437627826,7.558782533709916,0
3.327746709,0.31801216384388376,0
3.3412981970954574,2.185051978421061,0
2.7509895494405328,-6.203734198,0
3.8080105567996716,6.684458469572906,0
4.130120139549222,4.185758716893114,0
1.288697688158544,-0.77081422,0
1.5181547280580407,3.6501195850941777,0
2.559905181958169,-0.455638292,0
5.395421595795255,9.836278628,1
1.1619984095211988,-3.354304954,0
2.001756211382896,4.052267803,0
1.4899744811044664,-2.377751414,1
2.611244187638002,9.066833294,0
3.2998886671158076,-3.662862661,0
2.8730480969263827,8.882379000370094,0
3.348731947316481,9.524251371095925,0
1.7562341410783862,-8.057910274,0
1.8101853526484657,-4.025862134,0
0.20314116247942626,-1.888694572,0
1.8078979378688458,-9.866445278,0
2.950465221245275,4.210121513587575,0
1.1649583063478992,-8.844217187,0
4.0895829005224815,0.6417826797049457,0
5.474179709243486,4.8994432463631465,1
0.48006142002016094,9.370068464384666,0
2.7189697902967316,2.7807268021408476,1
2.683827757256638,1.1410325546672944,0
1.6742693270227504,1.4659032924417588,0
2.0655215466375205,-7.993661382,0
1.9132190239188673,-9.678691003,0
3.109252013103184,-0.226689241,1
1.7604704037588195,-6.800146089,0
3.090297177317029,0.37211517095914104,0
-0.775269232,-2.833389371,0
0.868108747,-1.710368123,0
2.200686443634029,6.997732904885446,0
-0.400907105,-7.256166353,0
2.5563257308147938,5.23031322,0
2.620164068853848,8.956330978005585,0
0.6776604765417336,-8.745577849,0
2.425645696,9.585497576651328,0
1.587897182501785,-5.760353094,0
4.014727318766164,1.506494442025609,0
-1.692091835,-1.401529427,0
3.416137226565234,0.004386538,0
1.0586121419825252,-1.450097452,0
1.3362950143969718,6.668782716094391,0
1.4917406087466645,2.136314514478652,0
0.8690710967358788,-1.256229914,0
2.179070082683589,-1.368109216,0
3.877991327750948,7.806471964274309,0
2.685473903906942,7.002883395,0
4.91008587,5.0815902619164035,1
2.6906899249641083,-9.807174135,1
2.15823203,-0.166121854,1
2.053465475817254,5.523854427619362,0
0.25597631035445356,-9.915982605,0
1.9597045337152947,6.911854535099128,0
2.3615268056610805,-5.699070923,1
0.2827308244938006,-4.02492573,0
0.16981495618174924,-0.283905154,0
3.0780264379276137,9.340279725563342,0
1.8212867503494998,9.898164038838317,0
4.276168641537197,0.8635286578661656,0
-0.160214776,-5.028036944,0
2.3790919523363456,9.057105802,0
2.9640063378503703,-1.898965629,1
1.606847311653169,2.479777914402332,0
3.856210816216668,9.329178697664865,0
-0.175263471,-6.821682617,0
2.7509827290126028,-6.988476167,0
2.4431007096554844,-1.403344467,0
1.8652730885572668,9.917232564127026,0
2.692214927109756,2.2591476740611345,0
2.557774826648799,-2.178606202,1
1.803639122,9.407455064628746,0
0.023164701574342028,-8.05304476,0
0.010377214,-7.284835991,0
2.5342689616162124,1.4450108899995158,0
1.855632058900011,5.917055656880629,0
3.7632889378289613,5.476842828880722,0
0.8240714207939387,-3.764212315,0
-0.001670847,1.8643284630672774,0
1.8138405675467264,5.712334429740341,0
3.226228039451934,3.7765798576562837,0
2.7363978159994717,4.451677093018173,0
0.7928740954144919,-1.444011036,0
-0.037288307,-5.784000235,0
4.228383815532324,6.149336137404461,0
1.5096552615404568,-8.641313706,0
0.6527067839892802,-4.390007547,0
3.082978124842134,4.4587440434020955,0
3.64092997,1.897872983,0
2.036208541911691,7.845955737821338,0
3.4558444003111135,-6.399398376,1
1.9622595274741066,-8.434511876,0
3.853507381631732,3.1162729242613025,0
2.216551344059047,-1.326952158,0
1.4666536972407735,-5.001069743,0
2.242776253183838,8.189798049590166,0
2.626231298992777,0.9211242919982432,0
0.17564617630116253,-7.809795653,0
3.2953326441406667,1.1829377968349686,0
1.528136432929206,6.649633679152384,0
6.047542455234022,2.404966659297582,1
0.6789672630024708,-9.914808084,0
0.4362152088416239,-1.041225555,0
5.122168257933265,8.761466186247898,1
0.42973134477716757,-5.108525592,0
2.5241645188734254,2.9434387209870057,0
2.3664234413466883,3.738308976389062,0
1.059200486321986,-3.439720712,0
3.380600743161038,-9.167871526,1
4.6541992591881725,4.965258483303236,0
1.2443198799856503,9.706720792715029,0
1.7221328610078865,-4.742131369,0
2.786418178706369,-6.775727065,1
3.2919590539491894,5.173730957894467,0
1.7362695945419375,1.1257837317895287,0
0.5634252651881236,-1.725552656,0
4.086681251729692,0.38608259266288414,0
4.356234930662242,-9.36231071,1
3.298248808387615,8.634650645271158,0
0.677292466,-1.91899887,0
3.7263552325902096,3.717428052265685,0
1.6000734401594037,3.1508534665346026,0
3.042428882,7.8260437054237535,0
-0.085028952,-7.868270508,0
2.6120001415701557,-1.865353096,0
3.8609196153824157,-6.085870957,0
4.123959892823638,2.6480842969361476,0
6.177379612725431,2.720594592635326,1
2.6854660377701904,6.497010067455189,0
4.508498251180661,0.6047598101902061,1
5.276538032177229,5.306897508217144,1
0.7485676705955271,-0.955374297,0
3.020022324006184,8.628825103638007,0
1.930932828215065,-4.510455462,1
2.395866716684589,-9.224819729,1
0.8664324120519509,-3.574028665,0
1.5748598794647946,-6.050619377,0
4.577427151602319,2.738881832,1
2.4213608859043685,-0.9325579,1
2.153079660607527,-6.872564294,0
2.2507172969851563,-2.765102223,0
-0.191223589,-2.849944428,0
1.4916474489480471,-7.303774402,0
-0.004659734,-2.115300462,0
2.609609899,6.509136659221472,0
0.8345427508629605,-1.830984356,0
-1.110619847,-2.748476602,0
0.9549710805152651,-6.918554645,0
3.7058260103784972,-0.105368117,1
1.6625471821545164,-4.720782826,0
0.7803026610529875,-8.254462537,0
2.749689480659651,0.6380470276045216,0
2.8897062872916446,9.543013616600554,0
0.9838580010369661,-4.631236799,0
4.700453029905956,-9.154039735,1
5.900980457240828,8.038729191920684,1
2.3713030099069123,3.1712767062812866,0
1.687309577286882,-1.077960513,1
3.7811770469103365,-6.874914036,1
3.1183694492762006,4.671777620796085,0
2.8203220208966244,-7.65809367,1
0.3326480371971119,-5.232276616,0
1.5064610781041026,5.175998929622272,0
0.7848832735804963,-5.362245482,0
0.7214376536804734,-9.709624481,0
3.540253131118482,4.121935457,0
3.2116621177748224,8.639873992,0
4.358347421,-0.880084231,1
2.068605815121026,5.576317236541632,0
3.2094488105107066,8.211066131,0
0.9739596104577246,9.345093004590407,0
0.11488535038037584,-2.265476323,0
1.3225095933095279,-8.662675323,0
1.779235019846391,4.6544898960254635,0
0.749476107,-5.99818144,0
6.148754954276692,6.392555933682807,1
4.446437716384375,-6.670706558,1
-0.213598629,-8.399326884,0
2.932690784756899,8.405558828748873,0
3.868125190390927,0.733014372,0
0.8076802536822275,-7.042412481,0
1.562909607113602,-6.205692909,0
2.3262125238166957,4.523162189935011,0
1.4878494588321107,-2.377251396,0
0.7232950052525899,-6.344226006,0
0.4735033919938696,-0.133247941,0
0.3325369102954415,-4.095738119,0
5.582663122607648,3.930270039870491,1
3.970525326771699,1.1459315535441679,0
2.6484704196887883,2.0927557636288086,0
2.669790915458686,-9.731261357,1
-0.845831983,-6.996453818,0
1.270334939496157,-8.677046999,0
3.249366896119237,-2.165800504,1
1.9197553474025884,0.9362108167012693,0
3.324650493487755,7.8544345968524745,0
2.5994454822366966,3.129598718317922,0
-0.816278376,-2.70762982,0
1.7675278854976963,-1.020453338,0
0.084968552,-3.461624829,0
-0.36567341,-5.777881525,0
0.5434527839692538,-0.506521429,0
2.712954033847732,9.537286312208607,0
0.3648579435097987,-1.252600553,0
2.6974184945112354,4.189397409600623,0
1.3701649636980429,-3.475738501,0
1.9316357280062233,4.316806727964973,0
2.2976089993010804,8.441344911339979,0
2.292211023805793,8.431726391268292,0
2.7682419103031206,3.4788107155066896,0
1.1183446344816088,-5.298077411,0
2.9930637538181135,-7.707131057,1
1.2022284738014948,-5.184387864,0
0.4121980499289676,-5.259004561,0
0.4718565353659673,-8.996508558,0
6.763914878893583,6.982857871,1
3.291232076515572,1.6817004444375812,0
4.673976396981199,1.1267915545294684,1
-0.541655644,-2.126153288,0
3.4214792783842034,1.1698582189428652,0
0.656942613,-0.112611565,0
2.655503599754811,1.4280230286206255,0
5.660060064761345,5.765622723558021,1
0.23999032872525938,-2.615647366,0
1.4352824857067108,-0.94824269,0
2.389454662893907,-5.100937644,0
3.9624106457072847,2.6708117730239582,0
1.9284339761215175,5.399986434,0
2.5953875862517957,8.669966110921038,0
2.4245189397880087,7.702635387640587,0
0.29446798987390876,-0.125830337,0
4.188085056496777,8.440528870219598,0
1.8741354933813796,0.445952452,0
1.7020333507212904,-4.752455962,1
1.1837672021418888,-1.324325031,0
2.498146900755719,6.4894542738610035,0
2.2864882617158595,5.595925401,0
1.8804280226104644,-1.491630421,0
0.46095568974027123,-1.634833138,0
2.730183443850031,7.398112012807431,0
0.5640602563767352,-8.467870582,0
1.284690442256979,-7.091592903,0
0.5319035196465165,0.6742101478072229,0
3.162182355091061,-1.528664683,0
3.7147806421971463,-3.161781016,1
1.5209068100477372,-4.817182926,0
2.6557135695889094,6.321542002011515,0
0.167987854,-5.619998313,0
1.244075830759499,2.693321656502638,0
-1.597628675,-7.677233918,0
2.9129190443893638,7.858757662371747,0
3.038699501964402,-6.19545359,1
1.7270267626870681,-3.906700854,0
0.8617991568678377,-4.826741921,0
3.497645719654222,0.3862103462034767,0
3.308597770809023,-8.532153528,1
0.8648834674483584,-2.342271484,0
2.382758860385568,-4.771606078,0
3.4340584271519816,2.031212434155414,0
5.504618308322464,2.0360174597946106,1
1.1630511452577559,-6.144810995,0
1.917932509340957,9.381847589104307,0
0.1904127309018373,-0.136088932,0
2.839052231197312,5.354769287430315,0
1.8263328829312597,8.079684836805985,0
2.219633175483618,1.1133015211856687,0
-0.751196314,-7.509374134,0
2.9852805482337956,4.616637496201079,0
2.703907988224901,0.1398060331543256,0
2.293344274724787,7.349103607382837,0
2.077970731592947,0.9711747213173432,0
2.238005331548764,-0.960205343,0
0.924725446,-4.717922548,0
1.3338463217059198,-2.684700586,0
1.6267902072981522,9.808991921106248,0
3.0212878746578262,-2.219835031,1
1.747155306987335,5.604102383588135,0
1.594039954752722,3.5709954485774347,0
5.341159451,7.697023824620253,0
3.065283228761458,-9.679337383,0
0.7364395631842834,-6.86970355,0
0.9807280261799458,5.399717693839573,0
0.7193326257686955,-4.413299339,0
2.855483458530786,4.664455601334209,0
2.209562888479992,-1.905097209,0
6.247821670106319,6.299058359302801,1
-0.565996594,-1.808180827,0
2.996588418546658,-4.503958116,0
0.1953480956305449,0.22078016959508062,0
3.1491115573304542,5.780882194256831,0
2.1226901782933627,-2.363130452,0
0.6251326968465873,-3.929089808,0
-1.412167814,-3.704503732,0
0.2261991019663543,8.745724408,0
-0.132771334,-2.345531257,0
6.3173195991911735,2.867023520966139,1
-0.443600334,-3.264827957,0
-0.599083247,-3.956023899,0
5.915292528779418,0.892608998,1
0.7040114873254705,-7.212398822,0
3.0463645908946733,6.165612545514712,0
3.4940750854563625,4.500114668078183,0
2.4223444050090555,6.2201301118795485,0
-0.803983287,-3.569602994,0
1.9237469490283483,-6.123593539,0
1.2119955810056662,-4.609271871,0
2.6593261410027216,2.7835391442059496,0
-0.634699028,-7.287416852,0
1.9985783186310369,3.7123114974692264,0
2.5588662010480867,-4.994241278,1
1.4511581834209013,-7.597454993,0
3.0441880317067502,4.077338287003618,0
4.294885023822255,-1.373315281,1
1.908906594970286,1.509509768220699,0
3.9448460620322927,4.3880591417599355,0
4.979248972805264,4.506739321908942,1
3.10684837,2.9032849206146576,0
7.981376600958841,1.5780549705636524,1
0.5326052901369396,5.153760031293139,0
2.3411650458780144,-6.010962682,1
5.437764551368509,6.300161471853173,1
0.9296382868184483,9.996404305701411,0
5.902406246535161,5.524355450730802,1
1.2196304296939333,4.095444655550473,0
2.3372923976521616,0.564814167,0
0.59808354,-8.304048094,0
2.911609648900892,-3.468200491,1
-1.160344811,-4.496282996,0
1.3425433870624137,-8.987059267,0
1.0179034151525823,-4.621284709,0
6.176329081468241,1.2341063953814526,1
2.2418190498583956,0.1648432842327061,0
5.2124835290023235,3.410101461678817,1
0.10393388397261938,-8.313574501,0
1.8587494431132603,-8.531063484,0
1.5350748230736597,-7.427882519,0
6.875179196944907,0.9558106786053422,1
2.842991781608189,6.160569712425598,0
4.687482961483843,9.694076056775241,0
0.4807781965111615,-8.217185004,0
3.4492281054237175,-7.413634232,1
1.7324358647849756,-4.474348024,1
3.5103470798612997,1.032791884734518,0
3.1710239601230628,-5.604154673,1
0.14427915993055818,-5.892648011,0
3.2080687487794735,6.169465406952565,0
1.7105210264854471,-3.575998002,0
3.246551147401812,9.966927412505314,0
1.1471142999105115,-3.876394998,0
5.0290270733259135,5.463297511148017,0
1.022120057314892,8.028573835434557,0
4.922198393926278,7.976082977098741,0
4.511412834103746,6.438621138,0
3.552380801,3.096879558138143,0
2.6027981423904922,5.385252413451047,0
3.842162424377456,5.711315823545062,0
3.3451827298356456,8.072337056639704,0
1.6077651958244106,-0.201357119,0
1.601381773334753,5.799549686406289,0
5.426926673725871,8.123865611009396,1
4.5795662626938025,5.122825455593285,1
1.5376647034857376,7.431513636027013,0
3.800043381826714,-6.848516114,0
1.8071894650338503,-2.108306046,0
2.198583130860376,-3.464137217,1
2.5977831350932794,9.500436016641551,0
6.121964946987898,9.409695213328217,1
3.0380847132090434,5.2626905364731975,0
0.21794373870253225,-5.354124607,0
1.1172646502945456,-6.991702662,0
0.2607815622928026,-5.925938917,0
2.033851781414305,9.681385245470196,0
2.2418170536829116,6.471323322359769,0
6.492761738416857,8.930589093343947,1
1.8641336246440643,6.499648502979742,0
0.9976131203226707,-6.458947063,0
2.8914264318726635,-2.063283267,1
0.7715933456596964,9.647920601441331,0
0.1598960737625419,-7.274086826,0
1.5639122415158284,-7.399039354,0
2.574797789,8.054655629260111,0
3.7842192188541843,9.580667360539486,0
0.3666464816935634,-3.528746256,0
2.7523998837603383,2.8807526540953106,0
1.9051680397298396,4.19485304,0
0.4807358225985565,-4.047173985,0
4.355976445454334,1.044694098594137,1
0.894974511,-9.190750715,0
1.223533942176073,-3.346239059,0
3.138366867576441,9.486722635618356,0
1.6819073256709136,1.2590331075743997,0
5.014509144915987,2.5803169579426175,0
1.964518057932556,-0.966568697,1
0.5332640951982892,-4.530822585,0
3.3989078869287956,6.794971429426369,0
0.5926223415982279,-6.672255888,0
2.379686356284788,-4.075746244,1
1.5830267477774198,4.101316578797562,0
4.412342527,-2.630680743,1
5.9115363676121975,3.817661555994917,1
1.8193279507121196,-3.560514065,1
0.9803941913937533,-0.081129232,0
0.9484952229315256,-4.89247913,0
2.2311481071528654,3.8903076466885818,0
3.0715966841866993,2.0386884267643506,0
0.5541724638584021,-6.109676077,0
-0.928042994,-1.688761932,0
1.8179162642736513,-5.872012985,1
2.560623740131894,6.950075283089788,0
3.3935925484180807,-3.981239689,0
0.13833964756520234,-6.065562607,0
1.4343512810678465,7.702795139229714,0
2.529908203461932,4.236286974628209,0
0.99047703,-8.784356373,0
3.2678972103060855,-7.190475409,1
1.620500640371275,-0.423472788,0
0.5284795170643245,-7.868161118,0
0.5115796853851093,-9.957924385,0
2.222407438129843,6.237713762222164,0
0.7428509407734651,-0.366604883,1
1.6204007379150385,3.6843414105466934,0
4.761911230380534,8.626742598,0
5.902674680598828,5.134423630807223,1
1.8620245913386635,-3.585216928,1
0.5672275316068143,-4.000453854,0
2.9116710134937285,2.7272643355437367,0
1.2812441316830177,-6.363837273,0
0.39713761384701496,-8.441504308,0
0.6369493942476396,-8.109934414,0
3.2034243341827757,8.097231474,0
4.024794097792684,-3.147194464,1
2.6082984359723835,5.4540721894479915,0
4.993351890419447,2.121178485,1
0.4869591809346947,-0.388577133,0
1.3723229581966887,3.0961620213801417,0
2.881796245978193,8.687276470352664,0
2.3291593761648537,1.228578499812084,0
4.868094051639554,4.864133938591024,1
5.683578338,5.710507242972614,1
2.860202515547387,9.197854204097244,0
2.5432568588157034,-0.789870869,1
4.862927934014706,6.345072524465916,0
3.1370157016087115,5.157213559985266,0
0.7554288692977055,-0.140940221,0
5.299685088900856,0.6965245652331742,1
-0.534679441,-0.502051005,0
2.680529636837168,0.055366854,0
2.764671080957114,-4.380018319,0
1.3628871312424207,8.069235849550086,0
2.2897997216685178,6.339551048038512,0
0.9566689394146434,-1.48373796,0
0.8495842009310799,2.514524406579934,0
4.230096640822627,8.740116863,0
4.695342929806127,-6.573614251,1
0.5043687210601283,-1.997585322,0
6.063452707855152,2.639763224728126,1
2.823939029686511,0.7328983164469189,0
1.8268312532431235,5.154610398546096,0
2.325550075725452,-1.216597917,1
2.4299108949566124,-1.380956576,0
1.6599582592300077,7.901484617050848,0
0.034732523,5.6672943135634934,0
0.6141274371271308,-7.632244669,0
1.612213199166447,3.4590824283545665,0
0.9603660191728765,4.366263882937671,0
1.701913841566773,5.335117533399936,0
2.3937816293551077,-9.386195659,1
1.6894711596295187,0.24872301523555507,0
0.3371774883527938,3.7311169193783513,0
-0.573938258,-1.591678318,0
3.529642573528065,-5.676554387,0
0.5759641457630684,-8.207842251,0
3.216187478080858,6.573417409714573,0
1.454691625987737,-8.85096378,0
2.007647867474974,1.010813993776189,0
2.1326093089217664,5.833914261411721,0
3.781394462304461,4.604457817,0
5.880255186979174,9.427213684539211,1
2.6101544418042333,5.568025992390256,0
0.6217711276669278,-2.709230914,0
2.8094008273682975,3.587416784366077,0
1.194867908,-8.209734666,0
3.913593965862359,3.082698319684166,0
2.514158626106775,1.1857005752484913,0
2.688543838407873,2.922335225390702,0
2.2486108759432897,6.258431642,0
2.103666183913242,7.949518052824754,0
3.0843536154995808,3.2293159434034457,0
2.639260788240022,-0.424396907,0
2.5566945391953606,4.467631120248692,0
4.109193230242938,5.288209180380189,0
3.098672314444062,-2.493014198,1
1.363661165035284,6.789513616848211,0
3.0424275003208163,-6.140296254,1
3.7115447571026037,6.377212829,0
5.424078212980147,1.0518275937814199,1
1.7076570069811354,-5.812782325,0
2.0429064618822066,-8.880507767,0
3.0235137462777364,3.7208022590990986,0
5.645183098082154,2.703112357566866,1
-0.59591388,-0.358028029,0
2.6394893006455766,4.481875463280494,0
3.7149734113923776,-1.510828374,1
1.0432911479388758,-9.423179833,0
1.859428374996463,-9.032828178,0
0.14283340929491795,3.9010660284687066,0
1.8677963543814364,3.399068368228038,0
3.0034986940622246,-3.90725438,1
2.2687970017546086,-0.356259069,1
2.7546017490677075,5.888117694681226,0
1.8532339483739317,8.099231801823773,0
3.7992012956376757,-3.258769807,1
0.9137550550609604,-1.933816882,0
0.9400223301386315,4.881677043457358,0
3.3243268871851552,-2.913594886,1
5.063216208523473,9.494531826368732,1
0.41972826010666453,-5.240218651,0
2.336221608,-7.306272841,0
4.863939009,3.8913023443509154,1
3.7094544396981854,-6.667927758,1
3.432316552928131,7.6911813592077465,0
2.2907953808751467,4.909440786011432,0
2.2618611746458326,8.499569645225137,0
5.300453719032546,3.1471032743633405,1
5.081894286,6.028263520627647,0
1.507837448948366,-4.745704867,0
3.413438091382361,2.865666354949873,0
5.897015760296571,2.9983961744515515,1
1.668650909442405,8.951045509,0
-0.145550283,-7.480705462,0
1.1824410200465771,-2.894524419,0
3.125219379,-0.198056632,1
1.9494002509100783,9.175784366220235,0
1.1759398197605693,-9.78765643,0
1.2538569242098863,-5.020626367,0
3.006373936042845,-5.790887786,0
0.5714555520784526,1.2036504064840337,0
0.48923279675070874,-4.886944236,0
1.744808554203897,5.103996143585327,0
2.7770004361307152,-5.533996324,1
1.4869441191699677,-4.911608585,0
4.8289626742789915,1.677523883837992,1
1.9501956458694296,2.3709971489422834,0
1.3566348939811252,-5.829515438,0
0.7483235235009286,-5.713042903,0
-0.224457327,-0.21735862,0
5.000029716046511,-8.991210547,1
1.856768057084163,4.462498455203562,0
2.5708053209695003,-2.164587204,1
3.0795854803093414,1.9255555297640683,0
2.2654793227537025,-3.534663339,0
5.897134242285859,9.591460051148225,1
0.7183996203845872,-8.45769371,0
6.368339807599628,8.089361990672895,1
2.6003355465453892,5.148125387424535,0
1.9852829020352145,9.252670714341683,0
6.774844418,4.324032832065001,1
3.5212797692044786,8.895144366,0
5.158163242028376,0.3404222875490568,1
3.3562029361957944,4.327860549124772,0
6.281936784611361,9.774254265142044,1
0.5905364506157822,-3.914646477,0
2.8538788693055923,0.43136300385415893,0
6.046691905947112,2.7948106749196437,1
-1.043850287,-4.824648083,0
0.8516191807026627,-4.698811996,0
2.1408353887665585,4.377138106105161,0
2.5810160096320454,0.5979982611911261,0
2.199027322143003,1.5900920636800304,0
3.595287479180233,2.5556249929455443,0
4.1731338165262715,6.688632475813932,0
2.0337059560137574,-1.232197899,1
2.485587412928163,5.736330632564799,0
1.8164828086245857,-0.113709487,0
5.426685739902993,2.244985667,1
1.8370703938529944,4.074214188349568,0
1.076463383996046,-9.710905759,0
4.2177902122427575,3.7966557274206103,0
1.4993354230870652,9.528871495,0
0.984878057,-7.418587033,0
3.504240019252398,-1.470314346,1
3.942046551828965,5.382985816939385,1
2.353600772584752,-8.707479334,0
-0.188219767,-0.540773299,0
2.981662916487841,0.6511766817079696,0
2.8853371583254184,-3.468190255,0
2.1295087571452154,4.8610078456762515,0
3.427946745728287,5.754143388490105,0
-0.298701336,-5.891544841,0
-1.045272511,-0.674513564,0
2.3594675880251645,9.949534607770435,0
1.6429184434072805,-6.961360556,0
5.797146993940052,9.931532107333357,1
0.7277381690732585,-3.358681768,0
1.7877966147439617,-1.748190239,0
3.163949444188576,-3.698034227,1
-0.137416738,-0.782805211,0
5.385013350439223,5.873910692655439,1
0.9398242463836766,-5.768699603,0
2.2574512962209234,6.591518589218591,0
2.726077070748052,9.871500562935555,0
1.288804077521478,-8.78566861,0
2.444698021599599,5.685849625450569,0
0.5380358733521524,-3.77701293,0
1.1196284636857012,-6.387444437,0
0.7927347852149502,-1.456767797,0
3.580866934468223,6.87999752,0
2.756470504172276,6.501124559763781,0
2.9078759294954204,2.055681104876774,0
1.8721912684764441,4.905132763554382,0
0.8986758821441891,-3.551181823,0
2.196129192069923,-1.693834093,0
2.1899364265105863,-2.792456539,0
3.2979573923321697,4.299296030282898,0
1.5480175118972759,-0.479833619,1
2.243606035534155,7.936545558156741,0
1.0972140871770721,8.441759353507749,0
2.6838088541321343,8.044678019064257,0
-0.105035347,-1.718146356,0
3.2244605414543135,1.8928709449889052,0
3.29365533,9.479571600959368,0
7.2329729810757035,6.283462048874192,1
1.6119039679544693,-4.144547162,0
2.2520966246112115,8.103436286008716,0
2.5536216946140584,-6.369149254,1
-1.105996039,-1.717185418,0
0.568041549,9.624716855577596,0
0.45147862451925524,-0.613146057,0
1.0983745587596783,-4.83066854,1
2.0271207444115125,0.7046144774139549,0
1.1153155750689434,5.645113987176964,0
6.067055923222849,2.2276432721216217,1
3.5412762654543886,8.579651818054813,0
0.4072275491024324,-1.787872361,0
2.3208104878555367,-4.469269547,1
2.1099436891011583,-4.763376822,1
1.8108894925794923,-0.035777751,0
3.190250901105501,8.988323058,0
5.173032872278262,2.7989046945992975,1
1.916185551202953,2.5340293452722378,0
1.1811262779876766,4.603884369267753,0
0.8087816212597145,-0.629842042,0
6.517757864892641,6.520913450763231,1
3.4710471287877254,2.6976882870257626,0
0.5425583964058751,-8.312760383,0
3.832035211588248,-5.253935858,1
2.660926356,2.2670153512286166,0
3.504455318711817,8.295537730960252,0
5.462678529851467,6.114707689424375,1
1.8172204591255394,2.3020879307628324,0
3.5247712838069543,2.3098779830121927,0
2.588137114390445,1.074876561564766,0
0.30782381794436653,-3.143784902,0
-0.892890419,-3.433480432,0
2.2534077919726316,-1.127564276,0
2.0759834294420623,-0.81231532,1
2.873445931592821,2.988705648932509,0
0.15064998757837378,-0.404734365,0
4.144429180480405,0.5580863992633347,0
1.716330718853745,-8.832028933,0
1.7130080809276493,-2.962453868,0
-0.581652627,-3.258999285,0
3.071871361985898,-3.876638005,1
2.283467066147186,3.171098405959265,0
6.087460099002227,0.072863088,1
5.271595126898545,5.587374746716755,0
0.5365579267911695,-7.720521384,0
5.144540404687426,8.104100552,1
1.0281347917985708,-4.644597162,0
0.5193267174375881,-2.426513889,0
4.057613904181204,-7.24121489,1
-0.202442724,-1.345471975,0
0.1064775923918948,-1.700876357,0
2.018673835652075,-9.338918052,0
0.8232742878990655,-0.140156488,0
-1.095185123,-8.25005049,0
0.7881887070492432,-0.344636038,0
2.293292713031407,8.727159518978894,0
0.056279379,-0.816153747,0
0.498265073,-3.844747582,0
5.226743031525167,9.372931338648616,1
5.758598390837559,3.901647447885532,1
1.8720098465287993,0.36133802116291847,0
0.7576269354795272,-8.119377369,0
5.473117397390822,7.698742271752934,1
5.415575708124278,4.493348412509059,1
1.4494080628870862,-8.453900844,0
1.9676670875899525,-0.613925358,0
1.448718463863671,-2.184059011,0
2.0382285886823284,-1.33247484,0
6.0430760703838775,1.206844885091753,1
6.258429301619847,7.760988515008307,1
1.3008204680495112,2.608318765735344,0
3.490214123825627,2.1746615136838727,0
0.9121911724928236,-5.125280852,0
2.326245597969382,7.586897072911537,0
3.278297560120875,-7.559738794,1
3.3251635091943705,2.2498053742239232,0
1.8946676582724302,-0.436060715,0
6.8196495712596095,2.6868202336164053,1
2.854820833178084,9.392124465499045,0
1.0462596878380774,-5.895521458,0
3.6244983774544997,4.208487945574213,0
0.5992802067885523,-4.135202018,0
1.0168118154336587,9.724686368121905,0
0.35100659834353287,-2.170581439,0
1.677977363778247,4.796580675309663,0
4.413988970504253,7.347472234814941,1
-0.227708864,-4.318966126,0
2.0644349725024123,-4.126155161,0
3.0383781969230164,-2.047515451,1
-1.509113739,-4.211610747,0
2.231629915935026,4.047483320684668,0
1.5527780765636665,9.353007258577087,0
4.490270238700924,-9.618050079,1
1.3744316771306542,-8.085619989,0
2.6560507629614514,3.1510671763536084,0
2.812461481093348,0.5784323503421245,0
-0.007150248,-5.74745384,0
1.9309867249948647,8.659361806,0
2.465783770402985,-2.42993806,0
6.303988624974415,3.8123464961622133,1
2.69523487,1.1785298306479408,0
0.5383692550570647,-2.713680946,0
5.816824155616799,1.0143108987908107,1
2.7560560546322583,2.7475093168488627,0
-0.087544208,8.059910774314691,0
2.1734160725165905,-9.987868404,0
0.4356563696560829,-2.850699687,0
0.12546717270916163,1.9497875252300023,0
1.9850576024723505,0.3562350672973853,0
1.5529874792417144,-0.33797239,0
3.1488900463058673,2.0915419974836684,0
2.795242584714584,3.3070770032043324,0
3.3044614733532374,-8.387599965,0
3.01187161,2.7328364605454887,0
1.260538966,-5.936026414,0
6.4273781274581365,8.100111986060856,1
0.8482458685248294,-4.504762155,0
1.0419990722874801,-6.65608862,0
-0.77724735,-7.048559304,0
5.884217891,8.598117460284602,1
3.1735693645598277,8.356339420729032,0
1.427380071711422,-6.712625167,0
-0.998037354,-0.166270873,0
1.4903784897745476,-1.786882718,0
0.43425668272036566,-3.518357392,0
1.6278302699744551,-1.309300001,0
0.36321880464756573,4.445017903585635,0
0.6751466835477776,-9.804523328,0
0.8352453662873637,-0.189691336,0
2.0284634980140814,5.141954233733532,0
1.4362270271572226,4.300784305625156,0
1.180291204,-0.809739416,0
-0.025217376,-8.564580206,0
2.3145731499636755,9.907679665822918,0
6.262117694961759,-6.975514614,1
1.472601589779477,-0.088078766,0
2.1197611612371525,5.777611914553237,0
0.16269774442065144,8.190688219590406,0
2.943154373269492,4.907458272226737,0
3.308092205992413,1.4442018968651933,0
1.3896424306651731,-2.96788424,0
1.2647721178788247,-2.45441405,0
2.6849427685837313,5.151383128836786,0
2.859386934,2.194041324515908,0
2.211773829295721,-3.271324442,1
0.7579508124418091,4.192362476693889,0
0.1636364035940414,-9.076209165,0
1.2278365626706047,-4.624166511,0
0.770288446,-8.94467831,0
2.5887280573658913,-7.669102234,0
1.7457549825509884,-4.439644702,0
2.3690219665032837,-7.768664933,0
0.7169127970652605,-7.982879897,0
4.218564800926934,9.721549327856323,0
2.8625309201297666,-7.779679274,0
0.8102029892289742,0.7877165529608003,0
3.5034734384036907,1.6523283956446981,0
2.027188091515195,-2.805115489,0
0.42469550985242444,-5.834383664,0
1.8045708330505026,-5.834195997,0
-0.080810102,-9.434250919,0
3.213328264040508,2.1713366059285715,0
0.8427589483192581,0.4331047045128287,0
5.541952885439171,4.371218888880229,1
0.7899858037161911,-0.908266338,0
7.232662213778822,5.414654752,1
0.8243847500054289,-9.399638713,0
-0.464820972,-6.725222538,0
1.7964968228153384,7.033410380442351,0
3.301792369456595,0.34679782311251195,0
2.1342814215923727,-9.380130524,0
-0.045705517,-1.29085075,0
1.011111942777959,-7.94803506,0
3.0458840591804477,1.9470879484863968,0
6.5500226406340385,8.839632223731716,1
2.106844246360711,7.923544587282546,0
0.9611544036059249,-3.578308973,0
2.4337193715326566,0.39307260195098515,0
6.300527557032795,2.8010123669544473,1
2.904807293054331,-2.849384492,1
2.103658171413697,2.553489241877326,0
1.8036610968333617,-0.315621839,0
0.8882757515781672,-5.121750985,0
2.452698908210163,7.651723829878552,0
2.9633033100092248,5.30997217,0
1.3897980918765587,-8.975894617,0
1.8435378733233247,1.0456754011325327,0
2.2929824086161386,2.361796825602564,0
2.951725157671383,8.856242751730388,0
2.995527777405967,2.0167456466939964,0
3.618852940625469,9.746681390907824,0
2.192817025911929,-9.316702162,0
1.7732672772166183,-0.234577267,0
1.9043889853581275,-1.906722875,0
2.7751409016120414,7.542630795160427,0
-0.221005987,-9.34579706,0
2.476393148028622,-8.617765849,0
4.984573688813723,1.016224055373998,1
1.9514665965626334,-2.698544701,0
1.4547436502769737,-9.55501999,0
1.3408205168264868,-7.786570855,1
2.3055626266035403,5.177039936441737,0
0.7167210493822305,-9.095510713,0
0.055699738,-3.756482577,0
1.5228165912855522,4.268417443957226,0
1.372974374530259,-9.215017891,0
4.232159274455784,7.0156360980456896,0
1.071333039141976,-3.221409468,0
3.121507250555956,2.637542690392845,0
0.6012295782327151,-5.938942913,0
0.8110086240187551,-0.036949313,0
3.4516830836802397,3.3207475484189715,0
2.3352679970786463,-4.040525381,0
3.565281716249775,-7.386302552,0
0.014616005615351146,-9.645731314,0
0.9232632097602147,3.1099222425665207,0
-0.461047143,-1.553740843,0
3.5138812471956764,4.905067899370945,0
0.875368896,-1.643431568,0
-0.284894964,-0.193430836,0
1.9609499209138777,-7.916408165,0
-0.121258468,-4.439087773,0
2.724147143895011,-1.113365566,0
1.8289973623377456,-4.454924869,0
4.798437477609982,-7.521693714,1
2.9935761391199027,9.483805234887384,0
3.6970212308513313,9.962974155086908,0
2.657255891688152,-8.837182283,1
0.1810987793506298,-9.767603115,0
3.949914896396022,8.784878422682365,1
1.1163509589408944,-6.690878,0
1.0461009727093211,-7.240895887,0
0.9045180196692247,-3.759928775,0
3.917881812598454,5.004392245379275,0
1.1549907506389498,1.8765860249657962,0
1.339440247,-8.18236801,0
2.0245580067565467,0.44583113403092156,0
3.2722946470194247,-4.683679232,1
1.5820616662706355,-0.60501263,0
2.766910104609875,8.795347472657753,0
0.16657625460263592,-7.446425242,0
3.694120990439384,6.640601799507401,0
1.864995640640712,4.914086589480888,0
2.1818331744923523,6.3248216665503385,0
1.9678250122241496,-0.533806318,0
2.5100321223955793,7.170898318797224,0
-0.077433282,-4.573306005,0
1.3276357991259027,-3.033797539,0
0.5257419753708611,-3.440497082,0
4.704275256097433,2.688099721754698,0
1.6981089503225575,5.779596310225223,0
-0.404024725,-4.06515655,0
5.989272067,5.965105203890866,1
3.286916105673282,7.386731890560352,0
-0.466767992,-5.305033332,0
-0.127896486,-3.612035681,0
-0.071699061,-2.625532074,0
3.2028734482085595,-9.010588751,0
2.4806259316786288,7.253663060875525,0
2.1116373712709247,5.573038815899821,0
3.2522769536744423,-2.394395436,1
1.9556241260059828,9.707596479209847,0
2.9332326937271187,3.061669063655664,0
3.4013829520329484,3.2150057292721996,0
0.8614179902306393,-0.867365319,0
1.9568483168006652,9.166319136591888,0
0.4839891754746013,-6.662915572,0
1.9109339619480061,-8.489044256,0
0.8987162159680805,-8.056226185,0
4.191435890068147,-9.931203527,1
2.589560159406628,-1.762162468,0
0.6562481046751794,-0.563822195,0
3.4970729251222856,7.6476244523240275,0
5.056950715615995,5.644126886222921,1
0.4017319524126438,-2.908872936,0
2.449004253438769,9.117384998667433,0
3.9411189535805593,5.226835093600394,1
0.3263606417421956,-7.979439169,0
3.480654398033149,-2.093982906,1
4.368459726750416,8.137280905440115,0
2.025108307,-4.616694363,0
0.8439753937078558,4.640836048180594,0
-0.038269819,-7.873414697,0
2.3194699140733293,-7.241507575,1
4.574219835689442,1.8401335284152722,1
1.086269677396559,-5.660245913,0
2.2455332028942196,-9.158183308,0
0.3077236312080063,-3.43770792,0
3.5513121121534548,2.1763845326289406,0
3.1941703084257096,1.7230144495020294,0
-0.672979927,-8.769137503,0
2.2404173075375704,0.7352205656734867,0
-5.11E-06,-2.636533694,0
2.4043670896651315,3.2767140713840153,0
2.608297773255683,8.969787921763533,0
3.270210296488854,-3.814011849,1
2.033798964566559,5.431144770034971,0
1.1010275412948805,9.403998746996805,0
1.9290033024153805,-6.274113428,1
1.0869556679274632,-2.634545109,0
2.4866871259182455,2.8919110793183833,0
3.4545307196049313,7.3816894473381325,0
1.4873448478955833,0.6345387860434464,0
2.3252388788220304,3.128267807396469,0
0.5296796353800641,-1.572867278,0
0.5656890480497849,-1.481864844,0
3.1809611864701974,4.508434133541254,0
0.9269324411134438,-0.559775469,0
0.2036635641698027,-8.304161253,0
2.1624386385305803,9.710386122552663,0
1.272000124911575,-1.607510788,0
3.601268236277873,6.943599462582359,0
3.166528640147063,2.036926403,0
2.0667115919479953,-8.742255213,0
3.9659668483772723,-2.94868598,1
1.5347883902759563,-9.355155564,0
5.546845620205059,1.8412457582298014,1
0.8515394025822363,-1.561464091,0
1.3143423235093645,-4.091118831,0
-0.452961871,-6.20904626,0
3.520615555667013,-4.259921217,1
3.4120129232179597,6.780590002692069,1
5.203000331706015,-9.748513785,1
3.1209508768007854,5.187469549070769,0
3.1513035918814003,4.031074272960144,0
3.008737971134272,-9.09608181,1
6.625285766027298,3.397142315824894,1
0.9594958926536583,3.2123881436246897,0
4.089000045513464,-6.659571888,1
3.6383429774332576,9.986635150867844,1
2.3285451590566084,8.066468930989291,0
2.876768975353989,0.3543138710141651,0
0.005590982,-0.470644679,0
2.1612051739811857,1.7811329557255995,0
2.6336869153385956,0.3936385011756336,0
2.1693026186195503,2.1868949625065994,0
0.6912475049460745,4.780620420592989,0
2.714563835814236,-4.071373835,0
2.2065303501740123,-1.168914877,0
1.3065352627362152,-6.512255767,0
1.079316286223564,-9.235537731,0
2.0017815841482163,9.224700052113313,0
2.873452203963305,0.9360211636635913,0
0.7956093442051568,-2.041674591,0
2.9753330423252926,0.7577408598005171,0
-0.0103306,-6.460285423,0
0.6998509568961175,-8.55747207,0
0.061356307555618605,-9.996956814,0
2.0992727114479828,6.982612065914196,0
5.861753272030285,3.8966817741130093,1
0.6848837918653682,-4.149046543,0
0.9291140581865122,-3.261328595,0
0.8800419608667305,3.025519873677318,0
2.3541110140236996,4.562895434560934,0
2.5370122458932944,9.924416280911196,0
0.8195855964320713,-8.752683837,0
1.812953805314761,6.055104494144558,0
0.38842396561363834,-6.862950132,0
0.5510694509330454,1.9857820123114518,0
1.1769516333357308,8.535791871,0
1.3343516144418957,7.508055972,0
3.797062441956051,1.3355344370638722,0
1.7387171366158793,-5.6791675,0
4.685418193410904,2.2114314975024136,0
1.0619012337266638,-7.189819301,0
1.7631489416500283,-4.250106687,0
-0.900389877,-1.322804178,0
-0.525908211,-5.080511578,0
2.7580683016511998,6.590470249559395,0
0.20285561889208803,-6.247837521,0
3.0461064608409147,7.4939872280588595,0
1.3247054703130645,4.866976739789127,0
-0.603981589,-2.67363064,0
-1.423496527,-9.459604974,0
3.5296313345943915,3.0639073299706823,0
-0.04609278,-1.513658753,0
1.5630834308296087,9.285538199112398,0
1.564572007,6.164101043718247,0
2.6456922417995656,-7.549999909,1
0.2777094606950392,0.5552891018732495,0
3.1430876169483306,1.3793633043340687,0
0.7583806219220871,-6.808510526,0
6.4842725545449635,0.6023508133314586,1
0.014868015099740006,5.551158776371782,0
2.695975106415035,3.7679243927461883,0
3.7609898828018613,-8.984449463,1
1.7001850822080957,5.8321021834590745,0
1.5430249441459083,-1.796621887,0
4.030386371564896,-1.80310709,1
1.3316387889023378,-9.102323268,0
1.399884185917501,-0.245009973,0
6.052312512069725,7.5963774576313625,1
2.408866403812425,2.1140743273931513,0
5.687130905081618,0.5335448076872673,1
0.5555012559485599,-6.450552308,0
0.48128756413669005,-4.33317272,0
2.4337566901965166,6.641121239593634,0
6.614247004418929,8.472642732250023,1
2.592700426454131,4.951361889525199,0
3.7656235525336648,2.4419963007312333,0
1.603527752766331,-3.159569109,0
1.277877465244993,1.3513316263249209,0
2.2130427634083887,2.4755117885143196,0
1.5711531161236028,-4.59995782,0
2.878618600008058,-8.922007577,1
-0.762329947,-8.158282323,0
2.4808411963276646,4.637199812830337,0
2.5842421180118293,7.316133426034387,0
2.535921437570225,3.971362364557651,0
0.8614609106950877,-1.683937034,0
2.2587292468165856,0.2706862866696529,0
0.1969596020662716,-4.498885759,0
0.018421259098085785,-3.931843572,0
2.738648681686182,5.876738929762457,0
0.815463938,-8.268416278,0
1.6423119546860598,-1.245157548,0
0.9433210283788178,9.315641087031334,0
1.4964409536192051,-8.785499938,0
0.9746968352197937,-1.309309868,0
4.0325103094860495,9.858936360744163,0
2.0154342186371546,6.702673904831066,0
1.651480832318121,-4.659668616,0
3.1212461236856046,7.763551286118492,0
2.1595716518895234,5.045851078387528,0
4.611403089476244,9.462974486968978,0
2.645435531263092,-7.28266873,1
5.728978808958692,7.708306348610833,1
1.2522320415168677,-6.363444257,0
2.8175146311256314,0.7021193158888988,0
1.2809886882023847,1.5147359192229093,0
1.5931475994126536,-5.364966576,0
1.2774772599435449,-6.148171238,0
4.453168737482168,0.951882647,1
1.1952989619050003,-3.941233868,0
-0.08345076,3.9605179995004764,0
2.6194982078721036,-3.03653075,0
2.833041096304387,6.6801854677724855,0
0.9636670686977096,-6.957244236,0
2.072875366475335,9.115706135863096,0
1.1559514647175106,-8.798791886,0
1.5573924428977353,5.432826703930287,0
4.392843805401632,5.133390536838601,1
3.1906777496813663,6.080393351566013,0
2.4042804701121727,1.6343065361425353,0
1.9370780741460591,5.6599182181686984,0
1.589993392992924,-5.023324501,1
0.8639265017812864,-8.770364982,0
3.064527711,2.9940540626806484,0
-0.136142885,-9.821003836,0
2.0291081044301724,9.580023004105293,0
2.699865879,9.916988476142787,0
4.988911605642518,1.2568002452167608,1
0.9812193097936506,-9.781694495,0
3.448725709,4.422227563451578,0
1.6577919338220597,-3.669531586,0
2.3908747626867917,0.6525376170661552,0
2.3861532898485636,3.5328517410643947,0
4.550067916,6.042104030652741,1
6.255955991333509,1.267474518936627,1
1.931236737456507,7.712970335608578,0
4.764829654503587,4.621821264532803,1
3.6833456226966907,-5.166195736,1
-0.687656829,-6.142505128,0
-0.497628007,-5.656819895,0
-0.400907363,-1.69702336,0
5.278778301286306,1.4750182788285944,1
1.1696012537178981,1.345455647060355,0
4.263599538540543,7.226306207445713,1
5.655621578533505,7.633564567853959,1
4.973283540749896,6.507025507225748,1
-1.395940728,-2.028113645,0
2.0927924431464904,8.512722534,0
1.7279206688057047,4.963975098667451,0
4.401216808,3.775072784771208,0
0.737102651,-5.083964789,0
2.666362431856862,7.897960139916883,0
1.6291239653002267,7.185055620459316,0
2.113713309068244,-8.226610902,0
2.9593634396185453,0.018601285,0
0.5287446354555341,-2.618711915,0
1.0278218340828544,-6.443259161,0
2.857030980918901,5.853601926716374,0
4.839150066,7.914570030977533,1
1.6931248774528131,-8.463594924,1
5.500772009787108,6.7143955649420235,1
2.5040014644582196,-7.664999469,1
2.5189393433581317,-3.477344966,0
1.722645666065617,-5.847649316,0
1.4357758409573147,9.548780793659418,0
3.0331129764788973,1.9618739021040277,0
1.5802121210980702,-9.931598727,0
1.449476780265699,-3.780268531,0
1.938469317319083,7.441060242965136,0
3.3137923333081267,4.741949003524638,0
5.920790677972346,4.248256072296677,1
2.864549307478547,3.80807253,1
5.205744248273293,7.106389141133661,1
4.011424072079258,9.944811928503285,0
3.1393369487916476,3.960347374600028,0
1.9833041633580542,-1.801819011,0
3.531417235219018,9.486577840634432,0
4.460111151473015,5.898262249989237,1
4.6983000526530105,6.545717263105374,0
1.6598816043798834,6.8045238515743804,0
3.138901904798795,4.134003227355356,0
6.498336080824099,3.9735564250390425,1
0.52964644,-0.701818806,0
0.9006029151382986,0.27159824556627576,0
1.9673097006239344,-7.319154089,0
0.6909860244275063,4.282366104315811,0
2.889240925999329,5.227577753656972,0
0.73227694,-6.550694442,0
2.3667063016951224,9.870993165035816,0
1.3814931401845885,-4.899079137,0
0.687095693,-3.525301486,0
3.3689369001118132,-4.366576139,1
1.836426394702643,9.905722320256729,0
2.2604403489096008,-5.3934014,0
0.6386919293587652,8.134246863,0
5.070036114576207,9.450059037,1
2.021520061342548,9.710313405265133,0
1.8570989401633806,-7.378283519,0
5.786404752391595,1.0422079449388129,1
0.9227191903527103,3.7320052975978424,0
1.0630327391876737,-4.815326521,0
0.8414806365108842,3.6981557724671426,0
4.665157335613582,1.2026948152687726,1
3.057247222685484,4.474694318183758,0
1.5543794724417581,-3.139285297,0
2.483767218,4.090011922313188,0
1.363972546128863,-5.663264371,0
1.0758461166596835,-8.037943621,0
0.773751797,-4.233030242,0
6.133310330713696,1.8783992534690341,1
5.392510362,7.058679241320707,1
5.185157257037222,2.5391690751188793,1
3.0728703695175303,5.702335553720651,0
0.49220144134000543,-4.225683763,0
1.1311350258595718,5.229518850434653,0
0.645234266,-5.877439163,0
2.5841066522305134,3.8619442815190475,0
3.066147548689003,2.848501481935326,0
1.0129005621352707,1.066160504678864,0
3.2787091955245047,8.755095606,0
3.587878311022945,4.360029913997286,0
2.916029924707013,-3.897458717,1
3.4733020642735166,5.763010222779146,0
2.002890447,6.179976274634203,0
2.370106327197644,2.3546868228128695,0
2.817217161089233,-0.894007912,1
0.4922851536453964,-9.140680368,0
0.6364482092038596,-1.415015776,0
3.631638461600372,7.983481686704636,0
1.9727303487972354,-9.977105222,0
2.8314312903627146,8.806319589744643,0
1.5926026964035516,-6.626009127,1
4.419893093379587,7.8992878196779515,0
0.12394763229345951,-8.645632007,0
0.9884846367322027,-8.692211219,0
0.8449063830472732,-1.351823047,0
3.059814874444012,6.048384348413418,0
4.212190279,0.42839477677000026,1
3.6537185728594093,3.5226545538007557,0
2.250576895063642,2.922191827,0
-0.061070533,-0.29495264,0
1.1872618451627266,-2.65974331,0
3.1920941229414077,6.5006164720536965,0
1.6079610801560604,-4.988429088,0
3.6425562921535217,7.054250595887115,0
1.3904677735757278,6.023558505262638,0
1.225318147127606,-5.537550263,0
1.0293551472585316,-4.380235442,0
0.8528270139363234,-2.008680472,0
3.4396071184788166,-3.797342588,0
0.2544763267818404,-1.175854392,0
0.7441933298753955,-4.768235266,0
0.13517149904521975,-0.436086649,0
2.380876185972195,4.2265694772460005,0
2.8358629196766354,-9.877430478,1
0.47774181020610584,-3.327952635,0
2.829907755,-9.792577548,1
0.5840465666252797,-6.900271381,0
1.8665313555328509,-7.155910258,0
-0.682565279,-8.341017776,0
1.4156994719896279,-9.556019854,0
1.8590768270900233,3.953674020733862,0
2.198757658,9.263027894120484,0
3.0872152394580885,5.975881870911577,0
5.348476835629208,3.094966370881245,1
0.6650172732814181,-9.071885034,0
1.7455955085819517,5.985879316309234,0
2.764937729510262,3.230349782721426,0
5.152046544250045,0.5639633273700149,1
3.350299846145412,-9.293814485,1
2.553977445959974,-5.236073577,1
5.810471101215512,4.211534459873887,1
2.3760601816299927,-8.681173285,0
2.928579278202244,8.230815132083592,0
2.772255492581003,7.159402537403242,0
3.083018588145454,-8.483625266,0
2.016966681910076,-2.105697475,0
3.390501988375723,-8.208296293,1
2.669985733133617,3.558484310502557,0
4.8292280434116375,7.753529947247621,1
1.793956757580126,1.7365610013243398,0
2.3827997315321294,6.32497269,0
0.6693170557155106,-1.341042863,0
1.6347160077348821,-0.452158553,0
2.0504171618242557,-1.249951621,1
3.6724023925833604,5.251716684265089,0
2.4000051399544877,9.087686218,0
1.8331816404132404,1.3751096550614967,0
-1.069633702,-3.254340961,0
1.5278392051255105,9.321467068992867,0
3.312853366385525,-0.463651271,1
6.233739668563365,6.961916382605832,1
3.6097422466957614,8.093686336351272,0
-1.051377304,-5.763925732,0
3.0165827855448946,5.3561965964343194,0
0.853525928,-3.119978887,0
1.1663617081479885,-6.91465282,0
1.3485336947022373,7.804735058848159,0
1.1897322087470656,-2.09376864,0
0.46495102792062326,8.173743539847141,0
4.514729363687029,8.703610540726036,0
2.980844966061786,5.953045638379299,0
3.6005424117701432,3.228975646266541,0
5.283285758094784,5.390115057222104,1
2.068375521300789,5.3104936169771335,0
1.4315689190101404,4.198976370553279,0
1.3556684134616679,9.747328252924671,0
0.7081453310041341,1.6368424953190264,0
1.9701093646953787,5.716227342083336,0
5.211292021954316,0.5255975395819448,1
0.5425608186507612,-8.069406078,0
0.039820109881813726,-6.182879807,0
3.510659001257163,8.754780681451027,0
2.5871656779868983,5.875882736648359,0
6.048403669,2.6438408505210482,1
0.099229794,-1.891327124,0
2.335074084002719,-8.036442503,1
2.4351384063089196,8.999616446349897,0
1.6896023428264253,-1.1839967,0
0.828981078,-3.094352843,0
2.7330070960835284,-6.883842154,0
2.2576237020099774,4.229338358343009,0
-0.317815232,-8.499829457,0
1.3269884475604226,-3.494640109,0
0.5375813251635237,-5.670137954,0
1.3991724029675432,-5.583093008,0
0.7612379008178324,-9.236981637,0
3.0732787926293135,9.396380570210106,0
-0.761840447,-6.26215782,0
-0.08725349,-8.906436661,0
2.9592054947238897,-1.425143533,0
1.8181269397928386,3.7647682753083807,0
4.332750099629626,2.8795288086802113,0
0.061479862,-1.925558354,0
1.5478842413108587,-3.554977261,0
0.8771153610153795,-5.97069051,0
4.083205810588544,4.808406646576248,1
4.069876817,9.776042631850974,0
2.904229777934028,0.23406129360914107,0
4.436560257785439,-6.487477215,1
6.572098781524851,5.382506022205142,1
2.504569796532143,5.375277032122298,0
3.660514378798156,7.363522284363718,0
3.236878148320646,-9.491585777,1
3.2158010461359945,-9.400143345,0
0.8163508954732368,-1.236280437,0
4.986742620660257,5.843325895812292,0
1.3193794240885153,0.6131972319185603,0
2.802410806082047,0.054829212,0
2.8065677211940954,-2.405109093,1
3.467307019817786,5.675556875678765,0
-0.809421991,-9.051221817,0
0.48659278268219053,-6.604790709,0
1.257945989745803,-9.084796497,0
5.105177801605517,7.412052835317407,0
3.901684373104539,-7.248475562,1
2.8840585695363226,9.812431797,0
7.049732321205813,7.207722031603726,1
2.8978479579533736,2.9387116070039117,0
2.7447345487080668,-6.41700464,1
1.769611427406197,7.5925592028037485,0
-1.178261772,-2.942385426,0
0.7291869856790762,6.180029585,0
-1.074408857,-4.01162806,0
1.5345270554844226,-7.278299165,0
0.4046067065911567,-9.079309771,0
2.567794838226528,5.9271797490211675,0
4.139741512,-0.263196019,1
1.835396286666916,-1.946441359,0
3.2307536811480997,9.917736810150004,0
3.1884815961930064,5.275215488144916,0
1.5765993838105623,-1.456723365,0
0.7996822206166163,-3.701635713,0
2.4397855131601434,-8.640182535,0
1.5232790393872135,-9.657123041,1
2.023314320737976,7.312828887816416,0
2.780994554109011,0.5124477254669308,0
3.187167026131236,-1.070699846,1
6.791931499544019,2.7643372518845677,1
1.1124211303991571,-2.847872406,0
2.510413613674161,1.2414860853230714,0
2.636800868734758,3.877420412806874,0
1.594392664187036,6.620172229060607,0
2.668656212605734,-2.657737592,0
1.1921690512275924,-5.328372201,0
1.3164331012309591,-0.577410047,0
2.544876058235374,0.6823346050809231,0
1.874900013,0.7382540149896677,0
2.8617090760126036,-9.057980059,0
-0.881007657,-8.73015377,0
2.671585056344512,9.838252995,0
0.7833069206156458,0.9243112348969404,0
1.3959740521838853,-3.407110098,0
3.3870161900016624,1.4344823173752967,0
1.9428210195306226,0.030666305,0
2.0680414833545173,8.558096486996845,0
1.056181385800828,-4.623748016,0
6.009833627614272,4.417575946815033,1
4.2078392501111965,7.431219050877576,0
0.3338125939746909,-8.956846764,0
1.9778080055599316,-1.628745049,0
0.9025150206414329,-5.715453306,0
1.151447874,-3.600452297,0
0.099722492,-2.657977555,0
2.224000042260709,6.733017542584431,0
1.8179256681729559,-6.380813202,0
1.5171867567972677,6.313795297550847,0
3.6874145119683734,-6.429156396,1
5.188976825939816,2.9305150467865744,0
3.5573657651846267,0.27573041131973675,0
2.208785992977169,8.377715372808854,0
2.593100755310288,-4.406393209,0
1.693027458211724,-5.710851124,0
