Y,Time,Group
0.28361425898586057,-3.614415802,0
3.181495047312542,-3.064196007,0
1.4016192639806568,-4.109261115,0
2.0196319495500212,-0.706695546,1
1.0326275642309068,-1.806226511,0
0.33939299737303197,-8.085789762,0
3.5116888868717746,4.343697162881764,0
0.6830596587210029,-0.542650498,0
2.2756054454577406,0.9785002892065826,0
1.641248371,-8.887868307,1
2.7559356348597928,8.603702801227627,0
5.950095235082554,9.171061072712924,1
2.522467990061371,8.196758203,0
3.833974274090309,9.541193260659373,0
1.8231150982559043,9.429587480646003,0
1.831461561980632,-9.534525129,0
3.833506421738428,8.819709626113962,1
5.7562475845551155,3.731775067,1
1.7305271236943447,-4.326028608,0
0.5498159511931394,-1.53106397,0
1.5291119882180197,-1.389241092,0
0.8631649052190009,-8.146339593,0
1.246097941983389,-2.542444086,0
3.9993189916819905,7.1692171728614476,0
0.8008260303074227,-9.269226077,0
7.054612404304864,3.8171208912797745,1
2.0577330970531813,-8.658621456,0
3.705957977272507,3.5527012174533983,0
1.2148940179325725,-8.464562944,0
0.6609710722613515,-1.134247506,0
1.5737336293329314,4.499209885653814,0
3.481075553573956,0.625818776,0
1.9657540257986752,-5.542351535,0
3.8307824032766704,-7.720407123,1
5.573768452667532,2.373625109181356,1
0.4422138685469619,-4.29477889,0
1.89397472,-9.12591251,1
1.7073357678600758,4.605618333577777,0
2.785391788162366,4.243760580317357,0
1.249840357132756,-1.08447472,0
1.1129198010956796,-2.41657985,0
1.8671724037699309,-9.783622198,0
3.3528752738878635,0.25226049218250957,0
0.12593481203841617,-7.013793732,0
0.5147550680784299,-4.81448858,0
1.6650046376096084,-8.39006568,0
0.25180774802503547,-4.923038778,0
3.1367140312861257,4.480874670344562,0
-0.27249295,-1.679806192,0
6.063339715891903,7.139778727388514,1
3.2392766138000972,6.590704834608228,0
2.978853987567855,5.232350636614909,0
1.4529070370156105,3.6308444069416375,0
0.9227186190852922,-0.817003776,0
6.1255107643987685,2.3410310659942795,1
3.7441408410953723,1.8829378970100485,0
2.542723519765838,0.35737859695989194,0
3.329542170938038,-1.153667066,1
0.5059891210572511,-7.766830545,0
3.034159068,-5.48352665,1
4.035049675552221,8.712494933353984,0
0.8428458384133486,-2.565128544,0
2.5478991501702777,3.925772972024376,0
1.8140311133173557,-9.116182167,0
4.570995222798851,4.199939120636584,0
2.0390621094565238,-6.424925112,1
1.4543936453098143,-2.339341702,0
1.3936739125426383,-3.720822016,0
2.5617493735221863,6.580074451041412,0
-0.910793021,-6.723908643,0
0.47804480932238025,-2.271999321,0
7.132917358306801,4.985314253,1
0.9711569162875795,-9.672157352,0
0.6859267436858638,-8.558390726,0
1.8717026201293168,7.986801005245013,0
2.247496742194294,1.0515351808836293,0
1.8031994305708592,-4.406790594,0
0.41641771965805874,-1.530466732,0
2.3535176736017105,9.933937323,0
3.3152890879757013,9.063085115303632,0
1.5553863268721666,-2.956461347,0
2.710855524187111,-6.108388899,1
2.772300346961701,-7.721036673,1
2.2203065214106754,-0.715903876,0
1.9018741927290823,3.2151545265409283,0
3.638989912637064,0.7813800552580208,1
4.574739294424155,6.802386216441651,0
2.8004484507395864,7.298681201858479,0
2.631219675039714,4.7897873469958085,0
4.552494360811258,8.289671673124577,1
-0.898356611,-1.821715888,0
2.417169376153164,1.780202687,0
1.498378753,-2.035702939,0
1.0466280978997384,-4.95821784,0
6.139079955404089,3.9626494741327196,1
0.7904040491478062,-4.984906283,0
-0.177100467,-8.816564752,0
6.446377033582585,5.292827072,1
0.9555127591684636,-3.410791949,0
1.1676338221376303,9.919127872590384,0
3.808501419834795,9.466444807528003,0
4.732446722541724,2.0102735069281223,1
2.1072337412754316,-9.983162571,0
0.098849537,-8.963417226,0
1.9513116885539432,-7.024811744,0
7.338342888861107,9.985948339889998,1
2.461720442125395,3.410807413236423,0
5.712423718573612,8.018508170670831,1
4.499211186063333,3.8877481038192627,1
0.45744034441009485,-7.516980097,0
0.4464462513439448,-7.134784782,0
2.267528483939657,0.43900923456329366,0
0.4987696702049921,-8.5335313,0
1.2265437068096465,-9.956414311,0
0.17741182996919125,-3.803784641,0
3.5332939820060583,8.702174844953838,0
0.5465100529513993,-0.544999482,0
0.867086533,-2.898119776,0
3.163566148121988,8.575742094,0
3.1621809544579733,4.8740362,0
1.8816250893753659,-4.120731162,0
1.7353655666424115,-6.400370317,0
-0.081174494,-9.013388011,0
3.716967016876408,7.345533031,0
3.034427998441233,4.018619288845803,0
2.8816168692473854,-8.575878189,1
1.6448035992075432,-5.982220417,1
1.9629927367126716,-2.413180354,0
2.128989184678754,2.166171280933174,0
1.6375618124198317,0.9588373275978217,0
2.979984564471604,7.952430836,0
1.981023716315058,0.7052759797114447,0
-0.22364167,-6.531226273,0
1.1100632938204158,0.3169695011619016,0
1.6850593946477226,0.8327625595385477,0
2.066371610719841,-2.754051927,0
5.717650902578472,3.6461059366498247,1
1.1889687432773741,4.8397192327857255,0
5.455125878,3.2853342079785275,1
5.191330581345973,0.7171758321395458,1
2.698296798894051,-5.638658577,1
-0.844712498,-4.213791043,0
1.225941785267806,2.9941940390594173,0
2.2039103229734454,4.369448955,0
2.5607369015270525,-0.409166591,0
2.084736019910498,-4.925205513,1
1.9851205286742766,7.160454596964094,0
2.975345617085739,6.399242941067882,0
1.7917100039658451,-2.694310433,0
3.1642999995104497,8.772211956635502,0
1.2345506668635617,-8.300842992,0
1.7101822804198323,-9.866096579,1
1.4186366069824563,8.143848285734926,0
1.2668465192370546,7.089667698298186,0
-1.910624752,-6.940404284,0
5.875954919433999,1.8428292452642143,1
2.4962535639263317,-7.886401322,0
2.452664321979483,7.5956972363867905,0
2.963356594545446,-9.111734298,1
0.6550715407977246,7.873818381966522,0
3.9354218379169623,3.9409609519298208,0
1.7854289626912663,9.933566923017914,0
2.741379906149696,5.8861002405910074,0
1.9812191072559013,3.491008400831161,0
3.009531097672331,-0.436605383,0
1.7118650102635917,0.9877688831452041,0
1.8076285013181788,-2.211891933,0
2.649152096352504,6.202544535158939,0
3.220702259093901,9.142240492038937,0
4.182926435,7.177323668260524,0
-0.018037673,-1.854975127,0
-1.390301309,-7.75980063,0
1.304671564776402,-4.278438298,0
-0.214646026,-7.224117928,0
3.6976695806895705,9.552986114771361,0
1.4558742484657303,2.5413706098330984,0
3.545309121707869,0.7247502916992392,0
5.166904990077889,9.568266013504196,1
2.808884970565055,2.337823176252577,0
1.113174177,-7.429658926,0
0.36743109963657483,0.11256697796814308,0
3.66844177,-9.950749675,0
0.7554412767080918,-3.231015247,0
-2.146679977,-3.809585605,0
7.139301213453387,3.5165033025330867,1
2.9911478434188723,3.9678845991134715,0
0.6290593527045758,-0.405449864,0
4.127516630466642,8.922585572481665,0
-0.995296577,-6.123997951,0
4.884292519,0.7595396461013628,1
0.5550348982338067,-1.88291964,0
6.239395608340174,2.9211985214528102,1
2.5101141856661653,0.3687591725813242,0
-0.342329763,-2.848796427,0
5.698029872531349,2.3907527408720757,1
7.938989228861249,8.233412999968177,1
3.4753867680180752,8.539200586192798,0
6.824811532120743,8.283967765358604,1
1.337381116,-4.435670717,0
1.697201292270751,5.446535765,0
2.4472388022886755,-5.46157031,0
1.7524914917534882,-5.077695494,0
0.8596978647912108,4.512036136017933,0
2.3624370623329454,8.618296402783997,0
-0.693561383,-5.978127689,0
5.138776443418518,9.581537468494702,0
-1.074444674,-6.783838423,0
1.838937307683675,-8.867955195,1
-0.636016347,-9.856440702,0
1.192749087446503,5.775260980872233,0
0.5778534983099651,-8.349278791,0
1.5548570854341701,-5.098370968,0
-0.536251143,-7.992576658,0
2.221017631887671,-2.325012888,1
-1.069048352,-0.44123946,0
1.8044368238554278,-8.644024502,0
5.289733377923999,6.119165431864239,1
0.7904885234101958,-4.628337711,0
1.489708111505225,2.068844093110938,0
0.7846442865609394,-7.634842396,0
2.129734836092326,-0.447298561,1
2.5963996989509623,8.989045203808274,0
4.7841272854681725,-1.261875314,1
1.280808190843507,-7.745865136,0
-0.480441095,-3.649420342,0
2.319119649060395,-9.784258648,1
2.747348930400622,-4.964006423,1
0.613853603,3.652993928828163,0
2.4989698983609907,8.397444549,0
2.1429890493733583,2.6924990284469636,0
2.9745081345089677,6.892004239,0
0.9431314920131392,-7.334012775,0
1.1227314327421571,-4.406135973,1
1.4194245746737972,0.5122657475734105,0
0.8628644286697182,-9.629689224,0
3.456257672534573,-8.680706483,1
3.390503076,-4.660914658,0
1.672250888,2.928191842114236,0
1.9354565219422868,1.0844489740787555,0
6.257672694,4.339495667379365,1
5.838383469308381,6.003764748846802,1
2.0519413196419807,8.122491495041189,0
0.32894436086053014,-5.827443059,0
1.0057175176999078,-6.435319473,0
4.760431790003592,3.2352151928019968,1
2.9300238246638117,6.091130035885616,0
-0.288358136,-6.336838247,0
1.6128812651946105,-6.269380763,0
0.5718211558375805,-6.608378664,0
0.7167914131779521,-1.992544436,0
6.112560804480009,8.414885949843384,1
2.3246223885747854,-8.814032193,0
2.3839094427405447,-3.781268788,1
0.3664715269521993,-5.07840729,0
3.419988488509153,4.858640484470271,0
4.079988743016448,3.695217587215838,0
3.5858279085978753,-9.681542661,1
1.9971886898492794,-7.105065921,0
-0.455588103,-7.926399157,1
0.8567539250649012,-8.97892818,0
1.214558117959111,6.579662058222091,0
3.4341494198467037,-0.569449548,1
2.022897749825648,-2.446684178,0
1.2790149818319867,6.548507099103148,0
3.7147280895272603,-7.617019767,1
3.1263277238178877,5.339076062043876,0
0.3336624153263692,-7.00039854,0
2.2174516633603023,3.9569345880050104,0
1.1530072190576326,1.4226184708115603,0
7.41503885,6.400686832800599,1
3.5179599185312984,-1.481299855,1
1.7106169173774703,-4.765291868,0
3.1090263350949017,1.1211735265551503,0
3.813700725810787,8.627233355831613,0
1.1378424868801735,-1.371740645,0
2.8993829357542578,-6.170741504,1
0.38169227477350287,-2.429800983,0
1.3025289797953845,-0.799844186,0
8.633316286625135,4.374866855754927,1
3.175959045205394,4.602928576058483,0
0.8759684133882066,1.2953695507007659,0
0.031488206,-8.115734894,0
3.7031943973511536,8.417118661898854,0
2.5034177017386656,-6.245140345,1
2.5786670567543815,9.424256689195662,0
0.014021559597986344,-1.452140634,0
5.443155786868688,8.685917175846253,1
4.233168534355405,-2.04279074,1
2.7499116006685864,0.023562642,0
0.6382691975743889,-6.037099733,0
4.799259320179585,2.711032557547501,1
4.053471567167264,0.7383491582507258,0
4.568936370265357,0.092518898,1
0.8466542329689775,-6.567878974,0
1.6851634470367762,-4.184540491,0
2.491084922323072,-6.597679413,0
2.003802301689739,4.217423292146783,0
2.460081027704708,7.279948430353251,0
2.1139558219476426,4.405902272755053,0
0.6989830006017155,-4.346044843,0
3.0879288896720323,5.820628142910083,0
-0.463940102,-8.753155018,0
2.2266802183123517,7.804516909566143,0
3.5950996555213495,-8.887146356,1
0.4051949813467638,-8.491387733,0
1.2680333456308102,-2.141400439,0
2.4147155380758867,-9.276274113,0
1.1893638371519093,-9.838936785,0
2.002121871550015,2.7582998427294463,0
1.8222460965983949,-5.785854046,0
2.6830910952217195,-4.731762622,0
2.3660741968978622,5.8098078867648155,0
1.9277242689998944,1.250485731479083,0
-0.325509434,-0.447013113,0
0.8715879727106641,-9.573785898,1
0.6037983839391137,-0.532248228,0
3.0963133536172256,9.216871406501546,0
1.7840653854283548,-5.976780518,1
1.3466419544566424,5.138358457,0
2.4574394400974895,9.236711799343265,0
0.8618824282378706,-6.384543777,0
1.7646784836395426,1.3533212356851525,0
1.866591092492337,-8.981206048,0
1.5885294440228854,3.980574631,0
5.722765693351428,3.791538811634858,1
2.259092495445084,3.044320172104939,0
2.6758673165669307,7.030675021461104,0
0.9793142689489409,-5.419509087,0
0.1321826631635339,-6.999001322,0
-1.037120911,-5.391436959,0
3.240527466941038,0.34428722397014155,0
2.895593166600515,1.3081415478622649,0
4.860338019156779,0.8589411096108677,0
2.209717938513711,1.004502518285868,0
4.4960001253183925,1.428890520247041,1
3.9518877487111777,8.249974028408825,0
-0.546451253,-3.495798349,0
1.2315777560709504,-2.134171843,1
5.559896901507442,1.9407453381099202,1
3.203518929380029,8.215305581250242,0
0.6329705193790737,-6.889318951,0
2.3104098682215284,9.706934233547639,0
5.322151216666275,0.3205728923205058,1
5.058238401166115,9.986141729014065,1
2.6134224565093445,9.016306505037022,0
3.851392270740349,-9.116207307,1
-0.936111914,-0.856698337,0
4.819246853112542,6.077015563459682,1
-0.743490912,-1.201799494,0
2.995931519814271,-9.810502358,0
2.461902470854388,6.422144176902172,0
1.581039721066622,3.884750510370269,0
4.288100031396525,6.522267859366103,0
1.5450829226724296,-8.789052,0
2.547161850350068,-6.76184999,1
2.547507438647445,8.375630602545879,0
0.4497870475487341,-0.014020655,0
4.660330742538809,9.425205950677352,1
0.14153127582566993,9.773053541425824,0
0.070526685,-0.081588764,0
-0.021884078,-7.986579836,0
7.746049412887226,3.088843211,1
2.7398738086966086,4.589255919036459,0
2.4547709001215563,-5.741838171,0
2.586156216017735,5.863801125325345,0
3.220472879150373,3.719243830241858,0
1.506572563697933,3.1896465838398296,0
2.721888638,2.810563936,0
1.8560164545845075,5.198022450969814,0
2.970018612404442,-3.867065002,1
2.254922975098836,-9.673986796,1
3.506029994188726,-5.948689518,1
1.8679424622598098,4.9765664863226196,0
2.4706123591519327,8.853813659931202,0
-0.271682651,-3.407287457,0
1.390843671449597,3.1604667115947755,0
0.077847857,-2.908567289,0
0.7667316104313955,-3.925923874,0
1.7222905984691033,-9.157783395,0
3.5515329251794556,3.6420157867213465,0
0.856375608,-9.782351713,0
7.974956026751808,2.3915163068587866,1
0.24219678583577053,-7.157504648,0
0.11088326669462323,-0.270780237,0
3.4339987828966034,2.465324537796649,0
2.303014489706702,-7.430682589,0
0.8874868003368392,-9.225787654,0
2.548172820834778,9.297584015,0
1.2076998419760443,-3.304108833,0
3.129114538269214,6.8774161102549805,0
5.467882344227564,6.040984296906398,1
0.9300163989632205,-1.683347164,0
3.5262067291247403,4.427835909,0
0.15534458013727104,-7.107228393,0
3.359551937698505,5.610047058779028,0
2.5084974858545133,-1.284678395,0
2.6131168086626393,4.909884865848026,0
0.6866090172129184,-0.7355858,0
3.021946834690799,-0.61737834,1
2.714886090905071,-2.439732748,0
1.5464854157883725,5.177354834143234,0
2.647466152556423,4.4747610108497895,0
3.369143208790536,0.19357480858942822,0
1.8046085176432953,-1.522535703,0
2.690460420663487,6.528736782,0
1.5808903162595418,1.897399049,0
6.273732933839125,1.0439554411579017,1
-0.761523645,-8.620575966,0
4.115779273208467,3.1648722654814794,0
6.801543425498071,7.921040523175982,1
0.4660856859794231,-1.159552909,0
1.829234066913262,-7.079642325,0
4.141606575234828,5.568431890998962,0
1.980065045155793,0.1321014334149737,0
0.4493879491884125,-9.834187193,0
2.7922804384433775,6.005218826419753,0
3.692838555050213,2.5321993766856146,0
2.1486712361948106,8.087217803954164,0
2.282214539689985,8.014161673864006,0
2.198002339729758,-3.990391751,1
1.9842953688557379,4.585038506255362,0
2.7445284083230534,-9.413952832,0
-0.986434904,-5.443559864,0
3.1009734889163116,-7.121655125,1
0.41577968016974676,-1.316984025,0
3.2366933974518197,9.953924187952477,0
1.640074299940635,-1.49091513,1
1.4172292538126936,-8.632375659,0
1.2593896310372292,2.4223320438330997,0
5.018582646049953,8.701614266098247,1
2.351737169137302,0.671713307,0
2.691532847188204,-0.375405493,1
5.503484736348868,0.9641825367538388,1
5.7897825305839214,0.49379111336794246,1
1.079498218753577,-7.134145223,0
1.703994447559848,6.305628809996826,0
-0.08988475,-4.574468741,0
1.723397657,7.376716996909607,0
1.160959262103783,-8.107899137,0
2.4873852052065537,7.094955477721154,0
1.1587166365306776,-7.250149883,0
3.3178751317757564,5.3929639847400885,0
3.401506572456204,4.057412399510607,0
1.827360101856129,-3.735947045,0
3.353575300645313,6.248833030908404,0
1.6165204024893955,9.357162641843914,0
1.6787537013033076,2.471692036661759,0
2.2717744814339293,-9.487461646,1
0.10262879747162801,-7.984615749,0
1.3607682599266133,-4.019114709,0
3.4448025772461754,6.115285386916526,0
0.9308558802364355,-9.191494981,0
3.507367954344777,-2.320635407,1
1.978015968113895,-9.152797725,1
3.7207447918658616,-8.398079644,1
3.7090831383107874,1.9836135892796278,1
2.758147537376992,8.044333913549139,0
0.6731810483954486,-4.575633813,0
0.20063038618114326,-8.020941919,0
1.7378680145696108,9.426908785922482,0
3.0458790300155836,-9.407939064,1
1.7342811678753574,3.2045185587173464,0
1.9065892468639634,3.7874084804562145,0
1.320460351610109,1.798771562900134,0
1.763741338845862,-3.338683298,1
2.420624767386983,-7.104042199,1
0.8303848501762394,-3.648115854,0
3.131341985568393,-9.053215095,1
2.3725504790261884,8.414985122056862,0
2.7224530735218186,-9.587665582,1
1.4747410286400442,-2.949516604,0
2.0375729033963594,-8.371733813,0
5.188418830916458,4.737703781562983,1
-1.238796716,-4.165263534,0
-0.073097378,-0.30697673,0
0.1389500752896462,-2.759013988,0
2.275728116927039,6.782855358042578,0
0.10482437238789799,-0.088673873,0
0.49344810585223764,-9.46304137,0
1.6394624645627491,-4.155328829,0
3.4110407909231233,6.7515196779560185,0
0.30561452832894564,-2.974205702,0
0.16407822172494568,-9.282489683,0
2.0373159075794662,-9.031563632,0
2.083726076295937,4.033420074277592,0
1.862927333497049,-2.788235797,0
3.3783879096907263,9.079081538452915,0
6.648078278545453,5.539539869831266,1
4.0737554505005615,6.673226638306307,0
1.8747707885652298,-5.243375771,1
2.525093163099907,-1.327188709,1
1.1865091257350584,-4.592377475,0
3.5155269693561366,-5.394522168,1
2.8350018205903242,-8.372422927,1
1.031257969713712,5.726624101,0
0.5059407245326539,-3.989050711,0
0.10701191405621957,-3.450582225,0
7.042757068449973,2.7352728703477265,1
0.9014945243878836,4.213941781420832,0
1.488777685118607,-7.755477987,0
0.3874292731709489,-2.358161119,0
-0.485854759,-2.40195693,0
1.3904477132793964,-6.936034052,0
-0.673784571,-9.39383302,0
2.985114199980755,7.047872072784351,0
2.1260153200939396,7.642663093530388,0
2.2700287660494043,2.4093940253833814,0
1.5285374183845701,0.062645787,0
2.969295687600687,8.992296622852038,0
3.1078782296187732,0.16152547555990893,0
3.122176961582518,5.542959134204946,0
2.2389861200841685,-6.703643152,1
6.362963321372362,5.9267605580422345,1
3.052003441965616,-7.867676421,1
2.3717065595991813,6.306591351633919,0
1.2345113734332818,-3.801414876,0
0.6836215535853594,1.595845689449618,0
3.344076974228099,4.483917765520749,0
5.192292352231259,3.2213170596776166,0
1.197283504761695,-2.700574848,0
3.280211186341833,6.959437129597099,0
0.5430358928609115,-8.018611539,0
1.5747421144268352,-8.174245217,0
2.6763198508673685,2.486368747747001,0
-0.116894468,-7.763658785,0
1.2545390522677031,6.674871147635692,0
2.1715919314142136,-3.499078167,0
1.7543123948363772,9.279202578068755,0
3.7584976634767866,3.3590246473030163,0
2.6143758641297032,8.618211845098703,0
1.9228794080916982,-3.330198784,0
2.866348696838096,7.285329838,0
2.915873536781688,-9.833115299,0
2.9073329696036616,6.903669971058257,0
1.439329813,-9.391124884,0
7.012049877677448,6.375035830875412,1
7.4839648639134655,8.354189896409473,1
2.706948788358139,5.120388498075643,1
1.8562488057909485,3.838104143292391,0
1.5973142353992116,-6.433140383,0
4.636119710373996,8.828100505367207,0
3.2200042383055716,7.070114468904801,0
2.475519342779502,-4.354491301,1
1.2242799362349945,-7.774142868,0
6.693922361660473,2.504712573928119,1
1.6484063704987555,7.411075446155351,0
1.1227720971931854,-7.753646438,0
1.5898911114302754,-0.018166064,0
1.9372306200428475,-9.796260611,0
1.9517190288305848,1.3891779614584099,0
0.30723639436425065,7.917272394989997,0
6.6095127307092305,5.468565288261097,1
5.539842054696902,0.1219398285774922,1
1.1755194892885998,-5.402355899,0
3.610347781663222,7.315566251694399,0
1.039548958546283,-2.974094727,0
1.5758165060855158,-3.656847273,0
4.811001344195854,3.5146102685123566,1
5.964632009485604,4.610898261776285,1
1.085081949756942,-8.216381922,0
0.9426993221883029,-2.377317612,0
4.5663813311002075,8.190939221938919,1
1.3725237473415537,-6.342144716,0
1.3004850538844348,4.502762954647126,0
2.215387613369325,0.054041061846785254,0
1.4601853652815528,-8.441507487,0
1.1823816421285578,2.549079511714007,0
3.784421681727885,-8.656413502,1
2.9951948341268744,3.680998564826993,0
0.2923164416326033,-9.100526067,0
3.2188725555129056,7.743412981820779,0
1.6487173222877416,-0.585306362,0
2.6576371321550045,-4.521319548,0
2.037266625646589,2.1198555220933795,0
-0.428563844,-5.424909471,0
2.8904652075256116,7.779159263592664,0
2.0848374042288773,-0.865282898,0
2.8295963676541924,6.380458346102888,0
4.987992627262756,-2.469464458,1
0.8411405387283151,-5.791260612,1
2.505556655307842,-5.418466263,1
3.211679787497543,-3.947542159,1
1.783067129452744,9.013255972604732,0
0.7259688361976135,-9.271615289,0
2.5637839859524116,3.3360271863132347,0
2.3368127020141873,-7.777129935,1
3.817305986637467,9.310111000490298,0
-0.086513478,-3.895605283,0
3.734641049081219,1.6269065278521904,0
5.352396077833788,6.158784872919803,1
0.22122665243707018,-4.294826017,0
2.975181860811006,6.710530199224728,0
3.5862805993941684,-2.798445015,1
0.4742645259460586,-0.994496664,0
3.3191686029543144,-3.568454641,1
0.3496026851964845,-2.420655387,0
2.7982315044518034,-8.816299333,0
3.854663651513639,2.8346283192683117,1
0.7905737461318904,-2.554012205,0
-0.710486497,-3.573910759,0
-0.39123204,-8.999069812,0
1.5646306131368402,0.7740822801292673,0
0.4294310149304984,-3.173674637,0
3.7713602297969224,8.124354494,0
0.4836481900370987,-2.272609478,0
8.133098162779483,8.260209558459998,1
2.292902868542028,-1.391157542,0
1.124512136943054,-6.917167784,0
2.3243145620125745,2.4745791316693637,0
1.7889467194087385,1.4705306428744365,0
0.9669291358582351,-0.094596839,0
0.5232442821604326,2.5099238873615413,0
3.988143941110682,0.9300883367585371,0
2.8986236407703023,2.7495854985258283,0
2.4524188632354953,-0.560149923,0
0.510328773,-7.74189987,0
2.110886471620805,5.117754297691338,0
2.3573447232638083,0.8660210045677292,0
0.6267041346389691,-0.943071444,0
3.701505048819702,3.068185466356045,0
1.9155067389422733,5.606684869835043,0
0.9217251053811978,-7.914607781,0
-0.666407371,-1.206415878,0
-0.190106564,-1.941142108,0
1.218088290287163,9.765789603927537,0
2.3761705804426594,-8.116883111,0
5.734865517159669,0.9769487091506175,1
-2.568669403,-8.294039585,0
3.076982321346657,8.255198326099396,0
1.2852991272710204,-1.121174488,0
1.5357627250771166,-9.550692923,0
5.636965949234105,8.266552259586948,1
2.145792703,-4.6906079,0
0.46999462223239075,6.598861235268277,0
3.1581604388774465,-2.200102984,1
1.0949346574367669,2.539423206516851,0
0.9341052206150475,4.34389618,0
5.042171604139616,1.983302557,1
1.7209642930150506,0.1863253092380539,0
6.385759333297556,3.6932240173730886,1
-0.033425913,-1.760730648,0
0.8137280784169094,-7.393612304,0
2.3111304854953745,-1.29865553,0
3.0580400452711847,9.118113799609532,0
1.0799071628025412,5.254729816186622,0
3.8953274131463123,7.248278675833227,1
0.882469768,-0.438369426,0
0.619727367,-5.068810433,0
2.2025835586308893,8.903676470680615,0
2.5190035021235793,1.9202954280267797,0
2.4029506561755345,-4.034318975,1
2.9011273085007776,-5.791828484,1
2.0726400722018257,-1.446631309,0
0.16452146357114072,-0.472910631,0
1.3974954437300502,-6.118611336,0
-0.032746352,-6.543045901,0
3.5306436267272607,0.22012435506227668,0
1.4733744144250698,2.1865517206218303,0
1.7585977404810988,-2.764207012,0
3.614324054011261,-4.527400477,1
2.0835843112929084,9.715159292968185,0
1.5391166842137856,8.392124821341127,0
0.30198463552613497,-1.66466539,0
3.099325369,9.487927461110395,0
1.2068819534859359,1.946338362422619,0
3.1713457342398526,1.778264569762385,0
4.085464376889127,7.664660356610501,0
0.568406338,-2.412461846,0
1.680331306445206,1.1595092588152234,0
1.5843566302599181,7.185008216097383,0
3.2404255240142508,-7.05211378,1
0.5009127221320233,-4.428273931,0
1.1585386998748861,-0.799463936,0
6.757631276967064,6.019940932226547,1
7.708898557069736,5.5193356311850685,1
6.416419623,0.042598133,1
1.4618789051688132,-7.69956841,0
1.6234064322046389,3.576222294305545,0
2.7333270807155783,-9.782098388,0
1.9754814622956214,5.975608313572385,0
2.6816242327799245,0.20409565502626492,0
4.322219819398349,4.968532610480159,0
2.574372704173064,9.908449685891835,0
-0.059278425,-0.866286282,0
2.5634096445380337,9.911535386323841,0
-0.244809559,-2.870827973,0
2.4847940498238157,6.985269624399365,0
3.251953560538923,-5.283327771,1
2.3426093274387987,7.960660291123812,0
-0.309714437,-0.481874337,0
1.836961712778613,0.16991600484264247,0
2.028013290082896,-6.693732184,0
3.4125207495562533,7.095033163422272,0
5.930653475,0.8736058037861589,1
3.1498128690606335,-0.376658885,0
1.9186278548955649,2.193360430351799,0
2.692428461460882,8.735408589594112,0
0.6088267645630041,-1.917309931,0
2.3777972328609183,9.981563036559269,0
1.4667232176493283,9.062189738179661,0
1.0280621048029157,6.7623331155614395,0
2.8304185542901674,0.5947230228666172,0
5.147088242580679,4.0057396474277205,1
1.3955222528390971,8.980672929102617,0
2.3788339493137967,3.264696300057162,0
1.4550536942027081,4.226100659496035,0
0.7495826000396126,-1.320338304,0
1.132939183705549,-6.542103006,0
0.4644177062310456,-9.835938863,0
0.2843314171883278,-6.845110789,0
0.4341302715375144,-0.083664339,0
2.9899162400183807,-1.028660761,1
2.3777190698033412,3.403807477288307,0
-0.64826301,6.732632947128408,0
1.6395282177840522,7.990381948928878,0
1.8587409431253112,-6.314414617,0
1.9517378004530133,-2.750246355,0
5.477752932,9.773650442888545,1
6.132312037489137,0.9223183645344495,1
0.75663991,-9.635211108,0
3.2477407551664172,2.3736409620295067,0
1.6369244662265978,-6.473900545,1
1.2334146415809706,-6.963481558,0
0.8575083173480349,-6.002860618,1
0.7128273770445872,-0.914208719,0
2.612800405,-6.431162202,1
5.9564934651027555,2.6374164510877396,1
6.558873244,4.950474489395212,1
-0.894048552,-0.400271392,0
1.2140156717276542,-3.173226136,0
2.424704066922774,-9.058213731,0
-1.100839656,-5.045688228,0
3.4343644044200663,-4.475901432,1
1.1890775146671209,-5.918174646,0
6.079816915171872,4.074315797801818,1
0.6836215194225275,-1.433693017,0
2.329211127049335,5.486580118053428,0
0.8164306744038634,-3.353154071,0
4.741410557562615,5.892459123,1
-0.646550697,-7.383048199,0
1.6950957280537164,-0.899302847,0
1.5703681040736672,-9.170849979,0
0.8215965290881764,-0.979582201,0
2.48174962,-8.001792432,1
-0.080215801,-1.012333404,0
1.6120994094943941,-7.353035806,0
2.6145195685466174,-7.17074003,1
0.8550695677525515,-9.35179294,0
0.8696879519728633,7.895141177242845,0
2.0379119293530197,-0.206924024,0
-0.260721513,-2.306704345,0
6.282169095948385,2.888320226994953,1
2.0873982562624316,1.6492504447353262,0
1.1105730611432387,-1.486571969,0
0.686064643,-1.121674623,0
1.5326471130667394,5.269184823832028,0
1.7322175647680034,-9.682801059,0
5.832350881789503,7.987392806837789,1
1.7465536253443494,-9.990536835,0
-0.314660381,-2.493378774,0
1.096511700377139,-5.366315983,0
0.9986740540178783,-5.126453102,0
2.9643250319665477,-0.338956328,1
2.241790904415134,-4.907458248,1
0.805157398,-2.351494644,0
0.692186762,1.6653142809412653,0
4.906201254704582,0.080083564,1
5.108085627,9.570276674803424,1
5.1026595194078945,8.358613467,1
-0.069133523,-6.34498612,0
0.24606896747082807,8.296000984348378,0
0.1916866902677864,-9.578595416,0
1.8362076472694193,1.727126432948081,0
3.6200988259655804,9.119272069449334,0
2.1404749504632803,2.298184637577796,0
1.958188679530427,-4.998732355,1
2.858254976057502,-9.793946603,0
1.0565959417435502,5.721484894959525,0
6.591850007062021,3.808470705920646,1
1.5421639011182877,-8.329984645,0
3.4329473824825927,6.877904227252053,0
1.2990281758008018,7.200722874499277,0
3.264362970485223,7.610851968057592,0
2.3316222079195486,6.8005789551376274,0
1.8030791401970254,-8.225444118,0
1.0868959858845348,-8.137923405,0
-1.203590253,-0.199113044,0
0.5581424041803535,-0.947010057,0
1.2065316354555768,-1.557234209,0
3.8848915746291652,-4.532904485,1
2.048916563107948,8.412899721167435,0
2.9999736277343163,2.797496203171587,0
1.9258009891417287,6.822226989,0
3.411052159044969,8.015330257041903,0
1.1508704134414383,-6.037044445,0
2.070262597701667,-7.323070694,1
1.022708744654307,8.550656122533308,0
3.2133582950788364,7.147101020753325,0
2.199860215546778,3.2981960583727794,0
1.4845811628088237,8.358549708776295,0
5.768207493843991,0.7583167214083986,1
1.0699018990108795,-2.367463152,0
6.286080921,8.241183249059997,1
-1.103376774,-6.692480454,0
0.98796646,-7.961777928,0
3.9465520574779855,-3.622749916,0
3.9020622081765133,1.381963024512327,1
1.8192648691786815,4.734826546259356,0
0.187782807,-1.057625136,0
5.575343137355931,8.099278270300491,1
-1.48616002,-4.531720642,0
2.8672687465032114,4.962490625235585,0
0.038161977378312395,-4.773023124,0
0.13477329105399405,-7.024013049,0
2.306500283552866,9.319323068730661,0
1.5109794181987084,-6.694518005,0
2.168275230375605,0.021296851,0
3.2433546910870343,4.052303986254431,0
-0.274863476,-0.734440329,0
4.7927210491638075,1.0543642979358836,1
0.33714766920097494,-8.999546833,0
1.4137176751301155,-9.984821252,0
1.9887163139214643,5.547511023189562,0
2.4001930895566432,-3.562794055,0
0.9156244976952052,-5.951997475,0
3.4692853612291534,-6.089010928,1
1.2997475205825335,-6.589488036,0
5.4630695681714005,3.031730323673692,0
2.381839474355576,7.9215723110558685,0
1.8986468492475423,1.327596397520681,0
1.6981893747035075,4.326079666877456,0
-1.049554149,-7.290768707,0
1.1058291416309578,0.1960772362548049,0
2.624347193563313,8.820373224497992,0
6.526316621,3.512065075710895,1
1.4041439073806232,-8.127541775,0
0.49677325226303004,-7.330135904,0
1.9372068208380169,7.961112517449848,0
2.3985707562278593,-7.213307236,0
1.5438792474906167,-3.865583041,0
3.3947370842989577,0.5363229925771265,0
7.128420251001882,9.803742126534488,1
5.842189835617759,3.4609945137855966,1
3.0388165894704997,-0.726936633,0
1.3125684443355772,-4.838511846,0
1.171593146933565,-4.096698658,0
5.539291423223879,5.449625462615215,1
3.726894940496063,3.6891259629783875,0
2.3968849539246295,-0.71088049,0
2.741716803,7.027526653470389,0
1.2003679951178898,-7.00278709,0
2.5896112262164097,2.944180203178435,0
1.145927116016697,-4.619453448,0
1.4331660626021478,-9.371841358,0
5.4040820631954105,2.971678345412794,1
2.732840023392273,1.4717464276754413,0
2.5659760781749705,5.855843419761618,0
-0.290489042,-6.76030623,0
4.053758626,6.745935783774833,0
1.3875236962862756,5.301253446817125,0
0.833150727,5.679516316620676,0
2.6694523430587798,-2.387390121,0
-0.448163727,-9.414078716,0
3.8606965261941815,4.688069974,0
2.374985747757565,-6.655225281,0
0.6797400516925713,3.1110183389694903,0
5.055409698035264,2.011278768015776,1
1.343002071191937,-5.155795388,0
-0.030486403,1.9630887325001911,0
2.0188449446263173,-5.747656511,0
0.9506585657137517,-2.068088522,0
0.5909875256127068,-0.299694342,0
2.635540747503774,4.1114316812919665,0
2.703669559489173,4.0179662619438545,0
3.122741586973177,0.1786661494531554,0
0.5314288446087788,-0.009303977,0
0.6683036240439023,-9.551672875,0
1.380015402831272,-5.60075649,0
5.326757542545541,2.8127904029397026,1
2.5584670983776534,-7.107685866,1
0.6291822278619459,-6.55874672,0
0.018387172,-2.922400202,0
1.5624074993662558,-5.618192034,0
0.5447119204167374,-6.53892667,0
6.173907083104071,7.985685505517157,1
2.6529521398902802,6.452934916065857,0
1.4505904900122089,0.20649658785086444,0
2.850594903490761,5.888305177207895,0
1.9719883799928715,6.886840652915286,0
1.4949504745373365,6.048661171243051,0
5.463232795044575,2.2971679013130615,1
1.2169148153528513,-6.155845443,0
2.8485903041618963,4.891409581775436,0
5.039041028846386,-8.628786981,1
2.4771883161121537,0.6770231213284905,0
2.475493968756492,9.840647395061485,0
3.3877350737131207,0.5354173679314904,0
3.936766985266209,4.6455575271663925,0
0.3970801420101757,-1.505168049,0
4.4043603263144515,4.844803184,0
2.057482210049484,6.902231149832993,0
0.8330512331400617,-7.315976108,0
0.37818166706989986,1.1055443896846757,0
2.7852654175480938,-8.534719139,0
-0.000375805,-6.766967837,0
1.9279754254060704,-3.892806924,0
0.7345569806480906,-9.697872198,0
-0.263769368,-3.799767104,0
4.765460941885319,8.176042898653261,0
6.194805104556804,1.5591764408840447,1
2.5994498835842217,6.70873921,0
0.38907573065788215,-5.809585255,0
1.4405800883796673,-5.050010632,0
3.041932768518008,-0.75948787,1
5.885167945847304,1.2733342911454635,1
3.5364767775723682,4.549758435089688,0
3.6547660942665834,9.98116905,0
2.4090007594387717,5.589473665707237,0
1.8160145540863957,-0.494125471,0
4.436159745150317,2.7428157308399825,1
0.13532659097503152,-3.441401777,0
2.434441353139224,-6.230077275,1
1.7827926488580537,-0.363008104,0
4.083208678940824,4.318813105024651,0
-0.345305776,-2.749268859,0
2.082011295343771,-6.022226279,1
5.769598473493847,9.078608380548083,1
2.002837276346568,-1.368718134,0
2.274059612437934,9.027489467311774,0
1.765044441455919,2.6705680728859384,0
1.4856530295576382,-5.713645259,0
3.8277098913776775,9.403416091599315,0
2.447194471932109,4.790787742031117,0
1.5537720833590278,-9.327796772,0
2.0339732825768086,-3.468723317,0
0.20830052590102222,-8.035509676,0
2.778766318631105,1.0313773878280923,0
3.7532981874444706,8.351998449304755,0
2.954857152075639,7.871343503337297,0
3.690907983,1.8142625466879991,0
2.052445777,5.694097322953649,0
2.9926332726506177,-4.907829269,1
3.3834482856209975,1.071469963,0
1.6150612025922326,9.409506629184243,0
-0.156083096,-0.49032606,0
2.5019085582833696,9.828680448130072,0
2.6331276298243265,5.795074112267795,0
0.5679855635677119,-0.770563934,0
3.9327628869285434,2.1059476651312448,0
8.187393597107091,4.3125584645801744,1
4.121690496002609,2.3462334925386727,0
5.746458888103593,8.102514904929325,1
1.0736325817415522,9.488216758670724,0
4.0071847874817035,8.581345380687935,0
2.461927085969122,0.7869293700157538,0
-0.001202869,-7.56537074,0
3.8523116294773043,5.954172528272883,0
1.339393384601018,-8.25336767,0
2.3383199218952417,7.816704527773741,0
5.558546237842496,2.463016613078807,1
4.773352906473194,9.076624642981152,1
1.2399791770705635,4.841686704393142,0
6.545157600904402,7.832273366834201,1
0.3595654501628621,-8.561839769,0
2.2355119410469397,0.071081621,0
2.650591358691543,9.447452455659352,0
-0.137102914,-9.879756066,0
0.7674932199477873,-2.300179444,0
2.622711340339471,-7.86173494,0
3.2843695837964777,-7.047586465,0
3.478782896707288,-5.586811881,1
3.28606928,-1.20181025,0
0.7882920773817468,-9.209390437,0
-0.384854093,-8.642891505,0
1.7596639761904593,6.190196794,0
3.150766563876467,5.392330460319503,0
0.2965881379996447,-2.903298597,0
0.8058924782618561,-5.586532372,0
1.2593735387967149,-3.720462587,0
1.913815560309673,-7.607973372,0
3.889957387224941,3.4224039028440334,1
1.6250827195170494,-0.027026174,0
0.5491433903993399,6.643512054920066,0
3.0616136880953677,5.117644471869639,0
4.937148325937191,0.5384537190173351,1
2.955684916,0.6175169649460166,0
1.5204558593379733,-5.815757437,0
0.9717434866733512,-1.957755642,0
5.155368513173647,-1.971385809,1
2.535645078873798,5.934606581946948,0
2.796172016849337,-9.372220781,1
2.6052155281387135,0.6305058544900017,0
5.387892935,0.5551863408068254,1
5.312182362,3.4643366586620523,1
1.084408085,-5.250236868,0
3.6924485249530967,-8.11395109,1
2.644623541765136,-0.700641457,1
4.613515643728897,7.202921742964342,0
3.3037504822542467,2.665065664666212,0
0.2869787966719365,-4.795957264,0
-0.217632807,-0.873332932,0
0.30545280869359415,2.445936748556468,0
-0.4104342,-7.605667594,0
3.0587047378402055,4.938759005566148,0
6.301175894482731,7.630329265230916,1
0.5233924824022353,-5.540558885,0
1.3299407726758739,-5.859794467,0
4.992982030436787,9.296500136601015,1
2.3784807963376915,0.886875871,0
1.7593771379530594,1.2621523597737276,0
0.8402490328366067,-0.350484712,0
1.4144419375513992,8.255682201,0
2.6743377096870184,-2.296215313,1
0.9660267508847458,-9.529320818,0
2.061035533917722,-3.342040139,0
0.3628987670283129,-8.905329796,0
0.7523628922404676,-5.915507197,0
0.16059422897444842,-9.050870112,0
0.3350387528011386,-1.851368803,0
4.3215157335378045,5.652464763,0
1.015755925224206,-5.275764422,0
2.718353386138271,2.333855936068712,0
2.4533682287507146,4.661634623104634,0
3.5031203436950955,7.775454331,0
2.004237158323866,-6.628077402,0
2.0748416145516204,-6.731519926,0
1.6448801544813245,-5.106102102,0
3.073195444977201,6.779962243201794,0
3.0299516057951466,-6.423333243,1
2.376198450347392,-8.710729365,0
3.6803156048442625,-6.847726902,1
1.2730597704980942,7.344778357725385,0
1.7491914891616078,4.572423300789538,0
2.571848169319834,-9.676947881,0
4.465904050973331,6.679179905174767,1
1.5454170708876407,6.834282076702383,0
0.7945107124665771,-5.722605417,0
1.903329250789033,-6.44524703,1
2.5967678313228473,5.054521842203297,0
2.8836844552313536,7.624766927886196,0
2.7266902780956763,9.076718377012643,0
3.2344076199835774,3.7428030160563015,0
3.2085487544047733,2.693362349,0
1.3554895637553186,2.1408398483005158,0
0.682075721,-9.37799659,0
1.936949331034839,4.676106159,0
1.7230481475296555,-4.233584063,0
0.5923396344274681,-8.098681897,0
6.811466478225037,8.115401203,1
2.7684592052824915,8.052273516132903,0
2.0240089675653676,-2.698859483,0
4.3033779840698365,6.9662668364911795,0
1.6128283606380323,-9.355009602,0
3.4192073421308034,-3.006185536,1
1.2157186870371122,4.247717662620975,0
5.820670992414973,3.9002764777523495,1
2.9399684823013867,-7.713097945,1
0.1450467288357109,-2.523120944,0
1.631420127988163,-0.770762678,0
2.4966425557433016,-2.754991055,1
3.0771631893673628,2.627808994919027,0
2.096163862610946,-9.736114561,0
4.602964706914232,5.513955587796426,1
2.323970523426274,-2.433505566,1
1.5094974849236178,5.895237005268223,0
2.1505047625600784,9.620217672619717,0
-1.253358883,-9.639357271,0
1.5097710956615689,0.23343306729016788,0
2.526396125506761,2.752098441808812,0
3.2818347391950304,2.3664732266906903,0
1.7621795411392358,7.839304042942146,0
2.464481301616935,-4.101133534,1
4.052526225700413,5.563378077343176,1
-0.849070874,-5.616351761,0
2.189686770862668,-4.996222021,0
1.3275777357965808,-7.003494855,0
1.3198676703305647,4.667929621501932,0
2.661250159961542,-5.583106096,1
0.2431774899967245,-9.488527612,0
2.5221469735682125,5.867127008365642,0
2.4131175045327518,1.324497333768468,0
5.222108740179433,4.663766377885532,1
2.336524376049277,-1.880954509,0
1.9775268337512557,3.18875719,0
0.9754416272908623,-0.614889584,0
0.5782684835558949,-1.497396626,0
0.5854008185908461,-3.934376563,0
2.1550135537901127,9.948822496102235,0
1.3632463795552805,1.3298681777378896,0
0.9971882956790763,2.782261159737871,0
4.174293015636964,-5.427118641,1
1.1411717112149171,-4.551775462,0
1.5085410213878396,-8.833754429,0
0.40724968793197014,-7.068895203,0
5.596490003126322,3.5094398945775556,1
0.7724997116519923,2.0485170063940785,0
1.7114767200277459,-4.966348008,1
2.7225998330211603,2.7335217998422223,0
1.581447920530155,5.348772267,0
2.475725465381031,-1.820409544,0
-1.071007684,-2.004859112,0
-0.127692624,-6.063853856,0
4.095486862039047,-1.334999234,1
-0.865770713,-6.165449566,0
2.0072144334754722,-2.005036917,1
2.004644490248486,-9.301647603,0
3.0233835041321173,6.121669863890681,0
2.8633538105790137,6.167563471,0
0.5440570467360414,-2.531717429,0
2.540935730396451,4.130593216135894,0
2.5068262182770726,9.677942879358422,0
1.9952943196830222,4.589866222309528,0
-0.687258057,-3.098027867,0
-0.143567886,-3.696201901,0
2.949952492893608,3.6309628226624966,0
0.5844138149829715,-1.014588067,0
2.205500354407869,-6.363001412,0
2.061638208952192,-2.761861958,0
0.43537614900269794,9.992242081954707,0
1.6845986545660883,-5.129457627,0
1.8133915998825474,8.875091543432024,0
1.7801112025958585,-4.413272429,0
6.289092087760458,8.354619347642007,1
0.5958280225082674,-4.57621411,0
3.2987677456303874,9.147034636911783,0
2.8040995127925057,5.969992076432643,0
0.13813996852189236,-2.19900155,0
2.101793031533089,-4.458436291,0
3.1893325010052704,9.900180655416776,0
2.6540543260518574,6.344968976191421,0
2.4029908452743163,7.098422757183464,0
-1.136361413,-9.861209157,0
-1.018304644,-1.708818764,0
0.427658879,-7.935850224,0
-0.244225567,-1.045119448,0
3.320704768310321,0.9393290974750794,1
3.440128486265846,1.925142742907255,0
5.206476461653156,4.29599803,1
1.5137409501635988,-7.446966648,0
1.4493105475587942,-7.783311653,1
3.873805879722137,8.459353331603015,0
4.842543501050334,7.119406690193802,1
3.4383351607514943,6.980536794,0
2.649465158,3.931194730531267,0
2.950975017116712,3.6195947848493066,0
2.3611313591153262,-5.095557278,0
-0.832731357,-1.4125728,0
0.7841107636342954,7.782695382557275,0
0.5834717833983568,-2.739146402,0
1.2755824826587574,-4.615896093,0
2.414513337746496,4.874547449,0
3.2494554345259554,1.623884175731769,0
2.3538131800445554,9.573950184256415,0
5.1726837566406605,4.756906042604614,1
1.5675750428117143,4.2403938878452525,0
3.585317136459019,4.969323445989042,0
-0.326170485,-1.663531062,0
6.839888402785378,8.023035692507069,1
1.9870323101277698,-6.083050406,0
0.7168601190763186,-9.238124627,0
0.7351060905484561,-4.42004805,0
3.4246424536895894,-7.941435906,0
0.7620377509702634,-1.682965103,0
1.192520478629265,-3.636301251,0
2.926894459978858,5.524375212145266,0
2.6505899626076284,4.802018466289411,0
5.130755159478731,2.8995792060864325,1
0.9902586318917421,-6.370981213,0
2.112642960818046,-1.01381452,0
2.6442809101177684,1.3809218595932755,0
1.024627485284499,-9.341667442,0
1.3681837893381876,-0.043742374,0
2.941003496096279,1.048594831821049,0
3.0445943879446653,0.5097424016921401,0
3.6028348182927203,7.738792762881857,0
3.9385971353398066,4.260247561,0
1.2518829380844654,6.572439714826029,0
0.3688598233746099,9.904032627496122,0
1.1274210731549026,-2.041501828,0
3.5879507481482755,3.3478168417894345,0
1.3606943884978506,-6.617472925,0
2.6887833788025706,-9.992577153,0
0.19269247735886197,-3.0150952,0
1.255884411328741,-6.766042097,0
2.5652831021924065,-1.248747766,0
5.449391191364094,8.063454243641136,1
4.01177247,2.532624307138139,0
1.9738068132509325,8.660159047768616,0
1.159531477207961,-7.578208794,1
5.001650157632904,9.678465190219537,1
4.0155967891663185,-4.97026557,1
2.3323553509501513,3.8369230303745034,0
1.3192710958426832,-6.049800174,0
4.93581676,7.857747934496885,1
2.1677441231397347,-4.697312902,0
1.5784938044393717,-9.399708043,0
2.5059017330464193,6.856555862089916,0
3.3988552638922394,7.074254033263564,0
3.295112785532483,-5.34420921,1
2.158538746244301,-1.571953695,0
2.8593166359183217,4.1569852698240854,0
3.5458404213541526,-0.880454927,1
0.25665066849069884,-6.98716009,0
3.870258228,4.342392036649777,0
2.6743750515300144,-6.909810031,0
1.7444361717783656,-9.2157059,0
5.721339794737156,1.859885613258328,1
1.1168604781516587,-2.617497699,0
4.004848418905361,7.101938651914782,0
5.897830317415883,2.052824579524003,1
2.3182527103959503,6.390476851444248,0
4.024163179,3.9475902719211415,0
2.668788318714799,5.234902159564378,0
1.6311654495041124,-0.451644411,0
3.5661654721403657,9.305648288467665,0
2.121735352,-2.097265534,1
0.5530237266830378,-3.703568687,0
1.7627187041907726,2.074999801582786,0
2.7497321982377017,6.2885244438225705,0
1.2108884955648627,-0.979034251,0
0.9108543809571956,-4.610705564,1
4.503775284010363,-9.215291402,1
1.9495203462572264,-4.370378539,0
2.9879556695463165,-9.461358603,0
5.839124518208013,8.057990089470607,1
0.21169324070788842,-2.654605259,0
3.2764524038886997,7.059941306181891,0
1.2689949702161398,-5.816706079,0
2.791573990873532,-6.118951615,0
3.070445673453823,5.146950479983667,0
1.5380858317227872,4.535658135434403,0
0.9268571891904271,-6.112110272,0
1.5846499825111655,4.338047029881642,0
0.058063902,-1.12277697,0
2.9048200501476633,9.733163979088367,0
-0.456348376,-9.988326656,0
0.8881595186082406,-3.185692913,0
4.085231557820359,-6.592518967,1
2.2755760683033484,9.554042997819234,0
2.0957270510960067,-5.272023674,0
1.3056719939048775,-3.416468123,0
1.0389059094707032,1.850511746416153,0
6.190771750444837,6.171597567604316,1
4.711783991,1.226760196226941,0
-0.151948795,-6.765571063,0
-0.645430574,-0.333149123,0
-0.153247092,-4.136345411,0
-0.565880995,-3.11192053,0
1.5208187661961607,-2.369359562,1
3.3333812175329234,2.1332170736128635,0
7.3960725135730065,4.443302657,1
1.3566003637971398,3.6768517847179467,0
1.2787348765459776,9.315121877037981,0
1.021361706463353,5.9503676483193075,0
1.083071179679725,-8.194798612,0
0.738752864,-9.019571929,0
1.669904182669124,9.998560524339744,0
-0.494794829,-8.595212116,0
1.5205865693120282,-0.845343513,0
0.2965021718664411,-6.942808348,0
3.284769840817435,0.6997925908253233,0
2.241937700595437,-1.510065451,0
2.676837546187913,-8.29771043,1
5.810218202262992,7.308612700267091,1
2.7416748500539687,-4.940225152,0
2.7733913051672423,5.690345447427241,0
2.3849356630962024,4.589187319341679,0
1.8444496854306285,2.7960753119728885,0
0.8754034311780932,-3.122003661,0
2.4861073697949867,0.23521199915469282,0
4.296820047557706,4.527329089114588,1
3.067101798953255,7.495268117081043,0
3.4420061414622327,6.941051303376856,0
2.0443603295556096,-4.473806361,0
2.9767220761026616,5.083790038459162,0
7.2125413883774785,5.833345408508158,1
3.040771393859875,4.986180386417185,0
2.636723074948929,0.19088004488784627,0
1.8461449483042296,7.145521794074249,0
0.5540943404676462,-7.996587455,1
1.2960541211187537,8.755671700566065,0
3.2482724909082066,-3.529736974,0
2.2369989143107554,-4.390262106,1
3.7565147520587496,8.988241251184132,0
3.0453103603298857,3.206667390842842,0
0.8781168100059584,-8.055415609,0
3.511313061914061,8.989669913448438,0
0.6558100994137062,-9.470817114,0
3.533416389596874,7.010729815,0
5.693363065558269,8.618872803,1
1.5988091302583576,-8.681409306,1
5.109362568233174,1.9237015354999656,1
4.160642025586838,6.5221182019767845,0
2.8618356490333383,2.362459081892501,0
-1.189204223,-0.628397328,0
2.4226801539733898,0.6199115317281318,0
3.2634541295071275,-0.535495757,1
3.3960165249534855,9.057685994625139,0
3.2468390828263587,-1.727497181,0
2.380805537027226,-5.497978037,0
3.308007774401356,-0.271151015,1
3.5305095810345843,4.5664433301893474,0
6.891509927896719,4.767755434658243,1
2.750078940697452,-1.455675846,0
1.279911265848512,-2.309964969,0
1.840894694147512,-2.624058105,1
1.959525074,-0.02797005,0
3.5577005160637714,-5.312906449,1
0.8457340833578493,3.7484271321952534,0
1.9112765921264971,3.8703368396192577,0
1.1210376485028537,-2.278308351,0
3.020142341207183,1.3314289219164834,0
2.9096921546117103,0.870211365,0
1.5658659839762175,8.989362223838771,0
1.8476873087774492,-0.220025984,0
2.8395028899239563,7.816462726951158,0
-0.161793306,-4.58201235,0
2.6174662293428885,2.949592174884259,0
-0.478720165,-3.702805418,0
2.040900411971665,3.7823208763532605,0
-0.140936616,-4.352070422,0
0.45452620531219656,-5.148717837,0
5.658335563029053,4.7582016321356075,1
1.4266099371604573,3.5904019303658394,0
1.5507291604356528,2.603090425099868,0
1.575949100081612,-8.658447656,0
2.036664521952991,4.060493289138121,0
2.443538104544462,2.8071293193104836,0
3.0400887310460054,-7.537642158,1
4.0915408944936535,0.1956645384713802,0
2.916676009275255,5.729990955485851,0
1.1135968064756518,2.799756511433948,0
1.3889527297745632,-9.002771715,0
5.084627569,0.9021858992722116,1
1.4485068516881967,0.7529745364023164,0
0.8270226208510365,-6.035847172,0
1.9722232601626983,2.1822119835575435,0
0.476220797,-7.999963909,0
2.8343664373294946,3.198534320032742,0
-0.351483798,-9.291684255,0
2.424569419065427,8.058229295751794,0
1.377119197130576,3.6696307479224703,0
1.658632560289774,-8.011048634,0
5.541464119,4.040652805542827,1
3.3071966608975654,-1.674662023,0
2.386076631171268,8.403809037,0
3.0608739848246427,5.725048158,0
1.5909051323368235,-0.923893692,0
0.6555647819332318,-8.438919684,0
2.2504671074982086,6.172296323128418,0
2.969501015529673,7.071654060407347,0
3.829339659279426,2.4880566504334922,0
6.33050103,5.851160177385076,1
2.715499459445774,4.296480673328606,0
0.019860838,-2.926329756,0
2.8096080742271736,4.471640158109373,0
1.2393381096944092,-4.568304919,0
1.5969335884772364,6.334588005,0
0.7662244067504487,-0.891083674,0
0.9095277881142398,3.147027515113681,0
6.816885890345441,9.807028062,1
1.0675538839758327,-0.688092489,0
0.8753505253369317,-6.691662489,0
-0.069760326,-0.073201573,0
1.1631094902762875,-1.165728605,0
1.8976918949052002,-8.585716094,0
2.377285608386792,7.127738599291902,0
1.9087844746621117,-8.050208598,1
2.6788952934432824,5.659536417665603,0
0.9759967250436854,6.954646601,0
3.7778018413730923,1.8411165841646238,0
2.6344099059967445,4.363503165161173,0
2.9975621844501625,1.720861568633227,0
3.4865205791146083,8.443643043351297,0
1.5112375110808496,5.7492165058527895,0
1.9479363788330426,-1.761440249,1
3.158290198005524,8.361790940712947,0
4.2524016219892875,0.5202451250600504,0
1.7282228630898318,8.689930199084419,0
1.3103656736391256,8.236049669340627,0
0.5139482925997868,-8.442898752,0
2.0851138559933737,-8.839704939,0
1.9882640083842822,-1.571825318,0
0.17074694034355276,-0.657479067,0
3.280765792025998,-0.482349472,0
-1.539691535,-5.201917109,0
6.293500582977875,4.603552002183269,1
3.631792870188218,5.232125971158371,0
1.6300550973054837,7.747528943078962,0
0.052325335,-9.823050511,0
0.15699779358169075,-0.34404569,0
3.095622896050024,8.790802705414873,0
4.780510896705908,2.645794522946183,1
2.2260304615873014,-8.660514714,0
2.430046305283107,7.381316546293451,0
1.4511729566213005,-9.957380753,0
0.16766447547536134,-0.989394007,0
-1.469076379,-1.411722932,0
1.2182358773791309,5.102267422416759,0
3.3836531602049282,3.6439074941123444,0
3.6568621711678726,4.509293493022593,0
2.7881504682702323,7.114122744917374,0
2.2616333586791604,3.4364880760178984,0
2.6637677123366243,-3.492320369,0
5.426593408,2.975102668736895,1
2.3543711635257836,7.861960861665722,0
2.8025533012966513,3.5308571733272505,0
3.1437667021801072,2.031492776012751,0
2.5748971201211934,2.3172198452450914,0
-0.906731175,-3.348275252,0
1.1299948137837978,3.608957955095276,0
2.1991144243190694,-3.496760901,0
4.7799414208844935,1.0674803232172962,0
2.776916187283577,0.048271734,0
5.452771620718998,2.4727275472691375,1
5.414936869003211,8.840269607160586,1
-0.553258744,-6.883273445,0
3.562214461,-5.512751129,1
1.8418577273510939,-4.448759126,0
1.763135150052619,4.5001422260437085,0
1.509504085172532,-6.726571358,0
1.0042570542673228,-4.840334316,0
3.930323111621316,9.237120933929877,0
3.359942302307145,8.950161074524598,0
0.9165842639553681,-1.42691527,0
3.399039536472964,5.584494567156584,0
0.6963779602059588,-5.488886863,0
2.645460592096483,9.672225028243563,0
3.2912775190629913,-6.697296244,1
1.1806664569600918,-5.51508183,0
5.508053337682294,2.349007377733809,1
4.830630590914204,-2.179960045,1
1.4681041790266922,-2.486021288,0
0.19791575728760413,-9.799946698,0
0.8375795234627648,-9.088080753,0
2.1265202790390623,1.154661883106968,0
2.4875545323195194,6.180379335463474,0
-1.624394873,-0.389250992,0
1.234733262403876,-3.471523595,0
3.062557570357097,1.167690564443273,0
6.668903019542952,5.230255237314969,1
0.8416147034412343,-9.290536429,0
1.1282252660779275,9.616903076,0
2.180142851,3.184242146,0
3.074082552696378,0.39777026203884347,0
1.0242440473913637,-0.329567451,0
-1.451833059,-7.071465769,0
1.3805574678971495,4.250900786042585,0
2.652137889081451,-1.167299527,0
1.3900324718622936,3.1192425143355162,0
1.3747370124225182,-3.578311943,0
1.44443729,-4.709832348,0
0.22982702645576625,-1.73593923,0
1.1557407543709843,-5.171935282,0
1.6693646547493377,-9.302604432,0
4.723173705228566,9.880112100548441,0
1.8398455175678565,2.8774035367982798,0
2.2485561634913074,0.22945806991244666,0
3.210831022915161,7.358970548786445,0
1.7349482166275199,-9.444617466,0
-0.012418197,-2.909149102,0
3.3462268921461753,1.9566283923053351,1
0.8445920183549294,-9.507198808,0
0.8868666559694547,-6.346656727,0
1.996097804592495,5.979576536872077,0
1.316429523609226,-1.139556036,0
0.4928259775050243,-8.425790416,0
0.6541989159525423,-3.726680282,0
0.4576123858038852,-6.073570562,0
1.9062329415646833,2.7584240765748795,0
2.8397906634091896,-5.368494034,0
2.291815598,-7.372911831,0
2.7241203401198497,-0.849535287,0
-0.866372929,-3.706569234,0
2.1071432,-7.5829981,0
-0.554624877,-6.826580592,0
1.5242219561457948,-7.094162383,0
5.375748245646726,9.690989364645606,1
3.657847847163521,8.946219283,0
1.3117925675950988,8.013843217347318,0
3.061730078242895,-2.99812823,0
2.007089429508607,4.931943232384384,0
0.9809174646914124,-3.558129671,0
3.0824414245183607,4.268184232862474,0
6.535265870670645,7.029434326557116,1
2.144412338012173,6.4766495419387695,0
2.118974217459403,3.5180034840151073,0
1.242820302,-5.864205428,0
0.8442691378973988,6.089616106563707,0
1.9172782454686745,-0.490571446,0
-0.207094199,-7.44715432,0
0.1862360176204616,-5.759236262,0
-0.163495876,-4.088921,0
1.5164681658196062,-5.445642874,0
0.6645506744579653,-5.55567668,0
2.4164634599103207,4.477681162,0
0.749537522,-8.826499309,0
0.8902018084356504,6.968977641873476,0
2.8770912228194527,4.974621257709483,0
1.2873317469547785,-9.646127198,0
0.4387175554520919,-9.252789731,0
3.9128693315125025,9.084830034151402,0
3.5166638959808862,1.5845652336056837,0
2.59459236,4.9064389936690915,0
2.512823674341596,6.335763399069474,0
3.336202577426928,5.418596504396977,0
4.494417708420849,-2.784165402,1
-0.422028785,-2.420591016,0
1.929985806818479,6.490133202493819,0
1.3739371258568016,-0.710588768,0
3.4037978674952596,-6.768351252,1
2.043043316593114,2.710262570979028,0
2.1385490148425887,-5.153706291,1
4.785399148800706,5.988331189880451,1
3.014927857,8.894228569244074,0
3.2305131325898353,2.364433776327793,0
1.204778077379257,6.023484482,0
1.3129195670987754,-7.687452167,0
-0.447221988,-6.73659909,0
4.6277492551372355,9.697936626163337,1
1.1957823129119365,5.310502921317271,0
2.895077018465888,5.609999131340819,0
1.4933329732575904,-5.152437109,0
5.765802228266881,1.6381676615379206,1
2.1425358638389853,7.758688052887166,0
2.507963661852199,-5.37822548,0
1.4406876997967428,-0.075760955,0
2.0138566660636847,-6.041401337,0
3.0805153756967507,-4.419967674,1
2.0674810420595158,-5.126188057,0
1.019230030793113,-3.076741699,0
1.480321179631931,-3.741409051,0
-0.859096054,-6.67793973,0
2.546160717391245,4.6118909321720345,0
1.7977434464014062,-2.869802937,0
3.413494266520683,8.585755053274376,0
3.9584471614201866,8.213216471557875,0
1.4315467266183997,-4.166956996,0
0.008418434,-4.662160957,0
0.9879858823543749,-2.419998028,0
5.684756569572712,2.8995958242098414,1
2.109752507055711,0.4201117593266641,0
2.0569231827263073,-4.953393247,1
0.45126019340882007,-9.176044255,0
1.8272572999433936,-5.327832137,0
-0.12684202,-2.477128885,0
3.260242734683325,5.999534151367849,0
0.48855768279315404,-5.70580553,0
1.2673490633721407,1.8882060454582685,0
0.5556055611205819,-5.828476652,0
1.389441901770383,-8.85365144,0
1.2854115752078636,-8.414182692,0
2.1420092476265764,-8.458829096,0
3.7488784382988696,-2.862660869,1
2.158890112697411,0.4739354598928358,0
0.6158341835218881,8.364284375806086,0
6.117391962086379,8.619250144827436,1
1.825339220087631,-8.72913487,0
2.220603619463719,6.987215764445558,0
3.9847705390464228,3.206082207437582,0
0.33211266,-9.075614616,0
1.7388386353979477,3.4229994818955056,0
0.32731795736797986,2.081210655443133,0
-0.796476155,-5.14441909,0
0.043469474,-0.721893458,0
2.957814710802719,7.203860712640168,0
2.0491095673704565,-8.033355136,1
-0.90584223,-1.897963255,0
2.4806773112590235,-2.847445242,0
2.060538836122185,-5.907898972,0
1.535984773,1.729552970304379,0
0.8996087987325079,-9.48239678,0
2.995322247466497,-7.692426359,1
5.675512569206735,5.532785194988223,1
3.8798073004152753,2.2086282195377045,0
4.290910244892754,-0.491334204,1
5.686702299718619,2.1539199158766316,1
0.7963094280849596,0.1736511614910441,0
1.0235672484825424,-2.1451473,0
1.5156260630003493,-6.918628161,0
1.8700010571319865,3.3896373140163654,0
1.937989943419695,-4.220829595,1
5.904909467,2.3137865791196113,1
-0.30855611,-5.346878371,0
0.5754536395960319,-7.18327941,0
-0.880831479,-6.654541838,0
2.1101635432630705,-6.954148931,0
1.6076336720995115,-3.980726558,0
1.6827026217805523,-0.748872678,0
3.339197948929458,-9.460657114,1
1.731199768182925,-9.030447917,0
1.1478007314425585,-1.471606304,0
1.8193978998031888,-3.386752436,0
6.448434261660631,6.825757635901319,1
2.6727901322698586,6.928189841353245,0
2.6700294646379072,9.988893202380414,0
3.536404682530888,3.506251664327003,0
1.245721427450356,-3.743720626,0
1.9997206784230994,8.382165681725397,0
3.679357529106807,7.487327329671196,0
0.2855991695832606,-2.544781254,0
1.1198105962736493,-7.213494928,0
0.3609975742833832,-8.739443008,0
3.1071717353260335,-4.986825276,1
1.4023722540205172,-7.249600605,0
3.1818287392040103,1.4891491539750152,0
1.8586440727910245,-5.223202615,0
0.051841847500163074,-1.246011084,0
1.398723858028033,2.322284282544995,0
3.177789696743796,8.079739440384323,0
2.1714705744767047,4.987674434697384,0
2.3012234980954984,5.239261386009833,0
5.1231117909022545,9.670815439340135,1
0.32153769259936693,-0.705172464,0
1.5720008351280828,8.359522697352062,0
3.388439363141571,4.383415249974172,0
1.6814626377610247,9.748017490158578,0
2.703668834069748,5.561831462102827,0
0.5378421797927865,-8.453972898,0
2.6025012019211156,8.729686673500787,0
3.130896881039405,0.6422160328163766,0
1.0119267566536627,-7.800059698,0
3.237503726521606,6.615749505281915,0
1.6181197708328532,6.292519013,0
3.0976566582066756,-8.294326689,0
3.6876278282702515,7.311825050642966,0
3.188355679245614,0.9154767840557909,0
2.457045011918557,-1.221181149,0
0.42679200618914825,-2.765933031,0
4.997137045592991,0.48518458749461324,1
1.7528424286623294,-7.482911895,0
2.4649892659954626,-9.225116373,0
-0.621504882,-6.209914336,0
0.966945207,-7.171410032,0
1.600769496953626,-6.109319917,0
1.4198176637824074,-4.716395436,0
0.8874653311310161,-6.003764976,0
1.8843357409861292,4.979231759030384,0
2.966593358024139,3.855032714526054,0
0.8215524680134783,5.934660670061811,0
6.077477373678533,4.176991722,1
1.341011547459586,4.794444007230501,0
-0.03778957,-4.291745187,0
2.7641278991118194,0.6276021659937019,0
6.888681470842474,7.537863568270783,1
2.0298151777960154,-0.308981443,1
3.299661868943342,5.803817019523054,0
6.517707946134859,8.446318863988406,1
1.3165875491147299,-6.698799001,0
4.320416135938312,7.497065535076082,1
5.551456148489135,2.1082448670497165,1
0.5776510242427246,-8.273672068,0
3.532065265012877,-0.83287243,1
4.891587992,7.768913391128958,1
2.8798384531716166,8.065987485344706,0
1.7801060396380262,-2.388863,0
4.378089591423086,5.3891622885877855,1
0.5295578670111232,-1.189189269,0
1.457642325492152,-9.487218968,1
0.8075611780709641,-7.39500131,0
1.1987019448693759,-5.018810469,0
1.2465767855358103,5.513818839163305,0
1.905971883708129,8.358438586768902,0
0.13506751741470013,-7.295287623,0
0.06129455,-4.410846786,0
4.998527306,1.0056337754676683,0
5.497172124171633,2.6470468193553636,1
0.4692100536180739,-0.367765172,0
3.2613688733917305,7.0917123225401255,0
1.4287145985647043,-5.807383332,0
-1.285032367,-1.127704705,0
2.104725736027366,4.113093859,0
4.2813407886637185,7.843568996871944,1
6.1386151584454645,7.367343842377732,1
3.311004468340239,2.892786655522597,0
0.8979611688234798,-7.066918961,0
0.4761048459580274,-8.582829258,0
3.588789835825097,2.086567478862225,0
0.7912327778541048,-4.843644456,0
0.5644830963567824,-4.710137555,0
-0.186985453,-8.184712064,0
-0.023618169,-9.419633769,0
0.8395254962294283,-5.776806826,0
3.283877379773901,8.346809772,0
2.086339733189872,-8.051484222,1
-0.305836171,-3.771836637,0
2.3322940333769138,5.653827754913445,0
4.163051739487115,-0.814213461,1
2.650011116,9.121887151,0
1.343820126981233,-2.56167854,0
2.054459869715199,8.854143374,0
1.567808923975031,-4.0162632,0
0.9055876266198657,7.0767981574736325,0
1.6032336665568965,-8.873098621,1
0.6800608726540449,8.061249757305593,0
1.9958612453944322,-9.931182507,0
0.9717181787081343,-9.711481223,0
3.883816741717955,5.358555277334995,0
3.5904719877820153,4.817779124549153,0
1.1612096101241256,-2.071420333,0
7.784485315878463,9.964430573776653,1
-0.619032739,-2.738979025,0
0.32342015504280164,-9.438817981,0
1.1498921119403815,6.784716423705181,0
2.1899301568695275,-7.552914237,0
-0.744928284,-9.807274161,0
3.230424509385339,-1.840632273,0
0.5556078692226798,-9.011784838,0
1.4472918642223718,3.048985051718775,0
5.7138695962182995,6.046197578,1
3.565088379167552,6.6485472480318535,0
0.627933583,-8.261703547,0
3.8834450491209034,4.060840836131064,0
2.8738199834277367,1.8081256514611326,0
3.494501557945875,-3.827172224,1
3.671917727497996,0.5895613955611338,0
4.194740107167489,1.5130251666717527,0
5.166558617360563,-5.873026104,1
2.091419254927306,-6.961647176,0
-0.467469168,-8.022698283,0
0.9758324344497642,-4.950723833,0
3.9756704594380556,1.7857007601686252,0
3.3324382865363322,9.482727168891337,0
2.6576487886052007,9.851068994,0
1.2301059350821084,3.971786508361081,0
1.5625363322731798,6.358670958471915,0
-2.792413382,-6.688356188,0
1.798947147118338,-1.918082496,0
1.9162867165740667,4.045375817272907,0
1.6855204605670844,-2.280896194,0
2.440884874,-1.242611778,1
6.143064275261146,0.2323993191200593,1
0.073642379,-5.827253835,0
1.3425114710188968,-6.392858762,0
2.1894736641240202,0.7270200494886474,0
2.208142615135889,0.7350176259933754,0
2.3853718190951403,-4.570299862,1
1.5537622242299176,2.898447069598408,0
2.101657426914145,-3.747078953,0
0.20974069919079585,-9.211463049,0
2.6904655543020963,8.635526560368792,0
2.246327639783685,2.600311133668786,0
2.5799040659830412,7.3389284294537624,0
3.2163041548262177,8.449917325,0
1.9130587265370917,7.027754376392295,0
3.6305324684639464,8.552138922055072,0
4.220468997628378,8.379083516028977,0
-0.328442519,-7.349317961,0
0.2837349939754642,-4.026821361,0
0.18942593521494122,-5.75015413,0
6.847045062598076,4.719725621002759,1
5.393336880296461,6.821452402197213,1
2.6031596892720774,-6.193120675,0
-0.132679764,-3.557055263,0
3.3806536047493205,2.854474158700892,0
3.7222202784498055,3.9322491435274607,0
5.748707251385717,6.0851537990138524,1
2.0521222535604093,-4.633488679,0
0.7062532925645282,-3.913237993,0
1.465328048345794,-1.095746998,0
3.3591301431364555,-6.319019403,1
3.521603256597353,-6.253331803,1
1.5626817353469074,-8.568393142,0
0.7503031930082598,7.728161056592683,0
8.034203297223234,9.071773134516718,1
2.876410984350962,2.8865146388471867,0
3.1539471748074757,-6.117902671,0
1.6562396369548473,-6.466633659,0
2.884021889532898,8.568316564696122,0
1.2699746189974512,-8.919540983,0
7.259521676281128,1.4190219693319897,1
2.377924070405295,1.4538997184085662,0
0.4345309414456564,-1.119583857,0
0.5550762018168103,-6.207572294,0
4.024682877,-5.979558651,1
0.9162249783392812,-6.430108951,0
1.6814759787898048,-9.343970009,0
1.705078883,-5.16717528,0
0.2774908467447026,0.20167415353873253,0
6.579905863897172,5.670730405301409,1
5.393398745688269,4.465159628473149,1
3.929876776251555,9.230949757,0
1.0194338068607036,-3.394819707,0
3.919287175403854,1.8998729173063982,0
3.519677954248231,6.032575409180499,0
3.0931380039579706,6.768092058895235,0
5.897673438282721,9.234700218886719,1
2.831733794508809,-1.849333517,1
3.0570761491618033,-1.68522966,1
1.6862874953634095,-8.339067359,1
0.5814665819226271,-6.65301589,0
0.7934610623388987,7.432073491432309,0
0.4019022265209288,-0.491515778,0
2.057671152738812,6.994017584947919,0
4.053258215209375,4.566806323,0
0.39318768094354306,-9.120192365,0
0.5392863766729055,-9.191166214,0
2.7483263273824505,-7.519505002,1
1.2648966867324039,-0.024978765,0
3.7693137965451813,3.1976145885210165,0
1.1491006222470277,9.664882984477401,0
1.9717626252571194,-6.5865863,0
3.549891810743013,0.4375486597958851,0
2.690893002213719,0.892041534,0
2.6884901040033307,-5.998635616,1
2.969958994413764,1.0350630361498183,0
-0.088189766,-9.300656807,0
3.254665810570907,4.327525200340922,0
0.8259000881902822,-6.745917319,0
0.8560409884820501,-4.37598964,0
6.714198784862355,6.170831897613009,1
3.305025251116923,6.041336844479371,0
1.0570370659209465,-6.317141605,0
3.955787778393481,3.8949782654921616,0
2.6079957371733204,9.321255928647858,0
3.080951975716375,8.093624242326587,0
0.6253714915080211,-3.322645322,0
2.327915849872768,2.178901278331061,0
1.0216709261498742,-1.708753694,0
0.578373084,-1.004875817,0
0.5216377894527621,-3.1467726,0
1.8831029889830582,1.8085708662372824,0
4.6899928174189425,4.296140820751603,1
2.431532505490964,5.130293765578262,0
4.379264980048208,-5.730079734,1
1.5770346895294272,-2.745735585,0
1.5666545787640558,4.474174898733478,0
2.0566277591899977,-9.890294637,0
4.319540495234308,9.986749553550535,1
0.062698249,-9.538998153,0
2.789351739503923,-6.467196243,1
0.7072084759582749,-0.628128691,0
3.9674397962696575,5.118662452289238,1
1.735263622838937,-9.789805077,1
0.79431643,-1.431550693,0
2.9999886841461767,1.2369849807026227,0
0.20063060757564477,-0.263179409,0
0.5445439858555795,-8.399563857,0
-0.307049252,-2.924642227,0
1.2736757121435272,-5.665626434,0
-0.03174917,-3.62712877,0
-0.684960066,-0.309412194,0
0.5545685916589239,-7.394936818,0
2.0388391466301052,0.82366817,0
4.123367855623384,-0.514915969,1
1.534977610734586,6.758793440564126,0
1.5344149082383465,9.928723771582003,0
-0.232639352,-5.938148523,0
0.9622386342503798,-8.304727925,0
0.2471830165816452,-4.605388704,0
0.9652790050689333,-5.594782415,0
2.246574939994438,7.331719983066694,0
3.4888170082075876,4.251969727796572,0
2.716624500876906,8.875386591738252,0
5.643191379966158,3.745843159188883,1
7.212514698340569,3.8376672079953966,1
0.31133045842034157,-9.587913244,0
0.027308007,-6.109536229,0
2.894724513426365,-8.564459079,1
1.7154690644751722,-3.896831756,0
1.7238080864649206,-0.042397325,0
2.8527238611013437,2.0820337991955995,0
2.428538084524443,-7.731868276,1
3.9967637842709225,5.551333700668415,0
0.5980318531720371,-9.616335893,0
2.2271836211860947,-6.629549351,0
0.8756467647552346,-3.007814322,0
1.466404650092223,-0.050127074,0
2.0875779545513327,-3.05525964,0
1.6531947741431852,5.816928347276997,0
-1.461838064,-3.950249336,0
2.498688879789748,9.724986823317874,0
0.4148428100840317,-5.378097002,0
2.609871589931235,6.3868292349889195,0
5.950648694459975,6.185265910252852,1
5.089024404921991,1.7094945269986006,1
1.8441508697623197,7.253766964005976,0
6.122658521429938,9.356097424335623,1
2.3977039257191044,3.206426448262274,0
6.456651684464217,8.562307300596473,1
-0.916175779,-3.125532715,0
2.691142637695246,2.0701672484631324,0
4.244278227351362,5.083445883868196,1
1.4967376744453387,-4.078801841,0
7.160828135143853,0.9114337555807754,1
1.3991223654172678,-4.255033547,0
1.000184816915212,-6.345301491,0
6.143559714,8.892756651946183,1
7.294765148615245,1.7366526389381107,1
2.6226969686042265,-2.614059789,1
2.284257428500954,-1.883611906,0
-0.063634,-4.430030418,0
1.244403104168325,9.172631248400712,0
1.4228442777776138,-7.730214316,0
1.189608616762093,7.683140330245649,0
1.735925941058376,6.255529895510186,0
-0.715598643,-5.335905388,0
6.650216535453588,1.8525564391344211,1
1.7685510730667597,2.685991251755187,0
0.073858317,-3.999556689,0
0.5107525065852165,-0.094940899,0
0.42887185531394645,-8.357647064,0
2.043257935177113,3.0592497096124696,0
-0.103600498,-4.887641064,0
2.8249466702769275,6.742907458657697,0
2.773181445450076,0.6990416601241094,0
2.5516617585855776,3.190720657479014,0
0.4509658475078673,-8.81890995,0
2.8929832068295696,2.398545916983144,0
1.295911319339916,5.524492086210181,0
2.3415795915260293,-0.596579894,0
2.9591975433095383,-9.279014834,1
0.5510286932487236,-0.859858945,0
1.4435453227463415,5.120734528552688,0
5.662257920753344,9.020886493017123,1
1.1838545281047852,-7.97156095,0
1.5062607692563557,7.310506106036684,0
3.6309523342619348,2.038320264724412,0
3.092631521782095,-6.998811098,0
2.4746141122960053,2.307289319617956,0
1.860057564624439,-9.394247608,0
1.2130268951274623,5.378221606487534,0
4.746311640867342,-3.02655523,1
1.6734339723780343,-2.802918271,0
1.2758683050137027,-3.559638145,0
2.8109875773775643,4.517552270109331,0
-0.206043905,-5.760771892,0
1.717952977492144,4.979956129986778,0
2.259890182745777,3.9650181659857946,0
2.5605733148670056,7.632773502855475,0
2.176029605319899,-8.870260528,1
0.566378561,-1.277190148,0
2.529384834179222,7.202828600662393,0
1.7185683890073067,4.435472254122104,0
2.780262469463858,7.4363438286339765,0
4.108255821538421,2.1946216405544803,0
-0.434998043,-2.233648786,1
4.672752185,1.0501608652727725,1
1.9599963185978022,-0.849789558,0
5.648127614585833,5.5346575102172135,1
0.16614334537446895,0.5327668241531072,0
1.7769585632351055,-9.981313364,0
1.0532499945476215,-2.383878004,0
1.7330797974904846,-7.965239985,0
1.9278423965953482,4.1721494756711195,0
8.099385246269343,5.614509472234264,1
0.6514335364600223,-6.556550706,0
-0.233197675,-7.129179365,0
2.5986543056916025,7.452263875766484,0
-0.135659305,-8.290558608,0
1.996568642933215,-5.931827913,1
6.659119364278369,1.9542636254286343,1
-1.448475795,-0.177415631,0
0.6391946280761995,-0.388000985,0
2.959898424212355,7.145591851465955,0
3.8937377097606976,3.7393562476325073,0
2.653481618806943,-7.001444943,1
0.6603893675955009,-8.905729517,0
4.296986185629813,2.9440694768086306,0
-0.28602609,-3.562354254,0
2.047786659004328,-0.979688587,0
4.839872715524367,1.9096050448311708,0
0.7664282029779538,-3.450962759,0
3.0481112783241566,-5.727203254,0
2.3008098986150074,6.012602225952875,0
0.764748118,-9.319758104,0
3.0022368389471885,8.974337070380763,0
2.9503808383045387,1.429787743664539,0
3.692481334783833,-8.274773883,1
3.291686203084278,8.259748129559139,0
3.2179137417473442,-8.191994626,0
2.620705574147298,2.9592317137244013,0
0.3239992744427864,4.239012423525466,0
1.7600093939844268,1.606785742338733,0
4.683779720749605,7.823743084999467,1
1.9600753135143116,5.588180949536284,0
1.208499337263696,-3.0812518,1
3.768943620092886,5.379427623737827,0
2.9846522813636867,8.949885291,0
2.504175948450988,1.1356741701882616,0
0.2795586735053738,-1.947334429,0
2.0132836047685223,8.440034793125019,0
3.797570970960432,8.736248793340597,0
0.5954940275838156,-6.025373676,0
2.8370119949339982,7.756838961073072,0
3.1699691175380345,1.9491938689078872,0
1.1863398789754898,-4.203804951,0
1.757081111036953,6.80295253,0
1.4707006192776306,-5.855171173,0
2.724681562455634,5.6145180625439295,0
1.4334639450423545,1.9895819745167493,0
3.030927250214772,0.5070370866502358,0
2.0336551573660953,-8.034346809,0
4.439891737139642,4.453584568221009,1
1.2959087521362929,-7.849136962,0
2.9224303390963966,6.665666894338397,0
1.722816317907204,4.0982850321961095,0
0.3148188366725464,-6.787731553,0
0.5162686219340281,-1.120274622,0
2.0129439986406608,-7.846766209,1
1.5918122375330646,-0.254762463,0
0.987950513,3.879019145777594,0
7.032662913,7.867054809,1
4.081614830231899,4.223666217,1
3.7981882288456177,5.548506379957033,0
0.8927618888154665,-4.732927756,1
0.570262071,-2.702317648,0
2.726898120692906,0.36465484423408867,0
1.7194922111355553,-3.05221029,0
1.646507885075782,8.704946659426302,0
2.3168774262344467,-7.183038272,0
1.0112290134153392,-7.210781902,0
4.372872972311088,4.619020628,0
0.27941571847745916,-0.410221989,0
2.515397086487805,6.873705093839568,0
0.8539887402840077,-1.929122703,0
1.6011349914910702,-1.751754281,0
3.2278516139145554,2.570147063026919,0
1.0865722899444796,7.208581382058366,0
1.874131117148861,-4.061575485,1
-0.097716575,2.746726932913436,0
0.9570914315323151,5.199459719400469,0
5.273739269,4.508980037269378,1
-0.164862929,-8.411796185,0
1.3778492653272294,4.436506304079877,0
3.1152067408444406,4.812768890262465,0
-0.490944835,-4.333845623,0
0.8886075571253649,6.7761270090458545,0
3.9550992166276657,-2.840568876,1
4.007176925333372,-9.12513006,1
4.393751189292039,4.009984191983332,1
-0.87595299,-4.709791147,0
0.3942241276113151,-2.330383201,0
1.088614324,-7.778631723,0
1.153698011301657,-0.306339722,0
1.5944670638535456,0.8131810500188799,0
2.3481861228568675,-5.44644909,0
3.642247630471873,8.69863551,0
1.2447622545668569,-4.737841194,0
4.7654851212107765,6.1300367733686265,1
3.3124914305041453,-1.455605982,1
2.004269637399351,9.969990481877353,0
3.4115117015353826,-4.35760129,1
0.7834845074866491,-3.719710167,0
2.1437938991220666,-4.266592865,1
1.7811045803183205,2.4474077968033328,0
1.7952674307923826,1.0480475418739452,0
-0.270167937,-2.735856068,0
3.948372740653392,-8.525120121,1
2.1440620799682018,5.771344976547329,0
4.763248979356055,7.444113779375236,1
0.9118541431736744,-1.716871663,0
0.46545549162434374,-0.356639498,0
2.9810244592852038,7.358069269387109,0
2.5889927582531547,6.734310330989828,0
2.0325182759099025,8.254910658299064,0
2.3466249714390863,-7.835182449,1
2.0319551399549103,9.511146559189378,0
1.1624970201170302,-3.488446653,0
0.9692095314801239,5.461021544674459,0
0.7557192238490229,-3.494195842,1
0.19261401731772898,-2.139157449,0
2.7406587516660115,9.249991027759375,0
2.2974163170528876,4.198090987,0
3.518843728343087,6.152378391,0
1.411355829972332,8.332901031309984,0
-1.193199449,-6.899495062,0
0.3376325557890395,-0.438988174,0
0.8400802690595294,-2.823086856,0
0.3367391777955402,-9.674200938,0
3.831503781559385,-0.698589805,0
7.5450661484607915,1.3516645410720418,1
0.8034436555473654,9.531751765022005,0
2.5364273763744034,5.797675158,0
3.464411426645703,-5.754708912,1
2.231450319642311,1.1131585425472466,0
2.0987508155213015,1.0772132674391806,0
3.1868701132652264,5.435832312991817,0
3.125182688000161,-7.672232139,1
0.42458467210958517,3.6530052416586667,0
5.8959610981085815,2.1434449593729745,1
1.8959649916925125,-3.396547613,1
1.690844161958318,-3.145181253,0
2.5537153217673962,8.630492566,0
1.139138864,-4.947022592,0
0.4483288547983517,-8.341515251,0
0.9896198810966257,-7.149631636,0
3.239664007436958,9.433173500795746,0
1.869624921085801,-4.199634239,1
3.9285109176050117,4.991798138591776,0
0.6080787354548336,-7.293785687,0
3.5124383844340286,-1.162134054,0
3.9518472092455186,-8.375270093,1
1.725493131378299,-9.217582956,1
3.362126917386855,3.265839649506354,0
5.778019357146784,5.796933800715731,1
6.406114590204593,3.809342091362609,1
3.4571805005586205,-3.566558183,1
1.8181168400139796,-2.063519572,1
1.504288546412861,-9.890999244,0
2.869441924314162,6.668022903539569,0
2.4616754843264235,1.8468856393769606,0
6.103082840180619,2.1388404264371736,1
1.8868311720963669,9.065052626,0
3.9234566129837396,-1.493599578,1
2.1440767310358324,-0.931059857,0
1.3780323536305987,-4.457478251,0
1.2115823833738684,3.2045427140360125,0
2.315894136933458,7.864888911291793,0
4.093608413489166,-5.363709658,0
3.1166142628374303,6.691962734,0
6.648868660497519,6.833977426416713,1
3.2944386752715946,6.728577060448643,0
2.116421452811032,3.9385226037408483,0
0.858392928,-5.761643298,0
2.1567532604614885,6.992566938,0
1.7774225355149822,-5.57119282,1
1.6127786273322244,-9.816863999,0
1.9216646021550603,-4.029941587,1
3.781958880668325,3.2596355570528157,0
2.145663860125468,2.200147382383321,0
-0.483001458,-9.412595675,0
0.8995673356723177,-4.877311404,0
2.437696887406183,0.38388544951734005,0
2.6167284188013435,-1.108896025,0
2.2773467963098386,-0.276929139,1
3.217805717242892,6.769006072881719,0
-0.10406514,-6.346767761,0
6.007537169189361,8.819955308195805,1
2.9902402852243064,6.0728208254338405,0
4.004681808,-8.141128881,1
6.313531556,5.586776989913151,1
1.145656702231648,-6.874063723,0
2.859516933580605,-8.093049798,1
5.4585795933920815,2.770196093,1
2.1383567257576557,5.843356853023916,0
2.4850831244946505,9.954400342166888,0
-0.336515095,-1.045443033,0
1.9077007201639304,-5.531190602,0
3.9063567593569175,1.1360910936579103,0
0.8898831542302228,1.7589371858890956,0
0.39634077058324224,-0.081582384,0
1.4230641960224408,-4.933076502,0
0.5550549784498549,-8.967521776,0
1.7275563449623283,-2.641301834,0
2.8446531660173155,3.4116281533721207,0
3.3923331040177995,5.889937629822144,0
3.597572774,-7.436342724,1
2.0935098546104958,-7.302453628,0
2.4864184866987364,9.614504731942873,0
3.1640392863331614,4.051876743000216,0
2.822986691429546,9.528443271413224,0
0.6264110551763126,-6.231591766,0
2.8323902480564267,6.5650121283489895,0
0.5733591167271017,2.436752412452538,0
1.7151454269241926,6.365277135448778,0
0.49039657822967775,-6.190590013,0
4.302041108317205,6.701440884515197,0
1.9962416376935528,8.061198684169593,0
0.7192304408285444,1.8326196051050907,0
1.7375376646445337,9.237858331055872,0
1.9099703592313746,-1.470532742,1
2.660365541583092,0.9404346114109643,0
0.069870038,-6.511269087,0
1.2024123332378787,1.3416293962338166,0
2.277742869004169,1.3156760052126124,0
2.857340952732502,9.224114264672131,0
1.6408591168027624,-1.427967277,0
1.0611413430435113,-2.706732221,0
1.1139618297044314,-7.462155125,0
1.7356643036929287,-2.174516147,0
6.759348858041179,8.279665733223727,1
6.151913576132271,0.27674859010289765,1
-0.627219656,-6.217001324,0
0.8469560572176039,-2.454823784,0
0.5188217050190214,-9.474959533,0
2.2591884008501077,-6.225708642,0
2.2768111715380197,-0.623048012,0
0.1094197336261673,-3.267882656,0
1.7741239794946828,-1.153925458,0
1.331087598236378,-7.373337422,1
2.6665204704952576,2.962058447690069,0
1.2522921056443244,7.664685336004666,0
2.0628560054672214,2.5692350308007956,0
2.9231852356433823,3.1417440384774658,0
3.4218629272265737,4.170250977641137,0
1.305683825832523,-0.89980952,0
0.8065368694441084,-4.260147765,0
2.2622030216473483,8.210997136578712,0
1.6737671592266787,-2.536851225,1
3.364643127958235,4.588701729991618,0
1.810572652486505,0.049320672154939516,0
1.4911424481430866,9.805026602,0
5.472907816459386,6.125220948257585,1
0.9804149570799897,-4.16387336,0
0.4053915159612227,-0.064253958,0
3.4578796333408257,2.302133017155146,0
1.7224040514940389,-3.650231017,0
2.214831648534489,3.393136926532094,0
1.0076005330831037,-6.053409112,0
1.4075337950578035,-1.577558463,0
1.6338201781849888,8.148264846807908,0
3.133035874643756,-4.825069958,1
3.2129934108332607,1.2476983922819773,0
1.0015908922592935,-6.277793476,0
2.844973019235295,0.8679968210789646,0
2.1680827221378474,0.731333983,0
-0.640921548,-3.851970771,0
2.3359332091902703,0.701243163,0
3.8852301189324145,-2.821309692,0
1.3226050454605762,8.908626211972795,0
4.7845761706998635,1.6979487811109362,1
-0.68816626,-4.948120859,0
2.631649956997916,-9.646099418,0
1.5220269956927162,3.088316608906309,0
5.340626256548726,0.4240111251772518,1
0.9997041948118343,-8.062309662,0
2.0143297388047556,1.034967788613585,0
0.876249119,-6.948712206,0
2.387176403710314,0.8590509828123043,0
0.852781818,-2.790347933,0
2.012983922796594,-4.161132214,0
1.238054589213693,-8.351602563,0
0.5187119162295203,-5.135593971,0
1.3239261550394918,-0.910162725,0
0.5603084159840697,-7.254436742,0
1.3389185183084837,-8.941602342,0
2.266898190101793,-6.136600656,1
2.739020479679959,-0.326534718,0
1.690793135610464,8.687816868486276,0
3.0371954769422285,-5.916000937,0
3.798970777485385,3.1064988644789526,0
0.3674851478035728,1.775573932544381,0
-0.144326677,-1.721513716,1
1.5158076219268537,-3.210563976,0
2.0177592764994032,5.798838532587705,0
4.988005497725321,6.349878162279431,0
1.0663494116835464,-0.85393395,0
1.2477510507866818,-8.658672313,0
1.4051083737558354,6.106051161195893,0
2.4901190486189506,1.3623033963182891,0
3.02120002,0.4093185892579765,0
-0.202678337,-8.360096297,0
1.001866981692067,-4.123738886,0
1.6245435469938356,-7.912895612,0
1.5633051980569141,2.885745501,0
2.0132558307966755,-1.220769185,1
0.8195180803583839,-6.033172268,0
3.428809806989336,7.735379476992627,1
2.1159890189627677,-9.035544235,1
2.1356631678007196,3.9989648734521595,0
2.3684173647828253,-4.266788606,1
1.6766118872394937,-8.514885409,1
2.5752412256652226,5.032520483719619,0
0.7778673175329411,7.278312505505795,0
1.9929210015058008,9.478520912997254,0
2.2127084034569737,-5.919220702,0
-0.475065331,-9.716220372,0
1.6965752845858373,-8.005372476,0
1.9757946748439243,-2.404881194,0
-0.820862205,-8.133694099,0
2.789009943354442,9.475937731173559,0
3.7316870779798075,4.6114525364425205,0
2.394988228848751,7.411342701277842,0
-0.439421118,-3.755699916,0
1.3868129428717573,0.6858083292176715,0
3.457322426519098,1.3791208049945975,0
1.3633168637946225,-2.642029958,0
7.443562198,7.208590732679507,1
3.222135236592136,9.429267127296452,0
4.502483908985347,6.687792511,1
3.446820511900693,-2.734782651,1
-0.058619303,-6.670891718,0
5.370724971871555,2.1504003024747824,1
3.4754867581405193,-2.440555586,1
3.244851343659204,-9.808422305,0
2.164574569292158,9.610475733628501,0
1.9389743859620534,-7.457619432,0
0.7066667870124221,-0.384544393,0
1.2638285610961084,-1.055961018,0
4.161782609113953,2.9701638947494295,0
1.8144752102802708,4.619515737895735,0
2.140382990458675,7.530057391214648,0
2.4927973366165492,-5.214259536,1
2.635563511655277,6.739974060500629,0
-1.067265954,-3.810427323,0
1.2039319393304861,3.519146486,0
-0.17927396,-6.988188595,0
1.1480012301549403,-4.612509284,0
2.9110128808553646,-8.788952275,0
3.5917141348108435,-7.629392749,1
-0.914148694,-6.94565368,0
0.3625456311428923,-5.140156754,0
0.13273525318518642,9.148675984916377,0
1.7185118222145126,8.188883330671771,0
0.9353766221400338,-5.595123108,0
2.7602333877568235,9.576406177994354,0
3.2209813801267138,2.9285258597625337,0
1.61088973,-8.411294045,1
1.5734682833973768,-3.382444181,0
0.4511403610312319,-3.763913719,0
5.409031614609969,9.691407288002221,0
0.8834089336418576,-0.81044501,0
6.681079628269822,6.696552497577393,1
2.2310212973525623,9.886807101997857,0
1.8163109178271453,5.672442897903142,0
1.018041859388741,6.330672648427104,0
2.195846767017745,-8.825254601,1
4.9415852153214646,6.800572538,1
1.0088418820529919,-1.134162672,0
1.7439375683844711,-4.678205044,0
3.1620472617239836,-4.462921176,1
0.6767492540976613,-1.06867274,0
-0.599882296,-6.682574133,0
0.8870022774763814,-5.256402575,0
0.5855683778934093,-5.85626637,0
0.31942915305358555,-5.722884633,0
-0.464800534,-6.993118605,0
3.7549228739691975,5.253651602749203,0
0.3499940781851443,-2.609335741,1
3.2131934272378677,1.6788519747303017,0
2.2542438642830613,6.497715541454831,0
-0.344279149,-7.505630765,0
4.873633094019065,2.190518516444264,1
3.0315127328214464,0.5073007282767801,0
-1.39245119,-6.25712598,0
2.026051440417213,-2.851792906,0
1.921161339417177,-9.118775322,0
0.3695330418605526,-2.459868738,0
2.2160551849598855,5.286677334196515,0
4.416984150660745,7.920646556,0
2.2392786787847916,3.946864337208325,0
1.684753510223253,4.886080335927268,0
1.1972535694344002,-4.286929358,0
3.7510118123181146,8.695364114230244,0
2.5030462627496295,-3.846455173,0
-0.711366034,-6.130112411,0
3.399230631151187,-8.608746139,1
0.950633075,4.023197162356718,0
1.3456704542832156,0.6175240880060962,0
1.0398393459990536,-7.294958825,0
0.003223957,-6.667865651,0
1.8055962224959647,-5.054301407,0
0.7210264572851728,-9.682837335,0
6.306329513634839,2.151531599187413,1
5.039054139520902,2.369791203152241,1
3.1504968144375782,9.613303596842865,0
1.7611390317565518,6.012367959564703,0
1.0054261241431002,-9.833291858,0
1.7601900624137796,-9.684146667,0
1.0134505372969278,-0.211588057,0
1.0903404322835415,-9.33428542,0
2.2934894173324207,-4.728559151,1
3.0434087022308107,-6.629612026,1
-0.219177124,-4.535063535,0
3.6844152353227217,3.8443391864732828,0
0.7039810485921442,-7.182312215,0
0.7256512955374965,1.670081558216106,0
6.756290180964285,8.966724945347451,1
-0.204510427,-3.758007364,0
1.6514705854889917,-4.07469975,0
0.3393576434630269,-2.315231393,0
2.5399995538891917,-2.373771952,1
0.00870335,-8.690335757,0
2.961785679838303,6.428943794960041,1
0.49622657290668704,-3.82158287,0
-0.339625706,-3.368787597,0
1.719058689430879,-9.037337591,0
6.607969157521049,6.135553275442412,1
3.5147051327388192,0.4909721464092982,0
1.8163139973316995,3.081642236,0
-0.680372752,4.336518352513517,0
3.0679968428034066,3.985985707993642,0
5.4082437144754945,2.871488339343955,1
1.4928119856975715,-6.925209228,0
-0.13362012,0.018151985,0
1.1791261895129483,-8.396714498,0
6.982229681912804,3.6618886249018274,1
3.474025593889283,8.652903879239094,0
4.221893292,-3.517024031,1
2.899117489933356,5.835653954483746,0
2.7978335811842534,2.9536627948116845,0
0.38861583932273835,-2.447170821,0
6.775501842906332,8.430673612,1
1.3992438281778805,-3.237082812,0
2.5889042376925904,-0.70899863,0
2.1543720258805488,-2.895452048,1
5.6952046971816115,8.286852240998627,1
1.2468069448003007,-9.479615669,0
2.0023413860929353,-6.808447709,0
0.020152697,-4.804506144,0
1.9367837596849728,1.0269806898362006,0
1.7250007510955392,-6.363276631,0
2.055544366842646,-5.703652794,0
6.169912624482901,5.277982536792582,1
3.464577714,7.210206080854803,0
1.8752405079123993,-9.092402063,1
2.068079606448327,0.5622777352871005,0
-0.025839016,-9.265743992,0
3.303206047863473,5.412334054770625,0
5.519429566053741,7.101243086152767,1
1.2567317677884622,-6.966018702,0
2.170937461244784,-7.257304942,0
1.611157584588092,-8.714965879,0
0.7244585913455595,-9.209968485,0
1.458011349711559,-2.843097657,0
1.6870730145627875,-7.355597429,0
3.871903416150163,0.1268215541838842,0
2.613097930810485,0.51884844,0
4.217584902,-4.872566948,1
6.181947896,4.396515230187987,1
0.23075152648751818,-1.57948006,0
0.8390966403321701,-9.290080963,0
0.3194548039211642,-1.271491362,0
2.9639976364978957,-8.14396431,1
-0.023236684,-6.755861364,0
1.6904355009773941,0.5346552250268353,0
-0.555917415,-6.63015437,0
3.243034677727944,-0.952522158,1
-0.428219167,-9.07762932,0
3.0984993885733916,3.440048124915849,0
-0.046730694,-0.194079052,0
0.8961742265892767,2.9610960195702454,0
1.4439448540668167,-5.542909715,0
5.431367945,6.075836755016919,1
5.738657365069381,0.2613891556441885,1
1.4541279590728982,-5.206486809,0
1.6546553368023598,-0.131279289,0
1.0490218288241084,-8.390433084,0
3.985793506385059,0.9777704496966511,0
2.5658492006436115,-1.895107172,1
-0.568329613,-7.138356989,0
1.958060422,-6.641377692,1
1.7533570817892734,-2.136339893,0
3.5055976408646705,-6.674085523,1
1.180351538357248,-0.63893527,0
3.911487706167053,-2.488056317,1
4.138371429,3.7855161564021884,0
0.576629415,-9.421105709,0
3.247041588175711,5.078659119427694,0
0.7665408773288237,-4.115746506,0
2.0293313079531425,5.291577621588628,0
4.8429679950331215,5.134732947750241,1
0.21915772651180854,-8.323640995,1
1.9956260996891304,7.562941070593801,0
2.1795910549215467,7.209089798523326,0
3.120662582,-9.577734693,1
1.3345695285083743,2.0655346942564528,0
2.0999924326101023,3.071015502268331,0
1.0454924444401728,7.127973457165638,0
0.33219049407503976,-8.876528005,0
1.9050927586828754,1.119641343498543,0
1.515732829,-7.601623182,0
3.846675343296998,-4.399951967,1
2.668047164211688,1.2601517158439428,0
2.8420989053026013,-4.634480762,0
1.6589271274927688,-2.601718913,0
3.244766362298384,3.311643591538619,0
1.2349739465276381,-6.930077472,0
2.1431574899812165,6.468598011594718,0
1.1236736810366457,-0.488680067,0
0.48741510565852475,-6.300997248,0
2.5551408471208488,-0.3670882,0
1.9680990094398165,-7.421096123,0
3.0138842507828327,9.546422687486302,0
3.7782993826963223,-2.788518134,1
5.5588406707073705,3.964742986848538,1
2.5036470128622006,7.977763178380556,0
1.9795297971981627,-6.230940741,0
3.9694671420903926,5.322732185292216,0
2.3663297038994306,7.004047089889664,0
4.597095838427581,6.837613309523228,0
1.2796957571882932,-6.974284059,0
1.7965289987210418,-1.003331122,0
3.068320696769669,2.114796420258596,0
1.5142258537051652,-5.191479542,0
1.693187090677168,-8.391724762,0
2.3824880629927163,8.913369860361794,0
1.0155885277671963,-8.347751014,1
2.291344542119304,-2.088714694,1
1.7229526276163996,1.4627880811478278,0
2.7912151756282637,9.561202553499037,0
1.1154565636685272,-8.540293102,0
5.246215020104782,6.585927334875233,1
0.8033957761631524,-3.879407624,0
2.933834269351298,9.746482721199065,0
2.8365184295750367,2.6807041399581433,0
0.6225414134312173,-1.484568165,0
-0.025248259,-8.484970474,0
2.7940483174964825,-6.06672608,1
0.039542639,6.976701031197784,0
1.2364201618259576,4.168483134882637,0
4.834008126025223,0.524942517,1
1.5789356873002283,-0.608819548,0
2.3298294483995936,4.086854730824571,0
2.9313354793757584,-6.142452718,0
1.3660570951479958,9.823706262,0
1.9547957263044715,-2.406386028,0
1.9200012027098095,4.448684006528243,0
1.4183521092469602,-5.109700816,0
3.241584261201585,-6.767958314,1
1.5676709350430476,6.6099071399887706,0
-0.335374764,-3.96776393,0
1.6086325089657412,4.522968333629967,0
-1.10207405,-8.753991358,0
4.043514025555124,-8.108987592,0
5.478456179043848,1.277563707510737,1
2.143524697007594,-1.827881959,1
2.5739316028113493,1.7637311670591203,0
2.183427507357003,3.825245626087124,0
3.4019432210109386,4.401817552448685,0
-0.390077798,-2.466554048,0
-0.002070034,-1.436541768,0
3.213130935662232,0.23555917547033012,0
-0.523908891,-0.20609024,0
1.5256041853708233,-0.20957601,0
5.677558705,9.236535842430524,0
4.151446735,-3.285492758,1
-0.581782952,-3.113033928,0
2.3854264634062847,1.5819027650414164,0
2.050067010897684,1.0366781940488927,0
7.4392080713591735,9.355185797,1
3.0285967247256234,8.734625959866623,0
-0.096746029,-8.526003685,0
0.9209703676934401,-8.723535622,0
0.23632347058003422,-5.539353012,0
2.6483128344862954,1.4635649269746978,0
1.078768924518577,-1.979373045,0
0.6660917800811907,-1.916634799,0
0.7693412914142215,0.3211020296116107,0
4.226315552,6.550858016453766,0
0.048841787,-8.124834713,0
0.6203752845791155,-5.393772271,0
4.387903143,6.450759146505366,0
0.41968696660953264,-7.158858369,0
2.626712985146483,9.885520201,0
1.456573265717068,-6.127345946,0
6.173416680213073,8.782858237,1
3.209790555336773,-8.774560609,1
1.2471107468843365,-3.174843142,0
2.783119104216189,3.698630234957383,0
2.186328618744673,-2.751384238,0
3.1818138117641155,-8.697125894,1
3.7179038337048365,7.122452078360347,0
3.870539032,-0.636843979,1
0.32333154562589617,-9.447269687,0
2.7293048906161927,0.6086081801878702,0
1.1241979028568905,-2.042138502,0
4.9091920686155746,5.408232432357259,0
2.778033035969697,4.449527238111738,0
-0.003336714,-9.985924161,0
4.878991641306485,8.822532982615435,1
0.063868335,-4.635023829,0
1.2808591715178992,9.918647464193832,0
4.142637539413634,-7.972067157,0
1.0530595096614401,6.768255514061913,0
2.7112683666912916,9.061041455803203,0
1.3700665724607966,-9.596025021,0
3.217589049728944,3.0712294509433473,0
2.5996608572447877,3.751693643848231,0
0.6886116116986447,7.768909371,0
2.6512285593327167,8.535077700894412,0
2.702829638,0.5273087431812975,0
2.954929855697305,1.8000917202482256,0
0.8676927598170776,-2.677445194,0
2.178529633195664,-1.574046247,0
5.111834965544642,7.989253315249972,1
1.4352968596087083,-9.966584138,0
1.092400797258908,-5.871646246,0
1.681010679136538,3.7807126859627225,0
1.700891882,-0.54670173,0
2.098969125966896,0.98009067,0
2.082220447929239,-8.097994772,0
1.9602621907253162,8.388579971364898,0
2.2353025264360955,5.915059347,0
1.0544933978145228,-7.978294276,0
1.448494378381907,1.5118052964805067,0
0.5053248809155201,-8.429693205,0
7.042158452,3.3655074881250524,1
3.4789486349052012,-1.30308604,1
3.351959670811282,-8.154684144,1
5.095550430326101,-5.683429894,1
3.823367038997521,2.661693123216919,0
0.017659195,-1.78044643,0
2.204270164039978,-4.085714261,1
2.9456888649045156,3.237565291991828,0
3.1364775038665016,-1.387448493,1
1.5435892309219406,-9.04378695,0
1.7204468253079104,-0.989850823,0
1.7110857058114208,-3.142924988,0
3.404086173,2.7462702752814376,1
2.1442897464165096,7.5241422945674294,0
-0.724721378,-7.547208972,0
3.224037551294863,0.01017777,0
2.786629637448384,8.447323408,0
1.4504819074988156,-5.293853272,0
1.6882923520453335,-9.752211992,1
7.053179133118319,6.235608567,1
1.601371841126825,-1.827736005,0
1.4159057990428099,-7.969085632,0
1.2686173337821651,3.5215308458279964,0
4.4102122801950365,-1.210848079,1
3.987941453620959,7.984668599457461,0
2.3089774122513536,0.9774542264998392,0
1.4950836712731341,-2.506804913,0
1.9977807419545812,1.2369517424785172,0
2.4308438813650843,-8.34611338,0
1.294027871922479,-2.207759696,0
1.2323798646178197,-4.822255027,0
0.18802033593589462,-7.953286125,0
0.8207597015571582,-6.297320099,0
2.8980872608528436,-5.088328184,0
4.099974760255355,9.637922724823092,0
0.2407487641904863,-8.13180633,0
-0.042591748,-2.157919235,0
3.7746087552193432,-3.622160899,1
1.2570383158348382,-3.38083572,0
1.3969993110675507,-2.401828925,0
3.3227240082837004,4.2168375499886075,0
2.9931000833340997,6.291798351893192,0
5.200190818366906,3.338094516818783,1
1.2688409853800224,-4.29541481,0
1.176036424118617,-0.553753319,0
1.0928409918098712,6.365804410463845,0
0.9958474983382604,7.891339862935705,0
-0.019688313,-0.355382634,0
2.6934424357058466,3.1859496904692755,0
1.9830376233241485,-4.640911751,1
1.0391596107056675,-3.527156009,0
1.7946644830312377,-0.853717291,0
1.813977389597637,-0.674312948,0
4.333897324679386,3.307961623694343,1
3.5862213488520354,-0.583126959,1
2.1129766442116353,7.504158914722918,0
3.8485552975226804,4.578603291019309,0
3.195728632447115,-2.315249147,0
2.7790780957492824,-8.044842543,0
2.054652219770299,9.740032976781087,0
0.44332334702376075,-5.039476181,0
3.7770498594487814,6.203250096544149,0
4.010281172144692,6.795075835,0
2.4015195961921503,0.5691910084815923,0
1.6533469769291804,0.6298128853126261,0
3.9915358002348174,0.10244297490632448,0
2.887645658727245,0.025637943,0
3.9126472009849866,6.956543072947934,0
2.176372204132356,4.011109992438847,0
1.365104486654444,-5.443557801,0
1.4505238285503834,-7.154149011,0
1.2612270361907185,2.0783479020003437,0
2.342161813055591,1.4610591086397235,0
1.4187823167948306,-1.928412647,0
2.2075997548775286,9.895840545307593,0
3.0254209909874685,9.070643419081438,0
1.0633003034108919,-3.21993314,0
0.45726737296446573,-1.88079349,0
3.403678300135602,6.374837006017259,1
0.42853804873319734,-4.056827311,0
3.286832748,8.659853048628332,0
0.8615830813496331,-1.224211812,0
2.135102210477113,-4.503400512,0
5.071780894333593,3.677200352,1
0.9223483868069156,-7.535712664,0
6.509183662144551,3.703559701808018,1
6.149196029909491,6.3034911526535495,1
5.0957733610414895,-6.923627964,1
5.715053323,5.887329802782485,1
3.0541686386028424,1.5845150934944208,0
1.0887377734785093,-7.761401209,0
2.519487194351148,5.307764033138465,0
1.1043711834245116,-1.405935097,0
5.795379516,5.661102898939651,1
-0.984976143,-3.845223559,0
1.3419222577246575,-7.724877168,0
1.711890217630484,-1.105289938,0
2.612691121760252,3.578044000055762,0
1.9419930229142668,-4.516767623,0
2.402278852471678,-4.789340092,0
6.972835569572792,5.612469537941596,1
1.0895185115434567,-2.388339824,0
1.955192681536856,8.302940269068095,0
2.9829148047592353,3.329024054263117,0
0.926801599,5.371598389105149,0
3.990227192114246,-3.374811524,1
1.2244834759421679,6.980760890224079,0
2.4299742569444804,4.465233709,0
2.440915997265911,-7.614772561,0
2.432247388761616,5.440782832348933,0
1.301793718360756,-1.863878062,0
1.1863946826244063,-1.228862908,0
5.559433865798598,3.428051458809062,1
2.941657180318284,3.8101665953521486,0
4.272915866784788,0.19104983158350564,0
0.7792247017637459,4.799906339479019,0
5.705879379189743,9.187549460835381,1
1.5150566445172857,-4.549758965,0
0.7485922030916987,-5.77725571,0
1.3776635649898759,-8.564135104,0
1.0362114525024917,-8.782196432,1
1.663652801255095,-2.373855845,0
1.386661426203485,-4.230851574,0
3.4666671589640394,1.1889278474173786,0
2.1585582029141337,-4.627756809,0
1.1568045250403685,-9.629031461,0
1.8829020538179682,9.285743773,0
6.392237349,4.055889122726587,1
2.9538529789585395,8.845018531027726,0
1.1425579613824033,-6.162557859,0
1.0424480690198916,-7.587460907,0
-0.744352555,-4.552267497,0
1.295345906,-9.473623975,0
2.5041039772634637,-5.643657495,0
-0.471137148,-3.396616896,0
0.7807739922994403,-6.535755566,0
2.041983547570447,-1.56076847,1
-0.537504593,-6.388054254,0
2.9419451868973328,0.038324434,0
1.8376289075161512,8.200732963593143,0
1.6257426642913437,2.110094542216112,0
2.659812692052105,3.41651822,0
1.9148848666976264,-8.754119144,0
3.016273304628812,4.069536448,0
4.111371931159325,7.709837287526941,0
1.7242990184416245,-5.737728609,0
0.935167943,-2.525131334,0
-0.80298024,-2.649495709,0
5.264503935911813,5.172717126871953,1
0.9194763210826122,6.747981718233529,0
2.962518391730361,4.860561212705221,0
7.258616592726977,9.123915562766022,1
0.8124497394712642,-0.650380269,0
4.489675598439133,3.5355107763021962,1
0.4990575228238947,-3.40874086,0
2.275469382491587,-3.373114053,1
2.6168548106020597,-3.008245238,1
2.9199547572949274,3.1209397073551237,0
5.262677708146792,0.6639819652029981,1
1.6068384322528761,-8.646078357,0
7.033619376807269,9.771254745242107,1
1.4816795106499212,6.994512215601748,0
3.5585702441700438,-2.724752076,1
3.0452474758085057,2.164424209785647,0
5.710457086419036,7.6147433754781595,1
2.027280665941017,5.7949290733556715,0
1.5602142753278088,0.9984655245767211,0
0.8125414945288241,-9.332827102,0
3.1213989195917278,6.82453452,0
3.2828285091104625,-0.35163185,1
1.445506035,-5.651239694,0
3.293276537874501,5.328263996077942,0
1.1703355944922764,-9.433195672,0
0.9770294480939166,-2.724791635,0
0.14692253253907495,-9.53074411,0
2.7694866858205924,-1.006012272,1
3.891781036411614,6.148806595455298,0
2.6849331287343654,4.5312147503540405,0
4.516286021315155,4.701719616087745,0
2.648950781267398,9.095840523910045,0
0.7231159553826372,7.633761125480085,0
1.7876664032146048,7.130938852297916,0
3.390290698646914,0.24598990696703993,0
2.183511576711692,9.511696129110117,0
0.5597349134654814,-9.621499072,0
3.701091939929877,5.5075019397500995,0
1.6057277999390491,2.5930914917729027,0
1.0777376508413699,-8.310902927,0
6.702208632973688,7.033263073,1
3.2751842556399375,3.1086933586144987,0
3.697207810188794,9.937798606,0
3.8769056573058247,7.881382085515238,0
3.876806384,9.615854705950298,0
0.036651444,7.4885037535242915,0
3.4226105386803325,1.4199707494942828,0
4.176694960729377,9.069233496318109,0
5.149617433148039,6.465250716558707,1
5.841774689488099,6.416620345634577,1
1.8236950874459716,-1.547698476,0
2.4123799718366175,-6.466076495,0
1.0906555925414398,6.309369587563516,0
0.5899701452806363,-1.431334473,0
2.5975059968069476,-2.311155541,1
-0.133747834,-3.344109066,0
3.2752568267354083,9.340283277556853,0
1.1149073470951454,-5.796743475,1
6.277254358154027,0.7433637764110976,1
-0.060804163,-7.96880849,0
3.920684235146378,-0.647639596,1
2.575872057175265,-5.191178747,0
1.337965085254695,3.088276191010479,0
0.5393608027470751,-1.079564394,0
0.8301318845573635,-4.562803598,0
1.3250850203860374,2.553112946666314,0
3.1124445747207727,2.1225267494110795,0
1.7790739936052073,-6.90643964,0
1.281707383926221,-2.375411331,0
2.1990084152807277,0.094836908,0
0.9369129560358962,-7.345630705,1
2.0401917538263987,5.422265534121005,0
3.0434888185048945,0.42717588188711986,0
0.070719961,-9.378412121,0
0.6337345362207731,4.580897381868885,0
2.674808769713394,-7.708927823,0
3.9481183989961925,2.983016919702015,0
4.472825169514108,1.0893205419261918,1
2.766773503701838,7.748692398747469,0
0.19940258036202185,-9.028675897,0
2.012904302108199,7.3087522352670895,0
2.2467745560479857,-4.047156199,0
-0.673302851,-2.258968174,0
3.751727811295064,2.399036217123937,0
1.1940904684544995,-2.608760343,1
-0.206522232,-7.857505075,0
4.862004670353786,2.960391421895018,0
1.3118542404616786,-4.964971668,0
1.977525442813945,0.5682495911662038,0
2.1157113110289627,5.965817226104839,0
1.4836689367925493,-1.430504336,0
4.939306124130793,6.901096296917963,0
3.5091633155704907,0.026876547727120226,0
0.3774755290503625,-6.887852322,0
2.055333501073352,9.317538604612274,0
0.9810039979714178,-6.216534227,0
1.0056484991925614,-1.835021945,0
1.5005249684048618,-9.467763604,0
1.4339422031309168,-2.451353099,0
0.3857913648582352,-1.282781997,0
2.3768172516704986,3.5134962780383283,0
2.2337935258006136,3.823528919065783,0
1.380002178867585,0.9249806554774835,0
1.0871784050783764,-0.376426299,0
2.7804799665998607,3.972967745370383,0
1.120413332095108,-5.174786277,0
1.5642090645259425,-1.621819892,0
1.859804669620599,9.942398040756746,0
4.335523320498257,-9.74709685,1
3.2687046197649545,7.658049382658707,0
3.9406955200429565,9.626691802,1
3.4354916257968977,4.791531006741872,0
4.013133076007164,9.50904519,0
6.029812921926242,7.601193808094706,1
3.6012336161972653,-0.08289169,1
0.7782950734244867,-3.176897321,0
1.913228884310533,1.1032703264679018,0
2.602425286779155,2.975066476023045,0
5.349078640430338,9.003956233455405,1
0.7807000906650694,4.973753067805415,0
2.4677632986217732,-4.825753691,0
2.5608407260389567,7.289624007,0
1.3191006297612593,-1.049916952,0
1.5628935104195092,-2.603998806,1
2.720556918559736,0.19989806480103844,0
0.06650499,-2.465759555,1
2.2907056181671455,-1.116049195,1
1.5888002254382314,-6.68142263,0
1.997405617140072,8.504881305714786,0
2.2639386185192434,1.7655337112046254,0
2.431580943,6.903259307129279,0
2.9872847418572657,3.359985196289051,0
6.8223518436398365,0.5960586022307197,1
1.6898549516981118,6.936112957735151,0
5.597777117665217,5.376297020781353,1
1.1866480312183412,8.349436633467057,0
3.2496859191981176,-7.143267103,0
1.4384447524167112,-6.864604779,0
0.5366630111797857,-7.594831768,0
0.9857266535792136,-8.544069609,0
1.614629099198989,-4.484282446,0
1.1628559615543594,-3.784591822,0
0.5898472625935809,-3.54696877,0
0.3129621377823484,5.197670553544073,0
-0.425456409,-3.565532967,0
0.18122171572865997,-0.500417325,0
1.7441860559950535,-7.053725016,0
2.142751700480255,-1.61215224,0
0.096251296,0.8365788224319175,0
3.2458780397288276,6.8659118235482595,0
0.2271086431935494,6.082228642,0
0.6700732051597449,-6.324832424,0
2.4200563219715217,5.796366846759913,0
3.288374751533292,-8.180344499,1
2.9671392389400637,5.320133246121955,0
1.8027502186552338,4.499182269821091,0
4.805197393070176,0.30215900725288414,0
1.7812341724600402,-9.312096009,0
1.645018353460841,-1.957708111,0
-0.757233329,-1.618093897,0
2.066979043460474,-1.049540917,0
3.0110792971329525,9.408565980080162,0
2.9056022575282325,4.288705569446014,0
5.273906975129405,9.081346818,1
1.1040562805901446,-9.809466308,0
2.441637589705577,5.000238186533405,0
1.6654374900895257,-8.125360041,0
2.784715463560776,2.649293726499362,0
3.6858017259819786,-2.312318286,1
0.1534612410931412,-6.988338066,0
3.508470488246409,-4.14939188,1
-0.001568385,-5.284580583,0
1.0961019846693834,1.1688757458284638,0
2.1626503948141664,-6.999046465,0
4.117491281342631,4.88489773,0
5.182174250970216,-0.238166632,1
6.8473221073265345,9.959018729172758,1
2.262883499102744,4.786450632439978,0
1.3380797357613659,-3.511317441,1
1.7953080758715878,-8.388515379,0
6.782738849845316,4.406652618812931,1
1.7912095147120766,-7.373242403,0
2.6877204387762603,3.800241627305729,0
1.5292713856487747,-8.644810651,0
2.428966666771092,-9.689427915,0
6.291276857700301,9.986561590132816,1
3.557930166,-6.852013238,0
1.6960706159481669,5.319605556200507,0
-0.007141046,-5.164815498,0
5.785546429272584,6.671355385,1
0.8796390474743548,-9.495675053,0
1.1287805374365938,-4.674864643,0
1.4691171499907243,0.85337151,0
0.25522512499348404,-8.802459096,0
0.43911860375582534,-1.831080148,0
2.5087743257390227,-8.723601827,0
2.418512497291139,3.4837065976082755,0
3.086144089958177,4.743773056,0
1.088547181858753,-1.666413321,0
0.8751033153068142,-7.314989382,0
3.2379184866585837,9.515062253385139,0
2.724247098309434,5.723492787312788,0
2.9138031405345073,6.013468812253127,0
1.2960760414361137,-7.418330983,0
0.7875900814245953,9.414338695230708,0
2.9871468088024673,-3.061923266,1
3.1808014459721843,2.645159885212836,0
2.3467077105072907,0.2514991505786277,0
1.0062267184079923,-0.743357042,0
5.336599210386949,2.833045927943596,1
1.1434039699811267,6.351010687099368,0
4.590194689357398,2.7742995224268547,0
1.0381672634029129,-9.265263942,0
3.055866786364161,5.627227898,0
3.4320602548409553,-1.308417301,1
6.3231121783032895,3.225810464569065,1
4.380034703230024,1.6120409891614642,1
1.6508023767676123,9.194675133002523,0
2.618044030606081,-6.788182805,1
3.7992267036861658,2.9578175805792704,0
1.7206494603642444,6.458671081830943,0
0.48839710599352226,-5.888659495,0
3.033665007357049,1.1101360221305328,0
1.772733848843058,-0.35585413,1
1.3227708900961512,-8.956699555,0
1.1301777835215303,1.2638531078332491,0
1.2043490775250467,6.407346061811204,0
1.036123878,-7.068908856,0
-0.343135332,-4.869474714,0
0.17695771143419048,-1.937396301,0
2.6454572128645797,7.807571303898563,0
0.9793265544341276,4.313919798057231,0
2.9029645733815945,-4.255303116,1
2.6030573464202567,-5.925881985,1
2.565661607621975,3.0619518910650694,0
1.6365291537350757,1.4922736950665527,0
3.860679990144072,-7.547859573,0
0.9946129077728021,-7.583014503,0
2.7152971848533523,7.352298818483611,0
2.9176491280592027,-3.673540961,0
1.441517219807134,-9.699489394,0
1.7781900633096646,-7.450072898,0
2.0805995165224163,5.2660110610791815,0
2.549345885060803,0.44138104985498217,0
0.3953541083607903,-6.244130182,0
2.700801773744296,6.551613894130867,0
0.5600198229509005,-2.367758641,0
4.056607031684676,-6.293107557,1
0.13406688,1.6046616560044829,0
0.9931757733348466,-3.297999261,0
2.511984047144274,-5.229243957,0
2.9078801613642593,7.167522791356767,0
2.8969064456964526,5.594715869774948,0
3.076101601664094,6.609156679594999,0
2.5139886831867546,-2.801797627,1
2.3769438452804525,1.9464735938308309,0
3.5146613085716734,-4.268574227,1
2.0739041533019735,4.385076405462641,0
0.2272585877360047,4.612679265145214,0
0.9788624246434967,-7.215644828,0
1.0462997345418568,-8.778233092,0
1.115863897066899,4.910204288281495,0
1.6645814063853754,-1.407225136,0
2.4410979997785884,9.397105206629114,0
2.7938107078637984,-6.878168388,0
1.608555801709211,-2.471582974,0
-0.38489312,-7.918274232,0
2.223768258606331,-9.469594208,0
5.547191106672316,3.083259628185399,1
3.4585752511161534,4.188356968931476,0
-0.131241979,-3.341594054,0
1.8082889152760733,5.900692976629534,0
1.2996295137897984,4.151870284451693,0
0.8024234935765011,9.346472793205411,0
-0.011844929,-8.433406449,0
1.5624494027349844,-7.345262825,1
2.6329079181249915,-8.716634189,0
0.7113443487098413,-1.328571667,0
2.1995144997816465,-9.932300807,0
0.6475873849757814,-5.505004522,0
2.576741171796854,-0.797967852,1
0.6602757170417353,-9.317782616,0
1.3817815169081187,1.1519814348089614,0
3.288545680431818,4.9572392398424885,1
2.578218726265231,9.757788405555122,0
2.8287332395185354,7.850662569426316,0
3.0058141771001354,0.7741411868824581,0
6.471880711213363,3.8053297640128463,1
2.4967849364979404,6.560277532062194,0
3.2201333522789812,5.505841768,0
0.8545192763473457,-4.224015955,1
1.2469969577714644,-9.067944091,0
1.7617789898354097,2.4694924772228113,0
2.474158694647184,2.985091660622043,0
6.013173994874683,1.2446042159331157,1
1.7465816136114218,9.815495177107639,0
2.986200677143855,7.840507752040111,0
0.12645324184872264,-7.693234898,0
0.3064105481164089,-1.974969737,0
4.299171477319565,6.749038938455488,1
2.8507772666108537,8.615750507545815,0
0.3072082864144292,-0.233420914,0
1.6989190888650165,4.004276746568184,0
2.678866148948251,8.961085302414094,0
5.812207564781387,1.4181675622733465,1
1.8396238733384425,4.2326807893583425,0
3.012646083641786,6.588243236737906,0
1.3015846779837261,-0.896751665,0
2.655156795823808,7.995373601935686,0
1.7823422141537706,1.7574300979617323,0
1.3400038583577218,-9.797984832,0
1.1431411810536196,-3.232056612,0
1.1971380887889362,1.4284237636820247,0
2.899002239456675,9.784442234172765,0
3.2074492341461047,-3.589607236,1
1.3406981087242933,-8.587871426,0
-0.118712484,-9.299634939,0
1.5811609995107654,3.3496579079945192,0
0.27258799575120884,-6.243159551,0
2.6747227594715888,-7.460227041,0
1.1659037071687945,7.339012552500474,0
3.5100404297912666,6.882211725549187,0
1.5301712915597165,-8.268183386,1
2.444239477596806,2.2165364025097745,0
2.3184303993053903,-3.583386496,1
1.5682412443236227,-1.335773099,0
2.9902758132191276,4.358140991271885,0
3.961455130970796,4.052686744230339,0
-1.006945944,-2.225780175,0
0.9487307400515467,-9.194954888,0
2.597496187473103,1.0426355703050199,0
2.304134613296128,4.007807802,0
3.200443620910881,9.481953528496831,0
3.638590325280339,8.092856204,0
4.185464614086694,9.260979002842426,0
2.4124464740262477,-0.154939262,0
2.3902122467937486,0.5871901668035111,0
2.8877588892658794,4.381034114357881,0
1.4820840911106132,1.942354721823893,0
3.389226738055016,-5.334207521,1
2.5196816609043786,4.429721909724858,0
2.2098715393880717,-1.538485061,1
1.1977518402379719,-4.678633132,0
1.1569257122278145,-7.35939233,0
0.6854540906542103,-7.762052945,0
3.6484881420163524,9.434647183,0
5.431529235236544,1.287245520681397,1
3.1359932166492666,0.20213869326314793,0
2.3363509956315895,5.7756806294364935,0
0.21568643422605616,-2.184626881,0
0.9462877841642241,-3.634744133,0
1.6805541189399302,5.1001271977321565,0
1.5023858915966102,-4.495611748,0
1.1046643532606186,-5.152807788,0
3.78620987,9.235951243435522,0
-0.780301141,-2.797919935,0
2.4656891853673337,2.1891851901778008,0
2.4495923392025913,-9.077279719,1
2.6107002696787482,5.2587185108885866,0
5.375386685544724,9.806206377376096,1
-0.714664169,-4.202935722,0
2.102819292998001,9.703666338,0
6.503846392370072,2.934146455709133,1
2.063136045459034,-5.672199602,0
2.399068651650408,5.630735067080259,0
4.236684455299438,4.2100315745770125,1
0.6747738033672463,6.859767708324565,0
3.2879045844277117,-2.289504026,0
1.5617570221564232,-1.567488136,0
0.20053200200838028,-4.897567326,0
0.493509655,-7.82203255,0
1.4955957823364605,1.7252342409974197,0
0.730280966,6.036596540455292,0
1.756230790975907,-6.899291634,0
2.605541075566917,-6.163071658,1
2.2238199229897937,-9.288487021,0
0.6417362461492291,-6.444175106,0
2.2839313657432845,6.672654867472577,0
1.1669415585401026,-3.423223419,0
0.6502398444967046,-2.15423876,0
2.3329460692883726,9.191501429,0
0.6967367532131428,-7.642331948,0
2.0668159396676877,-1.095102255,0
2.264788089903742,6.122898991672386,0
0.7291906356161051,-0.382604975,0
1.6903197598496864,3.6172642786986273,0
0.22757177209961432,-5.139477112,0
1.9261567416796719,-7.247130491,0
3.2344366381339826,-5.033315492,0
6.805707623654188,5.019880890845679,1
1.2977665881890683,-7.232088265,0
0.6581105483069599,-0.276520201,0
1.846192785855167,-3.430668713,0
2.018970782083293,6.586292938898456,0
0.7592440648145184,-5.339892416,0
1.7934370841284917,4.668204181610205,0
3.891609406839317,5.644780415809672,0
0.2630853413259966,-4.084724721,0
1.7770710034357609,4.0236746512738115,0
-0.318133767,-3.719775321,0
2.421253086354358,4.018726572204084,0
1.8238942443089683,0.7248488161533757,0
3.2874264865758556,0.21774159172093377,0
4.041957962106836,0.8096993923844824,1
1.0844914208921124,-9.939558167,0
1.859476071291198,-4.1817877,0
7.409767113448408,7.4945893890960775,1
3.5974946442149207,5.942714996194461,0
-0.464765226,-9.988650398,0
2.477629039084986,6.432504500248875,0
1.6909990175014793,2.740295769953711,0
3.848192067533078,7.569875234,0
0.330463585,-6.028343383,0
2.5089934113641768,4.2703061105392734,0
3.3114217257394793,-1.470818513,1
3.156265442651658,-6.454631088,1
1.6720876944736414,8.947162564,0
-0.407836637,-7.102988419,0
3.444580822,9.902649057837394,0
3.8170387377790744,3.308560128438911,0
2.0768647448748196,-5.829644478,1
4.0684533056466305,9.129844672883397,0
0.42169659902026746,-6.239048828,0
1.2691952380439306,-8.57402267,0
3.080066904838287,9.883272946332518,0
1.5017030436869372,-1.573923676,0
-0.07285891,9.363286079,0
1.6203194487449766,-1.786041802,0
2.1518593756922195,-1.075692714,0
4.254885667367653,6.926301571089844,0
-0.277635015,5.6602704993127695,0
5.916707734492061,5.381340781029721,1
2.555007112172052,9.114290208808107,0
1.9735489570110922,-6.79061998,0
6.303094917162384,0.6906762922315046,1
1.9942231909061485,-2.761454862,0
3.3343119255120324,7.8757128240499625,0
5.739000799988568,7.377561701158815,1
2.7038165963099914,7.960841340475071,0
3.146526286274808,-2.198158562,0
-0.60036845,-7.916102827,0
4.147230128,4.761099463600436,0
1.970679631546446,-6.286196548,1
2.2621619339885846,1.769487788254791,0
1.1775275869717858,-6.941306665,0
3.7908252866670007,7.0363326359749685,0
3.280325606524076,-1.089084947,1
1.3703085359643774,-6.397404522,0
3.474697868856355,-9.089376507,1
3.628673890515746,8.780470924108194,0
0.33620148295276364,-9.159880294,0
3.0599762693231827,2.1834073527230764,0
3.2628892015321505,-0.710439249,0
1.1248667617798818,4.769991144683502,0
1.1397728166674472,1.0617430364722136,0
1.7579010873804881,-9.116733864,0
0.22582439488719985,-1.839391613,0
3.4514432175700445,0.37064453849584567,0
2.650695032784599,0.9043676753367471,0
1.891252789101408,-9.553664294,0
4.245251220490525,2.7060892874124303,0
6.512086987440366,9.760592140539956,1
1.4269431603668035,4.8805684375663905,0
3.5812202019104156,1.9993188299612257,0
4.067859634988922,2.236882955545884,1
0.9729431330473445,-9.021572049,0
2.576721929726397,4.693932005663044,0
2.837725891277068,-7.686296459,1
0.8730234790368985,3.3877669611924084,0
2.378278497706543,3.5025693511013003,0
3.305437734833054,7.178316498590625,0
1.4926980065671798,-6.058990123,0
1.8242483684913757,-4.865943656,1
1.4483600883656709,5.753787915381928,0
1.5930557065636193,-2.114322819,0
2.771824070004186,3.788218113097857,0
1.2154871870787245,-6.956155591,0
2.5117692894482744,1.4890465169485552,0
2.7407993026086164,7.661208371116935,0
2.971485487915673,1.6903424062789636,0
2.7943699154080592,-9.220355695,1
-1.283046426,-2.171056329,0
5.875010446,7.047059143,1
0.13262176074944876,-9.659853098,0
6.598174032948032,0.9002037072180062,1
2.8305354375018945,-9.055434336,0
3.229013611804394,1.8807037895962218,0
3.604701975276247,7.430082846945886,0
3.274057194583238,6.303948224694388,0
0.05071345,7.3811189392289265,0
1.1545848727098567,2.5284282601880204,0
1.0552278844883098,-6.741861572,0
1.1817395595864117,7.784181561203162,0
3.1236874271310917,-2.82103343,1
0.9198658876925512,-9.99855081,0
1.9576446763741302,7.719120140936127,0
-0.363484002,-3.024154093,0
2.461424960753044,1.4062925757339713,0
1.605053262222628,5.985076781873657,0
1.5379556322417378,5.545961644,0
6.8748379515116875,9.902153364431058,1
5.945488274016064,3.417271313921466,1
2.442635640840348,-2.472040922,1
2.818323246450757,1.004930701064005,0
2.481863635139078,-6.716474359,0
1.539096108103665,-9.658335437,0
-0.07405238,-2.463812116,0
2.2119538706148294,-0.795190487,0
2.522508929251104,9.759717841286285,0
1.7827932969562672,-4.883011754,0
5.1689589666865485,3.3936542528134535,1
0.6856039033187353,-1.033065195,0
0.21746509681647574,-5.124183835,0
1.441343614296009,-5.39857114,0
2.016052692328481,-3.446180106,1
3.036401113,-3.047961199,1
3.9935520794927157,2.8883152585347265,1
1.7718703998040795,0.8860037727236119,0
4.224335527672008,9.963663932699113,0
3.6566915051862647,2.8085529328627494,0
2.7422317880814764,5.376773985554969,0
1.6902409776396645,0.45197376697216285,0
1.3665807697547356,6.624188253117474,0
4.581103494352923,9.501860277855904,1
5.586836552866022,8.6763078,1
0.41964034013380136,-9.20450588,0
2.7968773283927395,5.704767987029767,0
-0.008660669,-3.423387833,0
3.366456659112165,-3.792635105,1
2.643376544275287,0.43812904332214586,0
2.757861107361236,-1.827016162,1
2.7130821879049667,3.8138687838673473,0
2.1191760781479614,1.4616373363356328,0
1.3611753880640858,-8.369955785,0
1.7518161679205713,-3.96216875,1
0.7954625765946798,-7.333939453,0
-0.534530192,-8.616674196,0
0.5893685672576132,-5.50355604,0
1.1001479679746196,-5.293122644,1
3.865914432037944,5.8194862328069075,0
0.4931651597844743,-6.399629578,0
0.40691522350422527,-6.171644607,0
1.4119549200353947,-1.174313479,1
2.2922833619280416,5.3977922790590505,0
1.3980717814128882,5.068902816743435,0
-0.171652773,-3.940386489,0
3.748432026237694,0.8766791465544532,0
3.150223555924537,0.224642182,1
1.9872092566098554,-7.306245806,0
3.081117999360462,0.581898558,0
2.572468570182702,0.6559889881451646,0
0.7507611620012145,-1.739481171,0
1.6897254920766072,6.513673880580189,0
2.330936450280845,2.3121668746745367,0
1.6281129725548729,-0.781442468,0
5.535977463506105,7.898586164606684,1
1.7906337577434246,-2.057381953,0
2.3928759039880956,6.721525346504624,0
2.0754303141404495,-8.922730954,0
1.651063002576111,-5.588850171,0
1.835662056381965,9.521418357,0
3.0358617202710327,-8.841672751,0
3.821139191099914,0.8784551844562056,1
0.091239398,-5.258778031,0
0.8149958099495105,-7.757883602,0
3.1264616465658692,-3.949574456,1
0.754482734,-6.553017435,0
3.703124160299012,2.405023024542789,0
0.30111696093191886,7.180581494856565,0
-0.82302257,-8.300870724,0
5.908004739384793,9.946824672177993,1
1.4877119685848672,3.0295440328412955,0
-0.575557707,-7.696096018,0
2.0733264606886284,6.686890384205363,0
1.8803321367434425,3.5466020700123035,0
0.4710938808844981,-2.739409805,0
4.888728638512621,1.125454828581125,1
2.492970265986048,5.451366063793287,0
0.35482867182302325,-0.583537855,0
2.5937717415378096,7.442814996745039,0
1.9603332475222557,1.2140428944618122,0
1.307582799553316,9.362919173988452,0
0.9052281577075817,-2.599058374,0
7.003314648,0.3980029847355997,1
1.1705160243546948,9.179348470251405,0
2.1945812512985983,0.1545901154645577,0
2.9728843043877786,-2.251807734,1
0.5203469608658546,-4.333770722,0
1.555550170283014,-8.015640946,1
2.9308388772137577,4.76093134,0
2.0326026752518827,5.755577607,0
2.4735797454518624,-6.823573175,0
0.9604092820427907,6.621396487137613,0
3.237852637,9.188555500853745,0
5.796549544380521,6.328014537107684,1
0.4237190684910581,-2.526036135,0
2.498466326957682,4.593299242235878,0
1.4463024557807254,-9.371868671,1
7.738787212460072,8.149270310503049,1
0.7288608289313574,-2.451402018,0
3.6052091014638314,8.071332010301031,0
-0.585812126,-0.430786801,0
1.280198810584371,6.334166634567701,0
2.1606265585459665,0.2740577338418664,0
2.5120116633335043,8.992576552639317,0
1.4283883335903884,-3.493019216,0
0.6641839658308587,-2.73867501,0
3.7740884958578755,4.092263350871523,0
0.4061872730696172,-3.841055825,0
6.401830549125816,7.346742475290988,1
2.6267433922248276,-4.477518388,0
2.414179854213778,9.225956795630562,0
1.9721382101955334,-6.457361664,1
3.730276630310721,-5.966159301,1
2.4505035339513745,4.369271494888885,0
1.2492237917477511,-3.445351299,0
1.9903832018527843,-2.481678627,0
1.8115007659462152,-5.000913881,0
-0.149817227,-8.420216384,0
1.9534443637852903,-0.119614133,1
1.9486757421544534,-9.584455523,0
5.669704561692021,6.337787494308792,1
-1.00143038,-9.158661756,0
-0.829623568,-0.445997931,0
0.9411925560846592,9.356131326,0
2.2325484833064797,4.493137989872434,0
2.6098147713010715,3.3031415737428205,0
1.918530025840223,6.882760001949915,0
-0.153545774,3.754782921365898,0
1.9371104497666427,-9.890111365,1
3.066796936319192,1.8103885934128776,0
3.1246165146913394,-2.881184516,1
0.5594324515283562,4.012855474269838,0
-0.843431394,-4.824333795,0
3.165668535005239,6.399429353005971,0
4.147937757435312,-0.025881897,1
-0.391935449,-7.829274203,0
3.4652949302464426,0.7138875173931751,0
2.970296789197036,5.808706803806009,0
1.2448363784518648,-8.130754617,0
1.7019562917381599,-0.807805483,0
2.2043686177779778,1.1820020185555542,0
0.9200874924821091,-3.401580145,0
1.8904909844321955,-7.608223484,0
4.697076056417506,4.1023229047753755,1
1.2372927905249784,3.1900796264057227,0
6.045990676251797,5.010300204313953,0
5.46459394,2.685949333887013,1
3.5180161291546623,-4.887584876,1
2.835346824,5.5306945646224115,0
-0.763833521,-7.700684385,0
3.089488318824501,3.7588707771718326,0
-0.524019811,-0.881297083,0
4.797820628647454,7.251247664395791,1
7.128930768256163,1.0608710696935617,1
2.2253197807700813,-1.377290109,0
5.522090253465101,1.0982996879085363,1
-1.097140758,-1.281920312,0
2.386485196994552,3.5549918903870115,0
-1.802622246,-2.274442118,0
3.443860522423659,5.897197565341251,0
3.774350172792941,3.713817362753298,0
4.438400486438262,-4.892609256,1
1.727154969482625,7.736752654443368,0
1.5039582414764072,-9.072559271,0
5.2764263838334164,7.285695980979035,1
0.7298518782773556,-4.822576556,0
4.147325231,3.2121676404439583,0
0.703427455,-8.229123811,0
3.1129927371547454,9.147619338715224,0
-0.55422527,-5.561863136,0
3.430306621015975,5.975215183671775,0
1.598788897977513,-3.08625167,0
1.2654399685688054,3.7787826386873054,0
2.2100614215414986,-7.462360476,1
0.2340781483644525,0.087039683,0
0.8542593025907005,-4.747083705,0
1.281597130432821,-7.202802175,0
0.5633660071761858,-7.61215443,0
4.555474955740979,5.055212106,1
1.656642266995636,-4.3011015,0
3.0249855784251394,-4.390847422,1
0.45442878460625935,-3.885908052,0
1.3167596509389172,-0.592165457,0
0.065174443,-9.771797991,0
3.697640356240868,-8.102190341,0
2.941748102021215,6.816926790527621,0
1.4302957324217405,-8.200889544,0
1.088832490257452,-2.902689679,0
-0.378417433,-3.830075811,0
3.0718714218647474,5.263431382599318,0
1.1825382426806712,-5.014365232,0
1.297487660004658,-8.225790159,0
2.2450747882644873,-4.892944076,1
0.9134178527253265,9.674991664681958,0
0.3409347302411808,-4.162639435,0
0.30854216883286434,-2.26367207,0
1.6685259412639328,0.945747086,0
0.001807726,3.0359652236330454,0
1.512763702619321,9.723067837070538,0
3.252695471854436,7.130974594729473,0
1.1126031696897847,-2.819855893,0
2.246807864317778,-7.802062841,0
3.615523991,3.9701495821475774,0
3.223927189651766,9.703232757769527,0
2.322641885865967,5.136754983583412,0
4.766575360948906,0.972342726,0
1.5627343519079522,3.417015582946112,0
1.8591427575141561,-2.199475315,0
2.585030661062329,-0.87180384,1
3.9168111606727525,3.5874548223958342,0
4.051974711278922,0.351282312,0
0.8378113971306962,8.318241338977781,0
2.908300269799088,0.7255680246009106,0
5.8822074456309075,2.775447947757341,1
5.6123143854105795,4.711233498498654,1
6.339425279559295,8.584857788286474,1
3.484361608190379,-0.129551518,1
0.9087191181443006,3.178424396982953,0
3.7885318654213815,9.370235388063485,0
0.8882837945892117,-4.409100501,1
2.2999821792780795,-5.937748362,1
1.1102945330402436,-7.27613015,0
1.6857814183367825,2.766056295740098,0
2.194212840258253,6.955372880922059,0
1.3438412386585252,-4.023532282,0
4.927981174963364,6.7484946403614074,1
3.633913373311612,-0.18181925,0
3.0115607962247406,-4.641000651,1
1.6097431384036471,-1.752122051,0
0.3412688836974519,-9.541747485,0
0.8558957084856775,2.003381611666226,0
1.7967726009681535,5.848695659229129,0
2.0306382258833082,-7.922315943,0
1.461058945726902,-8.24197972,1
4.810419568979522,2.637082520133724,1
0.8758494826535413,-2.971815858,0
1.970478770550647,3.1010686808922046,0
0.7910843571309162,-0.915153795,0
1.8050806676448143,7.228508517,0
1.9627740233151352,-8.355298915,0
2.461594093448941,6.842856307786931,0
-0.095355433,-1.288747468,0
0.8625857742683474,-6.183245453,0
2.398194952084537,-3.910656456,1
4.324659921015901,6.020585713928831,1
2.1857526886242087,1.5203124877465193,0
3.802349346276318,1.669849264370951,0
0.708946304,-7.603473032,0
0.5367772910210518,-6.116962013,0
0.31398524249473836,-1.244348335,0
1.3451255446777455,-8.966879342,0
2.807622587149953,8.645965502174857,0
2.9417374214808754,-2.285475396,0
0.6634819253554352,-2.553992915,0
2.3722241231962573,5.305157943546174,0
0.9335515731582282,-2.505688755,0
1.6057768442465021,7.182798701531624,0
2.272971076477842,-1.48577402,0
3.781750882697607,7.2622015770800665,0
2.3428885201823566,5.404406110381711,0
5.809251806720343,7.103479384,1
1.1377496330357242,-9.489403692,0
3.519188689470419,3.6825394324458856,0
-1.79894472,-6.83179994,0
2.0212239054449945,7.894231793199836,0
2.274551786008678,-8.261023064,0
2.2819396821978457,4.8104284436380205,0
2.1195734468324114,0.075605675,0
1.9812101192508036,-6.508226444,1
2.2702028876765046,6.699280744844462,0
1.9190409716184984,-5.780041508,0
1.9553098965659035,-2.322472612,0
2.526540159019823,-0.235517471,0
0.7939225855620704,9.555172589614461,0
2.859523505195636,3.0812668276434536,0
2.584831332472294,0.3201765401022545,0
1.153904006709279,-7.367895832,0
-0.081048949,-3.12409574,0
4.361849378715563,1.370248317834914,0
2.7926370002325633,-4.54867453,0
2.3083019950176724,-4.067245261,0
0.7947378412451026,-8.435565181,0
2.8083659637536136,2.693668953073278,0
0.9572982194255053,-7.655393364,0
0.6910201770993434,0.7289145349412145,0
2.059385784899029,-4.905900537,0
1.7083982998637337,3.754807200170088,0
1.9928186741985172,1.7606655619253058,0
3.369184231089835,2.154506265,0
-0.653078272,-2.905318317,0
1.8210445634883357,-8.005192702,0
1.5454395095117692,-9.303162811,0
2.9617587673324257,5.964417403334863,0
2.7904240271415013,0.5028624532776007,0
1.5055715288958056,-2.86088269,0
-0.019450705,-6.950659647,0
2.3142866297954683,3.066099454837234,0
0.6506212076683464,-1.786067709,0
0.5422815203299516,2.6324866351967575,0
0.46462201175475326,-2.428438271,0
-0.217583479,-4.561165354,0
2.0485255786524994,-8.0849613,0
0.5025587460619187,-7.322853701,0
1.5154824975456542,-7.21733349,0
-0.024199846,-6.012503815,0
3.1635518729664573,3.2816764077023013,0
1.066253281618603,2.651467603059917,0
2.693550871491075,4.145390075133804,0
1.017982759541818,8.814881183179214,0
1.3034733783301684,-1.617189647,0
1.6748541041257365,-1.613695167,0
1.5554061842723774,-0.901398892,0
3.6109681077634552,-4.960886505,1
1.7394285637887963,-2.721557262,0
0.6688160071286087,-5.665798244,0
4.630742289827238,5.751806183269807,0
1.943842865601733,-7.924590849,0
2.680300936573381,-3.99354982,1
2.7625087408985984,8.399638432472539,0
-0.244017772,-4.241198727,0
2.6347529345237257,2.796218145794354,0
1.296039327611422,8.793587549846649,0
1.6286991639832382,-0.41060868,0
2.1859960608672098,-4.877856332,0
0.3800759185977851,3.7019228015133336,0
1.7568915489531967,6.613148404500304,0
1.6836456662805501,-7.075353586,0
2.936025443861553,5.9539701901169515,0
0.872366139,-2.560626999,0
0.9306633725817778,-2.065734967,0
2.6540678704528533,-1.209131319,1
1.6974509653492025,4.2284931047725305,0
1.7965587266736625,-3.917735832,0
4.7119437975313385,0.3784707233964131,1
1.5354824605395323,-4.929695792,0
3.3313584775546565,2.395730748420773,0
2.6817988467298277,2.9716074295399793,0
0.22724507293708696,-1.476364576,0
4.5516885289407485,4.210812236066623,1
1.223193945338216,9.611048661238339,0
1.195874018,-6.957214624,0
3.2013685612453737,7.889996752621013,0
2.6486617743365297,2.346152779448934,0
1.9364224708926634,8.585703964,0
1.6264586911153602,-7.092644494,0
1.3682432651765017,-8.292191719,1
3.9440735721575804,4.130594274180741,0
1.586472182107498,9.699383043,0
6.131161707173343,6.500283235550096,1
2.511972485890077,8.220016175528539,0
1.0278726866608476,-8.355122594,1
6.138054431400707,6.624974675597258,1
2.0281746553066022,9.170993571716952,0
2.718353941,0.3762259710297471,0
1.0958167981560205,-5.169960376,0
2.3438686843965812,9.964946834561413,0
2.829951744997013,8.894424501,0
1.0229347661541037,-2.656623825,0
0.3030906494669978,-2.177985613,0
3.3584882383004557,-8.787413746,0
1.4034662508410654,-6.043845478,0
1.9155188099024993,7.375318841,0
2.8121534721772834,-8.59782343,0
2.0970065850012043,4.509340391420327,0
4.739029396223678,3.433004033991107,1
1.248569309357833,-6.958945762,1
1.095481274082956,-2.279614834,0
2.589216404577579,-1.735822271,1
5.520941831415451,9.567274355,0
4.371294433563187,0.36804577624812396,0
3.4381114064613962,-8.464201878,1
0.050295292,-1.527813348,0
1.3331398856438734,-6.764883868,0
1.3506289983599733,-1.902068711,0
2.058492240369101,-8.167515434,0
6.222465661864981,5.111034165294626,1
0.5571795900269128,-6.895236565,0
2.3313868226166257,-1.257666295,0
2.697966477892884,4.824877290429317,0
-0.017182731,-2.374409331,0
3.5751752205555545,7.280040069,0
3.467970073538105,3.702464675212905,0
4.323133072448682,2.6034217939214255,1
-0.719254292,-1.137670426,0
0.3760828785843131,-9.209309096,0
2.358365769403851,-5.361147943,0
1.0870600741620942,-6.355439653,0
1.6703317821707073,9.947261642274142,0
0.5842749969813117,-9.574851436,0
1.9890604069659903,-8.818453834,1
1.8819613093924876,6.561027503377208,0
1.8220785090763612,-4.28767352,1
3.6554535054197195,3.1152366106144918,0
1.0510758850149031,-7.203113175,0
5.635330986014984,8.683487110904476,1
5.419869733435241,1.4780530697459398,1
2.650855966688278,-8.683803117,0
6.208610197737161,3.586686051818603,1
3.4239528421453143,-7.428375242,1
3.1116454564828304,8.542551513628222,0
2.9069370848504854,-4.088828434,1
1.8021822777924248,2.728713384320029,0
3.4215973268042443,3.1417843067593196,0
0.8528647392685751,9.705091437213284,0
0.7378409945792919,-7.667132304,0
0.7072401404453732,-1.670335383,0
1.4747788589818427,-4.856889238,0
0.9622101256460897,-6.665248782,0
1.5122516088370648,1.7827499864704635,0
2.9800838231286413,2.9218949008313615,0
0.9854692084484179,-5.947038823,0
2.5157261260229715,-9.495604481,0
-0.503970789,-7.466086764,0
-0.041937449,-8.319824541,0
0.8794402852613961,4.008415918919505,0
0.49367444377674496,-3.158655108,0
-0.432928307,-4.817726463,0
5.9064560306475515,5.037544068,1
0.5236979644277903,-8.95588525,0
3.440565018741213,7.906525110714039,0
-0.247917026,-7.759810234,0
3.813460457803295,-1.672187655,1
0.5308728081635239,-5.581822688,0
4.146759107495322,5.269779942802513,0
2.3568173736351516,-9.500829526,0
3.4319178399331722,7.4234431530672715,0
1.8941200566208543,-3.025139914,0
2.2144322254978266,-7.018125141,0
4.175481257296655,2.535410003193734,1
1.9814274389503357,-0.323734648,0
3.3685820691358472,-1.976640409,1
2.0784513949056547,3.2811504072705127,0
3.2603815473504074,-1.252084618,1
1.3525714453710738,8.569782541927168,0
1.5723921137810626,-0.123369865,0
3.1690739285828213,5.570373678023106,0
0.7990362902524935,-4.208277066,0
2.6690759385240748,-7.091529125,0
4.8616524574069535,4.1922978624685125,1
3.9255333747104424,-7.399162399,1
4.028931323946485,-8.586286583,1
3.469772432866375,2.6982892457396694,0
2.2420455512643063,-8.155698859,1
0.8832142333190944,2.9926103966166107,0
2.940550586320363,6.297681846819508,0
0.7630456166799345,-4.593427528,0
1.7559949273123363,-3.567202859,1
0.4067846173646892,-2.197010234,0
3.3354216488396897,2.2557946087054646,0
3.9805424696422502,8.558549229129042,0
2.961595249,6.517305736983097,0
2.808315388220567,-9.28136683,1
0.339959299,-2.914993677,0
2.2180240721397757,-5.770555172,0
1.9295697932888225,7.6114348041621795,0
5.194554339763848,0.7455341760048633,1
-0.335198265,-6.683260112,0
2.1827560031626194,8.028026054444275,0
3.3592132837399618,-8.61848219,1
0.9151287912802666,-2.528353002,0
1.4057266874926484,-6.299429215,0
0.9014121959310968,-0.338469768,0
0.49045694,-7.595150649,0
0.5232614832273369,-9.576924136,0
3.671475374487681,8.261210060357701,0
0.4394485419053842,8.019741909431826,0
1.6122163500129836,-8.209599546,1
1.7396945194719677,1.8375077126044808,0
1.4892532304382862,4.423890414744985,0
6.598349453468572,3.320651232046579,1
1.4568978876384524,5.965535432745504,0
1.2842782884140234,-9.552853757,0
1.4660874228411178,7.576049257852947,0
1.9903145789831944,2.8879924990571446,0
1.8931418684579433,-3.364156877,1
2.190812286426434,4.687302373538477,0
0.6723703279421591,-4.829775401,0
2.3433168669981805,-9.318327871,1
-1.363890294,-3.788207675,0
2.712838560086119,8.025814451769655,0
-0.317332668,-6.558918896,0
1.4023196891968746,-3.97281533,0
1.8916842475989033,-5.879470456,0
-0.360099836,-6.067949073,0
6.7393650463605095,5.793449661200281,1
0.9325616581804147,-2.412519134,0
4.096504694910687,-3.210022595,1
2.219303091295365,4.870343979990119,0
3.316071609217872,0.9627952252268734,0
0.7084331401698765,3.3483233295867247,0
1.7785373805565365,-8.8315855,0
2.5643032026703434,-5.117687389,0
6.5796815098735495,3.957159952973864,1
4.588860019610598,6.809332184997693,0
6.059021753,0.086070643,1
1.2724126862253367,-8.056232599,0
4.692985484646815,2.6827621233734646,0
2.415040908609494,3.975689738823922,0
0.1354252105873247,-0.193848925,0
1.191149652774003,-8.24135175,0
0.9281806216895219,-1.33752471,1
1.3701425422807452,-9.190680591,0
5.300087296064271,-9.004290683,1
3.444349344561438,2.396832910257663,0
1.556214912800347,5.964199664658887,0
4.672787349043634,1.9399084308542456,1
2.9169746689612577,-4.256312116,1
2.589483293060885,4.6779731242715386,0
1.5116414681786663,-4.205959177,0
-0.937365425,-1.112872456,0
0.6460160554814744,-1.881790415,0
1.9789745576457478,7.088507257631413,0
1.7442103542203404,-6.140928849,0
1.360410673084437,-2.646166293,0
-0.714664154,-3.792906106,0
0.5129930563914781,-3.326512563,0
-0.066265303,-4.17082808,0
2.5543072911046485,-7.724616383,1
1.4981151517712987,-8.461455636,1
1.8682432740590635,1.8084383940994275,0
-0.486393536,-1.162309978,0
1.8720184835524196,-7.191327965,0
1.594915690101013,7.760886365487991,0
1.7780897047978592,-4.737461216,1
5.699615651129955,1.172422552139274,1
6.211122665,3.4013855768439782,1
2.3321931292814786,-2.767120848,0
-0.320541853,-1.689253339,0
2.730728319223397,-7.357277127,1
2.899475349647064,6.682463752425981,0
0.2759189404665823,-8.906211332,0
3.913859753343637,-7.294343841,1
-1.128288213,-7.892820385,0
1.8704888635646157,-1.458954722,0
2.160312365935074,4.9518020628391035,0
1.4338244823034878,-4.997783801,0
2.3025625805161885,7.94150294,0
-0.125509415,-6.078601517,0
1.594781042,-0.966395471,0
1.3839369416206952,-2.63669085,0
2.660217902256524,9.520016886,0
0.592386982,-1.309341129,0
1.5536004525366478,-2.062628439,0
5.970666470285778,5.822588650163347,1
1.0896803135915774,-7.193603007,0
0.8414358209990933,-9.592455069,0
0.9169240434236144,-4.169225882,0
1.6382024400205875,-8.87597118,1
1.4415288275332816,1.9637825852131314,0
1.6279405299086391,-6.905892027,0
4.752829888,3.887740376633319,1
3.460521276615845,-0.446284064,1
-1.148226776,-8.572192548,0
2.5865481256115292,-3.404140744,1
1.6446717154597912,-8.55807987,0
2.212943818392983,5.233524467929167,0
2.593181508647887,-1.839453628,1
2.044420043,0.4113269007184286,0
2.0420478214530826,5.827310338552909,0
1.7676949161130215,0.8591592216884187,0
1.6096150718446889,4.027985374702167,0
1.6714716844847204,-0.204996045,0
1.317033393934648,-8.207318099,0
2.6085236471822815,0.45593308007571665,0
-0.565364903,-1.175547257,0
1.161970710935992,-5.004567686,0
3.460464158118402,2.232087045418927,0
2.029957039003631,-1.039675697,0
1.8770117029120348,-2.569421702,0
1.7655203994513977,4.960149590300212,0
3.698539313823045,9.386990537186435,0
7.075398974652018,6.537278376,1
3.4321886652072835,-8.026490928,1
3.4655106253117953,5.50575892,0
3.364714748063361,7.420935191575676,0
1.906413487,-7.077294859,0
2.673090223599468,4.557369530252027,0
6.2180738978870975,4.470448081654272,1
2.1810736933446226,-6.587549506,0
4.533488283106209,-3.965822318,1
3.734986336290611,1.225068941545457,0
0.5966572776777893,-1.537426482,0
1.3439387807150718,8.802395046289316,0
2.6247076441177875,-8.583804685,0
0.4473983428794104,-4.265246597,0
1.3416543501085052,-0.900441609,0
4.214346267618198,0.9515794442635368,0
1.1761656271473235,-4.490027905,0
4.3853508506543335,-0.381517722,1
3.3049694214049543,6.375329565656891,0
2.9138715317286517,3.0337296161388565,0
-1.88410768,-8.672824864,0
4.126320585942456,8.638425061751722,0
1.2536382146189358,3.700463899228195,0
2.199587756439794,8.035806277339397,0
2.100271661964652,0.718796123,0
5.533364556340109,9.213842526536723,1
-0.140111132,-8.440683617,0
1.0763525491637809,2.1388367082914517,0
6.5152242383506955,1.037414865471753,1
1.9334899553316227,-2.433226103,0
6.149257872078625,2.594449818782685,1
0.880766076,5.226419374596322,0
0.912079266,-7.126142181,0
2.89532061,2.0913605445240755,0
2.132062538,-6.306406972,0
0.22764344392682334,-9.060698675,1
5.920342204209723,2.188155043668587,1
1.7701872383901405,-1.831848022,0
1.363906116392296,-8.263109107,0
2.3479132682055077,6.561662702925748,0
2.8842654689375054,-7.82456056,0
0.2793972548072664,-6.466577768,0
2.403626304355767,2.590713612,0
3.0154724104443495,3.989637970265994,0
3.6030227257380822,4.863533563512339,0
1.4350919551743109,9.783086630134019,0
1.1350678416766837,-8.600225619,0
0.22806150743180287,-6.239481307,0
3.5192681092891647,9.024529627976385,0
2.8277912808802323,-9.48176063,0
3.2534166074714825,2.1387607928521177,0
5.304767014,1.923927265075399,1
0.5182232191238494,-4.702895531,0
0.027083788260212516,-0.956242803,0
2.0646715924580734,5.798009845958605,0
3.669086654297646,5.484521327237015,1
4.071202553896303,1.567889297289808,0
0.6584041143098306,-3.129278746,0
6.764919288836107,7.985578682,1
2.6590839232013614,6.833811776418845,0
0.4572787778126659,3.8492237687650572,0
3.484303902075751,7.1225990446276946,0
3.289456107376138,5.541445175536399,0
2.1325273416930957,4.940414363263175,0
2.413376872497219,-4.820813639,1
4.357588326200309,-9.841701052,1
2.9305637277263603,-4.291100372,0
3.989732603272863,2.5492750885129194,0
2.412594928048387,-8.010952721,1
6.828710787072577,7.257168690967056,1
-0.200412637,-7.898658382,0
2.5543179163203633,-4.20552175,1
3.7584232374400863,-2.42674632,1
2.574880748901983,0.10408858129589582,0
0.21225026386760792,-6.265139382,0
2.376123792320277,4.665216190828506,0
1.8375569830106817,3.331184820263111,0
6.578575293509406,9.531213696247377,1
3.634930904584763,-7.996376161,1
1.5167230729606653,1.5129412336283075,0
2.4451073283717504,-9.937410641,0
1.379787726159937,3.3471448247460795,0
4.443294479640601,2.911323744453764,0
1.788673066586907,0.2868371699337544,0
1.0024644632789148,-5.792641284,1
2.244835534878562,-7.678420825,0
1.4347755433677833,-7.522356284,0
2.919230804315667,3.2611864146095986,0
1.1167524990937252,-1.81463426,0
-1.5122273,-1.987069027,0
1.676881488403256,-7.22069904,0
2.093963515436116,2.1231015337578896,0
1.8030868270643297,-4.431949318,0
-0.105661414,-3.00981625,0
6.694199075278592,5.993436734305757,1
1.9656803554279798,-5.452192093,0
1.0230843661147964,-9.758609099,0
4.672106946129856,-0.566779889,1
1.1009318739256417,0.13595602255259287,0
4.845132027,6.1251093401996854,1
3.4643209130279917,1.6491745987122002,0
0.26450064791909944,-6.695351625,0
0.4899536788614196,-6.69177807,0
3.5051659762549017,8.735725064774776,0
0.26649079864341274,-1.525185068,0
3.9974160857219507,5.982573361924429,1
3.131224300442399,0.1753168523468407,0
2.1121845298584008,8.046625066,0
6.466036511350033,8.211608006303525,1
2.9455605654641746,-4.989335089,0
2.484477148414121,9.264053974716091,0
3.8547190726158798,-3.790826852,1
6.050472107023916,6.7016213545294825,1
1.6601034154947398,7.660309659,0
3.682657721905184,9.334034418253164,0
1.0353588022773323,1.8730950561569255,0
0.743711146,-3.737856737,0
1.3402492098532406,-3.375045288,0
0.8022338698078566,6.2763662541194165,0
1.7314678722170025,1.9877614627230678,0
3.059063911926689,8.202501248,0
5.329442948,8.692678103799082,0
1.8474170081130596,7.266446031110739,0
-0.612185101,-5.209805247,0
2.369742128330471,-7.092528015,0
1.4931665949439241,0.16065849213815753,0
1.5706518542521524,5.4823216702173045,0
3.9910069358410425,0.32133272066452534,0
4.037398290456471,8.490979330251388,1
6.754497049819788,4.014026906332424,1
4.168636925,-7.032099698,1
1.7524441138168427,-7.216290733,0
0.5686608993679017,-7.052193085,0
1.2948133278579979,-3.493057037,0
2.747218607009081,0.7272298344623529,0
2.0841884049586668,-6.456412613,0
1.8917216636149163,-5.438600049,0
1.0027901504562375,5.916628097412728,0
0.8699056185707625,-1.708017423,0
-0.005199135,-1.006465617,0
-0.714279226,8.920852829995692,0
1.3512672158835342,1.8749161240155416,0
4.407647927693513,4.670089882461486,0
2.312279764735516,-3.745609873,0
3.1430511554494194,3.0135799653451745,0
0.46171576303771145,-9.907449312,0
3.7021064166758313,1.3098569595728442,0
6.573496954,8.528047055,1
1.7644136774062509,-7.697321621,1
-0.648281546,-7.604031938,0
6.702921125072083,0.2555851281153725,1
-0.212821023,-6.083983866,0
3.852996614540264,4.479686517172299,1
2.5461903842564326,1.2066525459008108,0
0.8052184019131582,-2.357523068,0
5.022429209053474,6.470098795389735,1
0.6869401833464548,-4.177786109,0
1.0298024239234342,-1.246160751,1
0.34765074649625316,-5.524182948,0
1.7862833027716156,-1.51940584,1
0.32331350061455255,-3.462298995,0
1.2376219492633402,-1.408279945,0
0.6018282822005667,-6.566132272,0
2.199760405433062,7.055801007986847,0
1.704263627979906,-0.633931477,0
3.3244742698788476,8.683665949170493,0
3.7133369732466157,0.3126105826573138,0
1.6249281919315572,-8.674867314,0
1.4414671257149407,6.462870532912753,0
4.868900527323148,1.1627503252508333,1
1.0893398839705921,-2.197520243,0
6.491424142466597,7.777910252029791,1
3.2063847226257303,4.696917632792598,0
6.348280717878934,7.321851672732233,1
4.3724377914765435,0.36342076137681545,0
0.6048274286054143,-8.449780274,0
3.0533237545831224,2.5397891629000053,0
0.019885150457218503,-2.581910252,0
1.9970974589217856,9.169035532601477,0
2.088685336,2.6024966265346254,0
-0.692682406,-3.528247364,0
3.098304285453437,-4.362298533,0
1.5911683710730578,0.033258898,0
4.943694352453365,1.5661228630658197,1
-0.736856498,-9.85837677,0
3.1090881296630366,8.495991073345799,0
1.671763715051914,3.366716332757578,0
1.7646098730945892,-4.812570665,0
3.9325005250802816,-6.900607173,1
-0.83126827,-8.534261048,0
2.8029119002921616,6.835584641431048,0
3.7745174383731963,6.608435382252715,0
1.4392351334202016,-6.645317506,1
3.179599167841961,8.419086826,0
-0.041441519,-5.580872588,0
0.770869034,-6.129431602,0
2.221952514598816,7.044196183,0
3.4018090048531553,-1.247214552,1
3.3997732958637585,-3.630524217,1
0.2800077459186504,-5.493543925,0
1.6699246694996353,1.3591865327167607,0
7.229717017211494,5.527220025245052,1
6.297702588439319,6.237304768685185,1
5.163807379,3.290744976000255,1
1.9800986146064252,2.1388508124566563,0
1.156266411598551,-4.255511812,0
3.7112281404164844,9.486445638144005,0
1.7619775166418208,4.74663416,0
2.3470506122217585,8.461785638611342,0
3.161364575692486,9.935619652531681,0
6.134042941182262,2.679919791410562,1
4.487321640798312,0.11597565778138907,1
1.4947461790719363,0.6970275238350716,0
2.127873074600168,-3.227685373,0
1.246770614017527,-4.456576476,0
0.38151312052972763,-4.482302688,0
1.857974751970819,-4.995987361,0
5.019929689818053,3.8448842041577453,1
2.1022740952199275,3.150333590654288,0
3.102844358758886,-8.711149403,1
2.300623667,4.917663917631794,0
1.005603566509094,6.844182627,0
5.058862220733316,7.794839907001904,0
3.854429491886957,7.889168934,0
1.501127942033155,-3.725554933,0
1.116697944198719,2.2175401585588244,0
3.0505793940883796,0.00801771,0
-1.342961788,-0.141589366,0
-1.250038246,-8.908316296,0
1.5611810317274997,6.205244546741294,0
6.362703695646704,1.912095490244619,1
0.2011928375168507,-4.576089185,0
2.049737332347549,-6.586098742,0
4.2402581155012715,8.326408361679974,0
2.359723833274981,6.302781628,0
0.1027265531714181,-8.878176303,1
2.249050411357447,-6.567653371,0
3.6603055619391185,-1.121797595,1
1.6127074049779115,-5.550063393,0
1.1352127220260873,-1.939219748,0
3.7440733983666328,1.7153798747517506,0
2.6209734103640034,4.377986411768591,0
2.7366184360787167,6.547424467523111,0
3.894039312755569,8.563871297937546,0
6.092398868982492,4.8709466603027245,1
2.5927380858116305,6.5057903012430955,0
1.8864845165773483,-1.560447783,0
3.426066374126733,9.946452276052675,0
3.290775140510263,5.090916259,0
0.17108574919027375,-2.442895892,0
2.0229346490199815,-5.982701205,0
0.20403589416838086,-2.541111896,0
3.196487505728062,3.2087192521796393,0
2.5634790306953734,3.3796653215151977,0
6.232661195139125,3.220925661030588,1
3.275926937754519,-6.496435889,1
1.7401611749915666,-4.010144937,0
-0.14544784,-9.386211128,0
-0.191146624,-0.574876177,0
2.095768426807169,-9.971241274,0
1.8352850161200163,3.7626624152554875,0
1.4011573638590165,-9.715973215,0
2.658098163625673,0.4177433154899681,0
4.135409627528154,1.7293378085580038,0
2.5138038839496217,0.36747437268809513,0
2.2715825762446546,1.0230822224335068,0
1.2088293039729048,7.522724781731998,0
1.4985733485457011,-1.304539007,0
-0.626171839,4.564277079858067,0
4.572354949073051,0.552445485,1
2.614617002795736,9.517860527941945,0
3.101930056748415,-5.143077484,1
1.6694056093927285,7.162760980528983,0
4.5404570100565795,-5.487901746,1
0.4927575437224899,-4.354449848,0
0.2824742365657672,-3.089982273,0
5.777189868311309,9.569318747,1
2.724559800686185,0.585641768,0
1.6641671907881714,1.6433985587924163,0
2.6748016255283176,3.287946675612659,0
1.115416885603166,-9.570641865,0
5.564142772,6.1382621547831455,1
3.9346272408217797,9.847285165907017,0
1.367535835597183,-8.586109716,0
5.455300922674892,1.5123296081551665,1
-0.784100804,-5.38661776,0
3.309438281228423,3.5129152574416374,0
5.270612625,1.4567901741597176,1
0.993642879,4.979377874200377,0
7.192304631389587,1.0651055148263566,1
1.3683380626534887,-1.758616401,0
5.257992371835599,5.216223231842099,1
2.870222789360344,1.380755354104748,0
5.296689227854778,0.45481259403265994,1
-0.23212291,-7.44325773,0
1.1123240016868639,-6.052450346,0
3.1355106102094314,-8.264175415,1
1.3268227693505676,2.110713145006196,0
-0.358325791,-5.873034341,0
0.8096067398137299,-6.825426642,0
-1.002674872,-1.272793271,0
1.1462174679895336,-6.033989142,0
1.3055383369357996,5.907717905637487,0
0.10687460771821888,-7.85222893,0
1.8260161878364956,8.883309545117129,0
2.365744823,1.2949554361541527,0
2.2647841004787237,3.9601529059970773,0
2.6758625889690584,6.585511830533125,0
3.340588197333809,9.976674650343103,0
1.6347183737210647,-3.795428295,0
0.9864123751379585,3.7092203434589184,0
2.376363999919997,3.8171523185523917,0
3.670882615560881,3.839675723404003,0
2.299562949,-9.490081053,1
2.7635062521351514,9.296380292208166,0
1.6093385470042456,-8.657837507,0
3.649284694773791,0.5806815361305624,0
2.1641236796072834,-6.175405583,0
-0.653940855,-9.565522294,0
-0.420765451,-9.674816134,0
1.9253312302602192,9.512151468,0
3.280323723464826,8.717973268622657,1
2.4600374916993633,3.0849461650536103,0
2.660194878,9.421124523064439,0
1.5793168272112328,4.087335126005831,0
3.4230750800417713,5.569771377773002,0
2.9977001182778085,-7.656535003,1
4.070462906118214,2.052793964380392,0
2.238645960282614,1.3602120820834678,0
1.5116439909802435,-7.932557819,0
1.6311190626649075,-8.041122564,0
2.943127024722383,-1.663526787,0
-0.565289134,-9.468901272,0
2.822670649604452,8.114298914750446,0
2.9279856824523876,3.989029021619533,0
1.0474010960044946,-5.877451291,0
4.693433544822161,2.5341741519081573,1
0.9605732533808917,-9.562187942,0
-0.362832782,-2.162837553,0
0.31567166051416073,-3.219158908,0
2.946616451204533,4.480817308773581,0
2.0180989184112854,-2.132846833,0
1.7830978171056246,1.0758131833027402,0
1.644764186643846,-9.539555809,0
5.757817616880273,2.1069657336162173,1
0.5058858227082499,-9.315354983,0
1.2771411971964797,-9.241457402,0
1.3477375772008084,-7.240346531,0
1.7936225122650937,5.326562980173135,0
1.3383377358915043,7.637698691,0
4.719265843614946,-2.034728083,1
0.2931491385925402,-2.854766886,0
-0.110084797,-3.891462481,0
1.065909673932835,-7.706040542,0
5.1773206919521835,9.811297261056822,1
1.6320028140118343,5.268088723601261,0
2.117915987497606,3.9900166561542996,0
1.3812241370220568,5.390722081304185,0
2.483887024310388,-6.637686509,1
1.4934143109833669,5.218084122953874,0
-0.06702815,-2.643261191,0
1.8402241882562023,-6.381184502,0
3.107913185383355,1.195245286049662,0
2.347468767,4.627659477995675,0
0.7594321749768438,-7.263203901,0
1.9684295491863852,9.254005428380061,0
2.105941737065012,8.871137467023296,0
0.9649602284812142,-0.839201937,0
2.3491961331659668,1.3075285599006374,0
3.366774907106634,-3.517690252,1
-0.293084079,-9.039368082,0
-1.07558377,-5.811894141,0
0.6281873582862796,1.288148358280008,0
2.454122165010888,-6.616246727,1
1.8358464709421054,5.568710662551371,0
5.177275319181456,0.1587269308910919,1
1.4322548401266442,-5.576897327,0
1.1743165732937906,1.5925228879911302,0
1.3396131573931453,-3.450234335,0
2.7917405904852473,0.780770038,0
6.471547038132357,7.6881403265789245,1
0.9936209566568129,-8.747363706,0
3.517608779009814,2.4212914787088273,0
4.810573156874761,4.471807342696419,0
0.42149209482523564,-9.986266444,0
3.2038571170768657,0.6549000386087229,0
3.1138769359550222,4.2052668795115995,0
-0.772352597,-3.669745176,0
0.371483826,-3.722130341,0
1.0493759347335316,-5.44622817,0
3.1796960493350364,-2.612871018,0
6.045621982238404,7.258914965266104,1
3.295594098347442,-4.852153438,1
2.3838294116893497,6.234021953239186,0
1.7995365373327474,5.239557094323056,0
2.217188530509573,-3.395674884,0
0.7567562417920928,-4.319375702,0
2.5388405585535008,9.834832894188029,0
1.247379257725034,-2.015067348,0
0.8879898236071109,-2.801511597,0
2.5999874358954207,-6.207792157,0
1.8926426940804855,-6.734024012,1
1.0315462160341704,-9.454577691,0
0.017866792393210984,-6.320592974,0
1.5308432694944623,5.106131476575815,0
1.973831660369298,-7.121395221,1
2.9091000621894088,6.822673290751592,0
-0.555976065,-9.174454256,0
0.4305690672476147,-8.365168987,0
1.6327510768294644,-8.930457171,1
0.7299361522786725,-8.808463734,0
0.23415417562246144,-9.629889823,0
3.239777136732104,7.0350019205819585,0
3.7425018410656183,-8.357493045,0
1.9756033902009218,0.36359164840298774,0
1.6889442402170036,-6.434594966,0
0.7953117212054512,-5.272775042,0
4.233922945019758,-0.019740053,1
0.46280657251423574,-7.944217689,0
3.415141732216476,2.121954473128774,0
3.6860467738334677,4.498820993689893,0
3.512429169675822,-1.129436954,1
4.238214755974896,1.381487949416055,0
2.236199377663713,-4.556908785,0
2.3000674829079997,5.604210105920732,0
2.650060806306652,-8.884075701,1
3.1883621188261166,-9.08081338,1
1.3118258774056946,0.5479052077218771,0
-0.271274257,-5.827155844,0
4.445543837242026,8.615757356,0
5.493366607429672,1.4643450944815832,1
0.31504420277116807,-8.871201861,0
2.1001378403269477,9.175542182092759,0
3.0299825359007193,0.6000315663013538,0
6.258488115210483,3.7712481054404776,1
0.2780695171834665,-1.537282375,0
7.226548277495747,7.966682357,1
1.6370595095897786,-9.052272455,0
-0.822310748,-6.238285023,0
0.3282471455811139,-1.961836595,0
-1.117295913,-5.63384864,0
2.027788118799216,6.917864669290466,0
3.010950479675608,8.162629930333583,0
3.2882388754588807,4.695000652262472,0
2.312095874,9.568022416559966,0
5.4905583474362345,9.234836228270073,1
2.274955972731375,-2.449092479,0
0.15363325896332203,-9.792854222,0
1.897616058903047,7.063429626315916,0
0.45855298620630935,-1.684738113,0
0.41801683901214726,-0.846572862,0
4.109836239688597,1.4793063493509777,0
1.0151363777815932,4.758636761726834,0
1.1003684643519283,-6.132663125,0
0.12290545968610356,-5.41985683,0
2.201699465585734,-0.200496424,1
1.2811903543888084,-1.873567293,0
-0.646683791,-3.017404965,0
2.6304892469059977,-9.891292955,0
1.9736145746559788,2.325830467135697,0
1.7087418093688842,3.502215991523748,0
5.9950750017600285,5.804266698729046,1
0.5894986130863566,6.955006213647465,0
0.2409735006721454,-1.345610875,0
5.612020450955608,4.206825359682892,1
5.611633526068078,2.794953622478255,1
0.621929742,4.048393887402133,0
3.399113917238214,0.11469500147063627,1
2.890275061847522,3.702118796,0
1.780549374527653,5.643026819884355,0
3.758359103233504,4.399821481680169,0
2.170987962774561,3.175441408273695,0
0.6675317878119407,-8.668309264,0
6.007952451221626,3.2217221542167422,1
3.954335449020512,2.198809913959545,0
3.1947668343816753,1.3093243366368217,0
1.2261071161668395,-5.971090807,0
2.3080267585081624,3.1516273684572678,0
1.7527303379721166,-4.350046385,0
1.4946024264929365,-2.908583271,0
-0.769229567,-1.76052372,0
0.010314989,-5.52383753,0
1.569002162032489,-1.088394116,0
3.4965600284792533,6.751438127946791,0
6.745880902,1.2386874153847671,1
-0.305087141,6.771556768395811,0
-0.077723672,-0.239070329,0
0.3344514772191428,-4.112701184,0
4.996650521398253,6.477004161036518,0
2.5302787231743906,-2.903004212,1
1.7942413384150258,7.616956337377147,0
-0.346181242,-6.475894079,0
2.3448544612707005,8.661700979115196,0
0.767830696,-8.429363657,0
1.5387788050318656,-5.239375939,0
2.473304068131644,2.437420975773218,0
0.6605927334447556,-7.838153826,0
-0.394238309,-0.275161371,0
1.2080566115668474,-4.039747562,0
-0.188943282,-2.757888172,0
1.1419606727781835,-0.212297458,0
0.6220803012299319,6.011438341343684,0
-0.170603482,-0.560529483,0
0.9723119459621368,4.852480518761208,0
1.8263016950185398,1.1526626906983104,0
1.1762437882471293,9.198395018250245,0
2.5259623261977113,7.967589705001025,0
0.6207006533008603,-9.342484522,0
3.6450372456542546,-3.98303441,1
1.3411419329727137,-5.276895909,0
0.7249597697478583,-4.384952686,0
0.9807896461729191,-1.63080862,0
2.0376008629114524,-7.106187004,1
2.240633106526869,-5.646633114,0
0.42170925762438627,-9.250803815,0
2.0439916940474463,-2.429549315,0
3.2620772587000264,1.5728732987531302,0
4.691108923612795,3.5662521737661113,1
3.9099069532433557,2.5709158175033267,0
3.2151766373826276,0.7103448104139289,0
-0.278523705,-4.654858115,0
3.2602656592763886,3.162180448672391,0
4.246015510302344,6.826733717670777,0
2.4444841075868484,-7.831971935,1
2.2173717149672036,1.3025572448856195,0
-0.84596266,-8.640167751,0
2.489373923982696,7.955359838122273,0
1.247569591945807,3.5162919888696926,0
1.1716799039351606,3.200100026,0
0.092135642,-1.640940924,0
2.209706379652929,5.440229407304713,0
0.24025750610185637,-6.913581223,0
0.6034364429628761,-5.391364348,0
1.6900740706507749,-4.059380621,1
2.0997909974558864,0.69487205,0
1.331859728203946,-1.127373962,0
1.8714927932916698,-2.327178621,1
1.4825549926159225,-9.661404443,1
3.0822496896945313,7.003733888545376,0
3.397704686314102,9.955634462003328,0
0.667027599,-4.546332791,0
2.787215502892813,3.4081430908442236,0
0.7766734352262838,3.7205278079722515,0
3.939122492655186,-6.724407422,1
4.7119722366297925,0.8064782935378965,0
3.208117791311411,-2.387760025,1
2.061621478344154,-3.142754474,0
0.8262763799644384,-0.532738707,0
1.006384722994129,8.963589537589055,0
1.9263792417492946,8.678935841,0
2.7324919343545546,6.669796656969847,0
2.232971802134201,-2.685254298,0
-0.307721798,-8.767412642,0
3.527029452,-6.768145831,1
7.469266297015038,8.477140637,1
1.2589221662103465,-2.851828806,0
2.733334371389967,4.452950408641945,0
0.42014223405603657,-2.40784249,0
1.5904219884321331,-6.615889549,0
3.271200630158852,3.1576156072691965,0
0.6720105762927242,-6.384518627,0
1.450985683241806,2.4554446869630713,0
1.4548292968035017,4.619831205067399,0
2.3327587938342034,-0.836869505,1
3.5460721266572035,9.452172557217573,0
1.8300789030103828,2.752149321011501,0
3.2585835198609914,0.8171437139662565,0
3.293040994031365,3.8685745263764293,0
2.432047488903452,-6.296369633,0
0.4600345212158372,-4.361439498,0
2.069961347047042,1.967881890388238,0
1.3483239796205209,-5.953111468,0
0.22731831769106858,-9.10378332,0
5.864447843307032,7.646253367160593,1
-1.057854833,-4.430931358,0
4.435982331541247,3.011734601150671,0
2.7130307320380327,2.5408374356030308,0
2.8603413172890946,5.6901628316129695,0
3.2991536265261416,9.005174036437744,0
3.9707782462163386,4.4371489348495885,1
1.2748557014505044,-6.489349084,0
3.094612760163868,2.6393688177977133,0
-0.261904056,-0.206568998,0
2.188357103010141,7.085349604348224,0
0.46234542773397747,-2.588183855,0
3.0827992666027253,-3.415147648,1
2.1440687326763572,-6.695589611,1
1.3113503378308367,-7.152154609,0
5.698009942018496,2.3481632688485945,1
1.4809687937727984,-6.408749886,0
1.5411290825690704,9.273806135,0
3.2316339713572377,8.621455189393913,0
1.062825692818297,-5.138864651,0
5.319823078024111,1.3340271425973178,1
2.6926037924200785,-8.973151521,1
4.446914235053201,1.343798968708434,0
3.0339188582576835,3.7182686985421736,0
1.3494899490359828,-5.824954026,0
1.0036085106524217,-9.726766464,0
7.017231880809201,9.923351751785876,1
2.148737699053748,-3.004819164,1
-1.09368512,-1.067009025,0
6.14039819,6.954452981687041,1
1.7481999610433607,0.8114755125182427,0
0.8042899455562575,1.9230792335259999,0
6.604916726949393,6.967590865,1
2.0549249631711195,2.470256743894838,0
6.755892128020346,9.220647442659143,1
2.044356322289037,9.658831587805203,0
2.3477055490909673,-4.339206672,1
2.2669320907015966,-2.559521485,1
1.1252788657207307,4.780338728,0
1.5453887793430066,2.202395282110013,0
4.597047463435406,4.5791212929372005,1
1.1732653937616437,-5.089053287,0
0.8510732987577816,-7.967517214,0
3.0278304300769467,-5.225166712,1
1.891953468209501,0.760199525,0
1.7213737509180913,-9.765723342,0
1.119356165,-3.77838247,0
0.980462296,7.850607475425061,0
0.7115132502082528,0.8174818573745402,0
1.2872805761612127,5.931079079619055,0
4.602139247001808,1.4075155029284492,1
3.735589806558922,1.804407998708303,0
4.900754053038191,-6.610712962,1
3.2529300270531154,9.875889590419757,0
1.0611593645570427,-3.168375394,0
2.7743947503981277,9.462033289080686,0
0.39245752790335753,-2.745355665,0
0.15163466836248352,-5.329276169,0
1.3460527890943697,5.093279438813443,0
2.828323071692798,1.3065770947710664,0
1.4495662547131214,-0.296970892,0
2.0953529913365445,-5.694262222,0
4.176757419327683,4.608948198798501,0
1.1401603436267862,-5.402269509,1
2.6974746542797847,-5.003066916,1
2.0607925123644852,9.613256775,0
3.9656707053757856,7.374439372407938,0
2.151116695727656,-5.987086275,0
2.861165830760381,-6.429393651,0
0.7125501836002521,-2.921930665,0
0.3589511230280651,-1.876259701,0
1.779179085694923,1.376326342960997,0
2.416169413169076,-8.953767963,0
0.15363244207795734,7.020733528311304,0
0.2338610931878523,-2.105383493,0
5.957333295,5.047786714664255,1
1.1551820277639162,-1.913979161,0
0.9902674464068959,3.967790445279192,0
2.8246954450937882,6.668604888298027,0
6.023347795727069,7.678272746635134,1
-0.413971475,-4.937018086,0
-1.586059994,-0.629899103,0
5.123800930604417,5.514139153902576,1
2.326220219400672,5.977473199247029,0
2.4775468460780137,5.767855452607433,0
0.39186303643879283,-0.2851116,0
5.9344202892203075,9.010677788,1
-0.140210311,-7.632721375,0
0.7145239733943654,-5.991586267,0
3.992245308621294,3.4737708544621206,0
0.25054138061162545,-7.710312949,0
1.245757184817876,-9.586546112,0
6.480700384338319,9.769220716269729,1
1.6484750067824618,-3.496110136,1
3.4660561244173045,2.8388250117630065,0
4.888729491819643,3.239796371142557,1
2.7291104319237007,4.471865762174534,0
1.2055399463125096,-3.461792052,0
2.0649756346662556,-5.842074933,0
1.1027674738722149,-5.657399574,0
2.0737932674808883,5.8492195962570825,0
0.7453609528508773,-7.079141372,0
5.779497781210731,2.949072242,1
4.338179130039181,-7.225235951,1
1.8006067968115538,6.061300552166259,0
3.7749953009280324,3.348267574630457,0
0.22852976336846498,-6.027218105,0
6.890789886861765,5.088325646,1
0.35466278949129393,1.3034349336488482,0
1.5259217076886853,-1.853935794,0
4.532141534041109,-2.157381411,1
3.522740912171751,1.5225912195971691,0
1.770968701567905,-0.050430383,0
1.960761651614507,9.900503460549821,0
3.846452008763657,9.763818635,0
3.2291747641333295,7.955508206921891,0
2.039620905594302,1.937874384540006,0
0.4252447983990467,-5.444125804,0
2.322979688575448,6.705045717953148,0
-0.289482798,-7.718149187,0
2.3306974180753905,-5.10411246,0
3.1889416150683636,6.8721914219683775,0
1.0821767914158138,6.137782138195401,0
3.3372351362604977,7.380400388567729,1
4.218710365024262,-5.647215557,0
0.24417337785750193,-2.429401275,0
3.1881974444119394,3.4963854580095663,0
1.558359127423497,-7.453185581,0
2.0292877824163122,4.876482213328256,0
1.330485237,-4.34801882,0
2.8282145947942166,5.657884705241141,0
3.4243100984243475,8.244289638,0
1.620231176163923,-7.259467438,0
0.7779122758135737,-0.957864329,0
2.3784852167913164,4.934466280466216,0
5.437951762522093,7.406013278432042,1
1.7993797258567104,6.3254613889651345,0
4.296045736749909,-2.515031652,1
5.224141777450745,8.024233187060041,1
1.897645738908524,6.521132370026837,0
1.489530097011662,-4.720296912,0
3.6811244512860988,-5.160766375,0
3.7111648847187033,4.459241523520507,0
1.971210614791294,6.005249169743877,0
-0.703415219,-5.359572314,0
3.244040012117771,4.138562456894903,0
0.11437516261426395,-2.048513802,0
-0.771765886,-7.499833422,0
4.093373845307278,2.509574118291358,1
0.6125444416163708,9.004059788118056,0
3.1792962626879206,-4.099461983,1
2.2532909885021435,-0.358835907,0
1.449342348662127,-6.960113042,0
0.1016002319981395,-1.638579977,0
1.8206618484470027,9.791101778,0
6.290218827310433,4.271305403282955,1
0.820930974,-4.052946499,0
2.129539783673044,-7.526509304,0
5.244071980524934,1.9238258556112715,1
0.8553848092675445,-8.310827806,0
3.2451676682989192,8.781406840454423,0
3.397905700863945,-0.824245751,1
1.9315043879740528,-6.144405528,1
1.0037972752088353,-9.396992903,0
4.539660814655361,0.41167252449893965,0
2.8919755654808945,1.916789524909209,0
-0.064931467,-8.25191564,0
3.2963062262209064,3.486483902765709,0
0.9410882030866091,-8.773914992,0
1.1200534210841773,-2.271241141,0
1.4596063207232597,0.6849118670594283,0
1.8670157764362756,-9.160975977,1
3.3415249200089647,-4.588187279,1
1.3387772491174954,-5.380036948,1
3.539101930908329,7.9268724911265345,0
1.6264397183255912,-2.04996933,0
1.0842322228160948,-8.2000087,0
2.9663106959490877,0.7731564040132017,0
1.1039037345556522,-6.415630977,0
2.695245816912431,2.345592782212538,0
2.769990348818018,8.591420170653688,0
4.905364691645407,4.941119679,1
2.916914638048113,2.4534786014747105,0
1.8071881798499692,7.874031117235095,0
2.0117400018568086,9.248565809501443,0
0.48101961521649894,0.8031691259635885,0
4.273555748608987,0.6140454655060594,1
1.7890810433924225,-0.368478884,1
4.272933016001108,6.573176210899142,0
4.134349550232878,1.837907474739973,1
2.698843833594605,0.058900702,0
2.3020363388644323,1.6005886263223257,0
1.716597833779201,-2.3403648,0
3.056054621431736,9.795940193699177,0
1.2622407128477124,-6.551523587,0
2.7148657951411685,7.910492441,0
0.4204987926869498,-0.807926598,0
0.972497554,8.569540213600291,0
2.162984964949248,4.918336555719339,0
6.114305354709393,5.758956629828969,1
3.9298124163162678,5.157095191582625,0
1.9335383081961568,7.233624323160942,0
3.298216446104229,9.744489002242027,0
1.3703647570940036,0.7030810141624748,0
4.018308645139652,-7.707566308,1
5.539327726911781,4.935167788561589,1
1.5111804362808972,-3.409824791,1
1.1695773746742288,-5.755366753,0
3.0202106816474408,-2.60894209,1
0.44660410470336875,-2.072372824,0
0.7006313209609711,8.639105520887686,0
2.1027462326951496,-0.144662329,0
0.8163178503087811,2.3274046926904255,0
2.020268767808304,1.2649557569818608,0
3.006684714887519,2.401487943042442,0
1.0502501473609556,-7.476948524,0
2.065324242763633,9.720154268392488,0
1.730088995376474,8.986837919172743,0
1.0504461984883857,-8.696706898,0
0.8680411075191645,-7.307629034,1
2.7469131716392305,9.944308691785267,0
3.7463489644530403,-7.346560278,1
2.0622911412120777,-4.734055608,0
-0.042505101,-9.404847247,0
1.1320648664252355,-5.589955011,0
3.452441184682028,9.420347575173146,0
0.6034702748102201,-3.846243908,0
0.4522493731455456,-8.984073255,0
0.36876595177079086,-5.455509694,0
1.8142929112562185,-5.698135347,1
2.505947246142147,6.6123731430708474,0
0.9548769034025694,-2.204412615,0
3.3340071012531367,1.5373332692949297,0
0.9348753923111647,-6.018624085,0
0.6231064039215163,-3.175608873,0
3.2296292205971553,-6.366581906,0
3.3297730622083117,-6.944933503,1
4.345599088344948,2.5041224712564194,0
2.127645717969491,-3.905922925,0
3.5863556149183617,7.990613004,0
1.1501736876876176,4.760580898030849,0
1.4602525286341481,5.645848004951205,0
0.38487611863423743,-0.864824902,0
2.508648358564712,3.6723455231674116,0
2.1134781750486527,-1.458363131,1
3.6349103764687904,-9.344564818,1
0.689577355,-7.580569715,0
2.1348758222858573,-2.532454584,0
1.4725825974136864,1.234562347,0
1.1404027046026186,-3.818433378,1
6.791200422509399,8.151209047959544,1
7.226242860805536,9.650899932697016,1
1.4058959998897123,1.7934858547544295,0
6.785087252020838,1.7717018022292574,1
3.835112343326297,5.802541043476916,0
1.0913985721693973,-4.757849134,0
3.4474170000857516,7.591970016358328,0
2.4879191570654693,6.419735144945157,0
2.0848972043206815,8.836726101011113,0
1.2588187785545732,-1.94899576,0
2.023053756783867,-9.572206387,1
1.9338201183507984,4.033957076830703,0
1.6244339451529481,-5.869771394,0
1.9437190980832855,-0.905340279,0
4.283263517953878,-8.611042752,1
4.664036745804477,0.5299198349615999,0
0.051850694,-1.46617292,0
2.8878911239299496,6.5500269378344385,0
0.3032649824048016,-1.126328134,0
2.4723837316218424,-1.345509154,1
1.6020809890260397,-5.086822771,0
2.854728808594534,2.0584264027401407,0
3.6474388326087173,-4.271937915,1
-1.110859898,-3.356406266,0
1.2018844162332822,-4.924810958,0
-0.401481207,-6.790968789,0
2.056734366605675,-0.90031408,1
2.986628850442414,-9.224221141,1
2.486733720485614,3.564749478501872,0
-0.163784866,-4.24682091,0
0.6549758673075452,-7.348143154,1
1.610739806840368,2.965685184508624,0
0.9123963891648187,-2.413101683,0
1.2267382128467372,-8.786871097,0
1.1863918876270656,-4.157580535,0
1.2114371185122486,8.104955937,0
-0.081758467,-5.108705572,0
2.393402276248051,3.5366244902360062,0
0.4784116108556449,-2.678254046,0
3.2607767381834956,2.778822281214687,0
2.4563383913991452,8.957021295941537,0
1.1534437700503835,-4.158525106,0
3.304006074294308,3.5003861429993393,0
2.032365263843352,-7.934434502,0
3.4927390515576726,1.1768012970738866,1
3.7435817954949764,5.498203125628692,0
0.562724675,-9.718474812,0
-1.210617471,-6.81757213,0
2.838877947282049,8.794640418453508,0
2.072879751499181,7.754641532445323,0
1.7759905071609432,-7.348310171,1
2.182866359067576,4.356958162296456,0
3.4856212600514493,-4.537978986,1
1.3215136496454372,-7.613724092,0
5.409922683,2.938361034411109,0
0.5357956860525342,-0.180049384,0
-0.328711578,-8.540604035,0
2.9834154530945867,-4.291105788,0
6.6302966859984105,3.7232992218781824,1
1.7518360493367826,2.8216333221825742,0
0.2584129756653063,-2.883524775,0
1.8821586432489288,3.259027400074796,0
2.2049114089935484,-1.533570496,0
2.0773987456165766,-4.797752981,1
1.763220781185606,7.537961220569272,0
3.5834645668502962,-7.08686133,1
2.099900717624347,-6.335377367,0
3.257832003629492,1.9020483448299874,0
0.6278311299893591,-5.153770745,0
3.0294506553610567,6.363006007049123,0
1.3372553947977726,6.742427968225726,0
2.4757663254672373,3.699742106226985,0
0.8475874432397272,-2.222834611,0
1.4207073972513136,-4.165388061,1
-0.006993307,-0.124756621,0
2.5489409114397437,6.259070364138392,0
0.2127479758490478,-4.86084256,0
6.177982650853292,2.115909231223551,1
1.1477554598188104,0.3039978767218354,0
0.34049978753587407,-3.473507215,0
2.7217388835525473,4.173313677,0
2.811160791220658,-8.049472781,0
5.851343431783233,0.037527678329542624,1
-0.104783273,-8.95108501,0
1.6672140048701842,1.0024337101986482,0
4.594036530062912,6.6691749517996435,1
1.7020291746931093,5.423016322971247,0
6.378293162444802,9.239339194961932,1
0.7831736681355386,-7.892293062,0
1.9516426961561528,6.544678589621476,0
5.3539582063126625,8.20484496,1
1.1728457861986197,1.9628089180919002,0
1.0060965682663376,-3.499700385,0
1.5733740599902135,-6.066987399,0
3.593600051243395,-0.299070393,1
0.5489781242322147,-1.428002129,0
1.6633879069787305,-7.196422997,0
2.127276706995061,0.19201553941510419,0
2.5230389682922083,8.251442330171173,0
3.006700165125177,2.8193062613370117,0
7.1166632159928325,0.7542564635216529,1
0.6714134489154611,1.6318198590921185,0
0.6036961563794814,-7.066552047,0
1.0241443011924516,-0.804152138,0
-0.416584485,-7.933250333,0
1.4061274207755314,-2.237250656,0
6.087184109451714,7.482125696017427,1
-0.540634347,-3.083970256,0
3.5738316790897127,1.892411033,0
5.255723596906614,4.721383722219745,0
0.45409033156864886,5.7096781820529845,0
3.8474225976354797,9.459919839016699,1
1.0315782638967752,-3.936298022,0
2.8795360137893615,4.448009575,0
1.332522030732811,3.628542112362343,0
2.851536821550041,0.8009954559823171,0
2.118154730698588,-9.658685737,0
0.9580466371815319,6.121428800612566,0
6.731469473054849,1.0152937555182717,1
1.7488593144399824,-9.91718702,0
5.864590494,1.9064480438356863,1
1.3089421988806094,-9.064223332,0
1.8912892367965213,-5.07850672,1
1.7231565919970708,-9.374712939,0
4.549839725,5.542032722725963,0
3.2726731169371197,6.433975070655894,0
0.3603923116561163,-6.826630477,0
3.6365821026554146,2.9841535040386518,0
0.24791631096192723,-5.426795753,0
1.8264926518527376,-1.816945944,0
2.4827312165033226,8.883275302,0
2.908129670102819,2.484004360089621,0
1.2771316692486394,6.239007707021813,0
-0.099341384,-1.872105306,0
1.141241321,-7.078330013,0
3.6577948429073084,2.821884654986926,0
2.392305224839024,6.381235635133081,0
1.2349539861970065,3.9279517705802682,0
1.6621329449501787,-1.883105383,0
0.10664507073698459,-9.818798603,0
0.4748403212373997,6.248054765276208,0
4.13110764,-0.360248592,1
2.3127489373216914,-6.608394229,0
3.3857182177634892,9.384337877,0
1.6967045011155428,6.191867635494891,0
5.6090554874472565,1.8184819556137022,1
2.8802542877877317,2.1340953659729323,0
2.3334469332365253,2.000327267484412,0
2.8611222025878913,-2.666596757,0
3.1698378569368835,5.328471191414328,0
0.6865502970777442,-2.990099575,0
6.354200778162963,3.577908525948976,1
1.1281850956013741,-7.628665339,0
1.8843216081366407,-4.25137426,1
1.3837144056100779,-6.719688723,0
5.515733291,8.509743669251272,1
1.1024626388885552,-8.611302139,0
1.6842264832051335,-4.832235288,0
0.45186678270979685,-0.055617817,0
2.1349786824120716,3.5984562252918053,0
1.3681377242535036,3.1096934234552016,0
2.1985927951245774,8.903948657806026,0
3.360040298,1.7276661159739426,0
1.6530504523281158,-4.308673187,0
1.429466973214412,-0.190005121,0
2.817273699894555,3.6157432775259437,0
5.290827299531839,-2.631999708,1
1.495325820616332,-7.651775203,0
2.4247093429978532,-0.72569972,1
2.149176292053489,1.9103669582735492,0
3.655928887927622,-3.245221203,1
1.828074198587995,3.8114835388839925,0
2.470500587400646,2.1744702542664545,0
0.7365605416094059,-8.999791031,0
0.7763757734064793,-8.181633096,0
0.6253946331279563,-6.279736013,0
1.018128119881223,-3.683639804,0
1.5797890062890447,-8.329794975,0
1.6569605332492503,7.202828157988563,0
1.1667166435479073,-6.683560616,0
0.942241106,-8.187901314,0
2.81215567,-8.106248009,1
-0.60280034,-0.706728963,0
2.4643759651953747,-7.640849573,0
6.133832559476503,4.659557450452269,1
1.1045066817568623,-7.990579576,0
2.852503469360687,0.7874711103145451,0
-0.256687577,-7.019329384,0
1.9719460483328553,-8.158449009,1
3.6242562781780103,1.1097799016726775,1
0.5451056237100892,-9.837814138,0
2.204658222861978,5.874908953612037,0
-0.57347395,-0.00127555,0
2.008343143484036,1.0352856435939835,0
0.007214726,-5.66939742,0
-0.305284948,-8.729098171,0
4.328519704,4.011600269581578,0
0.5532882588669217,-2.107389027,0
1.383550348679603,-1.302331579,0
4.320313984435188,9.431104852278036,0
2.8679993300244693,-0.732349748,1
3.1885223564846044,8.833712992851382,0
5.508215961025053,-1.217657452,1
-0.403345999,-6.309030144,0
2.2749712157693964,5.377546958296104,0
-0.435997584,-2.42780439,0
0.6324808941754516,-3.304760546,0
1.074773088014479,-6.351061749,0
2.2453525216519408,-1.013085609,0
1.437620148163007,7.854283604677054,0
2.5323396592544745,-8.314773269,1
5.279593021697949,4.227132715,1
2.1094158218683345,2.906422121560748,0
1.2945429901349226,-0.114342239,0
0.8582496069466135,8.968061153566115,0
0.3942370676229152,-6.515324805,0
2.9169947887832675,0.8405979051656427,0
-0.574044572,-5.420268132,0
2.9907517327051276,5.2623816695474535,0
0.9379849025873103,-0.090064443,0
2.329496845700174,8.792017246336435,0
1.1736958070436587,-4.388353024,0
0.28386596604782177,-0.6954798,0
2.4247224788991506,-4.771014997,0
0.9494108315161798,-1.201065182,0
0.9041450767273365,-4.492573089,0
1.1772405127639343,-6.262155113,0
2.7457196221911917,5.828608325043362,0
1.5847990332088981,5.829968059845815,0
1.0801601518363277,-3.210666119,0
6.399907104,8.325899557436426,1
1.746735718110163,-7.701088889,0
1.748029782668079,-0.632108106,1
2.9426435098405275,2.9224585984745417,0
1.7305061065896483,-8.071921987,0
-0.169994468,-7.911168487,0
0.791354455,-3.471415554,0
2.6406400477358987,1.7842277876239354,0
1.3465174004172467,-4.185858733,0
2.0115581251520585,-4.330005277,1
2.1271930768327216,3.261962173520839,0
0.9290396284992806,-0.550364497,0
6.330336344712524,6.794578813947886,1
2.5829422652102325,-4.935606088,0
3.837880756771959,0.47177267757664865,1
2.909694385602768,3.1100306318762545,0
1.7694943405561352,-3.219856145,0
0.5154593264700638,-3.944313812,0
2.4421026385091875,-8.593079393,1
0.774585588,2.2381091771068125,0
0.8989411260056004,2.1887712210201506,0
2.0359392493324693,-1.675959724,0
0.39147781381564917,-6.538311469,0
5.143359613387053,3.039212692179907,1
1.8576640517941885,8.249570224167368,0
6.761570461251452,7.456581561413085,1
6.858573652836865,9.889604299047477,1
1.6806445797820548,-5.025132391,0
1.733857676,3.9520871464414142,0
0.1305250019541554,-1.287463642,0
2.5973301839133747,8.453916159116527,0
0.9226086929812873,7.463480210794096,0
2.9416135487965027,8.903831720733628,0
2.6257810225909006,6.519639599363099,0
1.220548595245127,-0.728891006,0
1.198256378072928,-5.135163642,0
1.760325654488363,-2.459892781,0
2.3186178920933402,-1.97088719,1
0.43568127036931614,-8.802088453,0
3.2316659042756855,7.413570198417069,0
-0.347174279,-5.263533886,0
3.173990842394076,2.445513207288146,0
0.20525557461890975,-4.772937589,0
1.4683730781622464,2.4393572537775867,0
2.3004940909010174,6.220204895513245,0
7.232047841763896,7.607280750180358,1
1.4179461651197631,-2.324247868,1
1.6529846514169586,5.661683709146683,0
0.5137441190871505,-0.653642675,0
1.6837214933934663,-7.904152916,0
6.654282347150862,8.524535994145932,1
5.44450596,3.1443725565314313,1
7.845250577471766,8.458353998880003,1
2.013871713826844,7.105366428251486,0
1.9086058804805237,4.419985570091347,0
4.8961771727931716,8.664283306990534,1
3.0542592174901735,3.7614561705522114,0
3.692231353299489,0.12187432925314035,0
3.5797402720116853,-3.716457786,1
2.2066043871406844,5.916416815328169,0
-0.036578435,-4.075482609,0
2.722460330340742,6.495529277912734,0
1.695270273948595,-7.672514243,0
5.055659352028406,2.2981197564972344,1
2.7357269214751354,9.700253500910371,0
1.7421575775757212,-2.633236984,0
3.3080204110770293,-9.552363587,1
3.744565527913806,8.351691695731994,0
2.9889175086831936,1.1977198747729503,1
5.306598891654071,7.949257182743562,0
2.1012822377045937,8.868253387648782,0
2.851983597202877,7.102694887158751,0
1.7619752916899611,-5.972488569,0
1.4197891281856194,-2.267049595,0
1.4401876719928492,2.173525284799185,0
0.7394222428619537,-8.539562306,0
3.874961679116543,1.078631476701986,0
1.8316880023903566,3.5426868668799436,0
7.607343725788883,9.035723273736124,1
1.1406474534697684,5.680649237275684,0
4.648430036,4.218274866560904,0
2.2762453244710636,6.842612636762148,0
0.30597465057412165,-3.248702191,0
1.487128033935977,-8.430320595,0
2.631776571577104,2.8044194870891754,0
2.1947108509631708,-4.090815107,1
3.074792976316345,4.181740756875934,0
0.32269534238699116,-5.579013504,0
3.4139857822165496,3.510559927729645,0
1.4858813471214183,6.9469837135456345,0
1.8963222422823134,-8.135143092,0
3.2585786871805453,-2.212239647,1
2.968603175718033,5.632449686474452,0
1.3027094386689844,-6.089471767,1
1.8783585951361155,-4.061562258,1
3.3941262280023223,8.268256093861563,0
3.4474611248697484,1.6913187768089681,1
0.175436998,-0.877227896,0
2.4173021430165167,-2.880831013,1
-0.711577535,-3.826677371,0
3.9751072059701853,4.867016517561622,1
3.6768617987194725,0.6283187679543385,0
0.7846490257910362,-9.301049987,0
0.37029688444715136,-8.759606769,0
3.256479301878108,2.3438822459989908,0
1.1054493596581474,-0.261513438,0
5.271182797732714,0.38416061460360496,1
1.035869289249768,-6.564946534,0
1.6594518801552112,-8.996342691,0
-0.509337729,-7.015262869,0
2.083353809,0.6382114536490047,0
4.4215646570015625,1.5390549080567801,0
1.8399564990637438,-2.273833421,0
2.007474376690694,-1.808707294,0
0.8348001536559603,-0.917831712,0
1.8301944428382142,6.243239396575667,0
2.0302633152771024,-0.391645626,0
0.21894860353216972,4.811659272054889,0
5.55926405,2.4940540854373605,1
1.72919343,-3.614751437,1
1.335173089153745,-7.461817641,0
0.6898737335849658,-8.370766599,0
-0.537805027,-0.890016886,0
1.8833026583051147,5.881809582220841,0
2.496121100586406,5.4106406751248635,0
1.614271145950559,-0.58245601,0
3.0850842139967978,4.650737280284687,0
2.120983473518085,0.7774563641614556,0
-0.814708621,-5.818963275,0
2.644394718370224,-0.115389425,0
5.347958549688319,9.189987778747007,1
8.442723568,9.359213381846299,1
0.8728312369157626,-9.03557119,0
2.311236697919449,9.237437403105908,0
5.308462230353899,3.9116418842613125,1
2.3243001219556256,7.829999659873884,0
2.345274833107112,-9.167644308,1
2.7415143919395697,5.154073427940936,0
4.569975784625375,9.538113937245846,1
5.360687806650688,6.440796311,1
3.245728068195545,8.318194201112128,0
1.4138785110444334,-5.470390516,0
3.9884924931885277,3.5155431555845755,0
2.0562199374627737,4.799443553975522,0
-1.323387623,-1.942150518,0
1.0232593186286074,-9.244714263,0
3.1596984023230763,7.448238036479971,0
0.2422057930221474,-5.759826931,0
2.3975555134261697,0.043640601,0
0.8591134450203001,-8.023297267,0
1.955870043309822,6.176171896613894,0
3.0466859111593556,9.48531194,0
2.2063655256164876,9.510086005952463,0
4.521707916453168,2.793533693081809,1
2.7287208622234616,-0.779816563,0
1.4301154921620094,2.168560772331645,0
-1.003445503,-9.164146023,0
3.1868196801789908,-5.542797317,0
6.368239949841102,5.871491812702823,1
1.761568436,1.128542446573146,0
-0.675017777,-7.907309366,0
-0.702627133,-3.206091708,0
1.6700401936347684,6.8371404364694115,0
3.1043646672511196,3.5496679900537274,1
0.3010084239277637,-4.158931575,0
1.6428643123099556,-1.156458934,0
5.836175648016044,7.377919318530857,1
1.6289445907212041,3.4250890667992984,0
1.693055557597129,5.314023077370148,0
1.4415804566829802,5.330009767922249,0
7.030203795721489,8.519865366346192,1
1.766904496983126,7.363559445912319,0
2.2579017815173485,9.850366768956494,0
2.4741352354453086,-9.926231265,0
1.830741308315479,3.907691759685651,0
5.013122671840787,2.343350458,0
1.861085408937079,3.709369648703076,0
1.2235329787562268,-5.907900769,0
7.130296766242964,9.205182706241793,1
2.0433190729774955,3.1474652747359464,0
-0.073673139,-2.63706523,0
5.971911366910593,1.6228222168805075,1
-0.874740041,-5.673715088,0
2.4167163913078955,7.935738405080354,0
1.3178528545512713,-4.718321837,0
-0.091677088,-2.228327427,0
3.2928989504435826,1.4920917526252744,0
4.114783033205439,3.807377150882136,0
3.263825755102468,9.145435114848382,0
-1.349645257,-7.39192171,0
3.6238679591178995,1.063952188296744,0
1.3030723745557282,8.277616936922175,0
4.918702810562696,7.10781952,1
1.6144525229166538,5.191394315412639,0
1.5277312187882455,2.631719038,0
2.9808044136381415,2.0338207689095285,0
6.404625382306961,7.632161285907227,1
1.2852147096634938,-7.44786172,0
1.3113262103840149,-5.393779778,0
2.914914649455641,-2.910265985,1
0.6513850515500277,-2.957610496,0
5.108108011652072,8.024992854458933,1
2.395010294718002,0.9471770798717589,0
-0.814885017,-5.091700496,0
3.0806227139150786,-1.37662774,1
2.4599960965569045,-4.836901977,1
3.219891487387279,1.1069704344661258,0
1.0132347230638286,-2.717036893,0
2.9418145910379274,3.4328062,0
3.4675817309326096,6.462076157174334,0
6.580099961343878,7.639252859875899,1
1.621670126256555,-2.015108729,0
0.7103430823011381,-5.992474685,0
5.7175549975296835,3.8717732171488155,1
0.13649825665112214,7.7963353152595545,0
1.5883995409287341,-0.63875465,0
-0.054485235,-9.763313394,0
2.481437799834913,1.877504329173858,0
1.2941308739970694,3.295434853,0
0.549216671,-2.589633713,0
1.4557843324337698,-4.031378637,0
2.5780115544755273,2.4373200134111173,0
-0.538900916,-2.127536438,0
3.157163401578649,3.151399338,0
1.0639192648945366,-2.975877149,0
1.709587618456712,6.200425585600875,0
0.1527374878403318,-8.199084893,0
2.4768932673036477,2.8656322338629217,0
2.9070841428327574,4.507076322,0
2.4231590158499268,6.451208033529436,0
1.618804329859067,-9.481514345,0
0.236145691,-6.263344535,0
0.16401490696812782,-4.532612611,0
1.6495181164276025,-6.134660263,0
2.2079630756470534,-9.885695145,0
1.439196887531216,-8.319409073,1
2.7641837522865043,0.6064997240985299,0
1.1043480273933877,-9.200012056,0
1.5121555730344114,1.9071696517129677,0
6.670255770938561,6.049842989302686,1
0.052147084314390524,-1.233666618,0
2.889920917941198,-3.479564215,1
6.784193026649039,2.455679606583466,1
1.0476055450170698,-5.738268919,0
5.1897716731167955,-7.611662703,1
1.301004216863943,-9.505983593,0
1.878538797,-9.666476044,1
2.1377464747098687,-9.042842045,0
2.077661969356533,2.0097845616900774,0
3.517312855728374,-7.478085962,1
-0.26325415,-2.88435076,0
3.1154882823670382,-2.993073475,1
-0.036044234,-5.931664491,0
-0.252225689,-4.620643115,0
3.402513148423769,0.19439949436827675,0
2.7732283563675293,3.201850358627711,0
4.692983032036624,1.109987029054512,1
3.5509127673574428,3.6251149496258535,0
1.351895234917719,2.0859448367485207,0
1.7736623717012439,-9.795029711,0
1.8335350857891004,-9.096586157,1
0.5159337411680504,-1.495783103,0
0.3590020045832778,-2.374028224,0
0.5296674749520119,-6.7441472,0
1.4717004433379304,-5.236775984,0
1.575667813700845,4.890408057259961,0
2.0908288973737847,-4.00316063,0
1.5965165834452317,-2.519534063,0
1.9841205391036607,-6.830410838,0
3.0998896165906187,0.575184784,0
0.22899433845182027,-6.415482484,0
3.075427147707126,8.158507807569602,0
2.844967948781135,-6.777118969,1
2.9425137921352387,3.7688254044217917,0
0.5937128863456704,5.572770783983387,0
0.8265231119764531,-2.060880541,0
1.9661968590356995,8.127318530433122,0
0.26630512477982193,-2.150336859,0
0.9615874765401542,-9.998834069,0
0.9304893135916168,-2.084383718,0
2.4298102166470783,-9.074154057,1
2.1754783058191807,9.296729462,0
2.1265190289195104,2.730188721934997,0
3.010152149760506,-0.679467994,1
2.3471690618874725,9.218237815151841,0
0.7958998615747925,3.725290972010985,0
3.0079397991183434,3.2105838287022515,0
3.407509187657702,4.837258359,0
5.423273976770285,1.5020925584460478,1
1.8360254273826477,-4.230528265,0
6.462658322454989,5.588104410676111,1
2.4170744689169683,4.449333855270554,0
3.0000785486867096,0.37304560350560223,0
3.0967648397874683,4.564772367,0
7.777258063323808,9.384310868,1
2.485444671418573,3.046492092362696,0
0.9610140502074144,-0.714735615,0
2.1205485077156982,-0.466917272,0
3.892542289332147,4.228672452900103,0
0.7718946348777183,-6.416816948,0
0.22745263617391487,-8.486607593,0
1.352661455606279,4.986584279256693,0
3.634191405993485,-1.401515296,0
0.5390750073766525,-8.612215422,0
1.7949174950470017,7.809796626563362,0
3.6996351875273663,7.451408434934869,0
2.5910857020360925,-5.227562545,1
6.282919718693845,7.413647488905145,1
6.345010171334124,9.292195038278194,1
3.7890282611703876,8.191911742818153,0
2.035232580597084,4.802488270448146,0
1.8681025307376615,6.003078617883062,0
0.5920651457317485,-4.881027101,0
0.3141617390689786,-1.758235458,0
1.5517734387831672,-5.127047137,0
1.9893264474383976,6.975369900976553,0
-0.425941432,-6.023123334,0
5.293400755344564,8.495104759656837,1
2.8412777466408277,0.9866196000473515,0
0.6553691831850454,-6.157347357,0
2.2913003136087475,-9.861644348,1
7.221238295002849,7.214025782730349,1
4.446776627549106,3.7094618554885166,1
2.15168794,-0.571625013,0
0.8756920669276176,-5.585558211,0
0.7228082153092206,-5.635699422,0
0.6590359724156476,-1.312921047,0
-0.649277215,-8.938141203,0
6.410192829201743,8.664975082169203,1
1.633743614922934,-9.811745064,0
1.9527667989524375,-5.157944238,0
0.11038649199685491,-3.275321317,0
6.182552336976814,7.022531828638893,1
6.270711732353869,4.271498008584198,1
1.3630149898937467,3.8116433541844668,0
1.0226434367800337,-4.679764397,0
0.13935667768136495,-4.604499727,0
1.863074976828715,-2.489394901,0
3.5131374874252286,4.326226830372637,0
1.4586571092958691,8.419422099016337,0
3.227375028379666,1.6983426721763433,0
0.096848623,-2.055467824,0
0.6098947669603447,-3.236526843,0
0.7713362157374883,5.120156519029603,0
0.8460735364944064,-0.816672597,0
4.669523508426532,1.181454182703094,1
0.6848723084496356,-1.735268923,0
3.2691721473294324,0.11459612878976344,0
5.321076723725104,4.9675554664582044,1
2.9661856437724063,4.256309590744301,0
0.5197459367197865,-2.950891041,0
-0.639514836,-1.322414277,0
2.178908554446452,-4.761056996,1
2.5571483640007457,4.306936946552719,0
4.126176816504788,2.861308660527248,1
3.144855923839007,1.436480410790459,0
1.975694217178289,-7.445712928,0
7.262815167828107,6.999985961,1
5.903897671242741,8.807509599200689,1
2.845140287871534,-3.827015709,1
-1.235726895,-0.490033408,0
0.3740732158269531,-7.296171843,0
0.39849053759931274,-6.341350603,0
1.4375941242196115,4.517037636264153,0
2.6386277479290214,-3.746912856,0
3.1688720854440033,6.593317488986074,0
3.030335896816079,8.064545754163376,0
2.248233759255057,0.602331693,0
2.9582364668146894,-2.839465916,0
2.9425776388914366,-2.735828243,1
4.082876852474547,-6.587362211,1
1.1816547260420398,-6.864123047,0
2.1858018332301667,4.830738394923657,0
0.7896507504236467,1.928844690646045,0
2.811712253597539,9.836794563,0
5.570435419466605,2.389060905242264,1
0.5030245675579798,-2.331591111,0
1.2677692081118956,-4.364934662,1
2.1623488297392788,9.092648444406162,0
2.071042901093148,-9.748099646,0
4.500201060358685,7.1413951604936585,0
1.6670071888657105,-4.813936097,0
-0.65144789,-2.699153434,0
2.0360253613796573,4.932891379468188,0
3.5112584153840203,4.068891097562169,0
1.315837149048785,7.4860834394733615,0
1.9548331971883113,9.963068562981675,0
3.0642994275666413,2.1355398573271405,0
4.086067461930906,2.1100777134695203,0
1.024608977,-0.98533931,0
1.5108519725679923,-3.876403734,0
1.8588076667609887,3.3039089854746493,0
1.511790091108923,1.3840729185785339,0
1.2947944531214934,-0.207702206,0
2.769655052,6.213325663102054,0
4.245524561339916,2.647582588615773,1
2.504259381765528,3.991041923328373,0
4.210615928648286,3.8634812017483746,0
4.244822374164827,-9.314156055,1
2.8083627341508777,-6.95693944,0
1.3486374007719097,5.474477498908962,0
-0.506072401,-1.97361254,0
5.650917658468216,0.8033833835744773,1
1.3018677590917316,-5.888499631,0
5.794512268164958,0.047156278405038776,1
2.472616810700872,1.6139960389035224,0
1.4139907875695683,-0.826123431,0
2.666101689064246,0.079317884,0
3.0640459019418596,7.3194016230630226,0
2.3399507064079526,-2.606063075,1
1.5514216957443416,-8.334886377,0
1.1513464371635982,-6.920847426,0
2.797689673207067,0.9637650930797452,0
1.4474778115924996,0.4146050015917684,0
1.9924378398046256,-0.408182515,0
1.053481398891209,-8.407115398,0
5.564056814429703,8.887524180409848,1
3.8480533981794576,8.492909056447829,0
5.850101058681634,2.4714998046565295,1
1.6265258536581224,-3.8826317,1
5.686865995,3.026724641507583,1
3.485397397241808,-6.434368528,1
1.5545484750467866,4.691077866484633,0
2.9145198004912656,6.387851050234371,0
3.136224255178909,6.879843983295821,0
2.1231740071590504,3.1578018956214784,0
2.8100760350105265,-1.672148987,0
1.9659481476250802,-8.334646104,0
1.1724558186909455,1.4984907548817539,0
2.6317447658408386,3.5746155092815606,0
4.0264234827239225,2.554551874104005,0
0.589497342,-8.914373181,0
0.778802245,-8.738777045,0
2.6803000971572266,1.3964879018717262,0
1.2461411982361283,0.004724275,0
-0.657270309,-0.447034082,0
0.6099212786842536,-6.174993912,0
1.5199678507125864,-3.066669395,0
1.2869496323058915,-2.21715896,0
-1.090198612,-4.518907185,0
3.5627602547922748,8.807988886755496,0
0.9204660836492857,-4.513109818,0
2.767841869984113,-9.461899499,0
0.075171016,-8.101322162,0
1.143342438268148,-0.855211854,0
2.6133077036308223,4.031940818188318,0
1.4998920693754698,-5.039201307,0
1.7147542029980412,5.315664646627065,0
2.4165415845929274,7.374747523758565,0
-0.385630502,-5.56145396,0
1.4303632448548946,4.191885483334929,0
1.193437220636207,-9.320574749,0
-0.104956687,-7.026201274,0
3.863049809984858,1.565866189455278,0
2.2183669090321803,3.0357629414035063,0
6.219153726250075,1.2322992447454713,1
1.407196138372651,9.398786150037594,0
4.375457076496631,6.12542294,1
6.260832510629397,8.923951072909464,1
2.1873619485803992,3.803383248319946,0
0.31110381605000204,-9.175250969,0
2.300399991482429,-1.351220437,0
0.091507489,-6.158773424,0
5.901610387709987,2.8856807406233607,1
1.5716165760526861,9.887274157,0
0.6651133113125727,-1.011173209,0
3.2550535094668427,4.7320577178624035,0
3.7779475386350585,0.6497177426606378,0
1.7193066211435304,-7.230573486,1
1.310948125974226,7.565906892,0
1.7480185318144934,-1.34221577,0
0.8657646402085986,-0.650373746,0
1.7297718138345828,-5.252518278,0
1.3197808792472339,-9.896716454,1
4.389022961362766,2.742931046871494,0
4.894988250757247,0.24531459087758734,1
1.9729537813325817,7.689888431673996,0
2.286833374393746,9.783649796,0
-0.181159659,-9.366106012,0
3.983238996624377,7.614582813110744,0
3.212043172414524,4.8294538848552655,0
-0.077923619,-3.30128207,0
4.454260698014314,-1.911539908,1
1.5752127848915454,-3.154769474,0
4.527070710105345,3.8452723619843425,1
1.816606440600128,-0.719375036,0
1.7900054296020096,-9.508201228,0
4.055607604440876,-0.584691653,0
3.4565556508407633,9.244927185147915,0
4.244096517202541,9.636632733058004,0
1.7151544863177444,3.665915707666956,0
1.4617455764531844,-1.068376722,0
1.1029943802877433,-5.282591653,0
5.157428250717173,8.654463644548862,1
4.404716441416755,8.791918526511388,0
1.698069582036569,0.1132872716426725,0
0.6438086256312197,0.7029374893733156,0
1.1670188841861249,-9.523097376,0
0.3494077772840941,-6.880410701,0
0.9680509156985959,1.9448232014273579,0
0.780996092,-4.354595312,0
1.173755005242582,-1.754475895,0
3.793772543060723,5.886635091328431,0
3.1038791361174067,5.644991533088373,0
2.0057129180080686,4.539635205066741,0
3.603868442524359,4.518694695539542,0
1.083307927718553,-7.951616625,1
1.8808283859577766,-3.894560463,0
0.5623690126635223,-0.584026431,0
1.5993591057026144,9.265757044,0
1.0217238173648722,-1.377952024,0
0.9266667584323629,-9.302941221,0
3.6163243721115297,3.0755956066092907,0
2.941673287188573,1.7099381490696093,0
4.220981339167934,1.4712345446435382,0
6.369876366200524,4.251998885148556,1
-0.430068935,-1.083813789,0
2.695271124,3.7909717607399465,0
4.489849899018084,1.1891158242411937,1
1.7569033261630307,-1.786315781,0
0.6299895563738382,7.224910314592986,0
-0.579238502,-9.010479276,0
6.000732858,9.950173192472977,1
1.6056135501928015,-5.215188759,0
3.5653330792492754,9.198865764,0
1.8421137914215473,2.487711605526048,0
0.53881797,-9.010820046,0
2.7152368541263194,-9.045196515,1
2.603989918363243,-8.418698871,1
2.6413817571206972,1.3536032693213507,0
3.742716769208354,6.163810126044485,0
2.728891746324456,1.4847950066500886,0
2.1812061024045555,5.416242322552163,0
1.570239803,-2.321189584,0
0.6229888815749944,-3.169141294,0
1.8536523591265386,4.507330669030862,0
0.9175783077896082,-8.61554598,0
2.8970473429441395,-2.094994073,0
1.9365255651312472,-2.806778629,0
-0.56101902,-1.721540628,0
0.7516236901729052,-6.484923141,0
6.116633986596339,8.897950190266634,0
1.5539033216483908,2.762415332382119,0
2.652972506155618,-0.414313061,1
4.407646433,7.104066694475971,1
1.4270868120504927,-7.870247654,0
2.802707721029699,2.243176088810742,0
2.986560232834085,-8.274631593,1
0.9949600607458504,-7.948006899,0
1.5312553991324371,1.5142475469978223,0
2.1947133081007175,-0.064664562,0
2.572087046864687,-2.793465474,0
2.000149060476779,-4.782579628,0
1.5921653693410862,6.175040319955325,0
7.6624906268203485,0.36865255095278826,1
4.806792831081003,2.877644274846249,1
1.5499273777544023,-0.236429675,0
3.3447025887096147,0.034441446,0
5.336965826888157,5.276130300436712,1
5.3043534436392115,8.265977215387775,1
2.661814088270396,2.8256096752866195,0
4.077965576434694,8.421305537,0
2.7059326356578777,2.053618087889703,0
1.532710602645902,9.329921466216192,0
6.382800090273939,9.186375986564201,1
1.2329455892303312,-0.041620631,0
2.718010727414578,-2.12199335,0
1.4411291602188374,3.576801124028041,0
3.087474366659613,-3.247293237,0
2.847610861557296,6.606661831988799,0
0.31406194274825006,-3.395874668,0
1.876291370793259,6.261451683585676,0
3.2475173976525755,3.7855270449468943,0
3.5696064626046593,5.870232919601362,0
3.887872247609349,-0.467844426,1
0.9719940015491554,-9.353245249,0
1.3095061137643491,-5.21035126,0
3.315813143322625,3.186929434671814,0
3.359308765197069,7.581643057181619,0
4.120518193,4.410581226607009,0
-0.707305226,-7.534922098,0
-1.310998664,-9.425164369,0
2.5151371994627514,-8.591988917,0
1.7734136461593986,-2.376058886,0
0.3533626782585422,-5.618588079,0
0.4248422771880769,-2.500916116,0
3.098692326575191,-7.975492548,1
5.162791955563945,9.506104813096467,1
1.9197089417307818,8.973184745727188,0
4.307485461241316,7.909431426269716,0
2.7875257264416438,7.239164585865893,0
1.8015520539306948,3.1147999959983093,0
-0.140321445,-4.294664147,0
1.3154894174885514,-5.450790709,1
5.328061093672496,7.813872457329925,1
3.8608605267466953,-5.731856259,1
0.8826632462789825,-7.585414032,0
2.905544624442296,-7.113324464,0
2.600662780186557,0.2451752336061297,0
6.982771433,9.801066412475627,1
2.852920164,7.977465342412227,0
1.3688504387297677,-0.641163686,0
1.270560981772391,5.339675731031752,0
2.3916329680449766,6.8072202951605725,0
2.858606151326565,-6.970991623,1
4.008659917798627,5.611111058653307,0
0.728665336,-4.422185721,0
0.837392057,-1.690694687,0
0.46268849958012037,-1.182463246,0
2.5755184891330365,0.5184392113549876,0
3.507470182913641,0.6102682605410248,0
2.4271353583333966,-8.854223329,0
1.0279430948482675,-5.977331606,0
6.095886403,6.331484026426892,1
1.2559348179476189,-7.638441719,0
3.460334091025011,1.4163570403001486,0
1.215140996,-5.121644305,0
1.0631383250535622,7.438120623,0
2.5031370965070323,-8.835244634,0
1.1741020495248229,-4.966067004,0
2.0226463741542244,0.3621266438803765,0
4.432312791277738,-3.906082266,1
0.4602407452124446,-1.112983249,0
1.859238056605701,-0.05365578,0
2.133420068450397,8.874818345141122,0
3.9559783709405973,9.063741461834532,0
-0.258293519,-8.748060805,0
2.2532784539747674,1.6294694078825955,0
2.0862232170797443,-7.996398539,1
0.8686510392705493,-5.658171762,0
2.4613253938075323,1.3103833469164563,0
0.13329202970706733,-9.04219678,0
2.8471965168718993,0.8653067351793595,0
3.678609825204428,4.060408719504807,0
1.4476055571281565,-7.770091766,0
0.014672914125570258,-3.946133083,0
5.654885919896257,3.1387553702577993,1
1.9728026798418408,-9.534901107,1
2.3264284292975996,-9.051459858,1
6.10735273,6.101685208268471,1
0.9583484015042398,-8.639320147,0
0.18823749821480973,-2.421893782,0
5.448127938469773,1.9237807724536147,1
1.9473847414738978,-4.800999458,0
2.7799026635920994,0.3669218123960878,0
2.4159717191093337,-9.927852354,0
1.402135351116526,9.326288389,0
7.282468029857455,4.576459633205264,1
1.6025275774517889,-5.143215003,0
1.4360231312384568,-4.510852157,0
1.1308100590676589,8.578042071792623,0
0.6934733613104826,-2.719670737,0
2.167218116395662,1.1414049083777726,0
-1.427924957,-2.656019165,0
1.0699293866721786,4.690150947412661,0
0.751921184,-2.634975615,0
0.9738699250417728,1.214430425681904,0
1.7020405982829283,4.4017024354539185,0
2.3527106774974578,-2.588147924,0
1.0802463183566997,-0.542417794,0
1.0229524310068145,-2.405461775,0
-0.222119552,-7.903815957,0
3.661578072992052,6.558734288321929,0
1.7242986471652932,2.7969316987469597,0
4.448601342035889,-0.088122562,1
1.3054856114148121,-7.602973494,0
3.7807652008231054,8.745453272032716,0
4.022812178208108,3.1556080116083187,0
3.631014131021518,7.676079266,0
3.021864070668317,-0.572931658,0
2.3566408027121537,6.494125504,0
3.3060057572468295,5.74524773,0
1.324536343311729,-1.355664711,1
0.9623713977458344,-2.21114601,0
1.7039106718935402,4.543306197179337,0
5.984895901854271,0.089453309,1
0.3222284954552779,-7.680488722,0
1.7363730227867102,-2.644571958,0
2.462670682643373,-6.393635615,1
1.515010760382887,-4.657689995,0
0.7072966511799181,5.580324731757845,0
0.18724219760900973,-2.856888265,0
3.159002283639002,1.5198690125325989,0
2.652810876324058,-1.520819338,1
6.664320051459084,9.146241313963948,1
5.890657118743692,5.3969482866591285,1
2.272751794776095,-4.781030654,0
4.828414162176925,1.128420009468842,0
3.885628213285973,-2.854894643,0
0.4967045507958132,6.5919389001585245,0
2.563156227871472,-1.831493121,0
0.5294348168796048,-9.883096309,0
2.0905386275158486,8.102474040778727,0
-0.181375049,-6.316152449,0
4.179035679729232,8.878779554757632,0
3.416541274,9.765613616404256,0
2.3787397756060518,0.537611104,0
3.621450802,6.254020649592963,0
1.8210552294016065,-7.183858201,0
3.847164786485626,-3.704512754,1
4.796650509920469,9.154195724073666,0
6.796975747240966,5.579317734443553,1
0.6836922475179513,-0.118027401,0
1.9156305197339596,-6.192321094,1
-0.952877991,-5.896199921,0
1.6169008665179043,3.5143215430843426,0
3.149785780018737,6.113974844178426,0
2.180982086700936,6.017772159241943,0
1.7524849465150927,4.377593466115544,0
0.3251880716011535,-0.435106183,0
1.9770699209605511,2.4111815056096138,0
3.0228474405950623,2.2223618477112126,0
7.299625595439686,9.337315288,1
0.4564234116626733,9.558036969117897,0
1.249915193046253,-2.381987495,0
0.2827425590512045,-1.540457086,0
2.6302783249076827,9.286215563797363,0
2.5335485913890126,7.470837469027497,0
4.487260625691332,-6.604418042,1
3.590937456,-3.168914785,0
0.33123143505688113,-7.321516488,0
2.031373671316886,9.318544476186524,0
3.3166428705008495,7.161062151,0
1.0138647407176993,6.985137626656982,0
1.132050277,-1.018445525,0
2.110838692522421,-7.744502406,1
1.439620127731018,-5.338179746,1
2.9426554616686773,9.875145376491798,0
2.871916555,-0.400866789,1
6.175347822385244,7.224730023264549,1
0.9356549953609441,-9.831130946,1
2.1200097301631518,6.320606348752008,0
2.6425558332304377,2.258106642,0
0.045873011559313226,-4.163620373,0
6.405977423808608,5.525962862575891,1
-0.177566378,-6.138980375,0
0.009077294,3.2685111575921333,0
1.7425884614656293,0.22975192894115182,0
3.284039669516794,1.9846492961578228,0
2.6452465818199835,4.763407330829457,0
2.486543845022382,3.488182536290541,0
1.2339441176269148,-7.890188509,0
4.950384366,1.9809503341206494,0
2.044049126388436,1.0561172635909895,0
0.3105144622154785,-8.830071011,0
4.538321237906265,5.269500386099484,1
2.111952084422408,2.652000996477712,0
0.76852466,-2.49731633,0
2.2985285890490417,-1.880813317,0
2.4803623784122872,6.812148930258278,0
5.5634976663252305,8.542640738012246,1
3.7695130349534236,4.849407425,0
4.247710333,2.296609818861997,0
0.6171174802358119,-6.092148078,0
2.411190616560916,0.094326292,0
2.652466430270318,5.802207096088754,0
2.228365629948949,0.7612482067490127,0
1.7561192706191768,3.4649492445002927,0
1.407713925842514,-5.037881998,0
0.690542302,-5.629108904,0
3.406984588319463,1.9619602404027106,0
2.8405294392025886,0.006534816,0
1.9993183288530605,3.4427118597151267,0
1.3827920279481565,-7.795762803,0
2.1689741915887946,0.24263370568922582,0
2.939934248148136,3.073637203091028,0
1.5515236114436173,-4.532783206,0
0.8034329716491383,-2.769764538,0
2.310614790137171,1.1704757261884229,0
2.9945344645289644,6.232972631556809,0
-0.884978481,-1.240622723,0
3.9425362744687114,1.1454082658061875,1
1.089292053850647,-8.304874512,0
3.085039540010536,5.710898173,0
1.9579434533705085,-2.127997589,0
3.9097323122534045,8.079342732284225,0
5.268282587064803,6.964111952179909,1
1.7501941481054013,9.112815780326944,0
2.5945257414516263,1.8167149592004161,0
2.1715598619672525,9.995802672,0
0.9749627643635698,-8.179339961,0
1.7020025618195662,3.411541826130547,0
0.7431473044596606,-6.687684738,0
5.166567773931501,9.192015858291025,1
1.4989333762251464,7.730574925093958,0
2.3025152707751024,2.533100362060667,0
2.2365844498494387,4.6281555685155595,0
2.4504140586883922,-3.998557409,1
0.555562545,-7.698301943,0
2.099245386417146,7.978260548156722,0
3.3386503982217244,-5.221575279,1
0.072103811,-7.209659142,0
3.466941008182695,5.1591975475220675,0
-0.1126552,-5.796880109,0
3.9897814321602034,3.6833509280350185,0
0.7223920291074748,-0.920029287,0
1.306634425373456,-5.564673644,0
2.861871092385413,8.847479708792655,0
3.3398408829212554,7.166047153,0
5.127900854535938,3.608969210728123,1
2.0760185328150484,9.289062066778413,0
5.393460234,6.309788502843759,1
7.146230607257776,3.7082180440759913,1
6.314380356592512,3.4314346489960315,1
3.0424292698197295,6.550378382846279,0
5.687039113809258,6.626443195876114,1
-0.743666522,-6.355958395,0
1.430170348620138,-5.497431291,0
0.39789303383345365,-9.241152537,0
2.010256583123952,5.748418313980091,0
3.6040876997675744,1.1008671532480179,0
0.009911528,-4.206095026,0
3.0692349704112076,-0.744555717,1
-0.414400368,-2.966160315,0
0.6614802371098936,-8.007904368,0
1.3420684570657493,-6.72650235,0
1.8675899108940195,0.2131680673340952,0
1.9985781404658496,1.4969579586284887,0
1.7715929610370815,-9.680428679,1
0.7823565527090758,-5.859222483,0
4.140867256813979,0.086772148,0
2.0877490144408246,-0.929514787,1
3.498131862,1.7311177793414103,0
1.6256413274761492,-6.579289661,0
2.1652400290416005,6.128295746087119,0
2.5282691226920426,2.4199221607950747,0
1.929641184880273,-2.8567795,0
2.0054789479596646,2.551811126796652,0
0.2589696095227132,-7.048562297,0
-0.782564421,-0.103867606,0
2.170924867,-2.193335954,0
0.7435750364406726,-7.701032196,0
5.816226228748546,0.535837923,1
6.672298917429975,9.610302590126182,1
2.812658584278552,2.228841223568633,0
2.680346104863797,3.6185025672536746,0
3.3864110381763193,-3.516028047,1
1.5731991939562926,1.7073534492375089,0
0.5634462055924527,-3.050145704,0
1.117439251712484,-7.848417819,0
2.699410815198355,5.3246492383036585,0
4.9598749126790445,0.6872311821411454,1
2.0651131971203682,4.966433691298551,0
3.776682204104543,-2.578486852,1
6.9662482887397985,6.742275335454337,1
2.9436845854813867,6.711742874795075,0
0.8126484384892089,-4.87645063,0
2.203192746303225,-0.897673707,0
2.0999916088859854,5.3096012172260245,0
5.668461994363753,8.038186243445239,1
3.214222575100476,5.331194237324272,0
4.105227964357649,2.5500386652787377,0
2.8700980436158825,-7.223999435,1
2.7808243065116502,-0.284226701,0
1.0118806688897548,-2.077066926,0
0.2114441355688652,7.161535784776053,0
3.9449343053993413,0.5385029914227051,1
4.839806774233465,6.5070203726399996,1
3.753822591548981,5.007499834352732,0
1.700526140902542,4.453019144507575,0
2.5611639324650266,0.7141870876239977,0
2.4995494970459595,6.395798069468004,0
3.804861591766096,7.440681815440264,0
3.149552541118292,3.9687857375905633,0
-0.034478207,-8.304501858,0
1.6981282263367825,-5.134196513,1
4.4248337726918745,3.8153529687244223,1
3.9868633217237335,9.182521687973846,0
3.3016583550767464,6.620370626414264,0
1.0610163575067446,-1.132656737,0
0.9120019404253465,-5.273796076,0
2.5352718778064247,-6.286226329,0
3.574627378873304,-7.733502276,1
1.278829869099329,-6.187629214,0
2.471397958942965,2.9926178744279994,0
2.197657573094774,-6.328210012,0
4.694178507325774,7.502591378632843,1
1.729360299,-4.070235466,0
3.0103436321285097,-5.814721387,0
3.295170544,-2.630057146,1
1.1426713109600797,-7.756757424,0
1.8707397830123746,-5.90086563,0
1.2309703481836485,8.183873987142956,0
3.4314975689945086,6.519305805660519,0
2.705975965222727,2.1911118640570155,0
2.453150654950953,8.520329047672973,0
2.8168863149357306,1.892965188840794,0
-1.281390265,-3.039379213,0
2.351916868538329,1.821764751296083,0
1.3686685927883548,-4.710738429,0
0.9450269923307617,-3.495949804,0
1.8868140544227514,-9.482499173,0
2.314903718307114,-2.880270436,0
2.5965124418251335,-6.484338485,1
2.7930337644288117,-4.066137924,1
2.4263208659481315,9.727653138871545,0
3.196689262,7.639111339746819,0
5.034782565476476,4.225726475156508,1
2.184011050663279,4.770642677291617,0
5.423693376362766,3.447145483980549,1
4.394066923613842,-0.499288088,1
3.4752412484312476,8.723976928,0
1.5449093070911628,5.695694335,0
-0.756540688,-4.685301601,0
6.859916820676512,8.939006467,1
1.6658068474986156,1.634439168175275,0
2.5533786928641278,9.130096139707522,0
3.205584262407618,1.2590938124422006,0
0.4794572610472545,8.307187141750031,0
2.839389222674936,3.9454014525279657,0
1.5293350431554145,-7.875533027,0
2.807186568063526,-9.023049096,0
1.3136779421530211,-4.068885125,0
3.001169243239676,1.9227399317115346,0
-0.197944415,-3.518719765,0
3.2661464659452566,-2.195719434,1
1.4890829669073837,-9.70108339,0
1.7617334205227078,-6.545497245,0
2.0304408964265255,-3.178869164,0
0.8979656780218112,-9.278194915,0
0.9275456980138355,3.514871058100148,0
2.5150559738443996,-9.062212684,1
0.2577128923161749,-4.639026444,0
1.4307770009181833,-6.923638935,0
3.433284811182096,6.907193008259121,0
3.2403152671600033,0.8796641298576908,1
2.0342006881462242,8.944081999,0
1.0401535347975992,-2.956056322,0
6.090878873956654,8.784150591168174,1
2.0195607547666734,1.3922962385713937,0
0.40657528947588584,-4.444176933,0
3.1977873279684492,9.972032185966558,0
3.4763056249060598,3.7142787060072298,0
4.119458736698421,0.043859592,0
1.407351059627421,-9.168212727,0
-0.815907287,-6.687320292,0
1.9297213704028469,8.29815184,0
1.640745750817259,-9.758867508,0
2.0671561575344866,4.034195498880601,0
0.7823247371002422,-1.482180869,0
1.5425659510006755,3.275872001091942,0
0.5070256652019229,-2.086229736,0
3.4515979286603518,0.29607072086015407,0
2.229977089333025,-2.394354206,0
-0.281278983,-6.067614522,0
1.1810693225956328,6.483872592,0
1.3705999272238838,-8.232048382,0
3.613407041881328,0.4762786771857037,0
1.5258304737623916,4.914971734,0
5.629523469359892,3.405660339313668,1
1.170958349819166,-2.656148283,0
0.2466831733650039,-0.898422318,0
-0.336662974,-9.086697382,0
2.6568402164497726,5.972726025379551,0
1.182677520920375,4.668955056702872,0
2.7570484515809963,7.803057809550019,0
0.6154278952473229,-9.274389644,0
2.4384451070862823,0.595119764,0
3.157202909,-7.331647097,0
1.0829134881542788,5.844541520491449,0
4.4361133496274725,1.8965627212394764,1
1.6150294050231535,-0.354213844,0
0.5832209254842142,0.32716545570290734,0
0.7467640941708149,-2.953371076,0
2.427429459996898,7.511879447182778,0
1.0422988895723388,2.0348192549226596,0
1.1922940634993349,-4.665451158,0
2.6401426824541363,-5.838221093,0
2.0307360508403987,2.1778440792174116,0
0.019798238,-8.113418292,0
0.9579220399764986,-9.266295883,0
1.918093114124233,9.483897923747882,0
1.3544326552960106,6.504981063746946,0
3.6817857240326717,-3.017482045,1
1.0394055402614384,-7.238087568,0
0.7562453499143069,-8.454562856,1
1.6216917100707158,2.4860116855085295,0
2.2314617699043917,9.205978589365408,0
2.1699276951421806,-1.634229034,0
3.278346837,-4.432817001,1
-0.237723192,-5.317058235,0
1.604041077791782,-5.296051667,0
0.6729895761615856,7.7217437621170895,0
1.9088188832236819,0.13541417684641743,0
1.5630050879275186,-0.347852884,0
2.593365835551565,-5.422993334,0
2.138868072274646,-7.418430809,0
2.5945646120866654,-1.593625754,1
3.7402945058384085,7.9289564736899365,0
-0.199999512,-3.77659408,0
3.118542453,-6.997096516,1
0.31522640513236355,-3.546646534,0
1.7184007781722925,-9.331173333,0
3.5680978023946057,2.9984979805149656,0
2.1223869332059957,-5.21768863,0
2.230182910407798,2.3865237864171505,0
3.711102948,0.33813183590487483,0
2.7829739482440035,-9.232039913,1
2.22394702,2.9282651353894735,0
4.3303622599356455,8.996591921529053,0
0.730296161,-0.140250693,0
3.1092086542334183,-6.287049634,1
1.130602828940625,-9.491711315,0
1.5631827493834862,-9.85540664,0
0.096764487,-6.768766426,0
1.7008699062617818,5.541238900797829,0
-0.521182179,-6.889026095,0
2.348027041,0.7650420159604021,0
2.8097852614324594,7.267131687396905,0
2.2373675686356065,-6.280995173,0
1.5918717851818784,-3.484221207,0
2.127146104065979,9.494499527428172,0
0.43492630700142243,5.645747462374411,0
-0.032923349,-2.572314627,0
-0.302094521,-7.818349175,0
-0.595216218,-5.180371848,0
0.7709665085640702,8.404834537896619,0
3.0084435021147256,7.337083047467178,0
1.6752421679427476,-9.279163116,0
1.1910379704305298,-9.838360467,0
2.3508898490353043,1.284650589131635,0
-0.000198961,-1.860380191,0
4.2853133139524795,6.319727407519615,0
5.196876391693181,3.7325062863423817,1
0.42586572655939403,-6.604625394,0
2.366809870613198,2.408069333,0
2.420282525858693,8.527905004455043,0
2.1914623197779077,8.977310768793298,0
3.639203890488719,-0.130176351,0
4.209282234446738,3.7870016733432443,1
-0.239450918,-8.468250946,0
1.6302944143856084,-4.35510897,0
0.6851233104535869,-6.473173704,0
1.5913766211456593,-2.973707327,0
0.14845033624130066,-9.153757829,0
3.633685900873929,-9.734850351,1
2.617475424,2.1931673398981637,0
-0.481971469,-1.886248295,0
-0.696849089,-0.181109788,0
0.2949124208688767,-7.524409553,0
3.4393783169521996,4.036080768596776,0
4.301979421969705,-9.508358127,1
5.925893266986525,6.182706976614515,1
2.5294991570242313,5.179424808413504,0
2.6265284402265343,8.993912783600933,0
1.3433511101769993,0.4117245428449685,0
2.8819645824112934,0.897412609,0
4.163868936698954,-8.574809262,1
6.915000275597658,1.0424973011824683,1
2.8776835316455704,4.573362258736765,0
0.40465335541430625,-6.608593217,0
2.3656908242720003,-6.827841213,0
5.946698679014831,6.316320546278703,1
2.0798244483844006,-2.157726208,0
2.497131134,5.955756440961553,0
0.31133451692842473,-3.750416065,0
2.2610917889743862,0.8040810886044127,0
0.6386813515498364,-4.044902066,0
0.1171689403710946,-3.81057733,0
2.353614586250252,0.470174667,0
3.1040122861430923,1.3544659263360597,0
2.838722198525721,0.8394636867961935,0
4.212977059,9.878632084855635,0
1.1366364144140175,-6.331041659,0
0.32247463042788593,-6.285691564,0
1.5225485189041965,-1.447130798,0
0.8575164497748602,-7.1400478,0
1.209205941,-8.06250091,0
2.6623158828263005,4.918245722652861,0
4.4522077354345555,1.4016716859352591,1
3.436759334919782,-3.965907111,1
3.606854202714418,3.2788766936223634,0
0.9303561884717457,2.651748711433301,0
3.8019578100662597,9.498701377936605,1
1.015558120304367,1.7035480238206624,0
2.699698248694154,5.819767700393001,0
3.700317297801937,0.9355322463406761,0
1.6713375294707475,6.091425395599352,0
2.040317699271098,1.1112330022198602,0
3.0042204188193673,1.2847566278925022,0
1.720561950374444,-7.502208732,0
3.549265861259678,-2.965994156,1
-0.271037386,-0.255312442,0
3.8823822468973757,6.272887679860798,0
1.452070836,-7.702756848,0
3.8866996983319577,9.696165092773988,0
1.5721041957104194,6.5110229435993325,0
2.7406424361942587,1.892250608589272,0
2.7022560129112856,-6.700034673,0
3.4791896683624124,8.340272432,0
2.201918535677904,2.727508545845321,0
1.9532583776936572,-5.079753343,0
1.1034707221721773,-0.100273036,0
3.259292527774736,-2.44904184,1
-0.174718453,-2.315434069,0
6.393336426658989,7.302807220659361,1
1.4164380060252597,-8.269846815,0
0.9710544636101798,-3.390172681,0
1.297935285548479,-5.114160073,0
1.9226393217474578,2.3241380342487066,0
2.5487017933195446,-5.575730402,0
3.5888149615109346,8.369051022323877,1
0.27460815920701864,-5.98918603,0
1.267555432330697,-6.976851263,0
3.5147307769669034,-7.965252986,0
2.8586648411774895,2.1546858906915034,0
2.3147956133215333,6.912592932901795,0
2.2028756850196727,3.4801661323152793,0
2.4486159973656685,2.795357813814004,0
0.9869785213516646,-4.678225746,0
2.008602281115044,8.906387375750175,0
2.777417927167012,-1.488722278,1
2.5673955295455766,5.119241423219611,0
1.0509182243843898,5.436115686337901,0
-1.156382558,-5.889562362,0
2.397333254382321,4.311087846367489,0
1.7028210298568436,9.239435907,0
2.831254207798935,1.9968023426153039,0
4.188747755638769,1.8738688756557043,1
1.6701930997906778,3.3426959027654046,0
1.7598404927752818,-3.594291088,1
3.3908113042507746,-5.949217971,1
2.795393956659397,1.2586686773859679,0
3.7787744841336637,5.549674192809972,0
4.138057339410103,-9.63400251,1
1.0219650396222022,7.3414333992243925,0
0.6366880688227446,-9.42287463,0
1.149010148431185,5.222963773687116,0
4.088514005251162,6.742119305488686,0
1.512527293818311,-9.041282234,0
3.867506196773886,9.221205756255625,0
4.227987029594318,5.7534176654362295,0
1.5055134547752154,1.8890032695184615,0
2.9023902514317883,8.483213749010279,0
2.728237066080627,-7.851282608,1
3.255005660039273,-2.309411101,1
1.0096553515433397,-4.685295978,0
3.3700404837984625,-1.207168347,1
0.8143017752606809,-3.67897084,0
3.0165627223783344,7.9247489158786735,0
0.7992062085631493,-9.492989254,0
3.1597785846929356,-2.710920336,1
2.4449879032131823,3.6364231364229926,0
0.6318235870117785,-5.036771523,1
3.6650869558674537,3.708204608,0
1.9808957718249522,-6.09792022,1
3.034006186202658,5.977079622012733,0
2.8276919030026746,2.423916781442653,0
2.9112219912800863,2.948729624835245,0
1.3745788774820402,-5.495896974,0
0.19044078317787183,-3.590633699,0
-0.454876592,-7.976410104,0
3.4624845027454625,-6.804039249,1
1.1840855732647866,-2.260228762,0
2.536568214659027,4.227355916493742,0
3.365948327076616,-4.664329294,1
2.384725225858724,8.926684169312598,0
1.0368577114556496,5.156238506822602,0
5.074968949169911,0.522064127,1
4.350047829206485,9.360443667746956,0
1.3113493234118077,-1.259128953,0
-0.885543565,-6.60075902,0
5.337824080539015,3.4078883261591404,1
1.2064365246423598,-8.372158147,0
0.5609687000422628,-8.782087791,0
1.7400064955779757,-6.287506043,0
1.7945193708984601,5.256673847828532,0
1.7800250456181594,8.410599638942372,0
1.6736799911129374,-8.850708399,0
0.9306814937450909,-5.158195714,0
2.604244044,8.568174561162788,0
0.16782741608471774,1.5510516666546366,0
0.6500804886809417,-1.326210104,0
0.7997820051817692,0.15414781301632097,0
0.8548876755598205,-6.463385537,0
2.478533500917062,0.8528011901449535,0
2.108650320844555,3.375471158534179,0
2.632694254672361,7.247846960474039,0
2.3355392721296044,7.573900400532967,0
5.791873159217005,2.4755452533358735,1
4.240166922313446,6.683657575846624,1
1.6731823021309449,-8.350861128,0
2.751174319707936,-6.184211043,0
0.4946815432995839,1.6837276111520065,0
0.5055241346183947,-3.19149681,0
1.1529524848875083,-9.471216994,0
2.110055204,-1.778911902,1
0.226581663,-2.488568342,0
3.157389015624482,0.49798012615871556,0
1.277427571888366,9.180204208,0
0.44774207026887813,4.836515721181005,0
2.6020454254571024,-8.13360104,1
3.531579262971154,-2.965338691,1
1.495541374365876,-8.280495548,0
5.212524226229365,4.134939710677756,1
2.157859135439968,-6.923532702,0
0.4267996124620812,-4.302059063,0
1.7344416769221103,5.672435608790021,0
1.6142747996650728,-9.720722982,0
1.266214981696109,-4.387278797,0
0.7326251173242984,-0.393844239,0
1.1290516450547745,-5.325750291,0
-0.126062416,-7.565313845,0
3.7426028492884473,-1.11298942,1
2.175612258500747,0.5342925835310801,0
3.940769976286773,5.228029136047795,1
0.32355046252416075,-9.688234019,0
0.4928291562939797,-2.14009889,0
2.938481208521671,2.3780749188947112,0
4.318558935,6.597033638323339,0
2.8096814126485774,1.5542080577552913,0
1.2730338668063874,-5.54787665,0
1.879382491606719,5.475377233021186,0
2.591726610878871,5.265108734774216,0
4.588870190686107,3.4499724812242167,1
0.3878378748850011,0.15343225349156064,0
2.5319510037484028,9.132555461717804,0
3.181370147618127,2.1505881867849865,0
2.4088534744027585,8.019793774852474,0
0.21483821612091492,-3.178609824,0
3.487752466,3.2521446538618033,0
5.448791497241189,4.357398063983304,1
0.22084280628420982,-7.646611974,0
1.8806792675103563,7.381446192674481,0
2.0271312337714216,-7.191949847,0
2.313580855297744,-8.064047699,0
0.8946784508937105,-3.879610166,0
1.7200098054456685,0.7654140443178843,0
2.0423799756786862,0.7466039549809338,0
2.4248688512576106,-7.106144276,1
0.05334622,-7.411736568,0
2.9127806921477006,3.9220184534693487,0
2.358594839280448,-7.961702054,0
2.469864475533035,-1.490655829,1
3.927733464636467,0.6740294922695238,0
1.8318306018798283,-5.402965051,0
0.10648181950561009,3.069840946092654,0
2.5681460393370115,5.490899482918291,0
2.9478931744920303,9.096790124,0
0.023061674,-0.393643002,0
0.9515972913557471,-3.315729999,0
1.7267447029511156,3.2921203016082963,0
1.4884028917689038,8.383946871,0
1.862154779776636,7.7557396007815775,0
2.113480661122861,-0.833820299,0
0.8574370715220735,-2.890499051,0
2.3497167563757566,3.8599740371477047,0
0.9025400959620438,-9.164512064,0
1.0755263109597528,-3.750323742,0
3.005840161775873,5.168301899662893,0
6.6045925866065325,9.662165114242999,1
1.275754644334924,-4.145010099,0
1.881824069329022,7.613626540442379,0
2.5770471688332854,0.7955421574166763,0
0.5894625961078079,-5.000500423,0
7.466938549355986,1.7132832110971137,1
1.7056266395684736,6.816911454,0
1.9589687821779869,-3.450538845,1
1.967333109483872,-2.298890495,0
3.4030014255623966,1.1963117077582535,0
1.492207443743312,3.0545042389249346,0
1.5272515928170338,1.0933743084190244,0
-0.493348469,-8.040224654,0
5.468184770670919,6.033162546068944,1
1.0797455302413337,6.357549848986594,0
3.128572383108651,7.7721492448283485,0
1.3215526090194802,-1.671670528,0
5.503281696,3.7832467098539304,1
1.1026661269828002,5.157442485953236,0
1.9949682353947689,7.825152958675453,0
1.4095160813246022,-2.554074126,0
2.815502852407688,7.302825653684472,0
6.460284243021532,9.742369679103671,1
1.616417046,9.376401373,0
6.727730086513075,7.547670836826516,1
2.7027969853659513,-8.118683684,0
1.9504457474354697,-6.945961834,1
2.546266697361708,4.498720532187194,0
0.3021819214107281,-2.89110947,0
1.3517255874245189,-2.597355006,0
2.3946285937986493,1.8861335044825793,0
4.801939097365399,1.9206362349911306,0
4.616223758540223,4.0594204161469065,1
0.9266976442143127,-7.498827793,0
1.3449755894920097,-5.40387636,0
3.2067711707669235,1.0441861628336628,0
2.3329988499000263,-8.400745479,1
2.893086936455223,5.576329224,0
5.529829302,6.090141742119883,1
1.460710169518697,7.583559461,0
4.860621380721461,-8.431808336,1
1.7199048551520555,2.5320607040447065,0
3.5667459117798934,1.4617342842072851,0
2.8753819167113273,4.681226028,0
0.4027715911654819,6.626174538165628,0
2.3735425745642296,7.973763477820835,0
5.594015087219622,3.0680346233486606,1
2.0500807847124864,-8.846317271,0
4.827551340162568,0.4401830114265355,1
1.4897723786895882,5.4281317903125785,0
0.8694683688699183,-3.562424144,0
0.5539503498736991,-9.86815178,0
2.7040188441634676,0.9858013402324133,0
2.468651284646032,4.401778573559646,0
1.810486488416114,-1.12979293,0
1.9856594661876414,2.0465123760129256,0
-0.176162995,-9.685999677,0
0.8918943371351016,-9.613319209,0
0.37243729851043794,-8.577535275,0
3.741507319041015,-0.139515755,1
2.681706063011478,9.664172147991735,0
5.075454323640211,5.367725163350345,1
1.4252010516865556,5.423169134714934,0
4.326543831451199,6.797866653,0
4.39331104,8.365790475595613,1
0.9159530385246456,-2.837514885,0
0.8536647053962958,1.0827381566713008,0
4.056666016607175,-7.395135871,1
3.228317190562699,5.4548488268069555,0
5.958342586736427,0.16766725761246803,1
7.028256943,4.761374254536285,1
2.203277269290365,5.245362885035849,0
2.1528190633175415,0.8786351599302122,0
3.585874160203886,0.2325930514639083,0
0.5605863463695981,-9.426703799,0
2.6222579459111146,6.929108355,0
0.8175230125605928,-3.681788847,0
-0.316563952,-5.395065857,0
-1.808027514,-3.92548617,0
1.0534592752315688,-3.528305222,0
4.217437652188441,1.0947265262790769,1
2.0862940102631886,6.537634073731134,0
1.0151568015493087,-2.180466314,0
1.887254142736901,-6.321579186,0
0.13960687914004788,-3.787692325,0
2.142325219082974,-4.924137436,0
1.5990977194930793,-7.590934181,1
3.2948116910939604,6.639639123986157,0
2.556103743549094,-3.013219011,1
0.7520940791676561,-4.662211098,0
1.7906828030520772,-9.028322201,0
6.496503897483569,7.836011225858865,1
0.8412097637417553,-6.43640889,0
1.8978132243725345,-6.938454339,0
1.8151881825745266,-1.053344609,0
2.854521969,7.286866296890743,0
2.0142638784459725,-7.131625526,1
1.5074833631905187,-8.569938604,0
3.163974002907162,9.437343092034311,0
2.5309643555485013,5.738461026320538,0
0.18218336050296158,-5.181532754,0
2.6697738247787783,2.054868431845623,0
4.008223105291737,9.269109297102808,0
3.528989087617755,-0.69043561,1
0.7128743292370647,-5.504559253,0
3.0159739470624807,8.947700755154987,0
1.087208535953391,-8.722548398,0
1.049778592702678,-4.106295249,0
3.960064063,8.066830347285006,0
1.1325219469762775,6.318639742392122,0
2.9268556052063843,8.179159966054225,0
2.669513882529213,-0.794999459,0
1.0071666090593858,-6.644315289,0
3.315622555148468,-9.353281957,1
0.6724724573139507,-2.891225262,0
1.556778451938507,-5.371645774,0
5.042857509836667,8.089277359354416,1
5.831737127159933,6.286576667100242,1
1.1237398447561244,-9.633397327,0
3.9947493461013313,-4.951028421,1
1.7882680991826896,-8.099152516,0
0.5467120675583279,-9.325001817,0
4.6819851072545395,3.5484159591444744,1
2.2863240212801563,0.5390480914545659,0
0.6302256786258869,-0.580915259,0
1.3783194218451138,-9.247616457,0
0.1011163300757627,-9.920558605,0
1.958245149978264,5.502256083759358,0
1.7083924435450824,-2.412469361,0
2.903250475103966,0.7131106679782135,0
2.472695204127108,5.492002539770127,0
0.4493553271401165,9.546207455030913,0
1.7050634720141176,-8.82361435,0
2.957207368305737,2.4176335765068853,0
5.805453517853993,0.007012828,1
-0.288512695,-9.571979715,0
1.0883501277066716,-1.470552275,0
1.9259088487368725,-2.248064795,0
3.5500781373861194,-4.392984485,0
4.596790222510285,-2.196224117,1
2.054133358288566,-8.558547875,1
1.6496913002242324,-8.436503479,0
3.5153298141554004,0.6136001099705943,0
7.029858251227362,8.971523071780702,1
2.700566382361634,2.6222449914498984,0
0.3712154862019359,-9.448674265,0
1.6207056810283789,5.118010523255087,0
2.632471122,3.9280156076656265,0
6.453871174447707,3.0810499286166184,1
-0.737963609,-3.884938054,0
3.0793095372023638,-3.336388794,0
2.174969304709678,8.769418422343623,0
-1.659673154,-4.722588,0
2.2433157453781556,-8.727301046,0
2.7400655139361394,-3.446225177,0
1.9261017651679366,-6.67085408,0
2.881490617859262,-2.874946502,0
1.4211981085110612,5.7920686205152165,0
7.110360809555294,7.666931444178008,1
1.9071747715032112,2.1537381590825433,0
7.382686494,8.339104555,1
2.592997493657192,6.661949523373057,0
1.5684142749583072,-7.555196614,0
2.472670101780074,6.843890567488494,0
1.7885996903098402,-3.293470916,1
3.0541862150790364,5.298124062982641,0
2.156851420915795,6.852043932495164,0
0.9369749193676629,-8.130246711,0
0.1226667624584995,-4.266179716,0
1.405381841957031,3.9355983966316703,0
4.194675695718413,1.1469358411277355,0
1.8549322689472714,6.807156793549073,0
1.8446807727237498,-3.696132743,0
1.579123046756925,-6.386992343,0
2.607119200113741,-8.366481655,1
2.2758221159930168,-3.159489795,0
5.558346312920081,7.758147592181036,1
6.203219855442386,7.6287968821012875,1
1.8698902913482753,4.937696228559801,0
5.554454306648641,8.288310605,1
6.017993583235793,3.693953754229737,1
1.8060644583147119,3.9810807226657285,0
2.904928800544174,-6.27280941,0
6.822345166158173,7.130405888470978,1
5.8017693179912735,9.796565005433319,1
1.6078825981799916,-0.038447363,1
3.480018006377872,1.6194035379124934,0
1.6715967448815547,2.332132842523663,0
4.131227437,-8.253066766,1
0.8429219689959575,-1.077147033,0
4.861068255,9.683070917410546,1
1.5702077970285888,-2.265856894,0
3.6303149002775594,9.648305429314025,0
0.7735860673793743,-6.644213489,0
3.208440418905208,-8.325537103,1
4.989681006541821,0.501606136,1
1.7663216222314269,7.486685315967293,0
2.995326652189609,-0.312244908,0
1.241821290737941,5.100619806789808,0
0.8093204036229026,-7.845260553,0
2.9282714327956887,6.737819297668786,0
2.6604149937746655,-8.12996961,1
0.2114444224410913,-5.30371225,0
0.15203114,-8.970124038,0
0.036476632,-6.224850976,0
1.0107093035924568,-1.232616759,0
1.577125370885649,-6.078074119,0
3.984636349353346,7.628722034313412,0
0.7556475241274101,-8.531172806,0
1.017115454112359,8.434760089,0
2.0707052848471896,-3.845365731,0
7.049881502198527,5.349556586109614,1
3.4360657917769415,9.722951573745199,0
2.0916290965165873,3.3460678174392875,0
3.7324922929259285,-2.223889929,1
4.194927554135744,8.098687455257707,0
2.4234653954054615,2.6122462924578134,0
1.5779972038063204,-3.719916006,0
-1.668139084,-1.375462215,0
1.3016799384157776,-4.121615814,1
-0.23233151,-0.250677813,0
0.13995177169485806,-4.756005142,0
3.6318572077750413,2.251934436627124,0
2.5077111420882106,3.8395111550168792,0
2.4141209017011125,0.7526811048508222,0
1.3269010366486782,-5.435431656,0
-0.157193407,-0.505159846,0
-0.099231581,-3.456226992,0
2.446384884171051,-0.7805391,0
1.3342346117587218,-2.95468006,0
2.1215331641942723,2.519391485743732,0
2.426460289625766,-5.994908123,1
0.5999727775420314,-0.056195801,0
2.96961714,1.4871933401124444,0
0.9596286399435463,1.5115718998737613,0
1.9672922766905871,2.9457550946628785,0
0.9236488322655403,-9.081692995,0
4.037854793,5.53286768,0
1.6878973831873552,-1.258873494,0
-0.576999631,-6.61762537,0
0.6429119613757841,0.4390363512110973,0
1.752201886542829,-1.890114338,0
0.49449142234668575,-6.78763601,0
1.7603515684359023,-9.660264359,0
2.6334525387215844,7.230899224619922,0
1.858911641463871,0.3228917097374939,0
-0.68129079,-6.597125922,0
1.7934833872082705,5.333704721457961,0
1.5106226427576908,-4.275001528,0
1.4292348686734928,-6.96289116,0
6.520053296011054,7.509433867388282,1
0.7438156384405188,-5.927017341,0
1.3596968041054047,-3.257285772,0
4.599663186498384,-3.47097737,1
2.0709965578387033,-7.899903196,1
1.0273060047710068,6.909022640356149,0
2.3166669541255254,1.7660657206277914,0
1.6377471556573673,-0.591906941,0
0.8573645872400186,8.167901566285718,0
1.7415045620179026,5.203267371427829,0
3.1075583333058394,-7.224808569,0
3.0139755122226375,9.220282874,0
0.31876991245380615,-3.502946867,0
2.1181704929689666,-3.912467229,1
5.6170958046326405,0.6800075386239754,1
1.9866204627262383,-2.717901819,1
2.468972349316375,6.476066615966495,0
2.5248509320056334,3.754986463526622,0
3.7984332129412577,9.425503879160566,0
2.6339705167667526,9.337595796,0
2.763909310091654,3.0112067557445084,0
1.6446517149302382,-9.782158881,0
2.0806214304498623,-7.475815323,0
0.902078054,-6.481438675,0
0.24208807463499893,-9.231639343,0
3.2751284335610293,-5.689567498,1
2.9136429762957383,7.575959951239515,0
1.8454051915252252,-6.233319632,1
1.7877077256788099,3.903763610088543,0
7.157907616415227,1.925006080055363,1
0.5182611029223069,-6.147641449,0
6.403646895887966,7.636623527008027,1
0.9741052772355293,-6.87654716,0
3.0229839743813205,5.699087542484493,0
6.2244926428059335,2.918288907,1
2.8997728167089676,5.716111205048106,0
1.2178787677675442,-0.039666228,0
-0.268911467,-1.311926489,0
4.147883170021185,0.48001442309298525,0
1.8954915399492491,-4.384453469,0
4.264710855170094,1.8020661386867474,1
3.0752101658169844,-0.021446834,1
2.4393059000458033,-2.296257455,0
2.7341081219662597,7.402726493451183,0
1.3914960828289702,8.972424414112826,0
0.3889336537507294,-1.244970382,0
1.5239868961543548,9.709706610667638,0
4.345787704216459,1.7699556056800638,0
1.7089940395392103,-2.755762119,0
3.1361809891743455,2.9778808619674724,0
2.787227709788021,1.4126908296540783,0
2.651123402,5.002063465566023,0
0.17724139940313344,-6.290832881,0
3.568480682258908,4.884543274,0
2.2409330161292687,7.868460925443365,0
3.2382337284901452,4.037137875737219,0
0.5526825564184077,-8.20553075,0
5.019357818327596,4.740325746096985,1
3.608777213650622,-9.42578269,1
1.3755012206643977,-1.351379676,0
3.879103615887349,-3.957172021,1
1.3125947121272301,-2.874151803,0
0.7867595875123304,-0.258782358,0
3.5087723120735936,2.869332990365665,0
3.5006946686316756,-5.166839064,1
3.087975188158251,-8.450530969,0
2.9320264685372646,4.262673677610806,0
0.7409514013155721,-6.449562714,0
5.141860305528157,0.8978389225090844,1
1.2493784240659174,-8.309565771,0
1.383010037825435,-6.105367637,0
1.9200890997695812,3.9251068886177425,0
3.395098472352598,5.817243147764513,0
3.3173927689904823,-2.344891533,0
4.206566842536009,-2.811269821,1
3.5720816084800067,3.9132332856037166,0
1.1046764531978042,-5.198675007,0
2.399691374485598,-1.07920404,0
1.622897649376096,-0.197668139,0
2.821066102106209,3.132240554,0
0.10303862251673168,3.7638588745842867,0
0.5124080160218005,-4.589529161,0
-0.147882016,-6.991149702,0
1.6750813207849569,-3.605937098,0
5.110556906120673,3.8865702188953914,1
3.0107963802196487,0.8262632327585617,0
1.6769307845615762,9.683582985839742,0
2.8662514680465714,1.6562751466388868,0
3.8621460598117934,5.920296081891546,0
4.7398164889410666,-7.950004455,1
2.2762696857907723,-1.867295864,1
2.9386998253983685,3.2668032877658586,0
3.2597345176147776,4.794909943,0
1.6518635854673946,-6.711272941,1
5.726158243721066,4.229117913864059,1
2.5803780974533552,9.689868818393066,0
1.7791342808816575,3.530585581448589,0
2.522670811656316,6.039387366661671,0
3.256263962450782,3.6646129392966635,0
-0.569059378,-8.805752629,0
3.305520408608515,7.801523584960314,0
2.558241024,3.5176487449800646,0
2.9209994630035623,7.402943176802729,0
1.3613352648606485,7.684545895403524,0
2.3039593187527743,3.9440042161743882,0
3.582570844648245,7.095048531808182,0
2.1775211516783033,-1.824674517,0
0.9610972820129339,-4.447087311,0
2.027106665556585,-1.335211262,0
0.9163644003229843,-0.777573789,0
0.5177436326539065,-1.926353861,0
1.63273312,-2.636873225,0
0.18306583753565087,-9.975377005,0
0.29022654417982385,-0.371130164,0
2.4842579908527695,7.975299628855769,0
1.8775864313797097,0.3526365181087687,0
0.5838734704072985,-4.925345458,0
0.7457409296491917,-8.109543441,0
1.3203877051330928,-9.174389619,0
6.346115809451634,9.109219312672582,1
2.3083465589045193,-4.010508681,0
1.429373973546364,-7.580037879,0
0.6674651859923586,-6.046037722,0
2.7226413796880546,-1.669835185,1
0.2918491303837012,8.557855468726153,0
2.446926556483108,-8.629534692,0
0.5184295455032848,-7.993869296,0
1.7450277889863628,4.912562251865115,0
2.314996626712772,0.8710829371598869,0
3.8926369141530475,1.7958821707799224,0
0.6067756498619697,-8.11016241,0
3.2927681634433483,3.0793625313296875,0
1.4611654241002627,-7.84014904,1
2.576560091,-1.601857893,1
1.4465500433218474,2.6284313400233366,0
3.565688588034408,9.366827425473101,0
3.0740299907684836,-6.751897143,0
1.6234910976968493,-5.479267764,0
2.168420303789242,3.0043297806994325,0
0.19436447076717478,8.325639007447776,0
0.9676890447052926,-2.721049767,0
0.29976698998783924,6.472350267630269,0
2.4294431440246074,1.519498006715505,0
1.5170579637489472,4.838016381259813,0
1.5630470397135618,9.545247471,0
0.7037265881742816,-4.417704311,0
0.27940207710114795,-6.995733903,0
3.0900696875761087,2.561614861863104,0
-0.0061958,-3.612776185,0
-0.903719831,-4.112056985,0
5.876884397971425,5.970487432381779,1
1.8621386198604397,7.269905714566601,0
2.9141561410617456,-7.347875326,1
-0.202605417,-2.332376131,0
1.5129530569131018,6.9007176575514215,0
1.164521366,-1.232583243,0
0.10616400138499027,-7.095748252,0
4.893670301042317,9.573272488612261,0
2.4941118204743877,-7.966180673,1
2.6285096222197217,8.707434783,0
2.6929289522233404,9.861520199009988,0
2.696150836131903,1.7600312546447796,0
-1.322640663,-3.896244192,0
0.6037347397229174,-6.951869934,0
-0.176333496,-0.483153265,0
3.150486181077933,1.6074849036933117,0
1.6283897118639343,-3.460688571,0
3.0440621989343932,7.957960643,0
0.6990829654099936,-2.207522054,0
3.109619598089002,1.6816409881053307,0
1.102894907915129,-6.524818623,0
1.9214339601607644,8.269679723573944,0
0.924884448,-0.427342624,0
0.7917634647366844,-2.546066648,0
1.8739287897257197,-3.454997363,0
1.8647080428856793,-6.457107202,0
4.743234430153846,4.1392927292185036,1
1.4925603282453181,-6.095151205,0
1.3713103497352406,-2.108678281,1
2.432152079953638,3.7607867775596446,0
5.7755463797377224,0.2033848480760181,1
1.8606689618822254,-8.952679869,0
3.962820612985558,-3.539950545,1
1.188811122711225,6.924433013313607,0
2.940025935735255,2.670352015960658,0
1.2133971270842432,-1.600095638,0
2.567177822202148,8.217568611518082,0
2.8200615637860595,-8.789104714,1
-0.209709895,-3.447188967,0
0.9360715268397364,-6.114175604,0
2.3699869925182524,-4.558431556,0
3.352330578983323,0.775414734,0
5.297044954792143,4.4602189477821135,1
5.178121023,1.5275301970974766,1
1.761987330215927,-8.721206912,0
2.489268019,5.167627324731377,0
1.7733604704870147,-3.064315464,1
2.692063244594826,-9.061336117,1
3.1118566390821356,7.634393751612908,0
0.612616014,-9.239141906,0
4.4554283987331065,3.345575851,0
0.8590223647030342,1.5128815025248024,0
4.023451426622168,9.398028573082591,0
1.215067308963908,-0.534589045,0
0.44203907797561715,-0.828029381,0
1.1535611804497803,-4.081233701,0
2.552876694991534,4.165351297849128,0
0.0083728,-5.018754924,0
2.0797061320561694,1.794009274932014,0
0.20174813834938388,-5.784824377,0
3.8423994587415677,8.344966528270884,0
1.3277589123988722,-3.69713844,0
1.818503326178077,0.9451831355890299,0
1.5556749894969863,-2.02799706,0
1.0170886360035434,-2.875120524,0
3.682450278799159,1.800323424921098,0
5.185889414028913,5.442899577799567,1
5.813586320666433,2.4788111607408663,1
1.8823164062137112,-6.080535774,0
1.9742129597386806,-3.130462209,1
4.066093971546162,-2.661547529,1
1.6333481762941344,8.975178856945426,0
3.2628718264815157,6.171255041272847,0
0.2101801166034032,-6.582838182,0
1.846094921943278,-4.060551292,0
3.9452918967614528,5.053456615619641,1
2.014443734872738,8.241815318878558,0
4.816987569938742,8.499949043829837,1
4.4815596387428425,6.291101481350431,1
3.6112920218357516,7.8136350728154405,0
0.038874417,-9.548651928,0
0.8086704727020444,-3.984785999,0
2.7035034440624193,-5.474379179,0
5.808126616136637,9.047807645300356,1
1.1260832833348036,8.277096257086825,0
0.9593475532635055,-8.843380484,0
0.6662538020206759,8.293538296593638,0
0.2368654528658618,-9.435273703,0
0.528179218,-9.672849211,0
0.35216548394558334,-1.956945381,0
6.965042926,3.400754293384619,1
7.120256519333202,2.5695427929969643,1
1.9956386000479798,3.8957413447615767,0
2.3788644542025357,2.2716868900270413,0
2.6069184076403586,7.146362486084232,0
0.1515201332963596,-2.014367502,0
-0.147157088,5.414717856339131,0
1.6407970229047337,-1.209194383,0
1.8241580975588723,-5.692806138,0
6.474363034670326,4.328394669388281,1
2.233838578891486,-2.761185023,0
3.2650009010409513,-7.610556361,1
3.0193583386004983,8.407197114177979,0
7.408258383657177,7.096312347774106,1
3.591167493025335,8.380398607953879,0
2.626799614733164,1.6273359114337502,0
0.13205208691248527,-2.588846485,0
1.508534206486721,-6.456575166,1
3.394076172047035,-3.25730241,0
1.6647628500554574,-1.676503589,0
1.8338439465889271,-7.683978983,1
0.37643601196742216,-7.36497269,0
2.7960320691745295,6.742062682,0
0.29513467198833765,-6.949134681,0
0.1570642580531112,-5.05195999,0
3.852088947235904,0.5443871579825768,0
2.816200228901702,9.332079996595041,0
-0.156516114,-7.814889368,0
2.7718590316846963,8.392066051579839,0
1.728530734394116,-5.475711542,1
7.6055503792253205,4.522624056686864,1
0.8624569560553228,-7.066983883,0
2.7013950356563314,-2.370479855,1
4.491366660164296,-2.41480765,1
3.0477325406940654,2.749006305859755,0
0.30490632118656236,-0.434768991,0
0.3412124255660106,-8.978741074,0
0.6391587694672679,-3.698360631,0
1.3793507360328143,-5.789689887,1
2.537298951811916,6.46358975,0
2.7689281298313637,2.3654260205070994,0
1.6381097578092425,-1.804883232,0
3.5833409585246097,2.0165838078102816,0
4.352200423990657,-8.276423162,1
6.024558216,0.068951578,1
2.7903802447648567,-5.355080656,1
2.457657840863115,4.258178789266365,0
6.756549264649928,5.547065951949342,1
4.860868349690817,2.8804303219997145,1
3.3794321501647557,6.694227101156756,0
2.8285833723657365,5.972839131710577,0
-1.095374092,-0.157326705,0
1.8099294030385467,-2.51160392,0
-0.821788549,-9.139160509,0
-0.494185499,-0.326059924,0
0.8788682573272404,-4.2338035,0
2.415249559134999,-9.44160731,0
1.544202367,-7.001266166,0
3.341172911,1.3830058056531378,0
7.686592821,7.515578249917205,1
1.0581432226529959,-7.68419179,0
1.308904962311035,-9.61875838,0
0.7361358617390465,-6.660026559,0
2.466091701407369,-8.53487949,0
3.2099792440320565,3.541152191685214,0
0.9165990015049879,-2.977402663,0
0.32495131595373894,-7.333504016,0
0.5833192506587435,-1.988742735,0
0.8897807968357468,-2.524267807,0
6.280093264,5.220162950647076,1
3.623742819826821,6.303387035006992,0
2.422262861513249,-0.752848378,0
2.581923200548036,5.723220525217499,0
-0.1414769,-3.578312504,0
3.8637414836582575,3.9819255590534315,0
-0.337694987,-3.147729461,0
0.4478110313847252,-8.739700859,0
1.418683491818876,-2.519107809,0
1.2843712750824576,-0.173300835,0
2.746440223,6.978269815684357,0
2.2194945554502468,3.1400722445077207,0
2.526366701881611,-9.862738182,1
0.7182131863373638,-9.806572279,0
2.2429862742177726,2.229405493612166,0
1.9727417432359526,5.720438708,0
1.1514944303929904,9.294521915990789,0
6.497920639510604,9.329389696856985,1
0.4074772679819968,-5.077197753,0
0.8767875968660215,7.507229852298437,0
4.719502387754526,0.24393306786031488,0
1.5957526266875153,-0.818377087,0
3.039873151026456,7.462277083113818,0
6.3730064400484325,2.6885532506485603,1
1.8619954828931666,-9.030889519,1
6.831152880249029,7.401917215645199,1
2.657021207,2.8595251302356495,0
4.045540507529753,7.709292851066095,0
1.515317796976361,-0.443402787,0
1.3817556566440896,0.9073321912577832,0
2.4127475723876373,0.7027084720198644,0
2.8825896580880586,-0.355073776,0
0.8088381061685564,-7.640965149,0
3.6762568676969325,0.8546686714690068,0
2.4698233172479576,0.1893354016558586,0
1.9523887586285766,-4.136998097,0
2.0200408418262867,8.760540312440884,0
3.846533146880198,-4.522141792,1
3.0947980705356244,3.1083635674610015,0
2.8741168101965235,9.154183559960902,0
4.477867453552118,4.788875003860429,0
1.2183089123324748,3.2254562089356416,0
2.7841050232677853,4.047920195423799,0
2.7511990493540344,-4.463193201,0
0.4330502371022873,2.212789168777512,0
1.7649338786637183,-8.849445011,0
2.069803176649869,0.4837840138596725,0
1.5944027008796309,-6.689755081,0
1.5811228810437412,9.336782660327835,0
2.140089640992833,8.333361677903063,0
0.5150023459367763,-6.4068612,0
2.173288867905094,9.950570308136435,0
6.2953866534840355,5.852741482934647,1
2.1711007119145345,2.0351810105629458,0
5.892608383197208,4.4228696013293956,1
1.5580724323705315,2.3371414748467814,0
4.7651592169974855,5.856059596767269,1
3.6685561564323903,1.6968380873061797,0
2.8768153719732275,4.492012489192991,0
0.1872063091404278,-6.286479502,0
-0.650489036,-9.65538863,0
0.9663493385433599,6.193477299,0
2.837414526125158,-5.027441413,1
3.375211355696063,5.536644222857671,0
3.2153134639726364,1.457416011867025,0
3.1391753890750205,8.153535530323026,0
3.5335917680300195,4.127678502652275,0
0.2529754320443792,-0.414205294,0
2.452985051764185,9.658054487,0
3.707397019559358,-6.354834508,1
1.249811762897553,-6.068630845,0
0.189363227,-0.41373751,0
2.1948340828553516,-4.41792384,0
-1.06057143,-1.461153011,0
0.1475346317556594,-5.055066173,0
4.759670643645586,5.911902737527921,0
3.2421774257840807,8.026092373776514,0
1.6575278608699135,-8.908802832,1
2.0761097067180736,-4.258481009,1
0.458513796,-3.915606865,0
1.2448703525732816,-2.184953076,0
7.68991842,7.771256598752391,1
0.5239018871300702,-0.886159157,0
1.6979019117617873,2.0180423982164193,0
6.414997659064293,8.875656546622935,1
1.7375551067563593,0.22243120444223052,0
1.0586098834484388,-9.10473769,0
4.5692430164675955,7.663893651,0
2.564326449452457,3.2446550901869937,0
4.450477878245598,3.669935992,0
6.136891491602871,2.6501051806526643,1
2.612009325787519,-1.921744476,0
1.8919165271437817,-8.414170415,0
1.7186995181245193,-2.322633414,0
5.352254781,2.759003560379263,1
3.017540471095285,-6.221817618,1
3.452361208767403,-7.712113709,1
0.34699298336653006,-2.024355654,0
1.4583218140526748,6.041356816255924,0
3.1701669337560303,9.051446337,0
2.248509731,-5.922228834,0
1.8648576250197206,-3.80760233,1
-0.067355443,4.10198306,0
2.611615110247852,4.262250949503681,0
2.118905750029663,4.807966368184481,0
2.0946380650147436,6.704166901086367,0
0.9591724239258022,-5.374702199,1
5.962071289695376,4.948241270625559,1
0.9950441940601478,-0.906501189,0
2.934265057578608,5.631306102461878,1
3.840190392512012,-9.838863005,0
1.1655147783530504,9.870042700498193,0
-0.374618587,6.223053058964904,0
2.000023918024461,8.773646958965355,0
4.341918918354141,5.526922143121553,0
5.802120114135871,5.106256174,1
1.367365552556059,-9.581724275,0
3.7218675771024925,6.871997990066923,0
2.9379253412813577,5.156215455704782,0
2.5661502765766544,0.929307392,0
1.6973213845321817,-3.283036511,0
0.1391508219558144,4.398950663516583,0
3.1665390296012643,-5.189322975,1
1.6059605027553656,0.17719009275581143,0
1.6837988539830204,-6.101140372,0
0.8315785475946175,-2.681434579,0
1.838503475520727,-6.764066166,0
0.3264743011409702,-9.610405325,0
2.563183705442156,-7.779933667,0
1.4665514520987553,-0.570244285,0
3.3540757849660046,1.9311063521854077,0
1.2101135703880705,-8.607012808,0
1.7402272879542122,-0.702940861,0
1.4899226448459029,1.6142483424937808,0
1.0567887408127044,-9.992239484,0
2.081511157970165,-6.808958931,0
2.6664828069592352,-9.035385161,0
6.886045741193875,6.2633422291480905,1
5.541202810127909,1.9177978268936595,1
0.099980211,-7.73667656,0
0.2478422929999755,-9.238824708,0
6.340379746211216,5.105117850885952,1
0.32300473350100367,-2.643245312,0
1.462194777640847,-6.515039495,0
1.2772577729229562,-3.060231262,0
4.963387756675026,9.516088412083736,1
2.242298961,4.561208861894626,0
6.281942870977397,7.141795853329583,1
5.026173313056425,6.681855952793352,1
1.5199899687336895,-9.349666899,0
7.247361497237633,4.139995322697059,1
2.6999993881463236,8.647667862113298,0
0.8057381830497614,7.468300286071241,0
3.9496057769860777,8.272421162,0
0.327660425,-2.565762426,0
-1.163481452,-8.70880691,0
2.7998715397813463,5.080558608821242,0
0.7540798892947732,-4.781756863,0
1.7021054799889748,9.141640648872759,0
-0.242387639,-0.316928407,0
1.8723369391697675,-3.141568783,1
2.029137172819744,4.7946413842518965,0
-0.188072013,-6.783273065,0
4.032593342954498,6.286254052405422,0
1.6309086042031022,-0.405475693,0
3.472914510815906,2.4868865288681334,0
0.065699584,-4.502483329,0
-0.937816375,-3.381111211,0
0.7134730288408254,-0.15966204,0
2.122507877,0.035384313,0
6.144708709706131,1.140249842303687,1
1.213841038987792,5.692483909244865,0
1.5322178833625082,-7.6383099,0
1.2615780516805384,-7.199716514,1
5.002396634504135,9.942595692279124,1
-0.862083814,-1.30403354,0
2.706610384452616,7.576484878222537,0
2.888844826670338,-2.139818049,0
2.1653490697609783,-0.195239029,1
1.7996349536270864,1.7581486298970965,0
6.999977352035541,6.607543230129988,1
1.9822044396493568,-7.568994378,1
4.438730429702304,1.6344515449390702,1
1.840586693137205,2.269843279188313,0
4.417442721621818,3.8934088341208177,0
1.3750355009408814,-7.056646097,0
0.2287661336673792,-8.271260284,0
2.8576246472055735,9.524571867561601,0
1.5209032243803449,7.254941451214101,0
0.8538055476271027,0.29342961261895617,0
5.033534420118448,7.8139578975523705,1
3.0230974684610152,0.20507206752619034,0
1.8949521351877012,-3.12555852,0
0.6173101717921083,-4.532486059,0
-0.472107828,-6.5651893,0
4.0038049321495315,6.304121437874009,0
3.4984206459262315,5.169397557427047,0
6.457621611264362,6.461687440230378,1
3.449068339971333,4.610956337,0
-0.30360578,-5.686732799,0
1.1586824648382144,-5.616147592,0
2.7261850239863485,5.191676346004485,0
0.8966168908800243,8.564438176292452,0
1.6184758514625295,6.3857502387378915,0
3.2212621698796085,9.223289993206322,0
2.7626552634385133,-3.378417758,1
1.737325197101193,4.446994584416684,0
3.6835807914121306,7.0729298994261605,0
1.4449279450856516,-6.571959234,0
2.8458516530710667,1.4584199280908177,0
1.009555839267781,-1.271413008,0
0.8902081096667162,-6.959120714,0
2.2775208888008445,-9.059927695,0
1.0531037411370565,-5.614750757,0
2.2482923621034416,-8.771308182,1
-0.548721669,-1.963506214,0
3.153099861216548,0.5623641133278063,0
-0.088683356,-7.315838038,0
-0.313391281,-5.899839685,0
2.3996267715625716,7.083746857825851,0
1.4126883051330683,-1.727534793,0
-0.274263851,-8.088184455,0
4.269390385291729,9.746365967508936,1
3.711726104720004,-5.698111514,1
1.4437397014848568,5.859606053584077,0
2.063381060113117,2.9621906267464393,0
2.8817532087184903,5.796618316355207,0
2.477484279968209,-7.538495763,0
3.621610301594475,7.058956071396544,0
2.881093391,3.2147418666055234,0
0.40095143999919336,-1.085868134,0
2.897539212,1.3159467185723361,0
2.5284631627828875,8.147982481295745,0
2.324325731042878,-0.798081024,0
2.2985666550266606,2.7554455810829737,0
1.9744786861941064,-0.910305054,0
0.14904928240498028,-9.914151349,0
0.44534282204523523,-1.734829587,0
1.9997877426974893,-7.30388248,0
2.6366683562667466,1.2990873431794263,0
1.9616024025109793,1.740141489867046,0
3.2373809332685872,3.087803392101904,0
1.869198595569363,-1.61789631,0
1.7680973610307262,-3.698376173,0
2.896771005431092,2.6922129516272584,0
4.011932111960716,5.770171199934147,0
5.0428613114336445,7.0667213,1
5.346520217821246,2.9951882099740335,1
2.5314921389452256,5.684504255470117,0
1.4589380137810715,8.485308361778586,0
1.8132427073280255,-5.118030922,0
1.7572798623045252,4.463675077689107,0
2.464288691069496,8.709894549031251,0
2.4967431881842272,-8.852192249,1
2.535678786798902,9.425293084234937,0
4.397226964791166,5.418532676094927,1
1.2497863974711092,0.6874384373357039,0
2.033357189967744,-6.87030971,0
2.0037403615400993,2.969790864291827,0
0.23746226954946714,-0.607108111,0
1.1958972625442974,-3.494222224,0
0.0879697,-2.060936062,0
-0.728038885,-9.379632512,0
2.2104814018740973,-5.501306404,0
0.1414090926097008,-1.757248795,0
1.6583828332338295,-6.911864338,0
0.649328604,-7.344157018,0
1.6903487690116443,1.0465545201794662,0
3.1043736512406825,9.391229392,0
1.1526813046578002,-6.979014988,0
3.7639177937082207,3.02886383,0
1.5680150127574388,2.334024607518712,0
1.9561050492850072,7.979129258572776,0
0.7295947954301942,-1.040753917,0
2.4476045140574794,2.793750919128664,0
0.7809100859878699,5.728767656123317,0
2.497183783,5.508363323464746,0
2.388072588844832,7.821966595,0
1.8959229330677712,6.776543287299436,0
3.443708666165883,2.8741953726055964,0
2.9952556837493076,-2.352857464,1
4.314917203670769,4.101782863263271,1
7.187413633093463,3.3076237864850473,1
0.9158865455610319,4.347659011029307,0
1.7626105740418418,-8.172317022,1
1.5375520530639326,-8.739712847,0
3.123838317,7.534495140812641,0
5.453512177979138,4.515864277,1
0.6654552776846219,-6.67505422,0
3.216339327116322,9.880135914571916,0
5.522028654104793,0.9755232988710834,1
0.8747596603315304,-3.659062488,0
2.538767812,-3.545930281,0
1.1682425266273944,-4.826215532,0
0.29626676846505084,-3.225300945,0
2.8334921979168874,1.3442876134931137,0
2.8049718433684183,3.569626017492059,0
0.34179832253400155,7.546291837692486,0
5.047922787276084,4.802598230481134,1
2.8103387825799357,-3.010865824,0
0.2928358685648377,-2.800744394,0
1.3055315150898832,-1.333612189,0
1.197231920930762,-9.897980788,0
1.3001886860489402,4.813918756451454,0
-1.557327198,-5.141125145,0
2.6796098226908303,-7.557499595,1
3.5773702079770384,4.921015812779217,0
3.686351575131873,-3.502498477,1
0.6495670474039917,-4.02842511,0
1.7579572921144428,0.8099386670700532,0
2.3501759361683154,9.398067412221067,0
0.8241897832272734,-2.968610855,0
2.6175732917205767,-2.886033391,0
1.5996313330680987,6.559455055,0
1.1859782272589403,-3.376528241,0
1.1059415723803003,2.4309087424803604,0
1.008144697353375,-1.525193794,0
1.9596672695218058,2.4784919592452503,0
1.7013842645366566,4.035593363371174,0
3.124108638874006,-9.105180392,1
3.1655815418714477,9.73468777,0
0.592167252,-1.369527962,0
2.8105549781652246,1.2478999562672897,0
4.351976544654724,-0.497151711,1
0.696265501,-1.46890738,0
2.7863347610100746,1.6472095473672006,0
0.4953413828673696,-8.797523293,0
2.173578866557463,-4.039098315,0
2.3790502709313626,2.226595268699219,0
0.22458101903835792,-0.663681976,0
2.6544229879040477,-2.212293377,0
1.9640756403411839,-2.409558849,0
2.284135263062374,-8.069759597,0
5.614101708,0.41888298859684703,1
2.2325686371148867,8.331495051,0
2.1546123921639624,-4.17361596,0
2.596771944069098,8.825820669065749,0
0.20021288557212413,-7.726144087,0
5.774081709176358,8.809843858489327,1
2.2604216571679814,-1.459858519,0
3.8709383309176113,4.6490033588884305,0
0.9695275963359121,-0.808761699,0
2.1053223360893822,-9.821890285,0
5.483377314947732,0.16571811663381908,1
1.5336455121191652,-7.075728573,0
1.8858942790549094,-7.349265331,0
1.221904890400097,-4.092215314,0
1.9647590191741053,-4.737680467,1
-0.523307203,-2.561224274,0
6.869812937905157,5.4997854080999815,1
3.4923682107811693,9.364097394501044,0
-0.562078887,3.656196860000275,0
0.5361446121705035,-7.880386751,0
3.951052921445266,-2.64524504,0
3.692407429662765,-8.56932627,0
1.8869117597739868,-6.477113261,0
3.4567594520678684,0.9399089961217193,0
1.8508382976999544,-2.1755437,0
1.5015724575290568,7.086897522663001,0
1.576617984094117,-9.376894436,0
2.0160537039827675,-6.982801061,0
2.2158307696827846,2.2988704474732007,0
4.034515779,0.3075398684098616,0
2.528403258,5.696733493483912,0
2.0173554755637566,1.023702544388101,0
2.492035943862762,3.6721365052865345,0
1.3934256198564205,-4.274923216,0
0.5363342826545006,-0.291431022,0
6.7566975869195325,8.762029896702018,1
3.7170589297490055,-8.544876759,1
2.2641739675777233,5.7302739871561155,0
1.9533151861045683,-2.26703271,0
2.532875787,-0.338652616,0
4.575798568936441,3.5342691816240084,0
-0.113040785,-8.402081869,0
2.0182663212419896,1.271718147905876,0
0.9956411245727073,-5.637885111,0
1.9962771514228752,6.798223520390504,0
3.127881302505703,9.639503110442696,0
1.6648974009690183,-5.41411685,0
1.295262846706096,-0.009905253,0
2.9932965374847527,7.302679104756187,0
0.579400924,8.532730208,0
3.121143489418197,-3.818511755,1
7.0393351866669995,7.625486750228905,1
6.090919624737632,5.5256326175481405,1
1.7009249453581452,-1.141172474,0
3.4157243173488165,3.7352180862849167,0
2.277570299154851,9.803027090091728,0
5.018460512638708,2.479415229642015,1
1.7851125797360639,-7.934010038,1
1.5812601454828563,7.602103573896947,0
2.2302939279341154,-9.748100776,1
2.645207815439262,2.7948351136386655,0
0.676354975,-9.596404464,0
2.5509550827635974,-4.047392764,1
0.9861262981418981,-3.48417136,1
3.460776129393119,8.473899821877229,0
2.607685356674459,6.085011326015927,0
2.7924023196367433,-2.511887321,0
1.7208244683594398,1.1797595988611462,0
2.119725206,-3.981685352,0
0.9628394013723482,9.435255745160024,0
0.38454845331492393,2.4912021859773006,0
1.1397273126005385,-8.780247208,0
1.6731506207418956,5.720797436130297,0
2.1133272836882475,3.675224557151047,0
1.763657904,2.514266075860972,0
2.248073105094602,8.418951781448754,0
2.5466372396896433,-2.143001405,1
2.324184253245438,-3.040022851,1
2.5602146557956424,-7.357258768,1
1.5409731876507429,-4.097043659,1
5.905692879790708,8.860638115171579,1
5.612401571125168,1.4170275767781408,1
2.377035243735192,9.068300892418673,0
2.8962522530138877,8.454333624996899,0
5.672884221981126,3.6545424805084856,1
1.475761613917552,-3.8397552,1
6.915995043570031,4.2653751038710634,1
-0.681033288,-4.899487504,0
2.5533731873326935,5.519991468263052,0
1.551162820670922,4.695627961,0
1.2601177392569771,0.056943403,0
1.158352300733675,-9.488026806,0
6.105297384012897,0.7427764762771112,1
0.8489397139088273,7.012071188278643,0
0.03547458,-6.017473669,0
3.0784425628709973,2.9148187385833797,0
1.6243031289259886,1.6420350080731438,0
0.6659999157744663,-3.056160936,0
1.7590301533863584,9.889395651,0
5.673823434547584,6.496238855521096,1
0.8674097757397813,-0.712639882,0
2.2575268516538474,2.810528336982898,0
0.739940305,-3.876200398,0
2.601104088796767,5.2140485767828455,0
3.8232890017130177,7.606013173,0
6.099289733817528,5.676017465837219,1
0.031044781132492427,-1.174845385,0
0.3737960617877346,-9.638677107,0
4.250712547906394,4.758784264557521,0
2.6331367451015213,-1.91652025,0
2.901056596724357,0.0570673,0
3.218199489940983,7.094554150382109,0
1.4155399194683267,-7.943367586,0
3.081756213712912,5.1127165247022806,0
2.2959380589628298,3.7291902278020377,0
2.558447967079047,1.5777275236724968,0
0.090020959,-7.185734707,0
3.6650412899017972,8.403474750757738,0
2.7373810175248954,7.486798507925194,0
0.076185475,-6.095192671,0
0.8258096544338777,-3.805861735,0
4.8841694577341475,1.4644180008128416,1
0.5108766692791509,-7.922478719,0
7.031036519211102,7.442962298813754,1
2.7362126987173525,3.385370099796889,0
1.6135760715671819,-8.818429512,0
0.7627715713517673,-2.553820663,0
1.5113159240546241,5.368542382237244,0
3.7974136213672005,-5.183310599,1
2.771780051711253,6.6592722476777695,0
2.8702224985618923,1.5090233329038192,0
2.176494178391797,2.462990104142067,0
1.5077250131226445,6.091867531782242,0
3.819432790564937,9.020345714254773,0
6.320258536564908,5.9784864995057685,1
6.175374584304434,0.297185325,1
2.6608476772535425,-8.426012582,1
0.5547362070926205,-1.344724845,0
1.2686316728937617,-2.176172949,0
5.562420655330513,6.769845260407873,1
2.527011550495755,2.626580669454267,0
3.152651013614502,5.867732953718791,0
3.670954114415787,8.391540813595007,0
0.9718494006966744,-5.275376316,0
0.9957025167942044,-3.120126872,0
2.5359771501216946,-4.183334743,0
4.1971382665779124,3.986672364481908,1
2.0888175922775645,5.412013667930518,0
1.188047144543809,4.1310017169937225,0
1.1946007476691038,-0.278295776,0
4.05840466,7.073148782383786,0
3.980009108351326,6.7896018714770285,0
-0.955361593,-4.759978462,0
2.611439765137534,4.894987268379891,0
0.287752431,-3.601154904,0
2.215289227685996,8.402091358817717,0
-0.229751944,-0.787784698,0
1.072529970572535,-5.804778167,0
0.9144831997227287,5.9451291854869766,0
0.16232609663957087,-1.696114535,0
2.975726745500808,-4.910517455,1
3.7301580616132513,4.167728244311114,0
3.8216468077958563,1.6243986054729405,0
4.442213541192885,4.036814585,0
1.3163659228627367,-9.897771602,0
4.656303,0.001415896,1
1.9146908811247965,-4.140610956,0
1.786355580102824,-9.061225284,1
1.2338463391786394,-8.631863396,0
6.191385361,4.356157222847294,1
1.5890247434554576,-2.10442148,0
3.9861706093747893,-7.082201799,1
0.41904261364998074,-4.254555242,1
2.1985709723524884,2.4167526329036413,0
6.603028909959777,1.0807817612336397,1
2.0677745349682133,4.122507606656283,0
2.430071242804272,3.2967935542651112,0
2.868557574,-3.860193883,0
2.744512405652974,1.6319736342546616,0
2.680161402799755,8.111501008384742,0
2.3002014354470943,6.222113510296012,0
0.138800136,-3.308001463,0
2.0325199868021637,-2.528543855,0
6.139969677649233,5.853176227849385,1
5.061093606638137,1.0072637736600836,1
-0.339998025,-4.274953448,0
3.043306539786051,0.7916002988891222,0
0.7844694837187225,-9.036808722,0
1.6060662829728511,-6.962081361,0
-0.056786724,-5.62278907,0
3.615176662864311,5.969379637,0
4.157750510214674,-6.053412775,1
0.8313870015432334,-1.507109265,0
1.2671142885763476,9.744659322113165,0
1.0210349442682107,-2.542222303,0
1.7305864900168797,-7.201239199,0
4.140078064397716,0.9044330030081564,0
4.283335613410873,-0.61011226,1
3.265737833450287,7.135804252919286,0
1.274855411823094,-8.532145656,0
6.598798366397881,5.778881335039614,1
2.023083802180644,3.0776273015021705,0
0.9630046572693673,-3.208814468,0
2.128721436502752,-3.91858426,0
3.428388890857325,7.332249445669124,0
0.5177760376297084,-1.144490276,0
3.3825065318763645,-0.626565269,1
1.5521986023854646,-8.630182523,0
2.793160986849581,4.060531393265025,0
3.143569826515508,-3.689344081,1
2.735533042553649,-6.695402897,0
1.7235896346382775,-1.971477276,1
0.6875607881309125,8.870390590436589,0
2.710032648294593,3.893711882535129,0
2.441211912991925,-6.097766962,1
0.3362511453016014,-8.576319234,0
0.7252972753256683,7.058952765004371,0
1.4796890149560131,-0.887330346,0
3.8894811757370933,2.157382315589196,0
4.123462454020011,7.916138018,0
6.048238074016242,2.562384660914333,1
1.0689103424896322,5.415016937432892,0
0.6217807395704606,-8.813320335,0
1.4995764444435278,0.595541527,0
0.45953223085482664,-5.722148172,0
1.301296703764531,-0.11725134,0
4.174172168887101,9.970828464303573,0
0.5640049406262563,-1.242736664,0
2.7974809293588985,5.644325937162618,0
1.4884525377730005,-3.804756176,0
1.3532929710290884,-5.32407073,0
2.1003546806044833,-0.835885298,0
5.101369118183013,0.34619436581382956,0
3.7231586562537653,-2.230490993,1
2.859650438621533,7.033846353434416,0
2.567418368763548,2.984391444442691,0
1.3148641338460754,1.790502751238467,0
3.1956979177199356,2.1974911884551815,0
1.1694434937881903,0.8433189457773835,0
-1.76392734,-3.256988976,0
0.2551656220385172,-7.109635808,0
0.8250041895694036,-1.626476019,0
0.3372663551268563,-6.678030696,0
5.698524053,7.310396051922691,1
2.9743914411230636,6.515669383620523,0
2.1980346068526564,-6.149368935,1
2.795781603718244,8.071522703907398,0
6.449240497082082,3.897757813586395,1
4.734744140578195,-2.47557338,1
3.897075434421059,7.211353718261574,0
1.8081172538121089,7.430493384026306,0
2.360573430930526,4.750046364194747,0
-0.643131725,-7.799980378,0
3.0040621803599756,4.910091200883551,0
6.842739171677394,8.288176433484029,1
1.6845575300644762,6.239203278353255,0
0.9125083141575459,-8.205226901,1
0.454403729,-4.447434429,0
2.187488233620548,-3.257942262,1
2.4110788697634487,8.707129856,0
3.131502448,0.6876329369872103,1
1.8911414735890695,0.1418151454145704,0
0.10299711557806968,-2.997779428,0
1.399356023905619,8.454274269717967,0
0.22670631339005576,-1.171121661,0
-0.320343464,-7.993431613,0
1.6284800577934493,2.6312874473667627,0
2.9629256449609698,8.065745406519781,0
7.852416925105995,5.996969431198316,1
1.2974536536565293,-5.289082895,0
2.0836435055852434,2.1141273517840826,0
0.7256738577917787,-1.962089165,0
1.3769182622214622,-7.27231051,1
2.9179161012839656,2.3202545305013356,0
2.559434077403439,0.9757594072389999,0
0.12038141752947307,-1.667887431,0
0.521082613,-8.261070697,0
3.219306562044755,7.532979917555252,0
3.816093851158085,7.264306418200764,0
2.081180429193183,1.3166204839126365,0
1.4547573368410742,9.038455859180377,0
2.1338507836291307,-7.13235048,0
5.158915328,0.3049641227459077,1
3.056584360141855,1.0074752958079998,0
1.3172918362239625,-9.56878751,0
-1.585347431,-9.809000853,0
1.728972648412431,-2.877393814,0
0.10179873393812322,-7.140402309,0
3.312459201119135,1.8525392035683446,0
2.465022878565767,7.342757969263069,0
2.7404961965036754,6.358384110519385,0
2.009095658055473,9.441894711,0
2.282327682190864,0.6830641204905685,0
2.2283718719754058,-0.424525781,1
1.5717704661871694,-9.712751874,0
2.194189034,8.182709727446557,0
2.0829061297252878,9.525560000024495,0
3.1724778985778506,6.017872183365501,0
1.1178821081227455,-1.061958052,0
3.1929913050257124,8.568640962500112,0
1.890171147272678,9.837394677176611,0
0.11848504625022305,-1.287135755,0
2.2932052646947083,5.347926610669969,0
2.5090960422778745,2.4551682312052474,0
2.7984750731642185,6.752488558817461,0
3.1366541327812865,-7.00261944,1
3.1681774664984625,8.789592466,0
0.8605288748682365,7.993751832,0
2.9785953076573097,7.692417965229236,0
5.3855376446896095,3.949710591248195,1
-0.981602004,-7.485634062,0
0.40465796523014763,-8.298562093,1
1.28448573,-3.55362007,0
1.264774530089487,-6.85666837,0
-0.994110234,-4.773132506,0
-0.339197561,-3.716524914,0
1.5602330279927141,-3.686265762,0
0.6940800689719582,-3.2083663,0
2.808741003954381,5.941497311229327,0
2.571789319410811,4.563662265102774,0
0.9367327933877752,-0.261634783,0
3.186375964880547,7.202767036416812,0
6.354763293580685,9.657366575557589,1
2.280572353969327,-8.789137911,1
2.934810126998961,3.123217123,0
3.253294108500599,3.6585126567324533,0
0.11017554120206974,-5.515448687,0
2.470646178036621,7.833518126,0
5.6407955847352875,3.3006343784754417,1
3.619773645884219,4.568973158423455,0
3.3038058955940577,8.909652817753035,0
2.711916935961371,1.3098729454728044,0
3.3246773454148646,1.6453373546354282,0
0.29162994230682193,-7.258352824,0
2.147486890805849,3.145508964288549,0
1.908788842455488,-2.44493449,0
0.9253260514172434,-8.204503961,0
2.703283040378605,-9.908287312,0
3.9751888418137433,-9.221370862,0
4.673842148992734,8.943401786365712,0
0.800848106,-5.381291716,0
2.2652242772797604,-5.703537244,0
2.0513609844402096,6.936005421883451,0
2.9293677451650804,0.4928699669870156,0
5.402341773287728,2.138738872791258,1
3.018571556196937,9.183858046139989,0
4.084576475250491,4.7799335205924045,1
0.7415319788955759,-7.052013307,0
-0.167341088,-6.970292397,0
1.7842345494659797,-3.354392476,0
1.996848493806433,-8.625655226,0
1.5881300058403833,1.800165917766634,0
0.38631717587853764,-0.678698391,0
0.5635024370709187,-8.776870284,0
0.31929184150411294,-0.534071799,0
0.6893842771895551,-3.269442799,0
2.804131995828107,5.351787878,0
3.0724104791719777,1.5566875158007178,0
0.10478171390771052,-4.644185382,0
1.049546940029504,-6.15421068,1
3.359301768695967,-0.966297131,1
1.5080798590785363,-6.388874468,0
2.6217257510885696,-6.089406628,0
2.080293618292077,0.6258654501985568,0
2.4377841914203318,-3.761291577,0
3.541850694462791,-7.037410053,1
3.7230910572546407,3.623136889555454,0
5.490982505182469,6.578430581063774,1
1.7047169775551225,-9.238767299,0
3.248411251418078,8.111614790726179,0
0.8140350084524659,-2.015403761,0
0.5365613251485465,-9.978547014,0
2.7231300801585263,8.313663261654785,0
2.052545322992162,-1.437192435,0
1.631035028661159,-4.885475973,0
0.1416116483408827,-2.157609754,0
2.5301584758113833,-6.455110013,1
1.0470301113365443,6.682213725,0
2.593561240023436,0.9293797256951759,0
2.3386764478668645,1.5656324853373462,0
1.1402728315106967,3.3180290239681405,0
2.2505595477739293,-3.624625069,0
0.1892593724367777,6.782897004567566,0
1.070876159066364,6.608713297501758,0
5.885602188719176,1.0829099448528936,1
-0.05084264,0.075355487,0
2.9605703811545467,-2.592979863,1
4.046043268498374,2.799596405129847,0
0.8409527552941323,-1.850776474,0
0.8486250419028522,-3.954607646,0
3.5251066551410304,1.7759139291926314,0
1.8014964268333657,-5.099487857,0
0.9836979537398313,-0.428999731,0
0.17055853074163252,-8.436058707,0
5.955562284107289,0.14091399682689243,1
0.7310730569743227,-7.658137973,0
-0.042002201,-0.21317662,0
1.6784566398165643,-9.921279219,0
3.960547478,5.640814703167349,1
1.0783996639914366,-3.411456097,0
2.479637356672602,-9.000756391,1
2.909898710002115,0.5632141709263792,0
1.419908755841391,-0.828247085,0
1.1765024712175747,-8.448996849,0
3.5603914652985926,5.450175553150512,0
2.859773158189415,-8.891364904,0
0.7281824854743966,-2.278795553,0
1.723227088550451,-7.49202258,0
1.4989817397636862,2.5978990050267132,0
6.135360035670515,1.1340592347503389,1
2.495577452241254,0.4388236374046901,0
6.085251328074794,7.910158976894564,1
-0.023572684,-3.296772055,0
2.348079297,5.213488050626712,0
4.014906133,0.13440123527770353,0
4.374193347287273,3.484731009963763,1
2.0538425098891464,-0.874172351,0
3.5875767990578273,-6.097523103,1
-0.124113844,-8.669108066,0
2.9913192775749833,9.602637678730229,0
2.9875836500312256,1.0912189133465056,0
2.0899379598623886,-1.292258056,0
2.419005797939687,-1.081372446,0
-0.251833469,-5.579470494,0
0.5573734800446494,-2.231646761,0
2.9757330498044463,2.8319758108598663,0
1.2342035206111954,-2.783986319,0
1.2322537583978552,-8.238754606,0
2.7179769479454987,-2.164639231,1
-1.396114611,-3.832595111,0
4.360313909059462,0.17605603041117135,0
-0.947387271,-9.27921267,0
-0.991675762,-4.533047705,0
1.0115900034980494,-2.709235062,0
-0.657388393,-9.589441639,0
2.3042212531410193,9.301160474734033,0
-0.089640687,-6.698370132,0
-0.737824231,-0.834857608,0
2.246275636315046,-5.618792014,0
-0.652969906,-1.196789089,0
4.336244498401093,2.421733012015622,0
-0.648684486,-1.409304044,0
1.6559791490067326,-8.692838147,0
3.5595837118174005,7.935439560659692,0
2.8316873522203165,8.649287590203201,0
2.795061805072863,6.269670993289303,0
3.0517273347222984,-4.070190727,1
1.4618752454705481,2.265375779,0
2.060197420764198,3.615381221,0
2.695718095022857,6.738042119252185,0
6.888887460627517,8.487632377473876,1
6.183645296918469,4.109824001769468,1
1.3053993020617174,-4.593543375,0
2.8841286176127903,8.420524220825342,0
0.6594487053086961,-2.640822289,0
0.9591642300321345,-0.809034617,0
-0.465119308,-2.77988964,0
2.113215447,5.265447766704376,0
0.2723206134691648,-3.137267624,0
7.439980122,9.259569580204111,1
1.1099294654952048,-7.730885822,0
0.1521886171094441,-9.155833743,0
2.2179374704870987,5.321013066379548,0
1.7148390817670762,-9.758748601,0
2.7047442974549956,-0.385070523,0
6.337756521225903,7.049486715,1
1.8804249037178526,-9.681829465,0
5.718611357973167,4.219306231061921,1
2.8056486791850923,-1.797087626,1
2.921126073716662,-5.123066777,1
2.450916983383933,-3.650918094,0
3.166825909305421,1.1113727761330345,0
3.422990555465482,9.714875266143675,0
0.39935249504092596,5.657096744045248,0
2.8544164668150502,8.243951205539354,0
1.492643726104178,-6.977951579,0
-0.012188701,-3.470017944,0
0.5602663205707004,-4.652013252,0
2.666589991846443,6.746546089268314,0
1.7106211166263683,-8.712715408,0
1.5587713278681194,-0.909232095,0
2.1603176899821195,0.9472232972513233,0
3.5255894079972627,8.230594267258969,0
1.9937527028556168,-8.166979186,0
6.589272302654601,9.966436876,1
1.6903606410951135,-6.178505799,0
-0.778131643,-9.988105674,0
-0.080641175,-5.676433398,0
2.8059183533609344,0.9351166690108847,0
1.396368142170049,-0.944281593,1
1.104562395,2.021840525994472,0
2.356947335057419,7.5730284631777245,0
0.5616376658846524,-5.433673841,0
1.9961192462003867,-9.074943801,0
1.7770193334870448,-5.954182228,0
3.504630492972192,4.492608148007493,0
3.370896348470728,0.8840134957318604,0
0.3331414265278624,-2.201059234,0
-1.489057286,-8.128375611,0
0.986960588,-2.61180185,0
1.3477561017637643,-6.421117799,0
3.0737570596509802,-4.670415337,1
3.560136807963888,2.517929803,0
3.7089647385305655,1.608534924204367,0
2.123306796370757,7.029892903129021,0
2.5709053817086116,6.649430672051906,0
2.2166599855192324,1.363058944,0
0.7412171426726619,-5.489192487,0
1.3073128168661388,-6.654913628,0
5.019126729348504,5.874639508928947,1
1.1038983677471825,-5.492330188,0
0.5809695005493684,-3.945611616,0
2.470694576121508,4.871840338499961,0
0.7562591341609768,1.2402268455729288,0
1.2143500627960684,5.712897323634191,0
2.2543110384202363,7.049111363384004,0
-0.799904814,-2.804861219,0
1.721190024034397,-0.062417295,0
0.4034495657048638,-4.859170906,0
5.6694165303732955,1.5996163097492282,1
1.1854052183749757,-7.929659677,0
5.531253927072544,7.802805576237681,1
-0.614198678,-9.207689006,0
5.064487580660371,8.939864336238848,1
-0.665472374,-9.084422811,0
1.5670379837356225,-7.237257132,0
-0.804339455,-9.633017796,0
0.4734599409022979,-0.849429321,0
1.8630902368378641,7.0480489776216935,0
6.277858113912349,4.197070587355308,1
4.325749512200344,4.204573436464955,0
1.9343000055154427,-0.250859226,0
3.3302775719384896,-2.19548253,1
4.1249821,4.596763825045285,0
1.795049227337258,-5.002008458,0
2.190036912118014,7.149647957,0
3.9726923503397096,-8.161895576,1
2.1111674906915607,6.850982856268875,0
1.3043937561668375,-9.281162744,0
2.082605204280733,-9.351470151,0
2.2034852390657047,3.3337160161781085,0
2.8123717496895253,9.416654450709842,0
1.6355618687296771,5.2220728999652835,0
1.451692868103688,-8.302840926,0
2.606349401445931,2.527031277308385,0
2.289416846429033,9.206107737911577,0
2.398470519,2.4828675748942786,0
0.5852228016264958,-9.910230455,0
2.0124717674766255,0.6146482045817532,0
2.3583789699704045,-2.074271687,0
0.3834842964283057,-5.587217124,0
5.9334213552980435,5.8451265043844725,1
2.6825252861556654,7.835859704088847,0
2.7577906958559737,4.530436247372327,0
1.8185087535598372,9.274811407633187,0
0.9477967180165319,8.147073321093632,0
0.6689671822355374,-6.619102025,0
2.180110377387895,-9.115129473,0
3.0065772014982293,-0.947949502,1
3.910226118161553,5.773913745495038,0
3.0445882749033792,-3.347956907,0
0.3491153062971728,-7.094265699,0
2.8857511242247824,-3.201399947,1
2.4951187759132774,-5.608508809,1
1.1792603770634384,-6.085524934,0
3.1253239332589624,4.780664941164083,0
0.27586817923880425,-4.623878903,0
6.907499101413166,9.611861642057654,1
-1.361401488,-9.856872959,0
1.1127907171558458,5.324825157510695,0
2.285759671742609,-7.67389654,1
0.3192118298232879,-1.680868635,0
-0.222662146,-0.327885158,0
5.287953084615445,1.6935678476284437,0
2.0422835916135083,0.2407622125991633,0
2.766435896957315,2.6581413055660263,0
1.824176476576321,6.252042418605878,0
3.4040412715492407,3.3161745818268535,1
1.7567872793145631,-8.964798372,1
2.476994713907249,-0.983791144,1
1.2006951723233479,-5.584329531,0
2.7659285077513527,7.643338572726513,0
4.181485511479435,0.7597985758151342,0
2.8312636648516203,5.631841044375845,0
3.1625711140975197,7.203740782,0
-0.254434024,-3.977795448,0
3.369502427673938,4.488122566004641,0
0.5979720922576462,-8.187773829,0
4.046505946686428,-1.11481808,1
1.1855111636915985,-1.526333434,0
3.4540527564257273,1.3961438350341222,0
2.0342704232585342,9.877319708461044,0
2.029730625288608,8.746868675220803,0
0.30758732584181503,-2.138457684,0
2.9529394805290896,3.2009404431155666,0
0.8156720918979465,-9.278484144,0
2.9275357491427227,7.903190544734386,0
2.206030238526497,8.681726790186769,0
2.4877661316739483,-9.578649981,0
1.8352884884037657,6.87482168,0
0.31021782670199216,-6.382375157,0
3.855295134385654,8.5654095,0
3.3460604343134293,-4.803573109,1
5.6210642973462335,6.740518762,1
0.8631920288419934,-6.604890688,0
1.0239820105636106,-1.975039217,0
1.5342221588104095,-2.721490189,0
1.777000876843503,-1.694023362,0
1.4253418926422257,0.41458911338651205,0
2.700403908325033,6.994312795181408,0
1.3829372984440684,-4.67586322,0
2.877385553,-9.282290571,1
1.7071912094050132,0.3209313457541292,0
-1.014545139,-8.515411322,0
5.911053935365706,6.341639256511517,1
3.659277709957119,8.925296351174843,0
3.727253780694037,4.334487344,0
1.5154628515413733,-2.8697659,0
3.141076617061384,-6.801625572,1
2.434623222,5.314466382343763,0
3.168815886275345,2.753806331051221,0
2.073343852549217,9.565093903986298,0
1.7735790844184887,-7.756335047,0
4.198984821588782,-2.412776122,0
0.35632106377977046,-7.40530831,0
2.213110831877998,2.3824960382163862,0
2.4767234727574654,-0.033697354,0
3.0241249675055517,7.889887853927242,0
2.2729711204255736,0.8493841532941744,0
4.384536356943201,8.564921958,0
1.5439595716644328,-7.736902603,0
2.3193963205825696,-6.658177233,1
2.2047764955545563,-8.737110875,1
0.7609320322576649,8.206528510589436,0
0.19735202911478045,-0.205613105,0
3.6205732198702743,8.362176229367037,0
1.1132878872827874,-4.980737398,0
-0.504690076,-2.643620092,0
2.6269160084048226,5.258208299252614,0
0.9856664465697487,2.3622092109092776,0
0.8141982094467153,-5.488834629,0
2.4851585892922827,7.637734111951222,0
1.5721822012693223,-8.48394941,0
2.496298975533063,4.509576536513283,0
7.034321535729724,3.9541959272356273,1
0.9942525842863548,-9.893037359,0
0.6299540179504395,-5.911878368,0
3.651824586085998,5.200422171328125,0
5.222563118834221,6.122045209627494,1
1.2599063010271259,-4.044751379,0
0.24250043704208446,-6.038738109,0
1.8887116366899965,0.7596618894228442,0
4.331249032869044,9.068112071238822,0
-1.064720416,-8.959767767,0
-0.884220322,-7.912613895,0
1.3436942839304409,-0.628576091,0
2.8435966594755526,0.3544135669475459,0
0.8962451724750351,-5.175604801,0
2.7370196541200236,-0.350601914,0
3.0370001901424004,7.110130269337564,0
1.8418674617300927,-8.801172839,1
6.815419431109792,2.6036572994193143,1
0.4663633938077134,6.029520495988251,0
2.446816080833648,1.3909656967837147,0
6.577361943482713,7.693540660669527,1
0.9128206712181554,-9.411137992,0
6.994638194841524,2.168898623650719,1
1.888648067330307,2.302794357997209,0
3.349882805,-1.451546808,1
5.921724391891051,9.392223108165773,1
3.8889993568275676,7.186322844,0
0.9589844420982556,3.592593739793834,0
2.663879929521437,-8.360048723,1
0.8231118093125537,-8.519135603,0
2.027396769940676,1.656990534,0
3.5675912662428755,-3.094535355,0
1.4318993226286534,4.470218149868522,0
2.9676500244238273,-4.258866062,1
1.279475345725105,-6.169244763,0
3.954150999139108,9.838760330493947,0
2.151492005698368,7.210904350003599,0
1.0343018522804135,-0.941868613,0
1.507221039,-4.901286661,0
3.030372185699853,0.295389342,0
7.108073305,0.5966116474602927,1
2.7085829300197344,-9.159547479,0
-0.255519545,-6.407631904,0
2.3158096689721877,-4.741382134,1
1.8883278289450014,2.3875442002395015,0
0.9217805989328005,-6.192592799,0
0.32445522100524526,-3.894197284,0
-0.02224916,3.5425352459317043,0
6.005601383,4.758998939132983,1
2.516513473455881,0.034246781,0
-1.122435206,-7.727101655,0
2.737117922025381,7.874937176627949,0
6.860799054787034,9.577701327,1
2.329324329324258,-5.573015978,0
2.0689361971475844,6.852416490919868,0
0.086981109,-5.771962178,0
0.1390138731477386,-5.400078573,0
2.806661646,4.104590044133197,0
-0.745216879,-4.063941213,0
0.4236793912574284,-1.602149338,0
2.487400194471131,-7.436432465,0
1.9708309412036256,8.115799451461282,0
3.0787030669903865,-5.74204567,0
3.596947537622116,-2.417699286,1
3.9325814433314634,3.698956796513876,0
4.185455795897193,1.9925449907917496,0
2.0684565092468183,1.4736463465783434,0
2.591928178451313,0.7512287304003102,0
2.5815576414253156,1.9158349325521797,0
3.3084025588837465,5.003178075128755,0
5.337802579785323,1.6956718688159373,1
-0.494331908,-1.729771057,0
-0.137116227,-7.421084739,0
3.8566410116307965,2.1949037130552167,0
2.595981711,-2.654133062,1
2.2834460304564366,1.050718691117023,0
1.880383124985771,-8.762954411,0
1.5170348546455454,-8.516168785,1
6.943514694043853,8.785510557,1
2.1786029153293476,7.026162929600069,0
1.023791628411503,-6.001853171,0
-0.289287718,-2.40342276,0
2.6738380218787667,7.283492013611401,0
0.3412587125340134,0.40097955419857456,0
6.102532225705615,6.365832183399409,1
4.306886663841206,9.755121407785982,0
5.621960224,4.8764684041032496,1
1.274089924873068,-1.774595149,0
0.216539233,-6.300165658,0
1.1151099416817587,-3.666016039,0
2.8230504681485855,-1.624955302,0
1.4260387574223208,6.369961600401311,0
2.014611100714076,9.995888344658436,0
2.165830352227781,-0.230092521,1
4.6772157416861235,8.162176404229523,0
0.8627393403508852,-7.442604864,0
0.2809136284822571,-3.065274015,0
2.929449340846194,6.675179907956874,0
0.4627853404584181,-8.595889362,0
0.6324442284082439,-0.740366835,0
1.958206059973433,7.205244454,0
3.689913639126963,6.930154847372016,0
-0.757352601,-9.512049331,0
2.1921805969469603,1.0221052552788699,0
2.857201143820597,-9.849781815,1
5.559020622548566,2.947885584330116,1
3.5029953982637956,5.955062711313408,0
2.188847094340174,4.428351115,0
1.3949562152417956,2.074895471,0
2.516818884166496,5.369142929281111,0
2.084633058353573,4.241182137473444,0
1.752124871133823,5.4494944675511885,0
5.3851311081339635,5.020454382819109,1
3.6198424655247807,9.533118366440881,0
3.108574854154346,6.786468606759559,0
0.9623969146887867,2.9985236890510674,0
1.467617787425072,-0.048694321,0
1.8038168523168894,-6.20537084,1
2.806348399443351,4.609979874616769,0
2.6746120369285054,2.5637979131424533,0
1.6726702719416058,7.492174677,0
2.215806980235497,-5.358429867,0
2.5003576581964397,6.290774630041145,0
1.136595153930479,-6.114207305,0
0.074389881,3.9731574866892636,0
1.0253294462823137,-9.696521503,0
2.703642544101958,7.217144358518503,0
3.9109567164646837,3.700346515201753,0
-0.167377793,-0.548110667,0
1.672292724316376,-9.873279935,0
2.1359813235124463,-3.079490281,1
2.9880880510134307,7.035733954469006,0
2.6452630405201996,-7.512997842,0
2.3140772811384687,-4.969107457,0
4.087633786,-0.628652893,1
2.1271862992366706,4.602337386811648,0
2.021586448973601,6.726518968,0
-0.483630302,-7.635764545,0
2.6922753061533236,-4.365419733,1
-0.433442493,-6.610995804,0
1.105199413479147,-1.394225033,0
5.826204035619769,6.094456087863932,1
1.1408502297913328,-6.692841988,0
2.493600022,-9.829389301,0
1.3905212899765398,-3.577136855,0
-0.118238916,-3.791062666,0
1.014725353,2.5694120623857053,0
1.9640201103511314,4.707949596997057,0
2.0932836357140223,8.275258087962413,0
1.8697434409483122,-4.666396621,1
0.8730519001149873,-9.868925302,0
0.7471990806905255,4.012570964690568,0
0.8356410321825118,-8.93864536,1
2.2175410346478834,-1.578657057,1
-0.071398892,-5.03423766,0
2.597739839278196,-5.169639371,0
0.41642164025286865,-6.702272373,0
1.663008553588741,-4.370667511,0
1.5424628762436394,-4.050610832,0
2.3919355178734194,9.092183365743928,0
2.225245268251088,-8.678817155,0
1.885644265525944,-1.70855671,1
2.5007737187515473,-0.101273448,1
1.6408000180767064,-7.771694861,0
3.5375992571590973,-2.957242887,0
2.842164002920074,4.2813251257353855,0
5.590808265836927,7.183582622847872,0
3.7512172480841643,4.276982446857538,0
0.8396827802478359,6.104318516306055,0
2.0013013252512977,-5.031931675,0
2.3550100940442866,6.486869958933191,0
4.752955428603834,3.1601418202828704,1
2.830528756452403,3.053275329708022,0
1.5379428149508636,9.198862284,0
4.0923928113053964,5.167159327695687,0
1.2429907101382387,-8.541649457,0
2.3636241869085595,-4.863646635,0
2.409945258493313,9.221237039179027,0
1.1998159478539838,-5.473135767,0
0.8357348249195925,-6.989420595,0
1.486378810818462,-4.063718466,0
2.9734694573046325,0.1109690645184358,0
3.917791890085291,4.1751148802486036,0
3.9946679486090955,2.945418564253865,0
1.0032784597708724,-0.761576167,1
2.415631749574199,5.045916623896092,0
3.759981301052226,8.995429387897495,0
3.5474753269342645,9.009412219399053,0
2.6875765664738593,-0.536932051,1
1.7499452442250463,-6.378826949,0
1.607097908850542,-3.422794849,0
4.0219744807485425,2.0804675446971572,0
1.489654927908652,-2.498579615,0
4.492920064613284,-0.309737407,1
5.942804789483595,0.15342040574481253,1
1.1928636537141535,-4.286893467,0
0.9526837523042649,-4.965003006,0
0.225194778,-6.998403408,0
0.4990861322176078,-9.51959188,0
3.7150777417859286,0.20682468,0
0.973129756,-6.444094453,0
6.299917862921041,8.860083279,1
1.4135278107006604,4.104676673313612,0
1.2691290258282761,0.010988139638246963,0
1.7961567014390707,-5.25575057,1
0.33653393097804174,-5.142578502,0
1.485559227547097,-2.206577346,0
0.44672394001846105,-6.557910486,0
-0.840328863,-2.69587591,0
1.6863481892009533,2.5081490793571266,0
1.8995681959899624,-0.560214723,0
3.454965293405319,-2.5505102,1
1.9379246838116182,5.070498602103822,0
1.482349550938369,-5.864757351,0
0.3443579645929138,-3.355186526,0
1.4966189477024197,5.178319488730601,0
1.9264790200567443,4.990786105633893,0
1.7754471331745174,-7.560435725,0
2.338594460132983,3.5286540082152804,0
0.6843980630825544,-6.819809856,0
3.1748232922505584,7.222608595,0
2.5890921413360886,3.9824810408231848,0
2.0993559802487947,-6.545287698,1
1.2869003722459245,-9.565489224,0
1.5219164877350706,-5.396416178,0
3.5251280826959936,3.905142905984553,0
0.6278845860806956,-5.636275869,0
2.9270630065057675,8.520598044424823,0
2.716233088298125,9.237324327770999,0
2.119228836962864,0.37943896367003127,0
-0.035183943,-0.994899595,0
2.252575285,-5.206056624,0
3.3247038271679448,3.4281422570752653,0
2.9808700592705613,1.0413372961186944,0
0.674854389,-3.050531018,0
1.5946627455555509,-2.886859193,0
0.2956998256661574,-1.357774843,0
2.5928505472567296,9.508148977600264,0
2.4288588399752933,-0.632708762,1
2.1235023148177343,7.076196270430742,0
2.8563337136613223,9.503264922057323,0
1.4131751068337557,-4.013185979,0
5.260208727344931,1.807940466110452,1
2.452416544,-6.570277493,1
-0.489917021,-6.275464593,0
2.373163587546384,6.524283501867309,0
0.7189386785835086,-4.877878223,1
1.7461407272819502,0.39971700162051604,0
2.2662083867571567,8.033624172197268,0
3.331427069406674,9.061639679516137,0
0.3309789948620657,-1.337188443,0
0.13496576738245958,-1.527224929,0
2.169639302393742,-3.601355396,0
2.194828675770652,9.498363572716247,0
2.1322622081079157,8.245351724466122,0
4.7861867032160506,5.251138114278193,1
1.2531170432088974,5.323806282872177,0
-0.609791331,-5.044867751,0
4.462222607835363,3.961012857556014,0
1.4376388390905936,-7.110613165,0
2.137916733413301,7.1519060549606905,0
8.966959207,7.639448396444944,1
2.1580445678402844,6.356346527,0
2.452805479566786,7.217423165474436,0
-0.232498825,5.526697701,0
2.0136474443188535,1.6211778679531381,0
1.7621954702694835,-4.256504246,0
-0.547557775,-4.917220295,0
0.7755413041142453,-0.417553583,0
2.395025117564434,-9.536144481,0
2.9321811409583383,-6.852142216,1
1.3833181187368884,-9.292855474,0
5.276611246578914,2.7461479073112987,1
1.900848070325402,-2.995485433,0
1.629611342237645,0.40892379308386495,0
-1.326141733,-5.7799018,0
1.3831288216555182,-5.725378363,0
6.49401736,3.7854593800521883,1
1.682757728768121,-5.465531181,0
2.6587000907283427,5.455976527445589,0
1.1641259017175127,8.629896671,0
2.056103144370048,-7.065255662,1
2.650660652094763,0.047167893,0
-0.477873428,-6.520346638,0
3.6854222560323695,1.6464523817179995,0
1.7756835239993718,-2.967918346,0
2.289162342766905,9.848430814188657,0
1.2215637286829364,-8.920317522,0
5.319517039,7.680914318343291,1
3.2660002571304667,6.233764107070019,0
6.208554893900028,0.8094220304470383,1
2.5018151222117297,-4.268090549,0
3.5219136496996213,0.6815854755991175,1
0.9161023922216895,-6.75697794,0
4.609564150778152,9.017260817978109,1
1.693986102337306,6.914787595742258,0
2.4481286216505147,-0.85748931,0
1.9452045220208793,2.0046693921204994,0
-1.08083755,-1.490113666,0
2.451139698593889,0.6201282812416196,0
0.2230615718356217,-3.878033247,0
4.417691057902636,0.40337643330595974,0
2.958945170328606,7.963054740737025,0
1.2078313229138375,-7.179022306,0
2.979282617434628,8.171158477008486,0
1.803419387613586,-2.301524713,0
2.115656469137858,9.763837269200696,0
1.9577518785214605,-9.068645336,1
2.6727597605062496,1.9496915070265608,0
2.168419992960771,-6.812989528,0
3.149240004730516,-3.192735128,0
1.8536979857925524,4.177275633203287,0
1.2546627342229029,-5.864099804,1
4.474151244,4.381923894833841,0
0.2858327324817487,-0.27350352,0
2.344123380886124,3.0310682917996488,0
4.412182677735432,-5.3402645,1
2.5072135546248306,7.656824817250968,0
1.619017259187582,1.115611232690732,0
6.007046370735416,5.124963282652379,1
0.6401636230596894,9.734752792772145,0
5.606298268,9.511012260886492,1
1.6300929255938605,2.8297072134158103,0
2.958668011860336,7.5664628249840895,0
0.5064585496703126,-8.641140613,0
2.885601268,8.958415067720491,0
0.010898804211276758,-1.773119474,0
3.383558511262789,4.3160612434699335,0
2.844917777400189,0.22735373079188825,0
1.783084242182197,-8.244859083,1
1.7488438502055526,4.289738879606624,0
1.076421492124336,2.808165076628681,0
5.602817432447292,0.2602574991573654,1
0.1353192868991685,-2.256965811,0
2.066720156012816,1.0483358272681347,0
1.6707933474359387,-3.81681061,1
3.0603056575132492,-0.435164523,1
6.124505149192613,7.0395639861925545,1
2.335009658903686,6.936508660173757,0
0.607437332,-2.919049966,0
2.8278315519944743,-5.56805434,0
5.198670866554453,0.5591557336613295,1
0.343294439,-4.320047701,0
1.871235420580299,-2.66378873,0
0.526932805,-0.718510152,0
1.7610080878208298,0.47064931004299737,0
0.33236116688821205,-2.462784497,0
1.1407985511576235,1.3626459096869414,0
6.981052261188582,9.452992150561645,1
1.6866269020847593,5.8109235884771095,0
2.182315274746572,-0.22408721,0
2.3040229990635925,8.476013409521546,0
-0.132134077,-1.841652071,0
4.987300970999458,7.655389485424532,0
3.3439712962321955,-4.827638931,1
2.3402758371316974,-6.796687243,0
2.2555465116858944,0.1443804991789719,0
1.0693567551446788,-6.662075898,0
1.551058810091443,-1.007534677,0
0.14084709848580612,-0.624984836,0
2.3874947507745996,3.9478960030370036,0
1.6585477815436658,-4.856165575,0
0.107650361,-4.885939769,0
0.8803893890425176,-9.302718119,0
0.3251002046453093,-4.515589296,0
2.0913197238319494,9.231368839166507,0
2.3570009683841158,3.0676356214967413,0
3.313135782114422,4.812639027353589,0
3.0897873765859276,8.121548761075154,0
0.24144541919320317,-0.966498419,0
5.4597726261284025,5.811314140790669,1
1.224027545255831,-0.296567705,0
3.147021173807288,2.431014608313708,0
0.15552369869787297,-9.711928858,0
3.2150689548047593,9.936508096320871,0
5.863504597155402,6.340292383135669,1
5.275628443,-3.132838662,1
2.8086593680265226,2.600193347330615,0
7.239953599384019,4.032662387274588,1
-0.223964938,-9.702971988,0
0.011280514437845168,-9.573472808,0
-0.064807173,-0.780795493,0
1.4435290247362733,-8.179627146,0
1.5215342624119228,-2.83683994,0
1.8817203289540916,-8.565870423,0
2.5052539333376016,0.8382310161142463,0
2.439283903434433,-8.081244545,1
3.801511778006859,7.259390658941946,0
1.9736734159124296,7.188422486317158,0
3.8035150726437883,1.2196061107012746,0
3.223138138523669,7.748357922634298,0
3.0313824200660746,0.7567129437074609,0
0.4815338823333378,-7.940488942,0
2.017108741159851,0.8955305589121298,0
1.3593173983476914,1.7126364034973207,0
3.3005680411050387,9.66485316,0
5.771244265168186,3.845078007233294,1
3.0263135979863263,2.972019886388395,0
3.1320665213476113,6.026646719986669,0
1.622255498134967,5.736485528831576,0
3.2965994694382603,9.831451143,0
2.612547556141593,5.696283063947391,0
1.914138688066247,6.973203155525425,0
0.35891318651471904,-1.554548732,0
6.519569391,6.541066530535147,1
5.707192534584507,7.844411574808753,1
3.667904408784198,8.550454092993274,0
2.0728485833085086,0.8410886649433031,0
5.200007862604723,6.674044271702215,1
2.470068213,3.2561333976902525,0
2.2732350227583886,3.4183924097488276,0
3.0943348939863204,8.639790600854752,0
-0.186900205,-7.454591384,0
2.6556978610352964,0.092237227,0
2.900598787177315,7.581955652130773,0
1.7547368483690624,2.892462915,0
2.1623041604525812,9.601951400890837,0
0.8868466159430355,4.937911810624806,0
6.015098583460708,0.4008862581374082,1
0.6915444041739955,-2.708936013,0
1.218794974208193,-9.712678536,0
1.1518277743458911,4.906536306731102,0
3.0010520890932635,8.465023161286997,0
3.034820995,-0.365514923,0
2.146252896446304,-1.200283874,1
2.8963634980943067,8.097672329790576,0
2.8791498027204048,2.7558733904824706,0
1.1154707500074383,7.627700298175355,0
1.3467726383814504,-5.856668542,0
3.049996586925146,3.885698317877546,0
5.260556496131936,1.2342984002889636,1
1.0478875845344142,-7.766247896,0
1.0954328999032017,-4.287927104,0
5.217446512575578,0.5599887459133779,1
1.7646350837858555,-1.430440966,0
4.616581539813945,9.970367065347443,0
0.9792325907856121,-2.231304874,0
6.048111263427901,3.618326724860781,1
4.647320220045943,4.738300614408981,1
0.7284899524125749,-2.913746284,0
5.432222459558202,4.889503081902603,1
3.0387901616334805,1.4165464310788618,0
0.8174370394310866,1.9921100888950978,0
1.7006015798363836,-0.051739757,0
0.8908495746438696,-1.750790919,0
2.379400387431179,5.241333604146616,0
1.711761331747435,4.9818591974012385,0
4.729008475990061,2.652925759365857,1
2.669954212217404,5.237636439110027,0
0.8999157033167812,-4.771844944,0
0.7625074982253542,-7.205831763,0
2.9636830608653373,9.142260130866458,0
7.614556162368704,5.505409181984216,1
2.487174254752194,-8.799990628,0
4.577619374298369,2.605487408394996,0
2.5927395132114976,5.0061900048289765,0
2.807954556417262,1.3723837674199064,0
6.096650201210105,4.8785490133049905,1
4.134092554482647,2.4584775293823373,0
0.024319126,-3.335488083,0
0.089689075,-3.581461098,0
1.423564045974207,0.4656199597501782,0
1.890703134,4.749510508,0
0.27832824279613244,-3.401792362,0
2.335540794104074,6.2856558497507855,0
0.8833342676500316,-0.352905995,0
3.3253192992701726,-3.566306824,1
3.220264348213632,5.396966910045757,0
5.711955385326397,5.362886794934145,1
1.2589673331330358,-9.67715296,0
0.9251739612789911,-7.776407825,0
-0.216056006,-0.722582532,0
1.1263563860083425,-3.551271088,0
0.4312346325674221,-4.655916689,0
1.5591231994276633,-6.838839559,0
1.7593706739652928,-5.746042593,1
0.9298075803594767,0.8856277933849093,0
1.4420390676316193,1.9251429842749719,0
1.1809844238089104,-5.596631114,0
2.2770252176917953,-3.653316087,0
3.195881565648284,-0.650510906,1
5.042721791363267,2.5002685261521957,1
2.946895465374822,2.309532043195473,0
2.571537875546836,2.932655638486084,0
0.8978489350552263,-5.078020643,0
4.423115841627849,8.815436588400441,0
1.3333613969357192,-7.497956687,0
2.6242223218124634,-0.433428127,0
2.6931584011684597,1.6313121734635576,0
5.941842238939399,2.8266360219718223,1
1.1972216228178738,-2.347718053,0
0.49733632048843857,-4.782923554,0
1.6228236901455824,6.960491448259912,0
1.6382338861810821,-7.012371594,0
2.1892941869517655,-5.521037391,0
2.0938543407302093,7.013466633334325,0
3.1748389312907377,-1.425725056,1
1.180111522723641,-2.366346358,0
6.794759843802091,9.266169540669004,1
5.082487890188499,8.260046398390706,1
0.4784234727360782,-6.446464699,0
1.9128964988484474,-9.386214738,0
2.4878326476767874,-3.225645371,0
1.6401929153464017,1.482990359049996,0
3.8492913790899115,2.7291236092560194,0
3.527685892926166,-7.111453382,1
0.9428412339598555,-6.023800083,0
2.883168797521085,8.173266966257856,0
2.2942083258913795,4.527996261988342,0
1.9262031459799602,6.3003509105458555,0
2.191256664459242,1.3905274233800817,0
1.3925383685390647,1.711782972235735,0
1.2666790708843851,-2.930192869,1
1.1287353876828805,-5.600307592,0
1.6699566853069063,-8.027641243,0
4.368906743766149,0.627168439,0
3.082901945662249,4.787317903446953,0
0.5503528936902666,-3.375715102,0
6.501622070201736,7.757081375753064,1
3.8125664021576773,-4.264177217,1
1.8289899186824714,-2.213517895,0
1.3645538374607795,-7.549031776,0
2.4472150196784908,7.158491337831755,0
0.020201097,-8.529434014,0
-0.087359704,-8.279582937,0
3.114426566739969,-4.971521214,1
0.20001373603159145,9.522791781017666,0
1.893293202380487,6.791783768313145,0
1.726327599536344,3.3716665336000577,0
3.4054901044573924,4.4650002243771585,0
3.490121914341051,1.7146189729007055,0
1.858453908531979,-5.456669263,0
2.1276141372589574,-6.954246869,0
1.8008621135990197,5.180687349704309,0
1.095552005757618,1.960214524403403,0
3.253090940397372,3.7436128710752836,0
0.17035776518224077,-8.460216266,0
4.568366785880757,0.7146581831021699,1
2.1816591261723746,-6.853837717,1
1.6827543141072456,-1.257751086,0
1.3452696288818127,0.4470267140079329,0
1.3243844513487084,-1.321042093,0
2.2461635073014494,-6.724319442,1
1.6053406048577443,5.818569020350111,0
1.8234588550363946,-4.858390855,0
2.3766310862573894,-7.576654753,0
1.434738519852394,-9.104596827,0
1.378147470320913,-8.748923358,0
0.055001019,-6.427062901,0
4.671670939699288,4.905220592522493,1
0.67243213,-4.240590817,0
4.752189600293177,4.225384946561148,1
1.0263758432426724,-8.728238667,1
2.800455675,0.8917587059629142,0
0.24001790783952737,-2.077643938,0
2.812920084336484,0.6429497768423875,0
1.8592775532879027,1.0116130341596286,0
3.1552274787389627,3.5404435412815953,0
0.8177225929704739,-9.646759307,0
0.20456550759973435,-4.154290804,0
-0.447638467,-0.137275998,0
0.9539239087176834,4.687810256185497,0
0.49017413717135283,-1.442030423,0
3.8105869648549566,-4.757228111,1
-0.283468012,-9.989784157,0
5.161893558075138,1.0800866643902847,0
2.7291071407555405,8.333952561315495,0
1.4040494236731056,-9.15903179,0
1.8955135438538697,-5.028324862,1
1.6143873153688186,-7.320485975,0
1.1144063180451336,-8.573207619,0
2.930292220374144,3.363803889,0
1.6053905607234578,-1.843416442,0
1.1866977148690032,-0.906742854,0
2.0173913600027835,-0.112339484,0
1.3489509448384769,-7.026237253,0
0.45256248693630585,-9.290064518,1
5.761076671221863,1.7159238064651916,1
3.5239344861532853,-4.657287435,1
0.6138658649200373,-1.624818262,0
6.162340662185827,9.547565489225192,1
3.137568474835128,5.645686846381233,0
2.0939373404415043,0.056140762,0
3.351895232,-4.005985544,1
3.4846352041265036,-6.802017855,1
6.730685495,9.444783491290774,1
6.867669551510353,0.32606796811696803,1
1.440794750450374,-8.20878291,0
7.361929757709943,4.544407080106502,1
0.7024930786569097,-6.946760754,0
3.8406900754740567,2.837474553636863,0
4.638784480433203,-5.960472375,1
2.765193430639102,-0.452709804,1
1.049943448109287,-7.389387538,0
3.535716880195003,4.532167018468558,0
3.454976257471135,7.163531595348921,0
5.717377065086159,0.2170593486505581,1
3.5662628236388807,3.1531791364539057,0
-0.119211598,2.4096904317312386,0
2.467009168099887,3.912837551250629,0
-1.886784361,-1.494029332,0
3.218844536449413,9.030048511004914,0
2.4048069271457804,4.030291072004427,0
4.5751881852906395,1.424789265,1
0.4442647157426066,-4.269327048,0
2.1233082600134745,-4.936932497,0
2.0199950493378873,-2.022654983,0
1.5458275980627731,-2.08079634,0
2.2278894587314593,-0.941509918,0
0.6832147632936576,-6.040569604,0
1.3851676824271844,-7.113448951,0
0.6279043888514222,-1.755031933,1
1.151104862009899,7.4949495404939235,0
3.4331179396379006,-1.409173006,1
2.2660493495296494,-5.71831963,0
3.717453345605252,0.20203718192846054,0
3.994905807138087,-0.719888802,0
1.0042229387403514,-7.560303525,0
1.0132996734219963,-2.326820773,0
-0.035925151,-4.923542243,0
2.642208710647451,-9.009231494,1
0.29627614136675395,-3.772459604,0
0.09084705,-2.889377678,0
3.5381415025962473,2.503457006206437,0
5.0424338274485265,-0.040873594,1
2.4684064905228764,5.587915787932058,0
2.503888808909748,5.732955897314053,0
1.467393723377212,-8.676776544,0
2.700490130518031,0.029157846003673882,0
1.0826928715523096,-7.648797044,0
2.962711355006969,4.125787308525602,0
-0.565378686,-2.901997411,0
4.269884234011871,8.251260830942783,0
6.336221440267387,7.087715164354698,1
3.089140844820207,1.6052314613353662,0
3.210806626,-0.767933095,1
0.8624138883603565,9.941104493837258,0
3.7367882689237018,8.317923121626848,1
-0.071723332,-3.926957188,0
0.3441664487229391,-7.818873609,0
0.9596114896066222,-3.466898007,0
2.0091543518286272,-1.858887322,0
0.691695086,-0.383275105,0
1.5418393576755922,7.280422264967967,0
7.661275907979273,6.836061780047785,1
4.194655507415765,3.918795080635526,1
-0.358874222,-3.521358408,0
0.8067181646382615,-8.311535467,0
1.6390746471134463,2.104990167341052,0
2.7941741557575126,2.637934757635513,0
5.7641008128539015,7.84978249,1
2.7225521413290537,-4.783909678,0
4.533933673534918,7.568950605576699,1
1.4961351134092808,2.0977881838310033,0
3.913673086,-1.07239059,1
5.321087518,1.3376575274282096,1
3.3063650395354527,0.22407910437476275,0
1.2487881356702626,-6.40852331,1
5.458086733318412,2.3948048021648205,1
2.1470277444781773,-9.995522202,0
1.3824194467845194,4.039484011,0
6.166419720986751,5.469321192571023,1
2.810966154878697,-4.328099441,1
3.263343966,4.602572091284532,0
0.15176298500423402,-2.833397968,0
0.2502048313848555,-5.926644046,0
2.3571321289944396,9.172821328936827,0
-0.630251808,-6.693507944,0
3.2696358211119354,9.651322857579693,0
1.4972002296608522,7.186802406245917,0
2.730416056222454,-9.325669633,0
2.4217586667874764,4.233452561844011,0
0.6329590287756722,-9.06006504,0
1.1259364918252612,-5.784971457,0
3.310738028557003,5.352997267481218,1
0.15994295226796928,-7.753346331,0
2.448163582326253,-5.989576729,1
2.0184073681256893,5.8006042058119345,0
2.517550250583138,8.558525190639429,0
6.340297532571869,9.848640463138569,1
2.1286709147164165,3.9036946014974454,0
3.1171619450833368,-3.310593611,1
3.204285592900373,5.392934431826573,0
0.9634332323742576,-4.784630697,1
0.15796596641319138,-6.075660306,0
5.131693056741043,4.042482026089573,1
1.0596951927757685,1.6575149283538444,0
-0.239645174,-3.103736505,0
0.22881330066060512,-8.804590105,0
0.42453783523773136,-5.388880853,0
7.019456841451529,3.693943533243008,1
3.078829023566319,5.026900647091326,0
0.098313384,-6.829284269,0
0.5193262843075912,-2.230608974,0
3.3608678412554776,2.253700003450289,0
2.342558381441133,-6.391883121,1
1.1448179390228452,7.657796327915179,0
6.020197598908619,5.059970380017395,1
2.863560222084451,3.2616151352001275,0
2.1168666523936945,8.445181328720622,0
2.6178211766687793,3.8506330923594074,0
1.5193381563165507,-0.046555441,0
-0.722755009,-6.395620111,0
1.3074622845523145,2.287907906686467,0
3.3143778280430136,3.337051677776902,0
3.588347989024328,5.847989756888408,0
1.1859102529391765,6.183417302628481,0
1.0135931762765509,-3.139785939,0
2.0568084743830393,6.560595199999874,0
1.0252168589110873,3.080535947602936,0
1.7426915494340591,0.7829189162387973,0
2.3495377912109396,5.897536467365715,0
3.143627957263644,1.1359833406361801,0
2.917043464962372,-9.435429447,1
0.25499041737887385,-3.789939303,0
2.2843156195342615,-8.777496767,1
0.7490979142934251,-8.894073175,0
4.052666879,4.440813154390582,1
3.297396126986782,1.1177562925643727,0
3.050133617048775,0.07058464,0
-0.117088658,-2.377521186,0
0.6841993001260596,-7.300851855,0
2.2155071581878127,8.189256023,0
2.1571838000111025,3.005854850294842,0
2.7080566921059446,2.633637955742019,0
1.7169544591913533,-8.311089798,0
3.7177913174091213,7.755449914842835,0
0.44998069597341284,-8.62262541,0
2.3733335889215956,2.8238134785356728,0
6.154855087,5.7953635712355105,1
1.0126663766075592,-4.800671209,0
2.973576175,-1.95971717,1
2.4291378911382875,0.36747502624429984,0
0.8542324448922789,-3.843000946,0
0.5250297001947175,-8.75100912,0
1.0242580563284969,-2.476141138,0
2.9572979718019536,1.7752032726129148,0
0.4537260882874651,-8.47444027,0
0.1422713052569271,-7.130519715,0
-0.17779236,-6.286684403,0
3.4846936245749944,-2.033924091,1
2.022354448729202,-7.373904556,0
1.8464926211858184,0.5188951142974538,0
2.2307938525861206,3.478326493403097,0
1.9325036113704412,-3.777021676,1
1.9152890190921994,-4.348466561,0
6.044902431903175,4.005123717327477,1
1.3039421583946265,-2.267478413,0
5.229509246593718,8.729616591632578,0
1.6804847607389886,-5.415648001,0
1.6992781719655676,-9.043185797,1
0.4845583240648065,-1.743309978,0
3.3815174438322377,8.225520316556729,0
2.538045143427034,-7.739412319,0
3.1917980749465387,6.839418398899898,0
4.952896624970912,9.375415667,1
0.49324599100005195,-3.254758518,0
2.215676071348047,3.1713607763033824,0
2.552952784672523,4.066089448315676,0
1.4826789528595026,8.037077981769198,0
1.8259924964728715,-5.910218996,0
2.838001361525597,-7.107524478,1
1.494573155060614,-4.366933234,0
-1.11246655,-7.901430032,0
1.8995485568208723,2.268066625391361,0
2.202318659579089,2.513047420791912,0
4.150263916017391,8.836948566454435,0
-0.418149944,-4.983693345,0
2.804175325413958,-4.191162984,1
2.523582130442794,-6.022911556,0
1.9624115235358202,-2.308427752,0
3.6959728231907083,2.872753949,0
0.5489156009765042,7.357088507749584,0
4.365921971431169,9.976819998,0
3.3967395172715804,-2.858622979,1
1.9794106217689706,3.761679585,0
1.4550475418442106,-9.073388006,0
2.402073059987737,1.4052579636451075,0
0.4233607666178375,-5.644274488,0
0.6999313902993364,-2.646115526,0
5.234287596940654,9.484035873805723,1
4.118632734726867,2.7000156599161365,0
3.5517493786884473,8.567685476028984,0
1.9582194378835114,-6.099044085,1
0.2506080214004056,-3.138910457,1
0.10482036725544441,-6.432425766,0
3.039424676759061,2.039556108288963,0
3.060359956507084,7.233634846844307,0
2.5741013733323688,-1.458138574,1
3.330854063,-6.626735803,1
2.211329549648168,-2.668083864,0
2.4763905025461392,4.726073141126733,0
2.4976647085428363,1.3331365088765033,0
5.242860209343162,2.1016420724899056,1
5.512194221919782,5.090275394515533,1
1.7858721026678843,8.729059285404396,0
1.6928351073970105,0.015929225582304696,0
2.1957469971052483,3.886963675918423,0
-0.170832188,-0.65617159,0
3.5461825709584396,-1.676538922,1
1.3875309460752185,-8.733504108,0
0.035486955,-6.427438212,0
5.199736979736526,-0.63242982,1
3.050558487736181,3.355620637742099,0
1.7021968133665506,8.350786562265473,0
1.0450385621060634,-3.56725188,0
0.6269046587668754,-4.09820841,0
0.1512460796158469,-1.601465563,0
3.6703818375880037,4.028708664246141,0
3.969764008304447,7.187327550427316,0
5.496946021569659,4.8965072498716395,1
2.239162625240591,5.790756995471227,0
2.665221914871514,1.1686200879058806,0
1.6804099543367226,-9.929793595,0
3.125956705599753,7.649558882521596,0
2.058680233369753,8.632201851,0
2.0600475855374394,1.9988004713827436,0
1.628785227563423,8.321757096231845,0
2.1268905147883617,-0.027296457,0
2.1049393596309227,-9.241745327,1
3.226578651290394,1.3073490220875232,0
1.8192401434414003,5.087821787114697,0
1.9259904914262693,2.0172386042895756,0
2.9970552322065642,2.348307961095326,0
1.4874264322417239,2.0999804940740923,0
1.811318766,0.6957610296904271,0
2.5674679575691846,1.2145374976740761,0
2.02744652,6.958789632113728,0
1.7653424421177384,-3.772848631,0
3.880619126608474,8.484245049163196,0
0.003102187,-3.396361012,0
1.075074833543769,-6.112415898,0
3.1380420975547434,3.0328160248809795,0
3.399743119541417,2.427754066575961,0
1.8415820863572963,-3.186830805,0
1.112546218305638,-4.283281003,0
5.047141707703756,9.863509453403843,1
1.2494101755116205,-0.999959887,0
5.844166701650866,1.7920451044082384,1
3.125914216255696,6.022660238566036,0
1.9086423486879207,6.808749119594715,0
3.416447038099349,-0.046294194,1
0.8637725804946167,-0.472615922,0
2.3709113959359347,3.3588165441384312,0
4.143471742617066,2.944387347729382,0
0.8032787244011387,-4.29713478,0
1.9151921450975695,1.2882477031000068,0
0.5949964555071132,-3.524446174,0
0.39430490103626514,-1.833599343,0
0.34316575192665566,-7.864435647,0
1.7063368297503483,1.7169502449164291,0
2.6545958010908017,-2.704425894,0
2.8370347724778293,0.6515299706967941,0
4.027653079594823,2.7978011632424327,0
1.997545192246833,-9.562189624,0
1.3520472357373432,-7.602336118,0
5.603022789340226,4.269566145427735,1
3.1866204129744764,-5.731114397,1
1.307905670004709,4.239963683789343,0
2.791495971237193,5.820403396375449,0
1.243572967066667,-6.99237285,1
5.601593550866937,1.4902137915621143,1
6.989767160419964,9.451848853,1
4.717735878958264,6.336848572901005,1
0.5965721455204115,-5.796158831,0
2.248792486952954,-5.897632688,1
2.3344402394642954,1.0829955098155768,0
4.3139961769145545,-6.457338568,1
2.3341817784140364,4.037648085061509,0
3.9376084663589186,3.930587124042468,0
1.8088118768088348,9.231125036948537,0
2.498036551868958,7.299454714592041,0
0.486516227,-9.492827074,0
3.6726578675895194,8.062519117213412,0
4.280964603488576,4.271016882779355,0
-0.077807303,-1.40974747,0
3.211385726185034,2.5764450899367795,0
5.576346907593054,3.387644366911484,1
1.4889819982423949,-0.877085213,0
2.5090979777698807,2.1762702895862933,0
0.15102457925086132,-3.645746566,0
6.082493103167713,0.37050039599979456,1
2.267257861,5.719180022842533,0
1.047604109474548,1.7159641719015735,0
4.375654099435938,2.603765410573171,1
5.8211450861905005,4.404919023083938,1
3.4047173081932187,-7.166216466,1
1.191664234900785,-3.023270757,0
5.668987046732461,2.6689971827501076,1
3.078228990541548,-2.352452033,1
3.0853605589474626,1.9929501599657744,0
4.209274950107016,5.445733293580979,0
3.065518489432416,3.192686380931818,0
3.025320066390899,3.0050444412342596,0
3.012663469847718,1.6130203105738072,0
-0.035864792,-6.5154626,0
1.6793775338386534,1.3206139887987725,0
1.398845389295893,-4.175610815,0
0.8907308720513597,-1.662263477,0
2.714866207177171,7.679555038952223,0
0.16993029365516377,-2.697639758,0
2.114773561315121,0.7363318013229208,0
2.8415608751646406,4.079957538485186,0
4.029672467973409,0.031415277,0
5.7243054312642005,3.138062970016433,1
5.063392521,-7.566875401,1
1.3928554977395686,-8.104258737,0
1.634881466335353,-9.424104126,0
-0.145793787,-5.572129301,1
3.198576399452098,6.093913278,0
5.448927765503199,1.1182233981255152,1
1.7627381762202252,-7.470130092,0
0.8173695312786033,-6.589230079,0
3.105049863224087,8.421123979567941,0
-0.120931265,-2.847544506,0
2.172692426,8.635232858008266,0
1.5502635122909432,-3.898381843,0
0.24402924970722462,-6.323138196,0
2.2131864139522706,7.661324911603085,0
2.53628468,7.259797952,0
2.7581669798551807,-3.188460963,1
2.8744992760834696,-1.240897842,1
0.8947052625349141,-9.486077234,0
0.24903016885715246,-7.551967055,0
2.3587293129876223,-0.732008537,1
1.9688042627032245,-4.472727144,0
1.4470793554010837,0.019099004,0
2.2261668351930086,0.911519201,0
4.453387091,-8.424016565,1
4.841747625671427,7.399574548884559,0
2.4830155868676256,-1.863479606,0
0.6056105465054595,-2.369962895,0
2.919845717,0.222617495,0
3.5416401511297444,-5.425890152,1
0.3897514971639009,-5.744460938,0
2.2952669692759367,-0.678930448,0
0.4224789170457105,-4.994472094,0
-0.100050475,-3.140272555,0
3.9108830430186368,9.778463539,0
2.8448707936166597,6.528082822338554,0
0.10839513144523849,-7.283323001,1
2.9660346795281187,2.8941729937160616,0
3.9119359949541472,5.406807742661828,0
2.2905042314315054,6.585357038938167,0
1.5140211052628623,8.334365628799333,0
3.100251674606268,8.901030914540137,0
-0.910117112,-0.182716737,0
0.37289780255812033,-7.840442654,0
6.508227182457337,9.426001748538948,1
0.7818951821359508,6.873295934329864,0
-0.007859478,-0.67885393,0
1.3170204881873024,-2.433047935,0
2.2124235849398777,8.804249184894868,0
6.936899791169967,9.434101210639597,1
3.114312462036774,5.261056206285845,0
0.16793762313153238,1.3601427829874968,0
0.6353974818242712,-7.54002893,0
2.705267632563736,2.369255618392998,0
0.3628132365463437,-5.170610236,0
1.8875009210824856,3.1172782429913717,0
1.5396714208956337,-9.257473568,0
0.9108084662915332,9.567923947640566,0
4.030848721541471,3.769755817137856,0
0.7205873091087651,-0.848019103,0
3.396949096,8.209185102695933,0
2.1606956230474497,-6.104916505,0
4.200385557956069,4.145546358093837,0
1.7967426088625948,-4.151962289,0
0.4462373285044011,-0.723590951,0
1.8039628157959307,-9.284034509,0
6.211484269630814,9.727345365308938,1
0.8743757867974855,-9.357040317,0
-0.965714316,-7.514118566,0
1.7859195714543192,3.245108823780221,0
4.263035063203009,6.732865704,0
2.168029433496196,-3.062880149,0
2.217586528601387,1.950430978811612,0
1.3561796953440963,-6.151582491,1
1.7615865591687803,0.8298045791390614,0
6.058997263260069,4.795662282098503,1
1.2513327301956578,-7.561608564,0
0.8858819886496087,-3.015067293,0
2.158689122604796,-4.142861,0
2.198172436366076,8.443798549642722,0
6.012344723,3.483494247892514,1
1.4299955030942275,-9.291124412,0
4.309024106993202,1.5094761529315583,0
3.242651582695079,3.7031021071088865,0
2.9609072162222323,6.640230656800153,0
3.3325776183310536,-2.446073831,1
1.6592067574857583,-5.706710204,0
1.9751917215794066,-2.85178039,0
3.8457956769266666e-05,-8.59777597,0
1.4052190562498765,4.129900001391025,0
3.0706817137625433,0.3226651936551619,0
-0.85638503,-5.800443474,0
2.7324229580392747,7.264428578718199,0
1.7711077618135187,9.64627209,0
5.410804146932594,8.169938089212437,0
5.0727118038590575,0.8301394282250669,1
1.9496405312991225,-0.448476665,0
0.6042729914878706,-0.991583011,0
4.298012936324477,1.1395420768395361,0
2.5123664266560493,6.080866489612518,0
-0.113257092,-0.384279233,0
0.8450576918653361,-0.234995311,0
6.693948211,1.8065810935386288,1
2.6543439079757127,1.6974083179132968,0
3.4210542598321845,4.614573089569312,0
1.1984698840985326,-5.743948208,0
1.0870351943732826,2.8530103584713693,0
1.772946849427088,-5.951937352,0
0.3024774934449216,-7.788344308,0
3.714342777651753,2.743073112234633,0
5.858443011103653,8.563642542794632,1
5.421219982980559,9.268168595058555,1
2.7775394401756017,0.077267555,0
1.1709413413199283,-9.703583251,0
6.119784828177569,6.538646029618171,1
2.085544364164003,-2.833583559,0
1.1371717111200321,1.8094115670313133,0
2.233361575,0.3536298105545299,0
2.409311150374691,-9.501402391,0
1.9050018375952575,-8.919311363,0
1.1765490247986776,-9.420907828,0
-0.608943436,-0.899153258,0
1.520659976051737,-7.321285598,0
3.4099805238537613,3.432117941484494,0
1.1864425636811113,8.223290422808923,0
0.3675561230202359,-0.330084873,0
4.016675412199842,2.6971154955794425,0
3.0965231148142554,9.032794334620657,0
7.136017321617819,8.286219063,1
1.1591482791211325,-7.077726798,0
2.7155914666086773,1.092612863023481,0
5.048117568654632,7.477001588,1
0.9456588636167059,-2.079369925,0
2.839798504812027,-2.339472041,1
6.099899281168084,1.1077582330269315,1
0.072669389,-7.693615935,0
5.541668952284959,0.6284397963089532,1
2.7192123912906805,4.432815568047829,0
0.741267372,-5.140834982,0
2.4009890922590693,6.759243570262107,0
1.1565980423563427,-7.659792962,0
2.1664679212239384,-0.023242166,0
2.1328336053291297,-1.724032706,0
0.9736098459250949,-7.115132672,0
-0.046027623,-1.848556444,0
0.9016281952453429,-1.607530278,0
3.1508975983615586,-2.096608435,1
2.5681653216944302,4.006510953138502,0
2.8933487121336237,7.085467329740638,0
2.386043256557945,6.258382635448136,0
0.3264420196905212,-9.832126201,0
1.6110279834180186,9.878243927523524,0
7.565421778621702,1.5441247788251147,1
5.793656494827638,4.286597822071439,1
3.1620272181548756,-8.314311954,1
1.1845680670395589,-5.345042955,0
1.7455614907817603,1.7950167060464466,0
0.6336200685414529,-6.576419654,0
2.621880539711072,7.554531566675173,0
1.207581237969182,4.2001542626921555,0
1.6794412547051847,-0.35951409,0
1.429645466,2.03409408,0
1.3370462598727024,7.258084682391871,0
2.0148275792983523,0.10329072102521586,0
0.8414319341235589,-7.831955539,0
2.7842617465150283,9.836210176933978,0
1.3792496763286062,-9.343081573,0
2.035688180636327,5.841904107235575,0
0.040068651667133026,-4.520165461,0
1.329657685807703,-6.951734335,0
1.5648296200091205,6.926475472,0
5.315823885769798,0.6379191398516184,1
1.7879097318268056,-9.772839862,1
1.2358323603327759,-8.150526587,0
2.2734354667456613,3.0453503002707283,0
1.0826910876249327,-8.465087044,0
1.4889888843443124,-8.024168779,1
2.881899956794584,0.14306313930993397,0
1.9023521393643041,-5.808142993,0
6.647136936073518,9.822180568511754,1
6.185098237652398,3.132185583,1
1.105655348390604,-1.243230966,0
5.350300039589857,9.523246116845844,1
2.7330501498017843,-0.951070975,0
1.3463169916528286,-1.063085727,0
0.2796401308674866,-8.830695461,0
2.7105938250484147,2.4253009195495316,0
3.596333335308974,-9.529353969,1
5.483603967597748,5.654067280916639,1
6.551130227755106,1.2273458597161948,1
2.851103839156198,9.312665654034458,0
2.5140377963931737,9.528741806501223,0
0.6727726732231605,2.127522399248747,0
2.408492848598463,3.303000928322854,0
1.3079195261712027,-9.832315122,1
2.1120978206713206,4.3753211061951784,0
0.3468117948117494,-3.015156612,0
1.3372682810967385,-2.123686398,0
0.434490464,-8.317517571,0
-0.926245044,-8.133162056,0
3.099609287130183,5.573066132816301,0
3.4576856045170534,-0.323168774,1
4.673567412197003,9.681344129061692,0
1.5394756450636553,0.08886651,0
5.045063992289727,5.508207045220068,1
1.6648125051959877,1.1275325138787888,0
2.402855766683393,0.6076514098578816,0
2.608380463177986,8.712186568996223,0
0.939730835,-4.968735249,0
2.7718571697189156,6.8962660888513305,0
6.739621292489188,0.8991723086298258,1
3.5943015871621595,-2.727077236,1
1.6812870984344412,-6.917692578,0
3.169974207459007,6.866389463821044,0
2.8188831579059137,-2.355246891,0
2.3037759474972095,0.8402502957865909,0
6.443940483872976,6.350728094666703,1
0.2701724031453536,-8.043771616,0
2.195629470533715,5.0154659731672275,0
0.7826639732138396,-0.793285991,0
2.127415725131343,8.478080005,0
4.269328860877934,6.969753451,0
3.094312594436531,-3.416398039,0
2.0626594526700104,-5.613130371,0
0.45871452007220526,-2.982670228,0
3.0159651216287697,1.4653001693041112,0
0.9833429644940956,5.505123174505046,0
3.458537544484525,3.8884886665126537,0
3.1371332044376627,9.564845504380258,0
-0.151879516,-0.959952811,0
1.5238743698213397,6.0661790850403605,0
1.0930108041175794,-9.05177889,0
3.6767002797698396,3.658277902,0
0.44587631606530354,-1.228251627,0
1.6183183815144795,-6.524284388,1
1.5643368921907013,-1.856785366,0
0.6871811692891234,-0.436570632,0
2.728455664539973,0.6317975084297895,0
3.1305884854808794,4.718234847506073,0
3.657511923171902,-8.549367011,1
0.24592350686015707,-8.426484936,0
1.7122968442198336,-5.115676441,0
-0.368354514,-2.357961185,0
1.1125039042954736,4.178540817113571,0
1.7266084781473867,-6.026207552,0
3.3799598589341957,8.456615990125773,0
0.8016980469415389,-9.579115002,0
2.3075299981306774,3.045540809894746,0
1.5975905766034413,-7.581044596,0
-0.756526582,-3.064812184,0
2.8590691208522565,-2.989015825,1
2.725609101635586,8.539746685363813,0
0.5324770030385619,-9.142498498,0
2.7169685832809893,-0.533140648,0
3.4608130801017727,6.231152844653973,0
1.3437569229232391,-4.25501131,0
3.6397868767277575,5.027901167810832,0
2.0633157143830148,-5.875060613,1
0.7377988588821172,-4.933181579,0
1.6276759112639247,0.25948539804235793,0
1.6429729628781837,-6.60785329,0
2.259236566070678,0.3562782635986892,0
-1.398793054,-6.780151224,0
3.4991622232892534,4.3272284286025275,0
0.23276455087458492,-2.458819285,0
1.4525194577986127,-1.41191698,0
0.8523959344811458,-8.737738301,0
-0.122387573,5.323248417842601,0
3.321215323608393,8.886683073252975,0
0.9065241530889061,-8.874574596,0
1.9259802524385756,2.352868470385445,0
1.6216663257732469,-0.513010658,0
-0.228920926,-4.580838808,0
0.6386034443934938,-2.373891946,1
5.0333363437113015,2.8957988011326457,1
4.064264382273132,-2.347305307,1
1.6754675041367806,-2.80593351,0
1.521587954767929,-2.586043103,0
1.7631179713481564,-5.795955512,0
2.6770784757839805,5.655022576734938,0
0.3946497422683284,-7.073080094,0
1.2568694963213611,-2.711007833,0
0.6909907651579603,-8.608585511,0
1.5944525107551026,-9.147933153,1
1.5824203343224525,-5.691756543,0
5.509547617,0.553905159,0
2.7666872847623134,2.2335641700752813,0
6.189601988317724,2.585094880330354,1
3.2562322356940294,-0.943029032,0
0.5974042723926043,-9.204771667,0
0.43513806833130464,-1.81544821,0
2.290544322296348,2.4286221540546187,0
4.450229672596251,3.4234928687211426,1
2.693070820992824,8.269012045,0
0.056104743,-3.992731126,0
1.2911994174749784,5.878787781961483,0
0.7901667425069192,-3.055080655,0
2.6399052881897984,2.48773547,0
2.0009886954569005,-2.882252815,0
1.1226441017972242,6.029034281547336,0
7.139303965611211,8.637986979794036,1
1.4610255200140592,1.828354503568061,0
0.3446177480284611,-0.784279078,0
0.33583469768940444,-1.648246323,0
4.5544895483528975,9.429466591,0
0.024745912437876272,-5.538052126,0
2.036461774643688,6.099281900199141,0
1.0700185910331037,9.418759121861658,0
3.6640551427839267,5.575192457435794,1
2.5157784904858733,0.8253249032080348,0
1.4934123321154473,-7.193211171,0
1.4848870477741065,7.932241134491619,0
1.8542688500714457,-9.978433389,1
6.001870745153856,5.141120462550095,1
2.9134317699394328,9.104504904894789,0
0.6173683112257524,-8.499905325,0
0.9990284078029615,-6.178974026,0
2.1365307302275687,5.760289669115945,0
0.7833888227502437,-0.593279783,0
2.7456970285995452,2.642992630075021,0
3.378632604744812,3.7956455224613137,0
2.075451894603479,5.785482013718784,0
3.529600636541641,1.4731678406637165,0
2.367109899132718,4.155511181,0
2.361602191945009,4.741684642645287,0
1.7808067206772193,-5.629736245,0
2.9985292554653755,-9.730731078,0
1.2196311520624856,-2.377886201,1
3.8286572875642855,-2.575689884,1
3.1568035187249777,8.228216496,0
2.675885835593343,4.281086744800449,0
1.2193709619279904,-4.732158402,0
0.6799838133715419,-4.735112616,0
3.183640437916605,-8.431234962,1
3.8939178555631053,9.806835588,0
6.309060643832993,7.329812328631636,1
5.9219233187736435,9.388354146179424,1
0.6384334215933749,-8.814657668,0
5.630954262950227,6.939729781,1
4.779882228944681,7.150149763724901,1
-0.033936037,-0.197114228,0
6.185737790039816,1.8455603860868095,1
3.3348175795771047,-4.111192182,1
0.9794307798693384,-9.303362547,0
4.019908163,9.683568608196488,0
3.220544779772789,0.8980127758665475,0
4.771199560992752,7.8264412508657415,1
5.028416619,1.770868709490296,1
2.5963055418418475,-3.408224118,1
3.399400899,1.5012288615956866,0
1.4371282226964668,-5.155161803,0
6.402212327695579,0.1388374688244589,1
1.8142126690399725,-8.245720772,1
4.395302821595443,-4.860662046,1
2.660138449166242,5.759925128174562,0
5.456660920797134,3.034160176033245,1
3.0541417080120814,2.4136560461754826,0
0.8034823477983556,-0.023278499,0
3.233398593955068,9.703205188726216,0
3.5690034396789603,-1.312437404,1
0.8152094483020158,1.6957883884951102,0
1.366747349,-3.000936936,0
1.5243009306796593,4.186530174194258,0
1.0220307519056842,-6.676506992,0
0.5265045935084883,-4.857527648,0
3.051668712476243,4.8622639552983635,0
0.27343453867748135,-8.462603788,0
1.7929791150624619,-5.14881522,0
0.5067699637534016,-5.397356261,0
3.4093068350890654,-8.115924187,0
3.628734783398126,-4.771747975,1
1.2361039236932276,-0.409207669,0
2.0102903352460286,-4.55101434,1
0.7273898185727228,-1.213555957,0
0.7996482915453984,-8.306991498,0
1.6897145442988577,7.280487823805878,0
2.1862375457930794,0.9167739868055769,0
1.5812642612331653,-6.300265475,0
1.5820308689294582,-8.790489503,0
-0.856076073,-9.826939433,0
1.0119627989447373,-2.508447094,0
-0.127313697,-3.34050202,0
1.5291156145013622,-5.395682796,0
1.1384972535764675,3.2562407489910576,0
2.148580994084508,8.636462571,0
3.9840004515366703,1.2497147097264616,0
3.042805647410721,7.491428696466855,0
1.1968356803414617,-7.787666316,0
2.343302198066829,3.0045773253443446,0
1.6282501733811439,-6.666937847,0
3.2779032219995807,7.793708141387704,0
4.306839102576808,5.918850504892797,0
2.7923512261824044,3.3865135656235683,0
6.700946649976993,6.346235418149675,1
0.9346580828257413,-1.541788221,0
2.981547278533751,-7.11089293,1
4.500532866054157,1.6507637293414312,0
3.431639913624325,4.742680109647635,1
2.127766379896507,-5.964975031,0
1.5486628815281567,-7.57509071,1
3.491919373887886,-5.54924515,0
0.27884923077363444,-6.996591004,0
1.4930191600864942,6.261624061056317,0
1.8957126256989305,-5.963135654,1
3.451677381007409,3.850327276813424,0
2.8554204733633037,-5.209823451,1
0.9367068473997507,-9.499357837,0
6.287683328539508,6.869977490137561,1
-0.149817012,-0.649764476,0
0.3097934182547101,-0.26445508,0
2.0450313229962847,3.3342393801594046,0
4.319435561292494,8.777997576135988,0
0.1524251282184914,7.238338726044812,0
1.861222931985947,4.138504786739361,0
0.46630854293881285,-8.932435187,0
-0.164943451,-1.450797812,0
1.972544693523115,0.4112995058989277,0
3.4401337558631866,5.8353558748573455,0
3.3172003698822885,8.146522641597766,0
4.817523374506637,5.427493723638026,1
2.9824629273307655,4.960351647603501,0
6.072459132216154,1.5401914726023218,1
6.870215735,5.171357314594909,1
1.2418024717317988,-2.488671816,1
3.0977557836496143,7.546646901949309,0
2.1312645344120904,3.7734006957225255,0
0.7642493440399973,4.663723348022442,0
5.716607544358322,6.393178399881716,1
1.7905507476642089,-1.355181608,0
-0.355323846,-0.991155021,0
3.1143018889834835,4.202022600240465,0
2.5496829076473224,8.307912743701348,0
5.918235459631814,5.112952502921786,1
1.646719935647901,2.776832625392469,0
1.8283252463459314,-3.813685226,0
1.0657936360149107,-7.026738107,0
2.9444719008455533,4.702851989748467,0
0.7109404816242404,-6.588158072,0
2.1373475349755333,1.5043884605815432,0
2.6797339061048606,5.449420354739855,0
-0.703195356,-8.310982482,0
3.233826513422767,4.230658035214034,0
2.6383339669910084,-5.619338259,0
1.903349213648672,-2.004216696,0
3.6686134531136996,3.9331995996888747,0
0.35615025555629365,-3.620262372,0
1.389866161313261,-2.723430382,0
6.3576903452785425,6.622993969770565,1
3.867829284179732,8.582199705425207,0
1.8587839012908902,5.7287864451846175,0
0.13805735403975894,-9.861626006,0
1.553347396618378,-9.616096884,0
4.347918930978716,0.8883575616763437,1
3.1319532983402554,-0.612795717,0
3.4772230089638434,7.819546946658605,0
1.888612471105159,0.026979272022121137,0
1.0389822744618564,9.631103364679202,0
2.4602251563423767,-7.096131648,0
2.3607157557951104,0.9655458194261399,0
0.8711069692947455,-1.104480479,0
1.857481576055876,-4.73762137,0
0.4610805298151799,-0.722431068,0
-0.888252217,-3.633481682,0
-0.120254996,-6.793444019,0
1.4169178041414334,-3.039224894,0
0.7515005556377354,-3.772458389,0
2.267493891413989,7.007488714073034,0
2.290769448876958,3.402244811339063,0
4.747740496228155,4.500067985,1
1.5256877490028664,-3.451615103,0
0.57937769,-6.505144804,0
1.022168654812684,-9.318835453,1
2.5407072801065134,-7.745487081,0
4.223720057162988,4.666608015086354,1
1.7974612016597051,3.697640224921537,0
4.490111200312379,5.373970872278761,1
2.7011981399959697,1.3680952691223602,0
1.1687296443681043,2.051326961281859,0
2.3500793467005434,-4.587782651,0
2.0004590860786893,1.695673412180243,0
0.4058917343860773,-2.531021015,0
2.4394944624879655,5.735759443,0
6.050661747591602,8.185111049571773,1
5.748681973554922,0.684347542,1
0.8932578167120859,-2.454463533,0
1.873920702437277,9.015552979,0
2.6525662911730206,5.025106753137772,0
0.084054745,-1.945594445,0
3.8252809485288686,2.160871605112458,0
5.647501122197151,7.005029874,1
1.0987672877142938,-0.445228461,0
0.8088857054416674,-1.110276334,0
2.139558305043686,0.9627095237217116,0
6.561804086128296,5.478804462629565,1
0.5112779821195157,-3.427956049,0
3.125420606591296,-2.092806358,0
0.49084181439845775,-4.511895401,0
7.092246806628133,4.342656158588454,1
3.4106025933130706,7.692110403846989,0
2.4907080392801695,3.289382232910423,0
2.547307401617698,-0.345571816,0
2.9206364861292977,7.844652181040587,0
1.668644768164317,1.7235107830845227,0
3.3265325376755164,5.1180853700123325,0
1.5984523516515923,6.237841058093036,0
-1.042736308,-9.86058199,0
1.0220637021157402,-3.401380875,0
0.01354882,-5.500932533,0
7.0997829532510925,0.010769933242407603,1
3.1778990577964814,-3.008460524,1
1.194174717,1.2064356117788009,0
1.179865173194242,-5.740046173,0
4.1677898353278895,1.6671550498707237,1
6.748812188666568,0.21583960426110593,1
2.3157379192012657,0.9527825230996179,0
1.7013358484023358,3.877055571314953,0
0.8593802637887907,-9.606406906,0
2.296812705918532,5.443942506073725,0
1.9327382034139573,-0.625154188,0
2.580171940675074,0.8780752554239051,0
0.5872011840199034,3.8959746401106834,0
1.9011365577189134,5.896231427348413,0
1.9913922256162016,-3.323506916,0
2.333372865990225,-1.525988237,0
1.5358198894827448,-3.00252981,0
1.0565449636204773,3.0485519296463632,0
5.218393197040339,7.459001459333432,1
2.434408537394709,-9.971984947,0
4.731685882611778,7.719707331267802,1
0.8278054407893733,-2.628433799,0
4.418995076474417,2.218296993330309,1
4.647823436,-7.460927223,1
5.477104036181364,3.750775056994547,1
-0.11808252,5.331236996236633,0
1.477780415344097,-2.330052769,0
3.166685458985488,6.823183009,0
7.011961678099886,2.3636979435711574,1
1.6950351195103566,0.067631364,0
-0.783828959,5.434540469228606,0
1.041202186108988,-7.408515731,0
2.6424097313982706,-7.303024537,0
1.6791073204779146,9.23962152,0
1.800648524822093,9.324502023181147,0
2.7732858528888498,8.485063040988475,0
2.9125620707777973,6.388899857855861,0
-0.241673237,-9.946286025,0
2.097206735539519,-7.740156887,0
2.3643318240811473,2.781237573440043,0
2.2777025863991978,-0.42093609,1
3.309847692048835,6.1080608686696785,0
5.897870637486104,8.592116879154062,1
1.0239312905194886,-7.306212409,0
5.157093238152195,3.4893151015464205,1
1.9351876697637846,5.067637373,0
2.572761590351332,-3.447771831,1
1.964419597729547,-3.840395564,0
3.656688661,-3.480599001,1
1.9934218468692935,-5.92285767,0
0.9330398743954833,-0.316025498,0
5.924820784352019,5.7406244131749915,1
2.9758380492504064,5.528227540150652,0
0.8663669819300156,-3.525191949,0
3.0457730451631324,-7.236938869,1
0.1281317876268404,-0.305264569,0
1.521275414065975,0.21119651392210947,0
4.919216308785145,0.7492407395007099,1
5.532877425624569,2.4948388533723573,1
0.3391332883378452,-5.755800588,0
2.414208185154004,-6.480551522,0
6.392627555601205,2.858313247275211,1
-0.623517444,-3.974241198,0
-0.220225358,9.180644812849064,0
2.1330221894561303,2.537804433915472,0
1.8037716047899037,-6.31091715,0
3.506969604510557,3.348530474328106,0
0.31439744617758736,9.792088694662986,0
1.845797429669768,-2.039794105,0
0.46745760823922844,-9.480677373,0
1.3665941977505836,-5.826616806,0
3.2999488398398626,4.684000534341212,0
4.712702370071714,3.462745255051985,0
2.919491817328551,5.625734036459281,0
-0.405343887,-0.621317436,0
6.323723219456904,4.822931246469068,1
7.014594303400688,3.915292381835018,1
3.426039699876582,-4.595756092,1
2.3544639776935967,5.714873604982095,0
2.749357169210656,-2.233241224,1
2.1890210874366467,-8.33459799,1
0.7622500106912056,-3.540138251,0
3.3845331191904218,8.845177495000101,0
1.946209437181977,-6.058350617,1
1.0697683851263171,-5.656811966,0
3.5649503914414042,2.4057832645156694,0
0.7230013881923878,-7.48376751,0
1.639132026492518,-4.920586118,0
-0.61872092,-2.034344724,0
3.111764136,7.383854285946423,0
3.0257212044207895,5.950898144761396,0
1.0925027360966515,3.8724418223618855,0
0.3385342829622344,-1.088261812,0
1.7341022420375758,5.966407543550607,0
3.2980326120812444,6.4063435954337145,0
1.0820976962388995,-4.591087787,0
1.8626084663841187,6.176517190376206,0
4.308645737714478,3.974325234158549,1
-0.630622642,-1.173626984,0
-0.41267831,-7.591433596,0
6.105079546305795,5.935740526713966,1
0.9576014623375143,-8.788230973,0
1.383982875822425,4.140003886605754,0
1.0941340516240654,7.495808359,0
4.523447734580005,3.1230888387620688,0
-0.732541184,-3.914431722,0
5.036629710136544,3.442036466638392,1
1.2845305129276752,-3.758135508,0
4.008553153274594,2.7506168462989464,1
-0.669006417,-7.739298406,0
3.3710620170814476,1.3202612007052394,0
0.41132053800711965,2.815295388287147,0
-0.827750575,-8.478076336,0
6.048998228757206,3.950019580053315,1
0.43776653200146154,-8.538147378,0
6.328397533889751,8.891625705425383,1
6.724904704605472,0.4436926032712325,1
3.5687172998205803,0.6158416749721525,0
1.508339745675034,-3.187661691,0
0.7884963748488507,3.981033352534931,0
0.6809229714867537,-3.399740771,0
0.6018368448734288,-4.500312196,0
3.422935549391383,-8.903950243,1
1.8905875300104977,-5.727269179,0
5.352981770508907,2.587437387406485,1
2.6018303165724093,-4.547036845,1
0.2987689023969484,-8.866695716,0
1.977470823086262,3.287203691589781,0
6.938120445,3.062137719837324,1
4.908273718638132,5.560322009296012,1
0.16495507036708112,-6.897126677,0
1.7874713605405663,-5.162814075,1
1.9632765787747217,1.1886446766674386,0
3.760524065514957,2.179122042132132,0
2.0719004324465886,-5.465407706,0
-0.009767959,-2.665525766,0
2.873867781502584,5.751800259254951,0
1.2581503418798827,-1.600854459,0
4.259132184730427,8.952529996206838,0
1.5813551020507108,7.204603112684737,0
5.2360710473386645,3.3887541645594066,0
5.916080931827167,8.464200201,1
6.296327527,8.093396991,1
1.5305128485166346,-5.524914349,0
0.9099814987976855,6.039192762232982,0
0.054432874,6.9162548959859365,0
2.5756671330226517,7.532253648358797,0
1.7068207521497214,6.471614210220515,0
3.280731321518607,3.4771500672011406,0
1.2239357545837115,0.19338442193261862,0
4.1080664729060015,6.653704855366577,0
-0.633426659,-7.163316322,0
3.9515651233897167,-6.616473973,1
3.2083027022119013,1.9551597824669376,0
2.878505208415047,1.890293347198444,0
5.8002977071916675,8.982479369426954,1
0.23531884695322525,-8.109586688,0
0.2712900930492326,-0.966963381,0
2.602848365754364,9.900809875412051,0
1.6581584782938332,-8.315707091,0
2.303486630117966,3.2691344894866674,0
1.0207311099129242,-7.453179088,0
1.5541775565764102,-6.367476406,0
0.7772758702817206,-3.37522448,0
1.2623146740312419,-0.153748037,0
1.4797295905298717,9.322729162721103,0
3.2782208558883057,0.7018367881283929,0
1.7251402756984358,7.216680275766329,0
7.411831085435869,1.1967901128248197,1
1.6450599855866666,-5.746140881,0
2.4840204374156833,-6.211222766,1
0.4636859630710157,-2.969260782,0
0.6769038758673954,-7.513447422,0
0.17466526018021566,-4.172118061,0
0.9891421050399161,3.9101313678197442,0
2.028465900262561,6.349207906130509,0
1.7817193797567814,2.1589884799181576,0
1.8940046440682201,9.351799563318018,0
1.5376899480400503,-7.328568422,1
1.2665140966309552,5.257283599382935,0
3.868718651525849,7.107171920698981,0
1.4506715168752795,-1.513778304,0
-0.233708899,-2.346844875,0
7.100427949115311,9.005007279,1
1.3387496518671211,1.872526323262898,0
2.993556231,-9.859368434,1
6.945352815090111,9.282617278787061,1
0.4131065790938886,-4.917393872,0
0.3326016515665434,-4.995593509,0
1.7548472023719377,-5.286442283,0
0.3504459026558263,-6.705378018,0
-0.755463564,-3.270544907,0
1.5988513185730315,-7.562944976,1
1.5496005491601554,-7.430430352,0
2.8889664139675686,-7.139375638,1
-0.186655569,-2.946250874,0
1.474502434579399,3.4594685637542533,0
2.211937816755384,3.068657268788048,0
6.989677007398099,7.117528344,1
0.5079237830455069,-5.073033407,0
0.5923298726113584,-0.043429557,0
0.8982762214343328,-0.828779409,0
3.0013726007969863,8.549400775119196,0
1.885265563680888,-4.493697949,0
2.5445029503682584,3.6924994732123437,0
-0.521665122,-5.407430386,0
0.24017282250019711,-8.994322867,0
2.117990128212493,-0.31058798,0
3.0217950033683065,4.232014221086295,0
1.7477728888958857,-5.434565351,0
0.9008561616253437,-9.870438071,0
3.4005379788684493,2.4522702560047787,0
0.7797841213610525,-1.842837893,0
0.37932699490213795,-8.222795367,0
5.158519073606372,0.3903445024242238,1
0.7190679417703909,-1.474834665,0
1.0525345100417176,-3.630197319,0
1.5594614938009406,-3.545121282,0
3.0000289031948415,1.978985988822643,0
2.608554363692907,-7.919173697,0
4.206042482796275,1.2746489499536118,0
-0.237363694,-2.289548459,0
1.542921934836374,7.606508779286614,0
0.018556601738313305,-7.813793125,0
0.001623218,-2.968475085,0
1.8319503749025603,8.58358067,0
1.8953417514017796,1.7237095729505807,0
2.1830164612095437,-1.543921149,1
0.16321090389341575,-1.458923,0
2.3493564287713053,5.975587086,0
3.440622373356561,3.4627643755439497,0
1.3070669260633234,1.4840497200494003,0
5.170008464273501,4.026707309114965,1
2.181590769132822,8.328150615901286,0
2.2060929413457497,0.6829351713101488,0
4.504184239975552,9.413723585453095,1
5.797315832606946,3.662748893126457,1
1.936165542132873,7.785232484,0
2.483748358092039,-2.820211063,1
3.040261025051611,-0.336555588,0
3.8620346071313176,0.697119057,0
-0.697989835,-5.85770536,0
5.2347770542399985,5.861723427,1
1.933235239510856,-0.734005618,0
3.7124465508152404,-1.877981315,1
2.247601206747097,9.250627498306944,0
2.4836113628140093,-9.149478313,1
1.7134113284605221,1.9854625874058502,0
-0.017499041,-2.338050898,0
2.813169562750922,-7.54494313,0
5.726850818169532,6.978609068424191,1
2.235156322393424,-4.122706712,1
4.461370148119739,5.680057091,0
1.7472751111966391,-6.460306051,1
4.2008529104103935,7.656125624,0
1.2632234125300794,-8.313013532,0
3.1799817628925373,9.082165072476755,0
-0.133117027,-2.132584524,0
3.876497672877628,4.678540698676624,0
2.582184469,-0.535729385,0
5.563067041909831,3.6465418194967842,1
1.1542714798476281,-9.548179865,0
1.4007975362873104,-4.795898031,1
1.7066488176601065,-7.351256826,0
1.5768367682172033,-6.61811543,0
5.149687635852265,5.182707846349748,1
2.484332333851186,9.310557925671517,0
5.625008662295407,9.736017483489633,1
1.8887723251689408,-3.191823867,0
0.762284473,0.6186935227108492,0
4.242127237317442,-4.878994054,1
1.8836884759591057,4.087814150398266,0
1.0109777729338445,1.5268654139995093,0
5.574026633617502,0.7186160075972676,1
2.549927209554848,7.011925741721136,0
2.212964429072295,-7.598806475,0
2.716746769947658,-7.679678099,0
5.740017940950626,8.269132820730896,1
0.896192907,-8.65156293,0
1.6412877599144184,-9.249005347,1
2.666770524992022,8.399992330693998,0
1.9340283122566695,3.5681825644580627,0
5.9255212491482565,6.709810529619482,1
3.208180993959127,6.619500812345834,0
2.5945121141814123,-5.405925321,1
2.184440718491743,-7.358284376,1
2.4329987378866607,7.080182023453286,0
0.9876385951765975,-2.441528788,0
5.703860216363902,2.526943852,1
2.9414274555943045,-8.307295753,1
3.371400738209338,-1.940482172,0
3.5138997704978916,0.37922464250816645,0
0.8397823595861503,-9.978006265,0
2.8461464176171427,-9.535996906,0
1.7745782951043028,2.929449334464385,0
2.0253213995300743,7.355367309782167,0
0.15262943985731037,-7.685318959,0
-0.18359481,-7.062768743,0
2.677894098155959,-7.278786103,0
3.937961749345937,7.526449487943015,0
2.3178961717991067,-9.845609306,1
2.648051695642771,5.057810505296047,0
2.0986113779602253,-4.25829321,0
0.3276628976860496,-7.405689632,0
1.696673537024559,-9.831308398,0
1.9135583195520893,-0.452286661,0
2.564878675691604,8.807841913867623,0
-0.504903378,-3.48995103,0
2.330651285550003,8.063684867592649,0
0.232340182,-2.730535757,0
2.22029006,3.5621008418940328,0
1.5482259878981384,5.9417743681120605,0
2.2566739501205904,7.815172389126602,0
3.3799256791075125,1.5132179312288248,0
2.2955220053048775,6.260019007084576,0
1.274862541997173,-5.321894276,0
1.8063135862452822,-1.84666962,0
1.4960241222896509,8.958227743859382,0
2.1882771253465743,8.113988792,0
1.496581602467733,-5.163304159,1
-0.061405318,-2.773992688,0
-0.151294549,-2.94236218,0
4.061368404991008,1.7019714580607435,0
3.236671831665929,-0.380141411,0
1.6869510196477757,3.253148649134035,0
2.6742891682619025,9.218214931890994,0
3.433422961448846,5.670974651515891,0
1.0771984964317403,-7.730923577,0
1.647959980969754,5.220009533828446,0
1.8492937394063418,5.788463699608432,0
1.4422630989170229,-5.570682099,1
0.5239410908401098,-0.970581585,0
1.5754429478328609,-5.45494439,0
-0.409876204,-4.285482085,0
5.896239451813481,4.527460950265478,1
1.1709108815262117,-5.41145883,0
2.5740586547293174,7.604497669129525,0
2.544665770129638,2.1370325065020186,0
2.5006202013986334,8.993231796152461,0
2.9662244471142336,8.567166378140392,0
2.291890198,3.385236807504599,0
1.2478268202679492,-6.152579384,0
2.7119015756496023,5.2376432457165585,0
3.085722120251713,1.9447795575871911,0
2.288711289068429,3.305327730125713,0
1.764867428861848,3.4797390120505476,0
1.2536026069460482,8.063389885828489,0
3.569630671344248,0.03169321,0
2.6556451951710938,-6.294804765,1
2.6834480128048885,0.6076803697000841,0
-0.163851268,-8.070658556,0
3.112022468,4.624289705640134,0
2.020701045816346,-7.511636257,0
0.8532610894392858,-9.277732222,0
1.5583935593919214,0.3852308522595642,0
1.0002215039802276,-1.767434911,0
1.6130819452276204,-3.564721337,0
1.0669231461521869,9.327547587580646,0
-0.273132812,-8.698196941,0
7.234567098547897,7.695285048673238,1
4.058416035327022,0.4052672304660039,1
0.4428588484678122,-4.895580652,0
1.1964295963640255,-1.328758326,0
2.570980225725194,-4.654046054,1
1.4930788961914856,1.143404465528361,0
0.6736353649432162,-7.535277982,0
2.0288498673225486,1.542613200340213,0
1.1440515346747575,-9.196166987,0
3.8483820808771654,3.0540215178386116,0
4.790495263401553,3.5283306564823143,1
4.028017536116522,-5.556052651,1
1.0663214380407124,-4.493307644,0
1.388641081981555,-8.416247573,0
1.0135088758009574,-5.887860328,0
1.3545623337648163,-8.73135078,0
2.368633084094774,-6.573622303,0
-1.043084477,-7.47486464,0
0.5656263004926267,-0.015168718,0
1.4200481916183632,-2.691509673,0
2.5591967894625203,-5.344613169,0
3.602884755601795,0.7980958472918598,0
0.8674137560403548,-7.961461147,0
2.3375051603831882,3.178343114716771,0
1.8858503280183139,4.756787263830017,0
2.1557857225306734,-4.992957752,0
2.873005864747636,-1.961531559,0
1.248990929,6.9456577514570235,0
1.691420524230998,1.1189959534932044,0
2.624619564769692,0.3731541442133235,0
0.32556090856040276,0.3610460776884814,0
3.2547265854091796,9.081006940587354,0
2.535013625263528,3.683924204789786,0
-0.207121974,-0.301097316,0
2.214794417407454,6.886824276075192,0
-0.007859022,-4.121336222,0
1.4659748627393867,-4.225026235,0
2.132022300894457,4.168952847098158,0
-0.087400556,-4.701153044,0
2.3907563769631563,2.0483048848385614,0
1.5954819740030288,-2.808388803,0
2.1919700187136666,-9.683132221,0
2.439967602309056,-8.57263365,1
0.24771021291200723,-0.1913973,0
3.0452200178067685,7.166563596178655,0
-0.393370315,-6.297021435,0
2.5690127488005245,-9.773571685,1
-0.002529763,-7.319746785,0
1.3502728806916575,-5.133538362,1
0.8771341221479253,-6.9376209,0
1.5092944174792364,-8.409298088,0
2.2066346484375288,-3.268172269,0
1.7024785792859232,-1.163245372,0
0.6031536710008025,-0.946127943,0
1.3686635879318263,4.942180863790133,0
1.9888853312436114,-9.657512815,0
4.814687983367753,0.6975298114144515,0
7.149225392972321,0.051372967,1
1.6306585681231838,-4.006860409,0
-0.619053381,-1.326117744,0
0.9003979845909166,-8.320394819,0
2.771026485341068,6.842771772473505,0
4.638510086333804,3.234050338518424,0
0.3358445451234282,-6.071403815,0
5.407516955446614,9.934262644985733,1
2.9556038233377357,1.447950970810874,0
1.0968711176150736,-3.934986541,0
3.160380947795677,-0.281854055,1
7.733144891207263,6.848803294595772,1
-0.288112853,-2.756568429,0
3.8189627578565286,7.056602087653612,1
1.856873634625991,-1.676728648,0
1.7745913458713503,-6.880309449,0
0.071655787,-5.84003105,0
7.061312562412817,2.7812725626453734,1
6.288254773980399,6.504319109392984,1
2.962433868614894,1.9835099181119116,0
2.1956373151499484,6.191116411524945,0
6.372747698075066,9.888822851838349,1
-0.102942928,-5.391883956,0
1.348252213649981,-5.373139906,0
1.0714853277887892,4.200638153822432,0
0.8820560954380945,-3.458120474,0
1.8310332986637785,-9.465622829,0
2.783071831,-7.212775986,0
0.2380935526179947,-3.059827386,0
1.0898235604203514,-1.074283327,0
2.101526928528698,-9.377105685,0
1.928517964754889,3.4518147261875285,0
2.917147671635386,8.645647015,0
0.16473418286312835,-9.820948537,0
-1.273233542,-5.531611257,0
2.4841156447175416,-0.907876243,1
2.5357330081844855,7.667159888902226,0
-0.42651649,-4.09866417,0
0.5579918573103693,-6.517155072,0
1.4976768427014517,-2.890046485,0
2.714944864692746,-3.494567301,0
2.587135576145692,2.5489423076602264,0
2.615357069,9.858034263,0
3.5062909616768745,-0.468045902,1
-0.084908892,-1.884497339,0
2.4196459196956033,7.011871159,0
2.727924027299951,7.068566191803207,0
1.7750352907681324,3.758539878180713,0
4.147405069763618,4.018087781836803,0
2.270136645615693,0.9229731895835123,0
2.303796659,-9.4197763,0
1.707222398065243,7.120598178849864,0
2.87993252,-3.057783153,1
1.7316077032706354,-7.643327839,0
0.13324850501828234,-1.919983213,0
4.6744577256886775,8.693116958676676,0
3.935978294181287,7.948175046268805,0
1.222802455681679,-5.567028596,1
0.49332105857894326,-7.598183278,0
0.9218344340726513,-1.610914721,0
1.2579155666840958,-1.775647799,0
1.2941039739440114,-6.452442024,0
0.6023422593689423,-5.241649902,0
1.5898846060161809,-9.289402223,0
1.936396214120239,-2.047816812,1
3.163439500413336,-3.036024348,1
6.988221528369079,5.689718200855591,1
6.801265572441498,6.307166803506242,1
0.22595884338704575,-4.893704381,0
3.2531295256619024,6.806336103001151,0
5.720687964680414,8.770048617874405,1
3.6209206991758993,2.7726654813188656,0
3.6331270029396383,-4.738527051,1
2.027524615855298,-1.724706435,1
4.852641930759811,1.073435391641686,0
1.492064622567388,-1.346324844,0
1.3920897378335826,5.051323367819297,0
3.649654631638407,-3.793354661,1
3.6884873430766256,3.7354016184793952,0
0.7507029411253272,-4.675335138,0
1.6635909773595965,-6.485340409,0
1.6041291170185703,-8.352885914,0
2.3982207399599895,-0.178184898,0
6.970237239952833,3.9906577154562797,1
1.856686513594965,7.569519968123323,0
5.550454529150398,4.757862047020588,1
0.8618697621367845,-7.727147807,0
0.6120513017131037,-5.185251725,0
3.285099949,0.3780149110458293,0
3.4667874892968698,4.414875997871057,0
6.104227279916342,2.282952361217374,1
-0.38915906,-0.178726378,0
6.549302840915142,7.602812213,1
2.697195109802679,6.876768576025285,0
6.404651871994411,7.934375335660739,1
1.8550201622917637,9.827499217166164,0
6.535518765640351,6.922261809180316,1
2.725807114,-7.498978315,0
7.748494858561344,0.015815616,1
1.9787850590478515,6.457852674455285,0
1.1692291228198106,-7.101742782,0
2.0687118217349307,2.4089833903729403,0
6.063699297154113,3.8223510922622506,1
1.466680912692031,7.976617101,0
1.0910741707282798,-7.529330196,0
0.9693744734413534,-8.796112708,0
0.5451321171213732,-8.156570318,0
2.952254932,9.829993449020847,0
2.382662387278573,8.171338311414402,0
3.188946200605705,3.279349337920916,0
1.4546985940545218,-4.839941773,0
2.1095105168873074,-1.162163412,1
1.5006289666202637,-1.458662516,0
1.6904090249690487,-6.16183189,1
1.982246632434925,8.878236565908008,0
3.5550541364607318,2.467733839613306,0
0.3696408467911033,-9.391344338,0
6.349365485628521,9.968793718289433,1
1.6856207680225812,8.825358540675065,0
0.806574536,-9.056334007,1
1.607546553080528,-6.821385413,0
2.2961476457539973,-9.172566199,0
1.9571653521489716,9.809673594034894,0
0.7667857659940748,-9.934142939,0
3.8265688523031782,-5.463539567,1
1.666286537262415,-6.502793387,0
4.928049951255323,5.161896887131709,1
1.9149283694728731,-3.712379291,0
3.8225508472870318,7.614775091873888,1
-0.26081417,-9.521001487,0
2.868099604611987,9.959495712954041,0
1.7493717563463835,1.7227447619668705,0
3.177766158682366,3.596889489938526,0
1.0377680345817566,-6.723265082,0
3.2484243133217654,6.524355564,0
3.4484642627636193,4.122760290852845,0
1.7588309560619673,-3.514338922,1
2.071571319732805,-8.671140962,0
1.937169413779242,-9.876112066,1
2.8133045058757773,7.276181772510345,0
3.372989232689125,6.344751013104354,0
2.1424363505933752,6.165063257,0
3.5044950170893667,0.17961741963961764,0
0.5688442467672947,-9.716267022,0
1.7541523276622766,3.342809994031022,0
0.9630497465918909,-9.637367746,0
1.2193839178200125,-4.833176534,0
2.5995060795460914,8.038445536316228,0
5.957138274346701,1.9823422258944046,1
2.318408407405505,-2.299583077,0
2.8211463369891203,9.981633451418446,0
0.08841631,-5.001158714,0
1.4962155799209338,1.923187282795018,0
2.1664896914365652,-2.316098279,1
2.9657749304730605,-6.105333918,0
2.2911615563121663,0.3173590332315772,0
2.5493680363515994,7.156719903349462,0
0.41072035452269506,-7.662042211,0
6.718416835078344,7.958572558002029,1
2.2936083719533245,5.620562525440956,0
0.8528245457683568,-2.023945768,0
4.222917932592469,-2.608347001,1
3.875126029524628,3.7591773908437887,0
-0.478462297,-7.961161793,0
2.349377079907019,1.9607854829942877,0
1.2241835269924655,-2.726599002,0
2.2477136124976513,4.481301796006802,0
3.1913417744141785,3.484357299454235,0
1.755514444408049,1.6233661584599908,0
2.1200555619227486,-7.975459751,1
1.9469912217142957,-8.953744744,0
2.351677278123831,4.172145659514982,0
6.202880288,6.830264745537626,1
3.3494348923675235,-7.743007223,1
0.12281047833986114,-2.881924615,0
2.2004712814541194,5.009343015127442,0
1.933271967251886,6.6403073028847075,0
4.900845713433012,0.2232808120769718,0
1.2884124819307423,9.136025531,0
0.36886256209877566,-7.810331529,0
2.944843983698137,-9.876733536,0
0.14513859669015772,-2.668968995,0
3.254333287633981,7.327393515248222,0
0.22678786788849048,-3.578147601,0
3.5324373388251575,-6.354780505,1
1.9691507020898373,-9.92308399,0
1.129575934288759,-4.335106321,0
4.127736205872312,-6.649253843,1
1.318675766444564,-8.324708186,0
3.445409726184386,3.266941430638685,0
2.0071172195634928,4.837065494659855,0
2.1099916679056063,8.919145299137966,0
1.854971714680177,-2.241797403,0
6.594931025979765,6.636837698160651,1
2.286167191172352,7.582965698,0
2.458414449066875,-6.491927326,0
2.564253043300568,2.9268819234406536,0
1.370084065730047,-3.337618538,0
4.087523644250037,5.272992245724389,1
2.124484432697889,0.3282734377535679,0
2.8191658224071183,-8.700813237,1
2.5461891686142244,7.054318584,0
1.6764453183121497,8.594208070693842,0
3.076786187844704,3.5179794962881754,0
-0.345619273,-8.884457151,0
2.7156826454392866,6.426722203719894,0
0.46884539397176195,-0.806883148,0
6.14979957,0.9302750854175379,1
5.272208953080372,0.8915858606616247,1
1.306204310355414,-8.202734035,0
1.9887771774726177,1.9426920694096523,0
1.9385553648498552,7.549756492301491,0
0.7432582521015838,-1.799426434,0
2.570885844684149,1.6890339476029155,0
0.9534125095657574,-7.035349636,0
5.938918930803329,1.4113366122850337,1
0.9489558045909467,-5.041805039,0
6.0585865435274515,6.401676382457783,1
0.5118678480019052,-5.389278537,0
0.9620408288016297,-8.289862048,0
1.184703283091722,-5.046681074,0
1.0454815864627074,-9.320247769,0
4.080398830215433,2.590416715357943,0
2.030567606312303,5.296631028733465,0
2.5311550340405287,-7.232625769,0
1.2052223971295533,6.514700024394671,0
-0.05752749,-2.492763912,0
2.8044663102333063,-2.346036746,0
2.754476130573636,6.141942364553181,0
3.6011331837727427,4.630386940975438,0
2.0337613700848403,-7.114586395,0
5.369742592860844,8.779616258092947,1
1.139092012801227,3.262887512561843,0
-0.4955999,-6.085044249,0
1.5677258447234288,-3.901692777,0
0.9048401851026094,-8.068663714,0
1.296857920063443,-4.245236133,0
2.5167009855677174,1.3757754565240283,0
1.2231206010503843,-6.907454446,0
1.559060329685819,-4.65038508,0
-0.316157789,-1.835508664,0
2.6317112664979145,7.184214939,0
1.4602612020063148,8.042845435,0
1.957032458869737,0.068141194,0
1.0428372545701226,-4.775510042,0
1.0043100557347175,-4.62509606,0
6.3101072805252105,0.8863794644998801,1
1.5135657041548893,3.2815976057207425,0
1.6839137543872864,3.1398244869527083,0
4.907367913758239,7.907516978559201,0
-0.191649146,-7.788844985,0
1.4841370690567264,6.453332894379795,0
1.2374225621585924,-4.323332052,1
2.129237032451956,8.862527400338337,0
-0.255788884,-6.130741247,0
-0.240669546,-5.60692931,0
1.726116964364627,-8.15980231,0
5.490390511755216,4.745677528184832,1
3.0433220342001364,-1.443645885,0
-0.106832618,-5.351162973,0
-0.055090028,-2.409109567,0
2.726839649815939,5.330831758154389,0
2.5008001528546404,5.908846796670167,0
1.8906804896177731,-4.772394322,0
1.0772024156712763,-3.538306437,0
0.5976247081614727,-7.747162719,0
1.9554369440686619,8.247930592208046,0
-0.140682038,-6.016703096,0
1.213874139938335,-0.575043832,0
1.059757006053068,-8.400573966,0
0.6511250670682933,-8.521640377,0
0.8793587720351108,7.221268702981213,0
3.0240288914589453,0.127697842,0
-0.922186269,-6.268177666,0
4.546274746799529,0.8007345373293351,0
1.756821461,1.637996071744448,0
2.763666242590062,9.450945580630922,0
5.551592818351741,8.864863474,1
2.715322085906477,-1.031637831,0
1.5896334749840744,6.814282382744345,0
-0.841675763,-8.607251211,0
3.1820186032476676,3.1281035571381075,0
1.1133538897329425,1.5933066252465018,0
1.6189344781295394,4.706486713065363,0
2.802557521373054,-3.53513069,1
0.1777633606883564,-8.067456692,0
2.2643168727255847,5.236874396466568,0
0.6908896487202867,-6.434215982,0
0.1362938047005764,-4.40647804,0
3.3501413091618972,7.390183131140859,0
2.661713630173356,-0.483999215,0
2.622959745108725,9.042629799619942,0
1.878362406474753,3.3421179306636066,0
1.047542210177479,-1.232484818,0
2.297350148845023,-9.117210939,0
6.753089482846104,4.899931787166263,1
0.6959928253511312,-1.296015103,0
3.6284012564612533,5.7278527469642135,0
2.116115712504935,-7.106209962,0
6.128522999335255,7.677323427414024,1
3.612818800071826,2.0420650076747613,0
2.929136683421779,-9.441901951,1
3.208346079232822,9.456261798325304,0
2.305545363577588,-0.884983277,1
1.7556472088577275,-9.05199744,1
0.6681097803761129,-6.027957632,0
5.248844064365627,1.9628760704357244,1
1.3653747188551104,1.0713663213613387,0
0.6645828541432877,-5.773317973,0
1.8743177303370913,2.2771070334697203,0
1.9844212063778497,-0.017505222,0
0.7037581188527127,-4.324936383,0
1.8881903724977542,-9.216106247,0
6.744359917115137,7.276664391580944,1
2.3380457591433617,0.45410894016845127,0
6.312716257266326,9.121314874465224,1
1.7109258509509586,-7.653209863,0
2.0049639784708337,6.683819396472842,0
1.9938373580786153,-1.840861712,1
2.725590223560326,9.399087909932856,0
2.4956108515843347,-7.836793763,0
2.811684108,-6.533760899,0
6.118243119783176,0.4207595910748232,1
1.976631093786341,6.847449302997429,0
2.575833229853147,5.334191456116388,0
2.9688302076403783,-2.334176338,1
2.131088185423533,5.340198475874637,0
1.6546579683018943,-3.137295011,0
5.344755117,5.757375463,1
0.122447066,-8.424357915,0
3.8468807610547096,6.274244841814017,0
1.7481200717597067,8.085371894127277,0
2.3559505041879123,0.5644335397388627,0
1.6185114684650315,5.095096486,0
1.9903213285213228,-8.921314691,0
2.309768253251884,3.4288284286173685,0
2.18838076,7.459907401608177,0
2.3623096451623242,6.411225571,0
2.2138239204799803,-3.85792586,0
-0.527669981,-8.709361145,0
1.6953368381568472,-8.152444121,0
1.9418607544393396,-4.651134996,0
1.0816682939787419,-7.980541906,0
-0.308481918,-2.089473957,0
7.314444636945459,5.341377681364005,1
2.6981889486264548,0.18938701731488194,0
1.0393711338777922,3.0861722643916263,0
2.9544727969321336,4.288191412616776,0
1.733471099735234,6.0259638258540065,0
-0.066817659,-7.346605326,0
3.187895343633291,8.355428474043634,0
4.946146881,1.5666878654317706,1
2.002059783035047,5.464877962560644,0
3.1557405406755525,5.538371517115344,0
4.044381897839262,4.475389225481212,0
2.4682792463636494,4.357680309962454,0
2.8670561352669393,5.537351608093445,0
4.987941181004411,1.1681274803502184,1
0.8953253882939554,-8.409905254,0
2.4423123718762563,-1.245816611,1
1.4008430034946615,-3.984574831,0
1.8940879310251963,7.088724491500823,0
-0.192007092,-1.84145456,0
2.099074005109793,0.05308714,0
2.747990891201223,8.496881500530897,0
2.975035473475542,5.878031064810525,0
1.2238461390375175,-0.988322238,0
1.9063771413157662,6.406924436980773,0
-0.311761677,9.141961077947691,0
2.445512754997484,5.545578677001412,0
1.4028482447775508,2.5600723631287803,0
5.617619228266886,7.4487731483178266,1
2.446064422,7.877363940844493,0
2.1658620138805684,7.106669185166567,0
1.3324708415342306,2.4672854274486244,0
3.0343457970900864,7.193160702619565,0
2.161663527807434,-2.640951594,0
0.7450913886962669,5.854812878487255,0
-0.815444494,-8.73757147,0
3.092985526329199,8.030115051,0
0.16499500938303202,-7.2951553,0
2.2685636039755357,-8.030807501,0
2.9081375783450065,9.968163794215592,0
2.9473881544200573,-5.236678014,1
0.4710746779359739,-9.987184967,0
8.081452933624135,5.177155375461789,1
1.9559691112332307,-7.762264678,0
-0.163408895,-8.61350871,0
2.7423195966245095,5.339871284439539,0
2.345722361506126,5.421726072388584,0
1.6427980777654947,1.1038319074828173,0
2.8294371269789185,7.8070721795929074,0
0.177231643,-8.346294989,0
2.0453042054320605,4.642964162569905,0
5.879222018210616,2.2022725362824946,1
1.056049507299861,-4.538491122,0
0.5267509980626379,-7.068847436,0
-0.292241822,-3.425853898,0
-0.401061745,-2.294492122,0
2.779067100345004,2.9887708970082283,0
2.5221920355359755,6.051530506526326,0
6.5538889,1.9255118214383504,1
1.3785855773001914,9.661220938783675,0
0.7754857526340421,-4.62732909,0
0.6321089526371566,-5.083005361,0
3.647725215022025,2.093967437009434,0
1.9659136138638766,6.427259253429845,0
6.704138421934247,6.621690987749034,1
0.5094858256468984,-8.154753057,0
1.6761314831571208,-7.592255683,0
2.2696924490147943,5.506922258023636,0
1.3862453228783673,1.1422628038132778,0
1.1730525508923901,-7.02129176,1
1.4162756489277015,-3.383182524,0
2.726730206900227,5.187382505062391,0
0.8630592052507762,-6.555985497,0
3.2413222276304463,0.045651047397281985,0
1.776070335387594,-3.072708829,1
4.430601695073996,2.9243133057653363,0
3.150560586927477,6.786709332807895,0
2.3888285169241334,9.563595031276996,0
0.6554535339322355,-9.713770756,0
0.4805469757226287,-6.281278069,0
3.176003489126434,1.8313492438604086,0
2.6732918355458732,1.0519064432781082,0
2.892400724627196,0.4962920503096253,0
1.6536231179044907,5.280066553,0
2.708082342064522,-2.59845862,1
1.724070178031431,6.653584686003342,0
1.1291138880018197,-7.252908044,0
5.011393930222563,1.9862490070406196,1
4.890388993633258,4.029975074271572,1
6.659049046049645,0.5949370179291087,1
0.8258040672629838,-4.115956242,0
1.8275987277869712,-5.205823361,0
1.0458989791913689,-4.429249827,0
0.945950126,-8.946092805,0
2.8740832735901387,-0.94878433,1
-1.473802097,-8.920805661,0
0.48929470222936244,-9.573967842,0
2.9760837213355233,3.8108330987220373,0
2.943005681448064,-5.485254946,1
5.235214250382624,1.1018411815360558,1
2.5692465606607646,-0.785180126,0
1.8300981537968424,7.553237030400982,0
0.8665762370502477,2.720015089059327,0
3.922205899609007,2.9837626976295866,0
0.9032304698358731,6.9189343709203435,0
1.993481859822276,-7.315157694,0
1.6887193859360679,3.7709666610625074,0
-0.213430361,-8.724258495,0
1.1198277993101637,-3.164526278,0
0.9635337243056563,-8.183622411,0
6.047531097415461,8.516690488089509,1
2.4956308670376215,6.851351094360428,0
0.19941412767320932,2.577520575072459,0
2.7370316389789613,3.616252591984848,0
1.8454842438591343,6.624799288204986,0
2.6321857792297485,9.184332207225367,0
2.6869022383914793,7.789265561444623,0
1.2012467513105087,-5.898312426,0
1.3223585180762942,2.9637871476415434,0
0.4130841933923338,-0.61891703,0
3.434148169773662,3.5920766386203518,0
1.917773761964729,7.502076643,0
0.5865911016005494,-3.948784968,0
3.0876687688414637,5.751357757570247,0
2.413833049337618,6.0136294306997655,0
0.033524046266851126,-0.198245921,0
0.5167503529965076,-0.664655543,0
0.8866870091961079,-2.342836168,0
4.496147542904983,8.118848625,0
2.945003834450688,-0.617284817,1
1.5640055838632612,-2.830607997,0
3.9176734000912354,4.269207342136747,0
1.6674629351685852,0.088843794,0
3.7143843895911366,-0.561759992,1
0.7789030834403882,-7.197876903,0
-1.539704748,-4.90094469,0
2.7603481170446793,-3.138473872,1
4.170764672561797,9.234644498297733,1
2.5017332733784188,-5.672313191,0
0.8505594371858255,-7.498096312,0
1.9778508287714858,-7.009897364,0
2.8378247501277123,4.3047938076545975,0
1.6515340516960126,3.0330467773362653,0
1.2035784287034412,5.536885321366352,0
0.12962091262585396,-1.965171395,0
2.907260745428352,8.299442020535864,0
2.690979400425303,6.873215580151875,0
2.4590172178130802,7.017148952526167,0
1.1724302916331764,-6.818275724,0
1.6588129754453431,-6.481449373,0
6.440243073193187,3.2277840752504723,1
1.3984864960600825,-0.568889688,0
2.818401383691185,-7.450818251,0
8.624504574875182,8.875712403932962,1
1.5387962717611514,-9.145650709,0
0.7117052825831829,-3.373590831,0
1.434209432006703,3.7607222034855337,0
0.8101367113851715,-2.652594193,0
2.513095506979436,4.513407460391978,0
3.717860559152121,6.277758606501369,0
0.4841781703602761,-2.883648789,0
-0.667433119,-3.359097565,1
0.7439402658740653,-4.603808538,0
2.371961491906316,2.5412563024378585,0
0.8937230220356989,-4.952857159,0
-0.426821192,-0.233497868,0
2.767515555974443,2.5420284729478038,0
0.9114838933856766,-4.738441257,0
1.391093906236229,-2.755914441,1
4.7385052159971535,3.033999476580963,1
2.896919365561976,-1.499961904,1
6.882714376901657,8.45137525,1
1.8238898734433846,-1.651202755,0
1.1290628181464901,-7.510380791,0
2.8930035628417827,7.245598734710178,0
-1.094618531,-3.275057357,0
0.7974099334676616,9.154385269489705,0
1.7935978158400778,-8.574889408,1
2.2251412244901596,7.326471631432543,0
2.8191319163649973,7.682978627224109,0
1.2027249999337195,-7.893672192,0
0.3766602656773579,-3.568815238,0
2.662605501468041,-7.622225722,1
2.191319738250993,5.546094612,0
1.6540966875528313,-0.737297254,0
1.3721270131547603,1.1788152923587774,0
3.0826447653483147,7.90728052,0
0.8288437986407915,-9.828917354,0
4.201325085876764,-9.124572322,1
3.4024049120277384,8.417496826233226,0
-0.566914689,-9.277740961,0
2.5243733689819097,-1.625339403,0
2.952574894721418,-1.665553786,0
3.1044849547682043,7.956004724,0
3.1336806649735482,-7.718636164,1
3.0391928424811723,-8.812667003,1
1.1753397058384116,5.107523067847568,0
1.8297319079660412,2.646082627963546,0
2.016037956374233,-0.196352169,0
1.5198429305540424,-5.3679939,0
1.9417075397724075,2.578753495762129,0
0.11399529634413641,-6.449036204,0
1.5790683632620264,7.254013517502976,0
1.4828907923069303,6.0423286205161055,0
2.5176740993429876,-2.288021392,0
2.846680152073629,2.985614577628743,0
3.525024631838451,6.2107872521353364,0
0.7532137494354902,-5.995505927,0
1.653124755423867,-9.446242053,0
3.4913339760488338,9.920701522880137,0
1.865395957766367,7.833430136129341,0
1.9716821357383314,8.901736089666045,0
6.817391596224612,4.526099199909172,1
2.181101262499809,-0.353210716,0
3.805279196750294,0.9829621960313322,0
2.5514190069824165,0.16948023157764958,0
4.134084911620038,2.8591583586009897,0
1.0771411037400929,-4.088509809,0
2.7305309623833565,6.1544837738945795,0
1.9197586783216232,3.048785652,0
0.6244401725701143,-0.597631654,0
1.1990068947481158,8.770642404617327,0
2.1227486184654776,1.5280477290842125,0
6.336548322750216,6.484355797804032,1
3.049106167702757,-7.923891178,1
3.4163415176401513,6.2447730055849355,0
2.0722038657971047,-2.317215587,0
1.2039997468312553,4.2694712971550715,0
2.195150879822088,3.420648524011229,0
1.1689095195297112,-0.021545603,0
-0.99775694,-5.825875063,0
1.0593452862121189,-1.614623148,0
0.8490698156931632,-8.926212282,0
3.2938253350730737,-9.171879671,0
2.7657046812777706,-4.514066917,0
0.7765690155323098,-9.005632362,0
5.314012324190957,6.385794426,1
2.4842936177642376,6.006659688908048,0
3.3301289681936903,2.1512256349416052,0
0.4505574297473224,-9.514330953,0
1.250512380472335,-1.589667173,0
2.9107909218156665,9.263043691275389,0
0.7806835027065796,-1.915300499,0
3.668842502962671,9.254201222282646,0
2.859400112710458,1.6118372217656862,0
0.8878673298929971,-3.109205774,0
2.2619753587587894,1.5569094802266736,0
2.2737893959709874,-5.544425367,1
-1.112715212,-9.196495196,0
-0.275192916,-0.649080635,0
1.0657041138710255,-9.324154245,0
2.5573855118259194,3.641069446841289,0
1.272591036162481,3.2286998411848877,0
0.9561624092435181,8.341684942,0
3.495079041504548,-8.125357686,1
0.8301453734416429,6.3564092279330815,0
1.0384198561788653,7.648713997229265,0
1.9088897021031217,3.649684579772982,0
0.6553309588180014,-6.273677805,0
3.3962516031229866,0.5372672405926675,0
3.189175650759054,6.8633846313940765,0
2.372439839833491,-2.421521534,1
2.6142265496726376,0.40068551223911797,0
8.553885603962833,4.336871300771179,1
2.581043564148203,1.6675081706728552,0
0.6135896247445711,-2.4022128,0
1.153379856696565,1.639285384159903,0
3.3021411308821356,5.030067116516614,0
1.347611397,-9.325929198,0
1.607967716,9.959394416949003,0
2.2741666757935457,-1.220029166,1
-0.126743144,-4.006087728,0
1.6969095936833765,2.588601583560358,0
2.5386479714211934,-9.142836904,1
2.8266341329735023,9.235685463132558,0
2.8434084646799005,8.146250067748731,0
2.2784339893692187,6.469740408762835,0
3.199701804161039,-1.719723145,1
0.8950349082155098,-6.322371973,0
3.7585746211776563,3.770623551412733,0
2.027014765141212,5.512130459466942,0
0.8529293094062029,-5.501666633,0
0.8065651124463044,-6.796415421,0
0.5634334139777765,-2.543479646,0
2.1901489664268072,-9.814042226,0
-0.120045461,-2.388177496,0
1.7017260860847305,4.410906214196288,0
0.1566517425078986,-3.354242915,0
1.3775503245960166,-7.728150785,0
2.1040107451358523,4.4244300759384725,0
1.245102126,-0.724890978,0
2.618026699441884,2.523322971773723,0
2.600666963386698,-6.343075594,1
3.0114767965316176,3.0288096567878924,0
2.127395829609786,8.355293723495876,0
3.9169507785123074,8.983943882098927,0
2.362936803993754,1.2411562938191807,0
1.7474463924337331,2.560477580853359,0
3.750526029931404,4.339913372953577,0
6.689797204622686,4.909755019937842,1
4.830682464851932,7.142107871455497,1
-2.413995081,-7.882490346,0
4.858142045927108,8.741694126691865,0
0.689024524,3.433652796474904,0
2.1845685530459216,3.0014934986698236,0
0.5247688358154289,-9.271327997,0
1.2724018402650092,3.524773418752819,0
-0.682548939,-6.238326369,0
6.250429219900441,6.9992172,1
1.623628641402902,-4.713301319,0
2.5454251580899516,2.2951348318956626,0
-1.762095539,-3.823929987,0
0.7811907662124575,-4.494056984,0
2.5035146492103255,7.657076608959642,0
7.616783079926471,4.180559073488016,1
1.447034297590626,-3.256960231,0
3.500612739985913,-2.951221236,1
2.2127989207082113,1.1221135419329098,0
0.3191980555762788,-2.655137522,0
2.897685134,7.235760463376437,0
1.5421352269589388,-0.229137771,0
9.165496735,8.131840727996664,1
2.135714309880788,5.978485679960199,0
3.4790522578216945,0.323913887,0
1.5325441273623055,-8.555194743,0
5.478930603,8.321778984,1
0.10111245933407553,-1.69924846,0
-0.213357143,-9.240301003,0
3.0445651530323996,-5.685113674,1
2.931506866,-8.577023652,0
4.112403975,4.915204354102407,0
0.5076775657966763,-7.403951725,0
1.5509647752637181,-4.274242403,1
1.9281941700934366,6.760325018436706,0
1.966404179517741,5.511353347604844,0
4.372687395921839,-1.958824123,1
1.5529116590262788,0.4710832659373274,0
2.3992413762669162,0.28703426203603044,0
6.481598534047873,0.5128527283688271,1
1.505104029463799,-0.956531668,0
2.593646601692686,5.45390319,0
1.9263343699269662,8.044921385186132,0
2.719274955425226,2.742994471324982,0
1.1888825249106096,-8.647096025,0
0.34502411165778135,-2.70253139,0
3.129233852286608,7.803366962140753,0
0.8584912979728236,-3.199315474,0
1.142708464292693,-1.981757811,0
0.9050118314225752,6.57425001,0
3.865072280679274,1.1969662184390515,0
0.9043483870202965,-6.347274378,0
6.054980089075259,2.665474874175981,1
3.286582025653262,0.8396765057283346,0
6.758867338807471,7.953084250599105,1
-0.781626993,-6.249095287,0
0.2922022852396844,-1.243827333,0
2.4295646273550195,9.279621100739138,0
2.5990836457878537,-2.534621687,0
3.7041617507818323,2.7906937103094123,0
6.192642246845267,4.752420568446139,1
-0.592820908,-5.721498724,0
5.915768529179759,0.36090698412827926,1
2.7877808766092596,-5.46630043,0
0.5702731629318636,-7.15600866,0
0.14385705784068292,-9.853101615,0
3.177121078719308,-5.211297985,1
1.5305503116280033,8.949953873119199,0
0.8751712114833842,-7.0526788,0
2.4482944305584446,0.8819023867346925,0
1.5961476588686825,-8.491379146,0
2.718251093318072,9.303724085341209,0
2.907814729134496,5.874248992825365,0
0.47475296791314103,-0.272427317,0
1.106512667287635,6.009021632138783,0
1.4109333987023505,-9.545747464,0
2.160231788975584,-3.184746701,1
-0.472128727,-8.017538701,0
2.500418947545039,-6.61737788,1
2.405014548252459,-4.889915802,1
2.1920014509666785,6.913918946472947,0
5.969560329748037,9.192089237501715,1
2.135381166,-4.427801076,0
0.22905003218220465,-4.911275702,0
3.9769739899278855,5.999780515899658,0
2.8692330812171503,2.769694571736263,0
0.9356670442423104,-1.885979587,0
1.353858908805105,-7.782999881,0
2.5841471951677635,0.143138178,0
1.5530720049032176,3.063424845822155,0
2.016489548584044,-4.449067511,0
0.36558732518310977,-8.848021146,0
1.7417854690060106,7.339774221867383,0
1.3213162347287537,-1.003793064,0
2.8660503290366406,-8.714306377,1
0.2730849389923389,2.2935239427490615,0
1.1123065925821942,2.932601796700382,0
2.033529148783673,0.7464841953983452,0
1.5549455888873966,-5.944960047,0
2.936760293332512,1.6124068278847368,0
2.9936763949531633,-7.816153477,1
4.5478267587791965,-7.828256835,1
1.7862349752657267,-9.752333807,0
1.1457325831387744,0.19019890320249466,0
1.6281435310383028,-6.091518468,0
1.838012445787278,2.852921064886395,0
0.5833857175280992,-8.249091603,0
3.2572630185219626,7.954705292115932,0
2.8560364922629575,3.9878586080119973,0
2.748206038025331,2.836686963651429,0
1.5274119320600628,-7.670960354,0
2.109787207619418,5.586308881476423,0
5.5586863795817045,0.3894441696451132,1
0.5128347292450832,-0.07650585,0
4.031987153453771,-6.624837049,1
6.4463632556750605,4.107884421170716,1
2.2463928370743895,5.7135501055400635,0
1.1187686606181617,-7.631423262,0
1.5090945917150171,1.4000951618845203,0
1.304327876728046,-4.918832584,0
1.5772113653465816,-7.455232765,0
0.4411605505108511,-2.964168586,0
2.9026982128301495,5.6189746167671615,0
3.302743212913809,0.4595915791698104,0
2.0218853397510075,-1.809832537,0
4.337489415639678,8.659547094482097,0
3.4566263006047206,5.051328492410008,0
0.8109325860920009,1.2558380504205306,0
5.341735771580875,6.2154633622516045,1
-0.150027248,-7.621555319,0
3.0120516559960953,9.023299079772617,0
5.400929914254557,1.4626182922921025,1
3.2161196013179323,6.574985675601013,0
0.7691167222662512,-4.70106046,0
3.1887297689940923,8.112029360802929,0
0.090312011,-1.502569227,0
6.111261477092761,7.221305253239944,1
2.3532816517198873,-1.710805924,0
-0.769133948,-9.978110171,0
1.7907957993271548,-7.608813348,0
3.164051799495397,9.227605064,0
2.544534103998468,9.385486746677184,0
2.2599573909349635,0.5121761389959154,0
0.7862707075928381,-2.383519217,0
-0.576494457,-0.763714565,0
2.1145369479346128,1.6773050225522557,0
2.7780038056043326,-7.671975073,0
2.5664630641147164,-5.162441194,1
3.9288092393689116,1.4444478631584534,0
1.768096361798319,-6.940059148,0
0.076155991,7.754692181482298,0
0.8784311405982217,-4.543116691,0
0.987687736,-5.368433247,1
-0.226183735,-4.543536284,0
0.582012431,-6.668744465,0
1.6882377752049265,7.047665415710259,0
1.1191404481000597,-6.887814911,0
0.34355687795215595,-7.931742808,0
5.638552636847731,8.394942206290107,1
6.990332674,8.333801006,1
2.0473516957408195,-1.31108859,0
2.252877676868304,-7.657803877,0
1.4067787643467582,-9.335247881,0
4.158499077308884,-5.521902919,1
2.722124423127329,8.616400303703891,0
0.8197410091973343,-4.490254054,0
3.586765934,0.5817927725761542,0
5.192258719997795,4.583015591698651,1
2.1638380159823396,-2.725033968,0
0.6982543268437367,-0.891530528,0
4.160386454904735,-4.761975398,1
0.7127944900704979,-5.196278581,0
0.2295610191073233,-5.811806692,0
3.1278284306529676,-2.829268754,1
0.6517678960820024,1.280706618779611,0
1.539017008118722,5.267282965947203,0
2.6083301382896877,9.587885225080644,0
1.4715712398931617,3.0803166527622174,0
2.901027426356777,1.4221128320929246,0
2.327436915646293,3.445396829536861,0
1.5316150689775108,1.0341468763805999,0
2.9328451480508617,5.732656430541059,0
2.1213527644966863,7.343910231374782,0
2.358774831154812,-0.209202472,1
2.583712417068148,-7.055101431,1
4.271083161054002,1.0830236914142048,0
3.5706923037761347,1.6826676921505914,0
2.9975642956205237,1.667960749289703,0
1.1966962191922852,-8.419943934,1
2.168775353252529,0.742163965,0
-0.224589906,7.953183554,0
3.1471878534185733,-0.4211382,0
1.7344201925197662,-1.582288028,0
5.735823301173533,1.473371855907681,1
1.1227611765578873,-9.834744788,1
1.4778881556061583,-4.945040906,0
0.840911529,-2.518263862,1
-0.100134575,-8.223703904,0
3.198816308008232,4.194192065615592,0
0.35942174271426763,5.136392169,0
-0.39738594,-9.663595782,0
0.11860880769455884,-5.073442456,0
2.3046327994484215,5.045161699,0
4.891745607527862,6.616196648468598,1
1.280385253423936,-6.076279136,0
3.032155548386644,-0.301328508,1
2.573587631043122,9.902178163443939,0
0.2872261668761278,-2.577705384,0
1.5557725118331853,-6.774834938,0
-1.435099056,-7.252038597,0
1.9112782787603546,8.144457869331362,0
0.7937921429797776,6.222869102463392,0
2.308388102105778,-1.297821905,0
5.864183437649116,6.985834027542161,1
-0.541219031,-7.997449876,0
3.3898777047287885,2.306542211627127,0
0.34814288455927767,-8.077361961,0
2.2287873034337267,9.816188690590131,0
1.915860667923972,7.092077786516576,0
1.845232221864503,-7.308352779,0
7.817117198899381,8.311041541122755,1
1.0735310356558514,6.193244702846233,0
3.380447627,-6.585824864,1
-0.089910916,-7.646933113,0
1.8852485222817394,-2.325378144,0
-0.154414493,-5.848849211,0
1.589050192694845,-6.254384854,0
-1.375296028,-5.777820768,0
-0.152586403,-2.636959264,0
2.9054536536229363,4.884331346,0
1.6512570978351278,7.881263004682719,0
2.030092536055487,0.8658157998610072,0
2.8134773540598963,-4.101948864,0
2.9219600954407086,-1.291922322,0
0.843066562,-9.768396965,0
0.21679197802202776,-8.91594205,0
3.601509125854705,4.447284447333583,0
2.4370436656747603,4.755166794,0
1.3781423325657047,-8.534089764,0
2.306267729249673,-4.145450244,1
3.212785798495856,-7.428875017,0
1.2353962388367254,-1.36642733,0
1.149360060499064,-8.622601469,1
5.1219749064758116,2.6078733844624775,1
0.18183845300776824,-9.608534804,0
1.3134923642155243,2.165084229645105,0
3.1366303740549446,9.620917329388796,0
3.436497773738197,9.515707950490714,0
4.282620744230213,0.3872757826140667,0
3.3055562723270144,9.282388548140915,0
1.5673632228628405,-9.951221333,0
2.666745492432439,1.791197171263267,0
1.4925735965851543,7.198414612778809,0
-0.123918388,9.021491218106789,0
2.409737118259144,-9.15704691,0
3.611261577552031,6.960805845967833,0
1.0747788954615871,-1.223596493,0
3.103032664393476,4.666098441419127,0
2.3076878790301176,1.4883306039200246,0
3.0450860907859765,4.298149594527631,0
3.971871357449567,3.017308124,0
1.0991745030701963,9.782059471,0
3.294110732104882,-5.289768621,1
0.548327019,-8.378624802,0
1.730495652786617,-0.851120965,0
5.010482432527063,4.222062850734456,1
1.868681644598765,-0.811742066,0
2.9185108691560604,-9.823153645,0
2.2430591726142364,8.683886804821356,0
5.246747161708817,4.362701284236561,1
0.5326912638327179,8.139539457624071,0
3.2655008343352208,-5.992842993,1
2.9891787915741834,9.359394019419238,0
0.8277106932413272,-4.62899209,0
2.451326958355324,9.974015943945002,0
0.7476701847215866,-7.543694705,0
2.3969315129615896,-0.2695504,0
-0.340453687,-5.252754405,0
1.6764783626587005,9.699312495,0
1.838422951077709,4.106212858,0
3.318943938710613,4.196746667,0
1.0468510871871286,-1.309168686,0
1.0942813328371406,-1.250833866,0
3.0417469455468646,5.439565581,0
1.8151637280687853,-6.115940989,0
3.945461178374676,1.443769252833878,1
1.2653819914204574,2.0601426876504707,0
1.3898065677391302,-3.395476198,0
2.8053392279503884,3.5306855799206627,0
2.3052445898459313,7.959575349974678,0
2.629372617701275,7.451331559634479,0
2.8010117940704835,-9.30569233,1
0.886571239,-5.481635668,0
1.0204606968694654,-4.954027553,0
0.1451796593928999,-9.784622057,0
2.0965855428729547,3.891958324409167,0
2.0873848367263106,2.6296777288236903,0
0.9591508791184087,-1.998100891,0
1.212023688614217,1.7632653266584786,0
-0.00487631,-2.289369196,0
2.4093261283242526,-7.136649075,0
3.0099353040134464,-5.57269819,1
-0.625053798,-8.345736919,0
3.4549844817928963,4.012189039515379,0
0.8036287760871406,2.2309531118528376,0
-0.410618223,-9.414228543,0
3.6313663086601613,0.055417032221106055,0
1.7530456601784798,0.6521995750749419,0
0.598145519,-8.533645303,0
3.343143490170613,-2.635494606,1
1.9264414410799646,-4.11347972,0
0.4860064922576698,-0.922038377,0
3.711726763305389,8.423965618962114,0
2.190262399298269,9.38515721,0
3.530312518587588,5.979423732997704,0
1.6997167032186797,-5.977831945,0
2.6979565993380894,8.801835686285106,0
1.3058563957608715,-6.101699348,0
7.203282153542457,5.974572810439106,1
-0.262904299,-1.157728821,0
0.1831193723113227,4.442656697467392,0
1.8202030778080807,4.433977341792485,0
-0.32753176,-9.488874153,0
1.1653873867964564,-0.539116805,0
2.6336159134202783,5.994137657048391,0
1.868853312201772,-0.634015931,0
6.219707268264904,3.740153339798674,1
1.8945228151411606,-0.574052617,1
2.576220530584656,-7.816336978,1
5.432633592407316,7.342087134858367,1
0.9019690059301773,-8.934883693,0
3.1324839814039454,3.7882052495376897,0
2.2380000598089493,3.8672734683442105,0
1.0807588208131471,-1.613639371,0
-0.119372672,-2.296283208,0
-0.381150015,-3.940464937,0
2.9313154186954193,9.775785608968132,0
2.3234546879237428,-1.008025837,1
3.1426140932306548,-0.698806446,1
2.9201000262954335,0.008675189,0
1.099352286070352,8.096421592231302,0
1.3554454246334262,-3.192846819,0
3.726508893581081,1.5602596404379305,0
4.514577469043976,6.031341578388002,0
0.032669862,-8.996583439,0
2.8205203401094083,7.858486084,0
0.5297118937527427,-7.421524671,0
2.539202920984129,3.3454992048558356,0
1.0620552797327076,-4.8439552,0
0.9268173462315972,-9.407838645,0
3.5442751068472624,3.5995624259923513,0
3.2917597460950647,4.265990676,0
3.118878454109779,-9.335964208,0
1.7961065198756565,9.897167101,0
0.777043302,-8.826345273,0
1.0945066146473124,-5.310402692,1
1.748137421513098,-5.618132176,0
6.283975628292569,6.106653495355623,1
0.4995584465555577,-3.075555582,0
7.795529671926709,6.991994815387422,1
6.671791693540786,8.58322023,1
2.4303119506789295,-3.423226711,1
-1.228513343,-6.887420358,0
1.3504611920173397,-4.579384034,0
-0.344820595,-6.687065417,0
1.7559125573961858,-5.835929325,1
-1.802837871,-8.54033546,0
5.975109728199625,2.1027271796110227,1
3.1421279738311174,7.509574761068205,0
0.7217086653736551,-1.331069954,0
2.2070350988450724,-5.765608096,0
-0.818231898,-4.41673315,0
0.9834258149383607,-3.620498176,0
1.1809655019796144,-9.824566713,1
2.001474950605964,-0.042293956,0
3.132910174499295,3.110796503800577,0
2.171974340184788,-4.771875283,0
2.1496839467630546,1.8047297585994055,0
1.3685946481401452,-9.070493833,0
3.299746633437956,0.7200763924391573,0
2.220824739835887,-0.391823947,1
2.1134449537698847,-3.626494284,0
1.7549976325307102,5.541974088991308,0
1.779310643219355,6.437185139895199,0
-0.336832211,-1.477321113,0
0.8724492525464348,-5.222575094,0
2.022579407902448,2.1982192329030603,0
1.9106034097877083,-6.533302887,0
3.7622107649931786,2.030298916419465,0
6.912462602241814,2.249308754744341,1
0.6110500732594422,0.6890258360799209,0
0.8263421740082526,-4.437162542,0
3.3656662150027667,3.3289351367610145,0
2.319433918888928,-2.460568618,0
5.276417878103324,8.824561886619481,1
3.1339700456488417,-8.680641293,1
-0.268953185,-9.985672518,0
1.6593129862550353,-6.040254928,0
2.8489970092672263,1.3899136225081001,0
3.5887850953582205,5.521160239994256,0
-0.019419809,-4.707292711,0
1.6770529924730448,-6.454754014,0
3.769581862644504,3.378282337256975,0
0.3254555580070182,-1.3945657,0
2.0865688257166988,4.202116938815825,0
1.3211214027619853,0.8822119281917455,0
3.3946325923287506,3.0892625364751236,0
0.2875070490772206,-7.548924444,0
2.496402237411645,-7.976997757,0
1.0381565627811318,-9.096867338,0
1.781201315,3.418718709974449,0
0.9615234699764983,-0.075547069,0
3.6161045064378063,2.4436363279001476,0
1.2462266278047693,-0.925940002,0
4.193995889708461,4.011428401393275,0
2.1732753295543157,-5.266886284,0
0.2208103823307378,-5.846926177,0
-0.227362696,-8.522404604,0
2.3645162590724373,-5.889101425,0
1.612313143187557,-9.949288056,0
1.304220025572688,-6.195521933,0
2.9687307318310454,2.5009539812679904,0
2.737463186813371,3.660293178276447,0
2.1653124002925357,-5.164230773,0
2.6916042607402835,8.747019232108354,0
1.5411231897126725,-3.11189131,0
3.425631004215144,4.076855648233762,0
0.9162905327756603,-5.871103001,0
3.195646412491343,-2.054702646,0
3.393983050517227,6.034325791881685,0
2.5336134040665876,9.572548867452536,0
1.7491973016641733,2.5752504884496386,0
2.607314224825606,-8.44093001,1
1.0996850596125527,1.732893235694668,0
2.8720899678802327,0.6534987672209791,0
1.0427304682984087,-9.651094054,0
-0.043108473,-0.611416035,0
5.849337519845346,6.591384452578708,0
3.3345627345559063,6.862947169653484,0
-0.461223873,-6.478715497,0
0.9344823326621126,-4.005816111,0
3.7298963863127055,7.718390020711425,0
1.569032966900196,-2.610077915,0
2.391085138247212,-6.993027568,1
2.5279021994108897,1.8290065152772108,0
1.9362083040163869,-3.251623521,0
1.7031280353800229,-9.126028902,0
7.253235819150249,7.761632336583048,1
0.7924667880980201,-0.795309035,0
2.0797526573590175,-2.886266381,1
0.945353282,9.454997071734578,0
4.020139750405315,-3.397661643,1
0.7651402238217528,-2.073954154,0
4.3281130925942195,9.136380368159006,0
2.658473666122654,-2.685685615,0
3.2577346216434364,1.009926720075958,0
4.750489726724788,9.789564991876215,1
2.658000341828365,0.3982786501121822,0
2.7710043724703706,8.597851727399654,0
2.2165209851678944,2.0585404326097745,0
2.6163491238359833,-5.185588018,1
6.020092481016434,5.8262969379475305,1
1.0475754604724807,-5.651927695,0
4.489634423273707,2.659563599344816,0
1.4059878741865095,-5.64492808,0
1.923335159840072,-2.211349481,0
2.808055062283082,-8.758981101,0
1.894371235949013,3.4640215989397127,0
2.0725716840471966,-9.278151561,1
4.856360846274002,7.675685093019162,1
3.675074522853395,4.5213104699711195,0
2.466857462871493,6.800468587,0
7.316151605758595,3.6142629155586334,1
0.9647303794689526,-9.162106259,0
0.47550114523798603,-5.903744701,0
1.1972097157269728,3.851052930702002,0
3.830561385857512,-0.215564297,1
2.9305995187019507,8.61155615,0
0.5400639336625968,-1.653838013,0
1.565098213759583,-6.115899226,0
4.493773244139456,4.687373680618734,0
0.10317252169615354,-7.693233608,0
3.549205693756616,6.521713534673523,0
2.401760285130146,5.164873516932079,0
3.623423103401552,1.5332492758152476,0
1.492652175324383,5.827722485885742,0
0.7390342826624137,-4.537353005,0
6.077251595206896,7.115487902892607,1
1.7721358132302414,7.448740147244788,0
-1.094740907,-7.450096814,0
2.3868745184704707,9.738211369981432,0
2.7766503074394433,6.824382051482555,0
2.149500974989317,-1.781847,0
6.228817138267508,7.088737282435595,1
1.951102760565742,9.010897308167078,0
5.155403440361775,1.2509356328399726,1
2.6053376211555292,1.0446869637225866,0
2.9453228289039988,-2.47294991,1
0.040401779,-1.11314205,0
2.5505373243294884,3.414167661146408,0
1.5579189130726432,-7.597735101,0
2.896775959,0.9222329430243121,0
5.648719785504709,7.796924338233296,1
1.4276292699707194,-6.281890605,0
7.074189791111576,8.807731404517586,1
1.9970109986479776,-8.507721465,0
1.323992928647317,-7.852315396,0
3.067007179684116,-9.302505939,1
3.167169397853508,0.269917352,0
2.612221740177763,7.571513216,0
3.725720785,0.24230909524511723,0
0.7649615030467376,-2.199208548,0
2.952081355563252,-1.029529912,1
0.9441163983182554,-0.408288539,0
2.976720529349533,0.6788525298444341,0
7.761598887945536,9.394937805148135,1
1.258972127930516,-5.56209916,0
1.5905504317990298,1.8291482419360001,0
-0.815144326,-2.405351058,0
1.2306380858748591,-0.080887221,1
1.5322864734112664,-9.184833177,1
3.555318848071617,4.244842566022742,0
0.5474139753773636,-5.255294033,0
1.3762222704463494,-4.127771169,0
3.9047393154224723,2.1326969905660924,0
2.545911907456111,1.830128932948675,0
0.9275218546660556,-0.976708249,0
4.435951267,-8.811393348,1
1.5217462943464377,-0.518790754,0
0.005562587,-8.924261708,0
2.3057654177939058,7.045082978198856,0
1.8668726685713706,-1.573503044,0
1.6778507178910367,6.3428128465299025,0
1.0092640527794696,-2.154174103,0
6.452107695251128,8.272184184251405,1
-0.41368697,-2.586757641,0
1.535845511,7.6889679745594215,0
1.0712989224794196,-8.139538643,0
2.434007010320394,0.4164044069559978,0
1.4005920614286316,5.244810716159861,0
0.035033276,-0.384490484,0
4.682989293880414,-0.171910573,1
4.551320103787358,6.323513798790696,0
3.5832018761992166,9.243497828330668,0
1.4894464579351774,-1.308482502,0
2.0851812952300532,6.470201070473291,0
2.7267153464813196,0.23658340315797766,0
0.3314561729581582,-8.501228533,0
0.5208671750686834,-4.097502609,0
2.707830032503866,6.704040056563759,0
0.24375087552816188,2.5856659281006333,0
3.9944981137269466,8.203584911289823,0
0.036482038,-2.838571147,0
2.8031453876227235,-5.077937152,1
2.190674878240733,7.874344305357365,0
2.971684055470901,0.3590562939770141,0
1.889439772595679,-3.968258565,1
1.9596036638741074,1.9475436725459367,0
6.060079661489022,7.955520422718369,1
1.4214009950087338,-4.194196123,0
4.010242443091091,-3.769680978,1
3.0132796333508387,-9.719709313,0
2.5726068879813613,-5.125155072,1
4.336364668790899,5.912581283925881,0
2.837254679,0.7417692264043225,0
4.929480065228674,7.926797105,1
3.597050013,-1.650631137,1
2.7626473567286562,0.0280078,0
1.1846182533750247,-8.966581143,0
1.3411668777599033,2.328590604226486,0
0.07501668,-6.043840384,0
0.6639571860007825,-3.672897323,0
1.410054970953691,2.434560447,0
0.5103387295542257,-3.813583742,0
5.413564965118805,2.067097399438669,0
3.406038746845618,7.873671967546883,0
1.0149234580011153,0.924756572,0
1.705378637195088,-8.99941671,0
2.126491071042913,7.288735834813146,0
-0.499741851,3.3952019886175577,0
1.399353553318632,-2.148362138,0
2.5040520519628187,7.388525132818021,0
2.2378804401697336,2.5231100097537134,0
0.6548703022546651,9.289193662173734,0
0.38352425185274897,-0.645643785,0
2.0068811483185467,-8.268099079,1
2.0308590911905395,8.987330049,0
3.117864731923591,7.974205957521864,0
1.8957125797945884,-4.987608575,0
3.4128584245935363,1.1705687265885594,0
1.430407467042127,-0.001149172,0
1.670572518534014,-7.713779206,0
2.5842711926864004,-3.772459431,0
2.5582582501428903,1.5423078613038186,0
6.057617312350664,2.1054517507325556,1
1.0633990961085087,2.180557182941543,0
2.806156314808784,-2.218820831,0
1.224609994742382,-7.433738518,0
6.739687860251178,2.880963692,1
2.2820868836198427,8.756058450684538,0
3.4206192379949574,5.4872030304270165,0
1.6996342306576107,-6.413767538,0
2.2719980728411744,7.874226847389728,0
3.071527470997152,6.562144088593854,0
0.6543003944237284,-1.240439037,0
2.5832923915387482,8.850315923,0
3.8264729880535358,6.597414248852438,0
0.8093355452297445,-5.501735144,0
1.3693461236151567,4.806062976379955,0
0.21634245847302325,-6.103887906,0
4.0644958704340395,-4.503065377,1
1.3462065475393314,-4.154619249,1
2.531166494342983,-9.454906782,0
5.189199615624168,5.365878488677414,1
1.0928290837744095,-7.376767718,0
0.8308943864365089,-4.099261645,0
2.669793869491054,0.4101578096098031,0
-1.944126301,-3.935234897,0
1.1498003318261143,-9.919228492,1
-0.455722282,-5.910389626,0
3.4457151828659214,-8.278308604,1
1.895548554771354,9.966745017785492,0
2.7040170749972265,-4.561765907,1
4.640546977056638,3.0354554847035615,0
3.403592259858949,-7.562538153,1
3.576079174693656,3.336727379806943,0
2.6892881649844096,-2.051036601,0
-0.111338856,-8.179250019,0
1.6092644393827282,-7.932484027,1
2.225700142963702,-5.709643269,1
0.39666841028895616,1.8998906195637524,0
0.3106064253764723,-8.608087301,0
0.8882849153139777,-2.985921753,0
1.317430873950431,-6.100667524,0
4.973353571,2.2928441888047857,1
1.3936470629637194,-3.999764424,0
6.519891841,2.161143183192431,1
3.7840540110159084,-0.049597569,1
2.023297975513324,8.580290258537683,0
2.480089806439518,-8.982157598,0
3.135608004214454,-1.031516463,1
-0.099116532,-0.280020323,0
2.363395053617684,-9.221798055,0
3.8972689725446346,-9.793683638,1
3.1200721915342773,0.7948990280086612,0
-0.460921272,3.200527979465704,0
6.364614283109311,4.783191791709076,1
0.4590753542467799,-1.069092259,0
5.599524570839784,7.706448516426455,1
6.313532034771352,7.297114732777143,1
3.6257314960016496,-3.218858215,1
2.325153419067864,5.248242170383117,0
3.135542999020233,7.341617403737736,0
2.5976789248849173,2.114315341470128,0
1.2025601838188558,-9.928874335,0
2.1496680887635455,1.299276931707249,0
-0.240265016,-8.841711935,0
2.4546855487006267,-7.837773595,1
-1.897479124,-1.472371933,0
2.6814640475177782,2.8938890886436326,0
3.0283726260011825,3.355080922302463,0
2.1000658536279198,-7.766899786,0
1.3629416645912413,-2.583171862,0
2.171195408555467,-1.358722241,0
2.017441185893074,3.390176688167104,0
1.502174182920909,-1.51518983,0
1.081643315464672,-9.826546835,0
5.127162789868432,4.520067333934003,1
0.9177545844803179,-9.356702945,0
2.8505524393348165,4.913168404,0
-0.75495573,-9.021642473,0
3.4466237421574255,9.334189913,0
1.8296988815168072,-5.819868297,0
0.9279015364507681,-5.328716153,0
0.7216698785662454,-8.959614551,0
1.3284186919307208,8.591690607511776,0
0.7435119813525888,-2.54559037,0
2.610963420307163,6.217151209,0
1.3292280490058104,-4.563691318,0
0.3538415454888746,-9.557392747,0
3.0820573510140505,4.326430553,0
1.681252558053736,-7.010524258,1
6.025164727808694,9.232527640397027,1
0.6443188237447219,-7.989295421,0
5.079098647728648,8.203095542,1
1.314210858043855,-3.766362589,0
0.40995130839507643,-1.097393297,0
3.531765234016607,-0.357499107,1
5.284858793636204,7.7968923323160375,1
0.810239169,-8.684779312,0
2.9168301490055124,1.0560198412305226,0
3.8939798514888926,6.021498383264234,0
1.7436795067685649,-2.073396669,0
4.019069965045212,4.818858775307708,0
7.0873422090405445,7.896561422155649,1
-0.079289767,-5.934460257,0
1.3824736480543778,8.938495066466295,0
1.2545136793559217,-6.239286451,1
1.296903134,-8.367326997,0
1.9877168388725028,1.0181951817407526,0
0.3211524523959055,-4.171197891,0
2.3253228950660882,8.854050697895087,0
3.4635488489117545,-6.556864375,0
0.19271279760851434,-4.298322685,0
1.8131037780183386,9.306021974254097,0
0.46469733583496564,-1.073113702,0
6.791795022345667,2.3754553632361723,1
6.052839654005187,1.419602392539927,1
3.510399480566125,7.242371829578474,0
0.48923311899275657,-1.167767888,0
1.847094315814286,-8.225544901,0
-0.056292914,-4.526578447,0
4.528632537495163,8.559126535584571,0
2.730063389,9.143134327479547,0
3.774440950793294,2.904048793810375,1
2.785666797169958,0.4299857788618908,0
2.106825097419563,3.3333179145760354,0
1.7669250721138923,-4.563007774,0
2.884568004859199,0.3209409150683804,0
7.166943471115074,4.525215370359852,1
-0.223663564,-3.957380367,0
5.297413956835628,2.950298590203671,1
1.2033629273750976,3.2505572174534674,0
0.019489582210370338,-9.329803041,0
2.174696476441153,9.345335315,0
6.215394481641158,2.7949409423115963,1
1.1310114496044255,3.7613744788052106,0
1.8301012312656129,5.233491755546389,0
2.0547585479000965,0.029440068,0
2.2380047048004523,6.553947471035148,0
2.4720566739977574,-8.24327954,0
1.3831855379173164,6.368625601032186,0
0.6057601941780488,-6.758452442,0
2.1941119008124477,9.666838736,0
1.3639235796157456,1.795269488071007,0
1.5117692262436997,-5.301588503,0
1.453760961470794,-9.375313276,0
-0.383724511,-6.240022687,0
3.9419402716452394,-1.012403814,0
0.1099899006161158,-8.391369473,0
5.278486431486958,3.6840502420379018,1
0.7324822740301569,-6.758001307,0
2.799432767951673,9.777274700373244,0
1.6876132770910766,-7.3435344,0
1.287586113429474,-5.227213098,1
1.283052171330931,-5.76465589,0
4.331480294038433,4.289996491086283,0
2.7240458777087255,2.1860888598779376,0
4.034383598361478,5.721934911,1
5.293465976159341,9.291788709872261,1
1.7803926453740564,-0.221535833,1
1.8859583262286794,2.8116078445328974,0
1.7696470141695666,-8.181876713,0
2.6399610638613322,0.030240416561845507,0
0.6566683025265991,-8.298825373,0
5.745520921617656,4.103626653706311,0
7.167877321948248,6.0088018288004506,1
1.4352345090025795,-1.613804621,0
2.7894626424721314,2.354897582203515,0
1.8197542169507808,-9.35504145,0
1.5083471947457694,-3.951067721,1
0.6292122128520561,-0.543898731,0
3.6528278828011134,-2.120911622,1
-0.229689686,-9.612045174,0
2.3636174970549693,9.976867536805461,0
2.8717379133609544,6.743740598556581,0
0.46002625064966063,0.8036829601396906,0
2.4127425769590207,9.621190302028811,0
-0.867083717,-4.003691938,0
2.2110201986833244,6.412933393194766,0
3.937754600534525,4.987610969600935,1
1.2216160825369728,-0.142424278,0
0.901168826,-9.30923415,0
0.15430416090189747,-2.47447963,0
1.8312254606324712,-6.950629657,0
1.9862074166867494,1.0031234577357946,0
1.2682366233806603,-1.961266413,0
0.8927000802698122,9.931582024,0
2.081118185774466,2.357240188240585,0
3.0106942080226684,6.651137609249226,0
3.256179922707595,6.896327070879206,0
0.4720433568851685,-4.127360489,0
2.643234118590166,-3.364966906,0
2.901512383807558,-1.796503861,1
0.5526836421567842,3.461640045123671,0
2.6287050916482784,-0.745904684,1
-0.123429316,-2.435295606,0
-0.035041684,4.535345681137869,0
0.8527699423101583,-7.249393527,0
0.6783423643721558,-7.986327501,0
6.282435763184373,8.202725425341011,1
0.1594216273161534,-0.052280406,0
1.938150990856733,9.366366871913833,0
0.9835536107310237,-2.360807665,0
6.362656334015618,4.403529344900916,1
2.230233557098842,-1.957051872,1
-0.294742522,-9.214120389,0
0.6475597194868297,5.189238298547984,0
0.7349611359166617,-0.074430175,0
2.046659850115266,-4.920852928,1
1.763637413639775,-3.726117509,0
7.327985001538259,6.064098628400998,1
1.5744671845505285,-8.196895574,0
2.353947105443453,7.648639223839037,0
1.0198607806392617,-6.716991599,0
0.8246482827840343,-7.983655657,0
1.9179252905131832,6.185684186675523,0
1.384917087162981,-2.289558873,0
2.478728627766957,-6.959567525,0
2.2951881624845436,5.740051368160152,0
-0.363547364,-1.227031967,0
1.3437403907190475,0.10422302177437892,0
1.4291846154742291,-6.370482998,0
0.6157192030727294,9.188176225,0
4.819558778,4.852581791,0
0.5064274577730441,-8.943673934,0
1.9074537810336658,-8.318967078,1
5.245249744998909,2.933019436677613,0
1.9827040137187972,-6.162677283,0
3.0808334218897073,-0.632043943,0
0.9202929225188595,-0.163781809,0
2.5189949309007655,3.174920767123016,0
2.1428929312608833,6.765076298560203,0
1.8108911441053186,0.32096643181774454,0
-1.151811742,-8.27683167,0
0.4520851927942515,-1.838833297,0
0.6270810200365318,-3.380813247,0
1.3011368657968476,-7.25537621,0
2.976587038,0.5474241263157946,0
2.6377816872336664,7.132812990412038,0
1.4667968403593077,-2.528025192,1
1.890074594387473,-9.677342795,0
1.7340939025764393,-3.87583151,0
-0.003347239,-9.467859316,0
1.2386958828718977,-3.647702603,0
5.9199582808514775,4.330002406737176,1
6.106479742689562,8.362636281616126,1
1.4977882001675789,-6.462785444,1
1.3804890436737414,-4.160232995,1
1.8530747615345042,8.652970114131985,0
4.564638064454406,6.432745971833633,1
1.8837052532663137,-8.111469173,0
0.9602028463287671,-9.616014427,0
2.292691307969533,-5.18300758,0
0.9512943996951393,5.9299320563811815,0
3.130561450496951,3.1011856367933284,0
0.6915013452496279,-2.622640362,0
0.3694541939874273,-1.3279804,0
2.649064303,0.40711820648707686,0
3.495468541,4.550582841647932,1
3.1670625796863074,4.872623599,0
0.9114717973014911,-3.989224631,0
1.5075273325024183,-0.571352168,0
1.9352712641479375,-1.894486176,0
5.257446402936542,4.367253559243586,1
0.7380007208620756,-9.735983854,0
2.158022387877242,-2.345111329,0
2.6506138405645046,-8.543291099,0
3.3113115011637824,9.388930354601122,0
0.8322541020327816,-3.231804124,0
2.4371227321067037,6.211624198847193,0
0.9223416923665853,-5.420436701,0
1.4056732689160079,-6.499450172,0
0.45455723386793845,-5.974262177,0
1.951396823335175,8.342223049461197,0
1.3697186179954761,2.379363596954855,0
2.002664245548612,-2.611071115,1
0.2636308237659075,-5.072375888,1
2.1694839654924443,-3.775400957,0
7.279121128083368,5.931950101179638,1
4.225825246143012,9.943833720389293,0
-0.639342699,-7.9001296,0
2.6892503510318866,0.038020995167363125,0
2.527709485428553,-4.240400918,0
1.3517118241211907,9.707155941500574,0
2.3621759475292095,5.672693270498854,0
1.5147292215792891,-6.881721307,0
2.1411297281440995,5.032457154151329,0
3.3999224308345717,-2.254982152,1
2.2072297073671345,-3.478308112,1
0.24494671562473924,-8.389243556,0
3.680900043308416,3.087085839416039,0
4.727900167645362,1.3079016421769936,1
3.1010083063883527,6.344253257874833,0
2.319924975613194,-3.107507143,1
1.955804709662071,2.4972325254410457,0
0.9429305571196929,-5.256053273,0
1.5664011778217117,-1.993763569,0
1.5046470622896457,-9.225830816,0
2.009751318849962,6.700924123,0
1.6827107522829086,-4.990191132,0
2.0444013894460413,-6.723226071,1
2.2251813874280417,-3.026819089,0
-0.102934603,-2.601429129,0
3.033038019287265,8.225905861944419,0
0.5469628794076871,-8.442346592,0
3.2214475589265956,0.40584334409548006,0
2.281898225751748,-7.254931093,1
2.591217852697455,6.036198921862493,0
0.4883751999137811,1.0677311666116385,0
0.45998904474631086,6.062403865062343,0
5.259055071043656,5.212606191764159,1
3.824068286279404,1.3359851292310392,0
1.0686300941789049,-2.460365204,0
2.629632611183758,9.246010292838111,0
2.4222287709331045,1.3482034423377893,0
2.975960879125823,9.095520130631144,0
0.013990401,-9.612991771,0
1.0572829465927027,-2.40896498,0
2.267440633470294,1.108427161400794,0
0.9737710769782091,-7.707816161,0
3.8010800286385624,4.324027812555888,0
2.420404233787951,6.797927093926184,0
2.9219948307337855,7.3732096256477035,0
3.8742649717047075,8.594886489958672,0
2.6294253076357257,6.184686058748376,0
3.1449795541066314,7.190444113748395,0
2.1532420249317803,9.039839036080156,0
1.9952814506010046,8.637291429895132,0
0.5319773129033184,-0.856465952,0
2.043515168106475,6.264368746637345,0
1.2073137738155648,5.151465322,0
1.2361377475260422,-6.114443053,0
4.504317511545202,7.2492292972008485,1
-1.402184298,-6.490770027,0
6.471876919092581,8.790558865516566,1
2.6692289371443585,7.748628378936207,0
1.2022095840133493,-2.281869598,0
0.870345958,-3.382170693,0
0.606553221,-7.631283862,0
3.550290810367488,-8.987109679,1
0.48791010667860524,-3.100671258,0
6.680236266279162,7.2124991647217165,1
1.6166564065999274,8.380740004452612,0
2.5682631190278844,1.5308286636189585,0
4.332227595192752,-9.301797341,1
0.14796042164419432,-6.315460971,0
5.909297623714349,2.9366121395945672,1
2.1492337395789582,3.2048808032862333,0
5.712522352403775,9.704566603,1
1.4343077043592931,-1.860691933,0
1.7748901687899996,4.6062425255798445,0
3.2732080680602396,1.3661841036534597,0
0.5765344997161999,-8.019532219,0
-0.03374164,-8.793592744,0
2.0954237588117737,5.970858878203815,0
0.4369486180589688,-7.40925344,0
3.1358838925527377,7.195122102038852,0
6.026061282998613,9.140433085871308,1
0.7066288827082317,-5.852446544,0
0.7377205993682856,-9.16672318,0
3.5336255244652253,8.498566146340373,0
4.265507932375746,-9.98942699,1
5.144228340058713,6.7214348040431595,1
1.6472113916110902,8.580729752532797,0
0.33655305813218417,-6.917105526,0
3.1166930138151177,7.869919832802001,0
2.539161697571047,5.442192102210786,0
-0.528252485,-5.770126623,0
1.7465033983113312,-9.370910951,1
2.6107517779311626,4.127344717466812,0
1.1150274575970593,-0.452018727,0
1.4542128713228193,-6.146918127,0
3.075464343526429,2.5909781500969657,0
3.3570324289433846,9.123511972472699,0
-0.250362714,-7.322931325,0
1.572962900561427,-4.613330222,0
1.1867869007874905,4.9454069552218645,0
0.050984034,-9.551694731,0
0.12948562554620557,-6.524866441,0
0.970336212,1.095561622107077,0
0.3685545767911501,-5.876565238,0
0.2839575489898689,-8.855169959,0
0.7862886699035299,-2.160149766,0
-0.610718203,-3.963177141,0
0.7600579710901623,5.6522412851174195,0
2.4341185798237213,7.324613042261706,0
2.2099987507453918,9.876106113338807,0
2.449935403,-0.473533729,0
3.037542389358136,2.567788164356429,0
0.9882084114472055,-1.604791377,0
1.6375079595986164,9.986590735183995,0
1.739444203078477,1.5371013771171693,0
2.708207234925711,-6.131960784,1
2.6402350011703666,-3.667432856,0
4.416815701210023,5.023454599971428,0
1.7312105771117663,-4.631839182,0
2.3089133275211413,5.454068595848922,0
2.026560762542199,-7.813070971,0
4.101204516917384,9.022065527698746,0
0.073405768,-4.756605212,0
3.2866611820382583,4.777979228947267,0
3.391322688774582,3.5308749265552386,0
2.9328868385178772,3.5896599027007614,0
1.0126366960927806,-5.116317499,0
1.4024093990442394,-3.993796826,0
2.377346671,8.127630721,0
1.6758299691778684,-0.544198978,1
3.525499687725228,5.414863612885243,0
3.4831427872746614,-3.736826488,1
-0.806497849,-0.356748165,0
3.586425102712858,7.610844848975908,0
1.8270338632746834,7.351345418975427,0
1.1298744808258632,-4.184871288,0
2.137366818777549,-1.828811241,0
1.6713542681952238,-9.05008552,0
1.773724096830649,-2.361291463,0
0.27322049747917887,-7.175103457,0
0.7155447700518087,-5.410367559,0
0.25950355078290654,-4.58512996,0
4.430361659144601,9.015569257245126,1
2.457256631,5.409607012691225,0
4.034957695617662,5.057092491324278,0
2.3777041025263412,7.159232115367434,0
2.0281240933938482,-4.08902588,0
5.154017861116718,4.782876761323111,1
1.3303749224070487,-9.948146571,0
0.8770904387966731,-2.461208737,0
3.092837169647847,5.468765464996135,0
-0.55892817,-3.316364753,0
-0.029848526,-5.522654842,0
1.1889534529626038,-7.94180132,0
1.965980850843052,-7.801413918,0
4.671383876877263,3.244872654828564,1
6.470858273035541,3.233292992657951,1
3.108958470542709,5.616458593,0
2.3791223046670744,-7.575882173,0
2.217465201516787,-9.875712555,0
0.5705899308666975,-8.841093379,0
1.8450425418417349,-1.721244735,0
1.4670387409751204,-8.772410607,0
0.16893293262295983,-6.64972249,0
2.901253850772859,5.861211518759459,0
3.085028690014962,4.5973906304999055,0
0.9574917031088769,-1.771684442,0
-1.239764763,-4.792109056,0
-0.16605465,-7.041541246,0
1.0478926677765188,-6.37277706,1
0.8763948516132565,8.697842953036435,0
1.1605521460439672,0.9125375180393629,0
0.39724107,-7.265671958,0
3.7185346991018884,2.741199449,0
1.754773868170224,2.997572156454071,0
3.043100014969713,-8.046687764,1
2.897622121265369,6.542092429,0
1.8681587918452922,-8.051536295,0
3.8409022061422933,1.314543091862248,1
3.2678592402482587,-7.291399683,1
2.0148421468112305,-6.597949128,0
3.0144508387762734,-0.849264941,1
3.893898313850209,-3.773895372,1
0.7447940689711126,-3.16652104,0
1.4393966234037883,-0.303391421,0
2.243127248949086,6.070075007154351,0
2.641034166652786,3.5676588991399925,0
3.2044137823917453,-0.630391278,1
6.559107508843518,5.488076309495529,1
0.9951740859946585,9.274610748871954,0
1.257192200606643,0.5982623812431775,0
-0.805172697,-8.620597544,0
3.633938047438265,5.491692713006511,0
4.238815097434709,-4.383583343,1
2.501763390345822,7.710563216610996,0
1.0333018791957205,-4.314353677,0
1.757252785380853,-5.25504027,1
-0.082597126,-9.162984226,0
1.5651816248134478,-0.021913316,0
1.3254512915406225,-4.906472088,0
0.081944622,-1.963417371,0
3.2327041831521295,2.4271954265114353,0
1.1425851737422295,-3.984752517,0
1.8337223410935066,3.4952729770217097,0
1.7944578802317093,-4.416793811,0
1.6238385180027182,-7.608039014,0
4.661575029281082,5.162799301054179,0
0.048509446,-3.979353878,0
3.8666426640225353,7.269376361,0
1.2814203494917087,-8.031578625,0
0.2840254848784576,0.088617555,0
1.428453775841031,-5.138526875,0
2.707892811989289,-1.170828067,1
2.0880475673071333,2.7013480211541214,0
0.8135929950234089,-3.729264952,0
0.48398260391486836,-4.233265806,0
1.8334889104739411,-8.690967211,1
5.217086063794958,4.733692302432917,1
0.12741772065814894,-4.952418544,0
0.8264927921106501,-8.965266829,0
2.727764612448806,-9.067998573,0
1.7653696988265954,-5.318790203,0
2.1371807458562873,4.215570242697019,0
0.41065110650476633,-6.577999161,0
4.451566132954417,4.2450923997607255,0
2.445847666834403,-0.920909851,0
-0.135195526,-1.141596489,0
6.956633441121976,5.0297464035207184,1
3.333870664619893,7.187726159,0
1.933821241007966,2.778022107674918,0
6.592556776336612,4.114120514921307,1
2.7012672735502514,-9.88224983,0
-0.267700677,-9.612847888,0
1.0828144042718573,-4.892216571,0
2.5798180999036027,1.126710762545196,0
5.911643015015692,9.206752488,1
4.602490053789538,6.640920794283062,0
2.8538780615759256,6.4652999169463925,0
1.5064833116279115,-4.098117806,0
1.889915793067611,-9.886351215,0
1.2639002536949184,-8.998141816,0
2.544542798565221,3.195403818189517,0
0.63492792,-4.117385398,0
2.217500460256465,7.028928337473484,0
2.2600857607243796,8.786726530200305,0
3.0194186541185006,9.848175476310775,0
3.570158098458662,-1.532811717,1
4.0393973504644896,3.424293857430351,0
0.8137015624746886,-5.431756291,0
1.9222797461893741,9.386112920080468,0
0.6318430127298846,9.657431759440634,0
3.5789603548977427,4.022154024589344,0
1.0997156780196398,-3.138778406,0
1.3361223849050061,5.119911484737024,0
1.7304461575138506,-4.841880356,0
3.2565239517278437,-2.917076274,0
2.0061770200418523,0.8180530625086302,0
1.5453173852378268,3.7400198117048298,0
0.076354146,-5.158183604,0
1.013518521,8.884447199119343,0
1.8570304061868983,5.036873696539828,0
0.8703025635875132,-7.839406756,0
1.9020917639656436,8.759893334243436,0
2.0113899500570445,7.395277125182751,0
0.43510105083287565,-1.550229989,0
2.7104051753447775,-0.778659719,0
2.867628514,7.478710715179471,0
3.364074029659758,3.983964481746881,0
2.3704584536541566,1.493082206129074,0
5.054041050789091,-0.13943106,1
2.009494752173864,-3.851142728,1
2.7090707768891136,3.3929883589139394,0
2.5014071462792584,-4.350706474,1
0.8234406804640195,-7.912943033,0
1.2359519842001743,3.7998322534990834,0
3.0226993091560113,-1.335419807,1
4.957624730239933,1.9894569701818838,1
1.0372465395964567,0.049178652,0
0.4620494492580627,-7.71557094,0
-0.673228363,-5.818127279,0
6.273730069815103,1.717816474042701,1
2.3612888685213305,6.939587494680527,0
2.984252814543164,-1.851847823,1
1.7810218510034268,-4.193010021,0
0.062333451022290154,-0.578940868,0
5.518530558360415,4.936580124664134,1
0.281284607,-2.191623935,0
4.289197509176128,1.0088960054798317,1
1.3195370064605485,-0.575319011,0
-0.160894322,-2.356260704,0
4.0127494568714805,5.077934771565172,1
5.1624789781395375,5.173838842014547,1
2.2739854265923096,-8.923969642,0
1.7968756773948429,-0.505115127,0
1.9584609492561218,-8.40965195,0
0.19549695084323038,-9.604730275,0
0.2848821705592277,-9.21067439,0
2.9929341511780265,-1.67891644,1
1.1676153923532964,-3.82757685,0
1.5273803215790673,3.957604690889875,0
-0.009017665,-4.320851154,0
2.8149687555509435,-8.883206965,0
1.4669207178467731,-2.241591302,0
3.196964606121061,0.512013506,0
1.5399578994762002,-2.906413345,0
0.5237586202071287,-0.20053113,0
1.8882449594997728,-8.743304904,0
1.786305989,-6.472893959,0
1.2271919859297573,-6.110830378,0
2.5591021205711404,7.979246038396706,0
-0.08904319,-0.397019063,0
1.579140182810054,9.998007858201106,0
5.8100129630156365,9.803839961130834,1
0.5983800225118121,-3.787507354,0
2.299117975414533,9.786907901054313,0
2.1448191212526417,-8.145004266,1
2.5880668796424056,-3.201522675,0
3.6776336502288727,2.7720548277792076,0
3.2834489827751385,4.099281855374484,0
5.710201786786436,6.964801830495979,1
-0.73668695,-2.296843527,0
-0.342765185,-5.577072931,0
1.2911746746253914,3.2410147249460515,0
6.575457864,3.1795250363458845,1
-1.004097055,-7.784425563,0
3.108049457926444,6.312961380247263,0
3.886793697,-7.889990649,1
1.1808304737645492,7.0535609395626615,0
0.5219654915272147,-1.807209655,0
2.8521552095781932,-1.897425791,1
2.749087808699935,0.7550998007804068,0
2.891573845623692,4.865429691188343,0
6.355335296834833,9.554700775203958,1
2.6008608688111603,2.946741443288394,0
2.204900389898249,-0.24112161,0
3.353223116705374,6.5663456094298205,0
7.621192723268873,1.079011913877883,1
3.0058344740130734,4.253400363498574,0
7.553625942820764,5.965656896379151,1
2.5223644446163047,9.198035146899691,0
2.549940601320344,2.4874987288495127,0
3.890614613523189,2.0331227749208924,0
1.5918418823318543,5.929594369811813,0
4.325770872405753,9.833382145591283,0
0.9751364992913536,-3.861749333,0
1.1179008182669974,7.775971936,0
1.6514557113471913,-3.359050204,0
1.8038082101229937,2.3502701188052217,0
1.6517242206102296,5.054524519953279,0
0.32531278927616025,4.535813005484467,0
4.619866008,-3.509283486,1
1.395552735,-6.117598476,0
1.9325370031467481,0.40734954400433665,0
1.5601464882871325,-2.794711981,0
2.561132609953777,-5.590581578,0
3.3645846193432507,-7.603252882,0
2.418220801734553,9.743343038088298,0
0.6202340997571765,-9.208891557,0
3.9060549282069164,1.4177361322439772,0
0.2515132243588116,2.8658282147823613,0
2.780020706628591,9.119579885695149,0
2.377047033503982,8.407656977502235,0
2.3456496806717704,6.890805155,0
2.3206349198542426,4.216252969935416,0
-0.2736146,-5.983713845,0
1.3646458691746328,-5.916653855,0
7.391744187230897,1.0519836761120942,1
3.1659639231572942,-8.524398512,1
-0.264469526,-6.099211997,0
2.5030388914807378,6.265960924986164,0
2.0392492094564005,-2.919635077,1
2.045614023778601,8.991809996686655,0
0.020937740839659824,-8.872458314,0
2.849475427960971,-5.368810064,0
1.688917296114134,-0.220537722,0
3.736315134317267,2.657850592,0
3.715156886146786,6.417819915597946,1
5.677727292627989,7.921448049,1
0.5227737116411129,-7.237129834,0
1.869007282377809,8.876096828,0
2.4052660676821302,1.875032176,0
1.085816721158958,-7.892955422,1
2.354209475,5.007354750961419,0
1.5656998728684126,-2.79836564,0
1.1183461869436924,2.0997607674638648,0
5.626875384769048,2.5754765665948156,1
6.498913971692755,3.3251032127528646,1
3.7721278993500627,0.033656049799722254,0
3.214666839275909,1.5030564689717512,0
-1.154770007,-4.498329742,0
1.8984068013504216,7.622569561734171,0
1.7120399127204498,-7.473949988,0
7.111673187270396,7.652809614939443,1
2.647663460157181,6.994271233006067,0
1.1176356228922006,6.1112429817300935,0
2.627254916325929,1.0437113711581762,0
2.7102874004687036,1.3026037355951452,0
2.089473564468941,2.212635998763462,0
1.402766380081392,-2.869104768,0
2.461350294790603,-4.571537551,0
-0.607091684,-5.58086244,0
0.9362457571800302,-3.414472353,0
3.572720923061013,9.250192826031387,0
1.1834983708307407,-1.595679045,0
1.9936257220977942,-1.378973219,0
1.9606726338797174,-2.031475501,0
2.937712978973678,1.809210899723464,0
0.12088587710919063,-8.062969842,0
2.3072010734894333,-2.242149803,1
3.1881811084944713,5.0633567013651675,0
1.7667361479684671,-4.766959074,0
5.827385957395544,0.5606615778963508,1
2.2303313340633344,-7.82675198,0
0.7918973734762857,8.849272040750684,0
3.5816049294604184,7.654754607777484,0
1.366363720640134,-6.416843821,0
0.1868130881468435,3.1761283995643517,0
0.8763603043340392,-8.819715067,0
5.305167479320032,2.8598340786311294,1
2.033362536588449,1.9558815319106024,0
2.1958995225997775,-8.265585792,0
0.1311047212671338,-1.953197289,0
1.3900229517471625,6.866632890409225,0
1.3468097672149462,-5.371176781,0
3.874725336,7.622630044014443,1
3.062459089813066,6.161318428607075,0
2.9281825727300235,0.9173004289633333,0
1.0036318901812955,-1.94027758,0
3.0456958764181685,-2.789857707,1
3.1562665252342503,0.30294020146709144,0
2.2734961042411874,8.004700635,0
2.2554564709125935,0.8902973089147039,0
4.115289314457394,0.5872427646660672,0
0.005780679,-7.535659248,0
3.8558211486856377,6.301202061195358,0
1.991767184908463,-4.715492415,0
-0.160517918,-5.852901055,0
0.6817772583119495,-4.824948743,1
0.8815295398315844,-6.210566867,0
2.5001460274108855,6.375781971593149,0
1.158557664144475,-3.594667258,0
3.466836604,6.657137795563784,0
0.8448246659690665,-4.690988462,0
4.185394785872374,2.2662851942578843,1
3.037853586379343,9.724566299,0
-1.418011257,-2.413652591,0
1.8532020098637862,-0.071471474,0
2.7612474683301675,8.661481123458987,0
0.6856371838415998,-6.836644073,0
2.710493067252724,9.382019263751772,0
2.1917598786693677,7.369134179538495,0
3.390092286552869,-1.29353467,0
0.3024553895957274,-8.969720262,0
2.149547568306268,-7.302529603,0
2.9609649683797366,-8.534587209,1
3.387192973556022,-9.836589701,1
0.947493798,-9.875527257,0
2.608198672305691,-6.716365325,0
0.5247047067044024,-8.657672682,0
1.4662908434339075,0.2452368729070855,0
0.971298143,-7.643405539,0
5.842929547633635,6.501602572193232,1
3.563122179210134,7.415556039225979,0
1.3359650664261344,-9.358549054,0
4.064580151,-4.574489991,1
1.6148831778375472,0.5752748676442145,0
3.4778449095134865,0.3990312935024143,0
0.084382817,9.552050752246473,0
3.4935643502126066,-3.140685854,1
-0.118401916,1.3224528782704894,0
1.9326664616380826,3.966452864591364,0
1.6749173273886777,-6.611602657,0
2.8061079079823434,2.6260865768792243,0
3.1403907391718313,9.416200653238171,0
-0.302782054,-7.857479267,0
2.246435335620198,-9.927938876,1
1.6513808615129215,-1.66398774,0
2.4154063668624923,4.360775867,0
2.2962331871284856,2.0640634361656574,0
5.729641271926872,2.881500176,1
1.023948802792274,-4.76835598,0
2.9708693222711036,-1.835434592,0
2.976122273229861,5.726241127202039,0
3.082371581360682,2.793233424731323,0
4.147936730123417,6.941275712189551,0
5.403171593880759,4.288580035275606,1
5.705200535,0.064068681,1
1.2189849168744904,5.3521553180777115,0
3.454780884194384,5.128157727151258,0
3.3614819635492075,-1.728745555,1
2.610693451617671,5.128161603108206,0
1.0689357143527958,-8.843287843,0
1.7185676188454084,6.811973868134913,0
1.7861040212944466,2.1525765446537477,0
2.0818889626099812,0.405693607,0
2.3340935920709973,2.855357800162164,0
1.260568318797457,4.750664641217963,0
2.851937746620492,-7.839413443,0
-0.581686964,-4.307331265,0
1.1873431201026836,1.722789836015501,0
2.8626537539572676,0.9589797878879569,0
1.7496170856845168,5.378908531973941,0
3.2050812362563983,4.924362539084084,0
-0.656768074,-3.309017929,0
0.199805131,-8.993267975,0
0.7285352090229913,-1.542941822,0
1.846375778142441,-9.265140652,0
3.4132415842247754,3.774730257624121,0
4.033800784028209,-0.963884275,1
0.675860532,-3.500664923,0
6.162791999581895,6.356440416808958,1
3.537619421408124,5.718748474507539,1
1.7736112625376665,5.125763976005381,0
6.677319633593033,2.700243344886381,1
2.7754957232610997,4.691375541753635,0
1.2202551838911917,-0.665049089,0
-1.315867046,-0.510514305,0
1.4217048784201505,-1.85627953,0
0.3814601074127265,-6.85538002,0
1.7096202166807877,9.300343593085948,0
1.5726201230810606,3.9912538875822428,0
4.049457157706626,8.003565187904382,0
1.7104736480512295,-9.021883263,0
4.048090589324728,4.528107172320297,0
1.2949935063133795,0.42520012433005583,0
3.2946997080084617,5.7810877649009065,0
0.7431028371881043,-1.049589252,0
2.4149693464535353,2.107600207719873,0
0.6467402911063888,-9.218848845,0
5.619540866689228,5.594752850596008,1
2.5085903829132565,-5.206627026,0
0.26584859964162433,-7.698187023,0
-0.589305667,-0.402347485,0
0.18771342019991466,-8.813569149,0
2.4280410628879814,9.953980703863643,0
1.432837699100039,-9.666460455,0
3.7930427398494966,6.426997655994022,0
2.5633263534343143,-7.28829579,0
4.117584816352476,0.8508975872035478,0
3.5598271338002743,8.903771670089856,0
1.2586460356681561,9.318936036568143,0
-0.642175137,-1.972465789,0
0.6257529806704177,-1.720279474,0
2.329439956289968,5.737064702414187,0
0.9984000107590345,6.6068254910890865,0
6.749744261346678,5.781214234479011,1
0.7389484674135083,-7.552549633,0
1.6984263186573239,3.6478123440135484,0
2.4941612425044637,-5.922071125,0
1.4283966597448148,-9.324781661,0
2.665518903226349,3.778664291851433,0
1.7830013702605796,8.752091689911076,0
2.211328948,6.408177794085258,0
2.4524824776655025,9.222482729828506,0
6.442499249219575,9.661058259405845,1
2.2854283454048203,1.227800063499311,0
1.0230436074606104,-1.610419107,0
2.7262938807821473,1.6498137798210326,0
3.3343999815324388,-7.774511574,0
1.487086412499967,-6.958580986,0
0.6610172081898883,-7.624960504,0
3.5156853111909463,-6.306930411,1
1.6518421032301283,6.354576743845975,0
3.642707341886319,8.515499974021811,0
1.9444185679653316,8.392041780363467,0
4.677791560620154,6.695806123529827,0
2.879574308742289,7.772268366618405,0
0.8238156215662825,-7.1017002,0
-0.023717123,-2.705247943,0
1.4716418427859246,3.098123643719898,0
2.360485925013027,8.192168979706896,0
0.9963734563395761,-5.599975214,1
1.4950193329851498,0.8739181755128556,0
0.42758708854998795,-2.005218726,0
2.1672687401492334,-9.494622003,0
1.4452275025132448,-5.809687431,0
2.7051187549083617,2.203307562244195,0
1.5038645898686247,-5.9481908,0
0.4727654815747916,-1.813690354,0
6.923947118275995,7.710044404375875,1
2.229176445844428,-1.687557199,0
2.668341192743494,-0.148793969,0
3.2607057963958965,-9.616358814,0
2.0321097439845834,3.0783906754565944,0
2.5802046866050024,3.053911933840748,0
5.731980277450095,0.062240711,1
3.5859811254470486,6.171226801319936,0
1.8955863856331725,-8.825069788,0
2.444948993211516,4.713546932729704,0
1.895981122,1.2610056337061017,0
1.8963092326608546,3.277355979578102,0
2.453452632910423,-8.12662015,1
1.8128339152671504,-7.151736971,0
1.2222841018534571,-6.024273913,0
2.387795761846963,-0.301573376,1
1.4628931486078425,4.268418855464716,0
2.2879592622330867,-1.433524047,0
3.442131524072095,8.187747362926665,0
6.541722344609219,6.972001564993665,1
3.4183419251044915,6.337449810658221,0
2.5088130896746264,9.820602496719978,0
1.0069774969859095,-3.065759192,0
1.2354520480672546,-6.59933087,0
3.4013963651912933,7.989923607576635,0
2.880392616453738,8.073675596251121,0
2.145986404064516,9.842093487530711,0
1.029150056230555,-3.734404079,0
6.959394221651704,0.6522825321363683,1
0.6370356634511694,7.455437986,0
2.849559292670226,-4.595768593,1
1.5773751,3.3627920767215933,0
2.063658618798861,-1.03380466,1
1.3331179764827419,-4.936066223,0
1.534077049443746,-2.77826168,0
6.838260147151283,7.028916003786922,1
2.2284380413738574,-6.499827131,1
4.959210509112241,6.483064705771785,1
2.146914102931493,5.973359732052046,0
0.7213529574982307,-9.450080092,0
3.073322843841246,7.6590817361594254,0
1.6850494925129342,-6.30813037,0
1.8004112919053208,0.068760808,0
0.6811000388075199,0.4268645413758261,0
4.987596967845066,2.8238505782663346,0
3.7284987631151676,-8.870590362,0
2.148329793099757,-2.90500329,0
0.7887060487312922,-1.314285966,0
6.360907801,6.932212676312403,1
2.9129722233192634,1.4458634291833672,0
2.841835311236615,-7.218477841,1
1.9254221233178785,5.810140847575338,0
3.6279365665230725,9.17616736,0
1.6412730306774213,9.051105815483094,0
3.4055007801643167,-0.928513594,1
0.9549347601836877,-1.833869454,0
2.7121524558049535,7.610433622311831,0
3.2926730207204407,4.953217112147559,0
1.0549286309346355,3.4299311679832645,0
3.659479729057593,3.6696082864741424,1
3.3090333487086925,0.9155196405951038,0
3.311319191634107,2.418040383109899,0
-0.018064017,-1.113176097,0
2.6969334639869187,-3.674419479,1
1.5246390266732919,0.2733352630524415,0
-0.141354842,-5.876726727,0
1.5936901998790183,1.678010259027399,0
1.777948200395433,5.2859835755776565,0
2.7561810803635893,2.3342986930759846,0
3.532192380812571,0.10295176401888817,0
2.5236287561321085,-6.503507932,0
6.7591534124540775,1.8585249623913551,1
0.7467319826115912,-5.592860546,0
1.1554744415723104,-5.623292691,0
3.7014030129118876,6.742938660528296,0
3.378790123,6.781854303005879,0
-0.220873986,-2.452246313,0
6.540571363,3.9655406747513045,1
3.0790082108250614,-3.490040176,1
2.6321020955484657,-1.427305529,0
4.140732628231914,3.597977901801082,0
2.052527158830644,-3.154660424,1
1.3135270351276696,-0.405919575,0
2.5245751249356467,6.072137615880639,0
0.9489584511971051,-5.866584138,0
1.7468998645661475,-9.945590027,0
0.8077980759288548,-9.497093932,0
2.598353849868251,-1.586407556,0
-0.034983969,-8.29249794,0
2.094327997,-8.882899327,1
2.469417985206772,2.588599158324831,0
3.644380674224296,6.278264077434017,0
0.602073175,-3.240747084,0
1.1252352966175905,-5.023994973,0
4.482800925900596,3.4683575621570544,1
-0.486753448,-0.707044084,0
3.55755228,-1.485072132,1
3.1536284827854355,5.750764005,0
2.8887002670912985,3.740978637601371,0
0.5782448153571668,-1.378925025,0
1.1032417420740421,-7.869688028,0
1.8240845812301898,8.293473990134125,0
3.3561263283244247,7.384810945800311,0
2.9931503018631576,1.371139924303673,0
2.477290970527619,3.6068658038945998,0
0.3764032287261757,-7.566015533,0
1.6960972732536828,-7.489386757,0
2.0706375114523095,-8.955345647,0
3.0606047607195945,9.120040032,0
1.5852992722726236,-3.250794965,0
0.4327966411616323,-2.514806426,0
0.49575827266769146,-8.669635309,0
3.975911018724685,7.263328141701045,0
2.9524356296836447,-1.660501936,0
2.4688988022170792,-3.250265411,1
0.13453945381555865,8.792202287260757,0
2.973803753507287,6.983523965932694,0
6.010954288477315,9.738034339,1
1.2497512584899995,9.326627895436953,0
0.4420436078254024,-4.996743896,0
4.1910621172552585,4.372771868251906,0
3.438486907286527,2.2870008894936475,0
3.568513954698859,1.1218916028487484,1
3.4930349518916053,-0.981870546,1
0.40261354196266286,9.257537277641763,0
5.407324310014344,1.9813883177500813,1
2.839813570049379,1.2686443604270465,0
2.3408946936661827,-6.325165269,1
2.2832750686536842,-5.184569276,0
1.069938873245715,8.324954197434892,0
-0.032242934,-2.649129369,0
2.4093923158382875,9.237753653010145,0
1.1100948585248231,-5.74269889,0
2.298439471768782,3.8510027097633603,0
1.1409653684482233,7.736809541363112,0
1.3421281554478863,-5.469816596,0
1.3638087334009945,2.1227785875617293,0
1.2004846966321139,-4.758592526,0
4.147683550621656,5.291147196932236,0
1.9270728633416203,4.471433779804414,0
1.581297942,-7.529453558,1
4.163664191,-5.848655533,1
0.1678317008643605,-0.124357168,0
2.4268409291887347,-7.917835691,0
2.6768308748594944,5.174254452254859,0
0.5798191347480679,-2.174975106,0
1.7185035842028717,2.8355350098481136,0
1.9191291148353993,-2.8898929,0
0.1996943496638537,-3.458990796,0
1.1812539731970335,-2.333888332,0
2.952533241300227,8.836572614444282,0
-0.163142062,-3.335335152,0
0.713940856,9.574504895065783,0
2.6507473953095086,-0.198199941,1
2.3748965879071546,-9.413031525,0
-1.248272736,-1.713289657,0
1.5008730574642755,4.554060224302578,0
3.099876069835748,-7.166211809,1
-0.008259222,-7.691084349,0
1.8659959705252112,9.877779739255782,0
-0.391642366,-2.120943547,0
-0.475731028,-7.89772436,0
2.2072800921061257,-6.009572135,1
0.44985661593962134,-5.015830732,0
1.882794876471746,-7.313482879,1
2.2677354990376877,-9.254093779,0
4.289161770561373,-7.780926687,1
2.0525353464066796,8.053392047408344,0
2.8530454588442034,5.631928634370887,0
2.785962785768353,7.580172626206473,0
4.254440655908299,0.16815651955727517,1
1.174687989092202,-8.037567097,0
2.4377767352141464,5.6085715335830795,0
2.014771670847068,4.215099885386682,0
1.382607096828405,-0.655400007,0
-0.923148957,-2.998878854,0
2.303043950118212,-9.195725933,1
2.4460739038734696,6.920681665548006,0
1.3816603100137974,-1.328658133,1
0.5814344700371752,-4.347521,0
0.682841626,-9.204984256,0
-0.178800329,-9.365004089,0
1.9272059866205615,0.082322837,0
6.855432292219907,4.914375568088223,1
2.9472453811587878,8.876021852106959,0
1.7593021091105905,-6.20463654,0
2.1864595245997025,6.342357479995869,0
3.2449178305355653,-0.506501073,1
1.2975586968843627,-5.619903861,0
1.4146994860597368,-7.330550144,0
3.1884404571378546,4.693688856790704,0
2.6674672252427167,2.7661327324326663,0
0.6683660222994028,-8.490834269,0
0.051644280843332835,-2.536004335,0
2.529962942729832,0.3628396381729093,0
1.4432449752757783,-4.005375637,0
5.451121459627125,1.9919292167242215,1
-0.527636477,-0.753233381,0
1.657185385526767,-2.905347408,0
1.539822278917176,4.592868403922594,0
1.639518488466439,5.9601337186129655,0
4.842254044496649,6.564455089143824,0
4.705988350994154,5.871981410576563,0
1.4394367765099676,-7.409168585,0
1.345224828523837,-8.663165322,0
0.8825841293731405,-5.868218941,0
4.258623456,6.820718669432736,1
1.5921555340222342,1.9736436967139763,0
0.23255616780142085,-0.949136065,0
1.8731280161053787,1.6812768628051078,0
3.3361069006340838,4.977731473237775,0
1.2720850206813399,7.758573880660919,0
1.371250498748789,-2.304403396,1
0.5911189033718673,3.3969832402747215,0
5.323008329493293,4.881572470713536,1
2.984855442551314,0.28092859278060445,0
1.6411130858080125,5.015006634877379,0
4.4723125854153825,5.961592643367489,1
2.3415141253210554,3.764675701242277,0
1.8768048152426704,0.02045298,0
3.8660665135670227,9.020130488763812,0
1.1039433480529963,-3.577662028,0
0.8104194894617873,-6.581164987,0
6.2373968091794945,2.694248989585134,1
1.9906514991554536,-1.278576803,0
2.3472271454764675,-1.759985984,0
0.13141137184596408,-6.305985505,0
4.466663943309657,8.478011671005088,0
5.802951352023199,5.090094989169751,1
2.3218518203227756,-3.579729021,0
0.39521273334097295,-3.382972876,0
2.977729093831786,6.1036178724026655,0
3.9309116545227294,3.2077298012293642,0
0.8898613858111512,-9.523204066,0
5.371243736983756,1.3678501286348865,1
2.387551994180851,5.638549306850017,0
1.4183767105638307,7.6496239128156205,0
7.407520886294182,6.868178866683216,1
5.6770577692390285,6.334618745862414,1
2.1003993057632826,-3.755387707,0
2.980219841261144,-7.520301024,1
4.783126668596234,4.840147704287352,1
-0.189069044,-1.710333166,0
2.4436683719712153,-0.71803215,0
0.11324669684071875,-6.079520122,0
4.845651078417255,2.0840521202301225,1
0.7360662258996209,-9.606747676,0
1.4063721275901104,-8.180559883,0
2.004489440295955,6.525173729545298,0
1.8873216926520184,9.632192663613647,0
2.915110691404938,4.282590538,0
2.3475804600744943,1.9519621387975477,0
4.2052803055993895,0.6395974771168795,0
3.6143718066576302,2.894519848,0
2.5473892118554065,9.344010527294596,0
2.5493577934235594,0.6679954441464453,0
1.112743795847624,7.764035359360641,0
2.275671991154237,1.1732531085092397,0
0.7286925466341998,-2.82746532,0
3.1421212398279685,-1.179428555,1
1.2529162663228615,-7.996922558,0
3.8210325883656973,5.249337816093361,0
1.5035301924862212,-3.327995828,0
2.4780171301646976,-4.453984025,0
2.314543694976731,7.473839871053979,0
1.3867680244099994,-1.982821601,0
2.2566894266712634,0.2501335864865979,0
0.46910175837658175,-9.447586007,0
-0.296609538,-1.064376361,0
2.5217942072809985,7.015002852,0
2.922286707672672,-4.910349593,0
3.1873836346864794,3.159371346288429,0
2.141867132934824,-5.140493507,0
4.902860231957336,6.813593589921144,0
2.0371621563315934,7.7738902668942025,0
2.346111616,-0.518343579,1
0.11953753178299265,-7.912897566,0
0.9545779599584572,-6.308460131,0
0.5796701959311412,6.456196865617013,0
2.1675331275054677,1.5627667122423823,0
3.200390500936214,-4.444907562,0
4.870612981620464,4.476185522634662,1
1.3500912619551473,-9.544670719,0
1.4799114087328482,3.259002202800181,0
2.2584772946228022,-7.344547862,0
4.189004051559377,7.7442406584485965,1
-0.359522694,-3.716621385,0
0.8175647409716527,-5.615665243,0
1.388729490017625,8.195624303492032,0
3.219283292456148,7.3148484342485816,0
0.4402898963113979,-1.031515358,0
3.1837756105743598,4.3664598064546105,0
0.9016989817389343,1.6387950742872803,0
0.45038170328363236,6.169588450844348,0
1.2987888803281633,-6.105425409,1
0.4476473149059642,-4.365305069,0
1.3716079186946981,-0.454379332,0
2.470190345117876,8.507939051479191,0
1.8745807820584868,-8.386189956,0
3.699854401865208,2.2975612268701866,0
3.5325970047141304,9.662563647,0
2.223001063537581,5.045949449466264,0
1.8491047645479934,-7.493585364,0
1.0822593897966828,-4.86066587,0
4.305855798134894,7.177321493848851,0
1.1474170662246321,-5.792089442,0
0.9396482542694486,7.123095620124822,0
2.523120135477423,7.915481028021304,0
1.8584385388492715,9.164493822037233,0
1.4153168773176659,1.749191944188972,0
0.3365216255757363,-7.872211078,0
2.2000862655968714,-7.317468911,0
2.9797104656464244,4.9245709104411635,0
2.7354113598545022,-9.198010906,1
1.8242625730719222,-6.427278532,0
2.5338538436160367,-8.522725027,1
1.946534499721667,5.951024762,0
1.0144173672553787,-8.522254158,0
6.409909598785699,6.478662554792464,1
5.4075370493252395,0.055417982,1
0.909245687,-7.736878609,0
5.073642459802315,4.503434704110932,1
2.4548933246877667,3.903639944560304,0
4.197913642904348,1.240409208098761,0
0.604992803,5.461925873229648,0
0.043761702,-6.275352288,0
2.5758214843661085,-9.436743353,0
1.373041417001269,-1.162178052,0
0.5302282969151748,-1.960810579,0
3.770230051189289,6.758209971,0
6.573535965437117,6.772909710769532,1
4.3993938952241445,7.455604619777919,0
-0.368086369,-8.300703741,0
0.6038198362501674,-0.704483786,0
0.24719801513939266,-0.176588215,0
2.3086211,1.8317171330144681,0
1.2694025603096912,-8.730093486,1
1.5684998793505645,4.044875886462517,0
2.678641096270592,6.890249795434517,0
2.4958611400402075,-1.449706157,0
1.7105096501606172,7.233011748187899,0
2.4995333646367794,6.500720038303406,0
2.0101565796107863,1.0534534727489628,0
6.079664724759416,4.791726762846764,1
2.3544218631409537,0.6872811814294906,0
2.480994302246131,-9.228778384,0
0.8742860522451636,-4.853860038,0
3.5473130422576893,3.3934299062860838,0
5.509932430316868,4.526246417188936,1
2.2870708782710727,7.295108424837821,0
2.5353525420127165,2.950690946968601,0
3.194420951850919,1.1311200230408698,0
7.136035262634872,1.6091517131513022,1
0.3282590328900761,-0.264141114,0
3.840037459975236,-2.096333315,1
2.3987745326551804,9.329711025195326,0
-0.783262613,-7.813710844,0
1.9933089558264137,-4.355905852,0
2.3602363057970415,-1.615115646,0
2.746538357765383,3.932639125891079,1
1.2555133235386449,-6.942737785,0
2.820885543368061,-5.960752369,1
0.6560078631251494,4.018730996556057,0
-0.135434846,-4.834414758,0
1.005095647853957,-1.09895109,0
3.5248124708923902,4.6634213657743935,0
1.4991429058761812,7.338759995771802,0
1.3281777930990653,-2.032138921,0
2.3597171315045915,5.796191551975376,0
2.655388675356488,1.6082493021245128,0
-1.928851085,-5.911101162,0
1.710665979100122,6.756177189646767,0
3.192739370886589,-5.732873286,1
2.3093160166860107,-7.53870641,0
1.4808419585520127,3.813482146950509,0
1.8469772382214358,-9.230631457,0
4.509400160219544,6.372761925938647,0
2.2388822474565866,6.022802853638346,0
0.7874905366236156,7.966312970502365,0
1.9834418735422423,-0.668892444,0
1.2409466677867023,-8.710286585,0
1.5874159191724821,-9.924678508,0
5.819664198811839,9.567956331884115,1
-0.030164578,-1.573315865,0
1.2426903459047196,-1.251271769,0
0.49669806205350353,2.633428939628761,0
1.3452106781623085,-4.756945789,0
0.7298362248893884,-9.421675562,0
3.1395124411176636,0.93129317,0
1.6607364712653034,8.277410168866925,0
2.0568530690896143,2.840980122009407,0
1.0006550046808464,-1.197690407,0
1.8005268480202097,2.8879413301380037,0
1.4617455983666507,-0.974165108,0
0.5985012301462391,-1.108300271,0
1.4111331536364735,-8.091363736,0
2.1681864218523783,4.566194521105569,0
0.9881458276601056,-5.030093325,0
2.432578616459507,3.5667471442854843,0
3.2616727501515106,3.4916728034711486,0
2.069545776,3.6811672378141935,0
-1.341786955,-5.378429685,0
3.147229931007642,1.6701664563162275,0
2.2150437687219893,-2.540864114,0
-0.179043219,5.532647511221601,0
1.0479896249613698,6.815318263468935,0
1.0695825131062044,-8.221837181,0
2.018496651835912,8.257099932,0
3.6586849747957437,7.519795239223207,0
1.6741295820917461,-2.924973466,0
2.0958303585388762,-0.388377494,0
1.4869241954158072,-4.563655861,0
3.5962961922385874,7.398547911794253,0
2.810175025216629,-3.868302159,0
2.1397621047629665,-1.126180866,0
0.10928005780435224,-0.174429585,0
1.8736841721852118,6.0518045320441765,0
-0.387758139,-1.577323559,0
1.6398133774378723,-3.795710805,0
0.5908614955036482,-0.451689744,0
4.2271513558272105,-3.411742927,1
2.203387052230972,7.876890264206857,0
5.370630888332202,3.264633729323325,1
4.946667774939202,9.098263978590534,0
0.5441836573192131,-4.747767458,0
0.2730175100314961,-2.586118066,0
2.617946485402236,6.275521828053069,0
3.096554147843099,-5.292500483,1
-0.605498683,-8.603104154,0
1.6945088182190498,9.45155909,0
5.697780959448119,8.634010525486982,1
1.6589908521243928,9.165088201256633,0
2.5000141977267867,0.9080373020591264,0
1.3945190714587905,-2.621935219,1
3.4429964514948472,-5.799211806,1
2.279788452058137,-1.566055414,1
3.106348801695061,0.017507999,0
1.097961737262542,-4.076902752,0
1.6457132005963695,-4.171150575,0
3.050461117958873,4.04626016,0
0.1728460292919447,-4.202393608,0
0.6043710382787193,7.1450520591195605,0
3.756445698919752,7.574135375151737,0
1.7059302047932667,-5.408492927,0
0.6694214566109615,-6.679938259,0
2.680575759,0.9019623454161678,0
5.858402606203581,6.863033751368853,1
1.8189230203651192,2.204489552678048,0
4.0302428809988715,9.076554814,0
2.1209945473287846,8.820942325752782,0
4.470088049141543,2.1714398465789753,0
3.1420670034582825,0.5226531474732212,0
1.741110070067738,-7.596569126,1
0.5555663844413312,-0.535620458,0
1.3209690265135183,-5.736803912,0
-0.092493079,-3.523002387,0
3.2300447522987863,6.291673257465959,0
-0.309432791,-4.203906414,0
5.998434184896968,5.8064376787915055,1
0.098982176,-5.558124776,1
1.9169053910852938,-3.812883205,0
1.9099657724298793,-1.671710986,0
-1.206256244,-0.937251469,0
5.337631083652951,0.18882774801347146,1
5.137258793976663,1.7484932076305437,0
3.394477646602048,6.206260373598727,0
1.2005982334918732,4.574675641382637,0
3.8845321535059076,-6.336972962,1
1.3936553987941422,-5.015971846,0
1.5863969345257534,-3.946954229,0
1.2533671991913056,-0.869054363,0
6.4839045290962645,1.9476653090427298,1
-0.829952658,-9.322764184,0
1.8903063870250398,-8.997839276,1
-0.406682945,5.824269213770833,0
1.852013344730203,-1.494826316,0
0.10800188197421146,-2.392982517,0
0.736323751,-6.2220723,0
1.6265529335166353,-8.022328438,0
0.5202100122250402,-5.319171365,0
1.9347634417017114,3.458895449075907,0
3.649629144098629,-0.153003943,0
1.238662564897146,9.413577904,0
0.35555290104730286,-2.767254503,0
-0.084162062,5.514414760614411,0
1.075494764713149,-7.179599475,0
2.4780836861370035,9.550243999,0
2.547977202775882,4.2927637813793655,0
1.9184769237142452,-8.17905166,1
2.311503303998834,6.714100882,0
2.703950738720279,5.538216993,0
1.5860385623949727,2.1640758176888557,0
2.775032433672626,7.667427322366567,0
3.323955278364512,-0.148370591,1
0.41007122796272744,-7.442706516,0
1.7400292298181128,-4.611116091,0
1.7758218711727447,-3.085132644,0
0.5359117958645614,-6.106253402,0
7.431492125924697,4.831488098386815,1
2.1787487244522934,6.217677884726097,0
2.8677587684917394,0.36779561,0
0.8158682134333879,3.6428182361272476,0
4.913286468428956,1.1604093320176077,1
2.8193261097621516,7.813448435453239,0
3.391877409981255,7.296461865338809,0
1.3964807928780805,-8.649967546,0
-0.647297872,-5.984361518,0
0.2689776198526276,-1.753748907,0
1.5156935926526451,-1.620958359,0
1.6452652824572256,0.7832197064844415,0
2.4983709708920068,1.4098315524258904,0
0.5402509577585419,-6.418561237,0
7.007195903982903,4.5972902379849145,1
-0.593531693,-8.358802733,0
0.029709311335603505,6.908328267111376,0
3.4788741496486093,6.889690408,0
2.8841963937520427,0.7286973399471997,0
3.5407049700217232,5.445954805547018,0
1.4820999465222466,8.241790265,0
0.079406272,-8.065354389,0
0.5707459004149761,-0.951243286,0
0.871602547,-2.214393402,0
3.562382963156717,9.461163591,0
4.923826858910518,-7.222197473,1
3.7942813467880545,7.082293686297696,0
1.3783888560119857,4.003445090296653,0
0.4442606403016248,-6.982744387,0
2.4712752113437917,-6.729176436,0
0.9544212116555855,5.9475091794194626,0
2.9599899473569558,9.979811086594708,0
-1.118563724,-0.293078246,0
0.7429462129003535,-1.322255697,0
1.0892006050609266,-2.839777808,0
2.6213394018454275,3.7293925555496408,0
2.391004263602175,1.743489128,0
-0.500042782,-9.267947519,0
0.6414624565576912,-7.83562033,0
0.22675505585259736,-6.109876332,0
0.4980113268298709,-8.795765974,0
0.5892602093128532,9.201308322703031,0
3.325293995726717,-2.196323078,1
1.5337347252578803,-9.268807213,0
0.860755936,-7.660443642,1
1.6849725281233394,9.418413623903533,0
1.75650118,2.0662639704659664,0
1.8726616066990487,2.9033641807591373,0
2.067319613622686,-7.409991648,1
6.984169895351099,7.058077984890392,1
3.268105320126239,2.2201361769586274,0
1.4125412826767414,7.449161399520751,0
2.280986934,6.897959427919272,0
-0.868588227,-5.644809617,0
3.023871330806937,6.120895469621857,0
2.925558447952917,-5.723281466,1
1.9410338412351167,4.292776933043603,0
6.052822121075909,4.209197278,1
3.539605254090293,9.116152878629563,0
2.1089028722457095,2.959287691707166,0
3.4216942050964607,2.1248317642628383,0
1.8622524296375798,-1.64683157,0
6.420406528579334,7.530195764081931,1
3.6226207738745186,2.208455556909211,0
0.9079231942009001,3.4140419546094076,0
2.517760679838904,3.962969955841448,0
1.0788508061818616,5.112785287,0
2.673040660660844,-3.054040588,1
0.6559277058049531,-1.858279378,0
-0.010479036,-2.423884434,0
1.868875298286436,6.667659565093768,0
1.546371749143768,-0.49870306,0
0.660348177,-0.308280754,0
1.5113949597436975,-6.860381907,1
-0.394559619,-6.682634469,0
1.363244102114599,-6.987091256,0
2.289049727938984,4.497828925399279,0
3.482258010943046,-4.415341031,0
1.370860485,-2.145600561,0
2.0026456008537252,3.7608221691316253,0
-1.202798002,-2.905563942,0
5.851830601258179,1.8640028873290504,1
1.6568386882790147,7.292470913966131,0
1.7229981811289674,-2.782122422,0
1.0366037982348815,-3.959672647,0
0.9592582786323063,2.7308259382233366,0
2.4520914472334887,-7.918520455,0
1.5200240574420802,-2.053868069,0
-0.54930998,-8.639984139,0
2.8839778791738313,6.110684327564464,0
3.449200135579381,-3.498732751,1
3.420108462229783,-6.53996634,0
1.410206678721351,-7.20161815,0
4.398306700931425,5.514696718,1
3.1999421561288055,7.249718174141577,0
0.6296312555866367,-2.846864885,0
5.010341449942622,1.8906570521896189,1
1.5426179524201666,1.3560738412796205,0
-0.223289021,-2.751738067,0
1.1480964685623405,2.4367227559034035,0
2.3113642516652857,7.650274401261406,0
2.2039467947660083,8.837881578036157,0
5.999936238356987,2.020399699270234,1
0.352378913,-0.512869502,0
1.0432263752492739,4.928041574037465,0
4.4821470287308856,-3.909714768,1
1.216983835480678,8.170233059623328,0
5.397986276947642,3.8186698504887335,1
0.6794347625401767,-3.245222774,0
1.1015618033671886,9.874110395869515,0
0.9762231066827989,-0.630079365,0
0.9435887059775152,-8.192815441,0
0.3868387403609289,-7.052964423,0
1.215308636033818,6.346419383379189,0
-0.306325844,-9.147712438,0
0.8620186176343597,-9.240410919,0
1.7414435149969556,9.039832888,0
0.9534190370713433,-3.358819581,1
5.348145005524537,3.4264421082571754,1
3.040790300511304,-0.18051584,1
-1.858179126,-9.967838284,0
3.956991710223835,3.6707584705001377,0
5.330300410465247,3.2685865516074806,1
-0.766520005,-6.910028422,0
1.5840452463003634,-1.645427624,0
7.595239500558121,6.9359667209257445,1
1.2319771839915605,-7.484907147,0
0.8935038038378131,-7.388571575,0
4.767390581840157,2.017308389759723,1
1.3515679682155892,-7.229831282,0
4.628344893287259,4.7905316399861775,1
3.143076717454302,1.7820530412826425,0
1.5457213622695967,0.3561578780796193,0
2.7046926496994708,-1.620092837,0
1.0366029669949097,-7.166335129,0
2.8593486016237724,1.0813362204420311,0
0.258719255,-3.450810474,0
3.469734816456543,7.913708737313602,0
2.4918853280564393,4.242573125185064,0
0.45796109244833005,-7.862342063,0
-0.472611379,-9.731929509,0
3.140671668183322,7.616794812699787,0
3.697227198981091,-3.584901583,1
1.8788325467222378,5.587386144681981,0
3.6123975549755203,1.2015522679396078,0
0.6073828334575753,-0.895686412,0
1.4386372080753786,6.557577545017214,0
1.6405153644704866,-9.332687743,0
2.9085593274959676,5.773200246625766,0
6.825629026040198,9.959658479120673,1
2.975192522219518,-6.940626444,0
2.728105255902648,-8.581156233,1
1.0401476640709222,5.813032469305524,0
6.376275753181504,8.872427008,1
5.275660122387058,0.076381142,1
0.931268927,-8.063524504,0
3.730608296942906,5.050169875001163,0
0.944628657,0.025094656032567997,0
2.205178993132801,-6.269708037,0
5.031414336395013,1.0064533832490223,1
-0.120609665,-4.39856069,0
3.233376288162065,6.356111730280698,0
-0.765064284,-7.378285746,0
2.7432502050478518,8.108734108900418,0
2.5618328122721863,-0.472272943,0
1.4584157711770769,-2.460288015,0
-0.287925993,1.8512967647750465,0
1.6028002194351907,-7.622021938,0
3.195623358181599,-9.911621876,1
6.374030651681453,8.624701943,1
0.42615214290190984,-8.737877568,0
2.4016297881329964,1.962992859726441,0
5.411029257,8.452249064878668,1
3.043633745191374,9.937382732471928,0
2.337635489584909,6.982707113,0
1.1139247429988972,-4.725526611,0
4.229046279061193,0.9832116672897957,0
5.166899884901331,5.1818977230757834,1
1.7571756994247814,-4.343212085,0
3.4431871017365583,3.7732884789738996,0
2.1638959354961123,8.710178077518496,0
2.2247556096283025,-5.003209109,0
0.6405388593145764,-8.387898461,0
2.7292778187278657,-4.930144123,0
0.9478188569173598,-6.9456559,0
1.2062816038592883,-2.939958867,0
3.051252206883382,7.439753972994932,0
-0.237280827,-9.087626077,0
2.5487975416041664,2.0970118938690163,0
5.0643617564178305,7.265601233535502,1
3.311287849,4.189018218949096,0
1.4004830461320228,3.7204918140846104,0
3.265911008133787,1.1885205865247865,0
1.0856525449880337,7.549477800952907,0
4.4156279108386105,2.3599740975182737,0
3.0323259397223383,4.383934782521626,0
0.6586964015332297,4.050576946294427,0
2.2862863086341187,-3.296207097,0
1.9466908734292354,-8.127759517,1
0.9706948913655258,7.223279017758898,0
3.0252286542146503,-7.432844976,1
1.1301880132794122,-4.095953971,0
1.3836467987580117,0.17198516605273717,0
1.9429739126351915,1.0186930659341353,0
0.27176825833983465,-2.909357847,0
2.9424428521326123,-8.319134764,1
1.9685304553284122,1.6178258256992866,0
3.5305809551298433,0.3577328646273692,0
1.3267403904632633,-8.324544499,0
0.9959153884333094,-9.999416398,1
-0.010592326,-1.474086618,0
1.654649167660936,-1.92089001,0
1.9477223694397359,5.405525596919713,0
1.655630565,-2.373931374,0
1.8133805164777819,-7.353870375,0
2.0583749495612693,-6.557812812,0
1.5235855663181184,-4.56410906,0
1.6845290267970938,7.401240922,0
2.336208881815447,-9.337034918,1
4.204155044585582,9.895912508480802,1
-0.779066389,-4.55372047,0
1.2684161211218512,5.977571085382344,0
0.7212965396297562,-9.99831011,0
2.293725843457315,-5.810018118,1
1.5873213970515643,-4.880466915,0
4.232037807286501,7.121704227827639,0
2.256912267994885,7.764099851537452,0
1.4377625190102976,-0.780928163,0
-1.539136033,-3.573523139,0
0.6052139501064544,-5.228348686,0
1.6497334543395887,-7.150645642,0
0.057585641,-2.8087924,0
2.5626187441655177,2.1441161729376628,0
5.708431297437725,9.023960763684322,1
4.497473043668567,6.988391585006404,0
3.0356947756598784,3.8678190844279854,0
1.3484052093751295,-5.028069606,0
1.0205461750478169,-7.190490725,0
1.7070539785646321,0.334561185,0
0.48950080235321636,7.501538701140348,0
2.2836501515367713,4.418662274878745,0
-0.680542441,-2.030420714,0
6.101463385612934,3.6846916595367816,1
1.9678557014716809,0.24624670892340816,0
2.6821987445493973,1.0030674635816705,0
0.7872917458665278,-5.026595495,0
1.448388617567414,-8.60725456,0
1.570286399040339,3.296790063,0
2.4996705421509526,-9.901487692,0
-1.048459701,-8.504657695,0
-0.070029741,-9.248092527,0
1.7683568550086837,-7.388846683,0
1.7875618221581053,-1.441360297,0
1.5908863784475518,-1.179049929,0
2.5045862096004874,5.769310532393385,0
1.2403465495088803,-2.615083225,0
0.093474742,-9.844342372,1
3.578126644256561,2.728884761927034,0
3.1687457839492637,9.845330607042847,0
2.6718971529436315,-2.741540344,0
0.6965426780610541,-2.907612043,0
2.2107479893423165,6.9940455033788105,0
5.674831857678335,5.030563090527377,1
3.6949320791967857,-4.883210135,1
1.873499620370161,7.3361325979906695,0
3.977747074199531,0.39133352788658193,0
2.352956116,-3.235189054,0
2.5224841679238503,-8.443071489,0
5.106059372147771,7.933621784602053,1
1.1186406606642751,2.706102820850374,0
1.565491078442132,-6.48095232,0
3.156366799256197,2.2873562789455875,0
1.6257772275777462,-5.170903216,0
2.190715247934016,0.098657392,0
5.375078064985184,4.436703905890212,1
3.304968127343886,3.3340988149162936,0
2.5118541207262974,4.390281178621574,0
1.8471011006735751,-0.569461803,0
-0.015319518,-4.282561802,0
1.6026558908338586,-2.02499084,0
1.3777954996990864,-1.849927443,0
3.9670080001724095,-7.326697151,1
2.337829902722161,-8.309625622,0
2.703880957068778,6.813795377286606,0
1.051752364044341,-3.43111969,1
1.4120985795666423,7.357669738912737,0
4.385901443366072,1.3033523040707191,1
2.6245212666053717,-6.335016177,1
1.2988781114472647,5.092097079,0
2.253636104085964,1.5702804242852686,0
0.39791253992538855,-7.515484863,0
1.286910968418453,-6.410285146,0
4.042414511,-2.310134716,1
2.1997400468522383,2.929281820191264,0
4.924972252020453,9.321244790513465,0
0.8099471306402912,-2.972625531,0
5.236278834933857,5.803582587007991,1
0.1565982023126965,-5.755389478,0
3.1805263870310565,0.46573752258537837,0
2.3539669092700595,2.2036673307796804,0
1.5413738193714808,-4.058777901,0
0.6925394081020528,-5.829143805,0
0.9924569668370193,-2.432375822,0
2.9947949895956025,6.766247799,0
2.7999100966743806,-1.638715,0
4.027500300117873,1.749774017634735,0
3.0306925142383427,6.477211608175288,0
0.627642463,-2.463009161,0
0.6642043,-8.201732435,0
2.5788489335458187,3.3398478191480656,0
2.913621042945003,6.129003127950934,0
2.562088074,-7.206264558,0
-0.138318617,-8.238540771,0
5.510080131770429,6.180065934619403,1
3.7985486238972976,6.025040836,0
0.32115611081779694,-8.342696694,0
6.377140553559569,6.943553038805913,1
3.596555867477157,5.655956565956711,0
2.6731326727688147,0.1637689360980925,0
1.6863155910384169,-5.839888292,0
-1.059246959,-5.181519359,0
1.1302561073538406,-2.493345512,0
3.788210254654391,-0.112061081,1
1.2151018359996264,6.818212421777986,0
6.948171072823751,8.813232432496061,1
2.7062580444256925,5.467737369624183,0
2.7765766298915873,2.4204742378139805,0
1.2008801068818844,-1.564684308,0
4.645747742953731,5.422019717002611,1
2.003516208057581,9.172141620008375,0
2.9131869036214963,6.751881097690248,0
2.680008947865957,9.509639592585735,0
3.552803874137921,0.22500400054176417,0
-0.190251287,-5.367357175,0
3.189123415839706,-0.127795523,1
0.5264908090921312,-6.625640723,0
1.2639152696113656,-6.062675879,0
0.7251417374413366,-7.702119717,0
1.9958876369524803,7.616649730209279,0
2.2895812009593617,-3.812716538,0
3.1779038195249028,-0.242798754,1
3.689900077948665,5.243116246,0
3.654254947346276,6.062796924127451,0
6.145600154279011,9.16120366,1
4.868164576514422,1.4391026523973576,1
6.889240341648496,4.353348147610706,1
1.518327337733867,-6.596679564,0
1.341333044451353,0.6106470055314652,0
4.560816422965403,3.943089358259428,1
2.176786761326878,2.9275087957255366,0
0.9096556006722599,-8.824599103,0
2.1419339917572096,4.482602547182475,0
2.8797866372388774,5.923684298284549,0
7.044435035683048,0.067756488,1
3.102112612632898,6.624220683261804,0
1.6972325181617423,-3.501407013,0
1.885944891592183,-1.694776137,0
3.625458379245178,9.600297066961197,0
0.9472861686896179,-0.549516535,0
1.9824624415738343,-6.03425408,0
1.9482602431920886,5.155403435724111,0
0.9959170764336303,9.525961497605273,0
3.250861780083053,-9.240011712,1
0.6055143590497274,6.265874794261819,0
5.986279757850152,1.043924718858623,1
7.716955258146403,7.379024191572444,1
4.654028004016013,-7.528703367,1
-0.631415079,-6.696163148,0
-0.400027907,-8.800329467,0
1.2967716809761864,-1.623610047,0
2.1040892428853564,-2.431529564,0
2.0133545719806376,6.744029769525749,0
-0.813793089,-4.42321801,0
1.6029966781724907,-8.32867342,0
2.0386332447088824,-1.29215874,0
1.8061369670065546,-8.976851933,0
0.7964795514553669,-3.858826322,0
2.207629287870538,-2.523724854,1
5.894275766813182,3.797713387192129,1
1.7580283938326682,-4.520717563,0
-0.13205962,-0.610437857,0
0.765836424,-3.81173212,0
6.2834207273743266,1.5594427569743665,1
3.3500419227673093,5.731136344768705,0
3.026328516166809,-4.725327004,1
3.4498569414259963,9.781472270773236,0
1.7237129088807788,-1.278452493,1
4.303593888299047,9.225491689790243,0
0.7988687153684975,-8.188457248,0
2.6852204756316826,0.925284736,0
2.235930143203396,1.7856029816465462,0
1.0112212652531678,-8.280539187,0
1.406207333223195,2.3986310080088877,0
0.5589017766263012,-9.171067639,0
2.6208359060033506,9.034996394476536,0
2.807129853443458,5.012901377655174,0
1.4268323274630172,-6.438769508,0
3.4654606632429337,5.764814425,0
1.4189618166203777,-9.155866795,0
0.7541326761215811,-6.570135521,0
2.4526275209075736,1.8427405325816295,0
4.755377771558399,0.035012419,1
1.8939893253168818,4.516409010193911,0
5.829521206765293,1.2401504695810317,1
6.019615036744476,2.1486319344083764,1
3.367552235506019,8.027190253,0
4.382013841480177,5.882460269597303,0
4.971005677971972,0.23691004105462454,1
4.810015998965384,-5.707805953,1
1.3394760221140083,-1.195489088,0
3.6859178693745775,4.253479899,0
0.8719336650554232,-4.542712481,0
2.619515481201972,9.165893077184236,0
1.6822492347255302,-9.536075601,0
1.5494951550658296,0.36989957734278534,0
1.1290055579426814,-2.993621885,0
2.3133603321814897,8.15832305,0
1.0374575789116478,8.175736084968712,0
2.9875354537368226,8.200729549618885,0
2.537469465997602,-4.159239398,0
2.6076504987721782,-5.701685236,1
3.026714724652453,4.953743398123221,0
-0.624863502,-3.167762976,0
0.9813354114483203,-5.842340258,0
2.230887731540029,7.833172695635284,0
3.3156023368741234,5.747232113,0
2.7168227256826354,0.053510324,0
3.0905168503383535,7.303360330134431,0
6.236923652987167,5.933906396927338,1
6.875395793268058,8.392851631065021,1
4.895403658687226,0.013817631,1
5.024034355150945,8.145551742730436,1
2.527765602610395,-2.538421497,1
1.7197077297495358,-2.736471129,0
0.39422930738747786,0.9799199578883755,0
1.766829454283689,-6.256352598,0
4.891331795786019,1.6377312152463315,1
3.882115962103407,5.080468342468345,0
2.350306397551258,9.557023704200983,0
3.6244229487582995,8.328423282206273,0
3.2348688288113476,-2.04111366,1
2.072891058536999,4.253830714844389,0
-0.323803723,-1.814086286,0
3.0372733446522373,-5.454525073,1
2.3006993417362778,0.3646855624060592,0
6.298933206931101,8.927885889878567,1
0.1293204390720346,2.194225387072265,0
2.1671072517209944,-5.13021733,0
3.497879706850333,6.5225938179321865,0
5.111184882407225,1.6016520125647347,1
1.6850062846244565,8.701466317592313,0
0.4580715356662328,-5.946394011,0
1.7622862302558344,8.697749851433421,0
0.1749836620101226,-5.162367029,0
4.8919770998574705,-4.556633533,1
3.930722067234418,-1.534345561,1
2.5092306100073505,3.326548883338196,0
2.267052321111964,-0.524285024,0
4.092787579700782,4.270700215175276,0
2.203212663795737,-3.547996624,0
2.735050005638239,-7.677893404,1
1.2110801234216977,-2.793508945,0
0.7764230689519851,-6.242075763,0
1.8516211861791252,7.1037538408197705,0
0.41396451921964994,-6.534085098,0
1.1240819859888183,-3.376958464,0
0.1655316923006087,-4.861495431,0
-0.461398704,-4.796352735,0
5.383731599885436,2.614202662899924,1
2.4509280457498166,-9.651381536,0
0.3698484698180633,-5.283480461,0
-0.354708898,-2.301385841,0
2.328448048669518,-6.190285331,1
1.7978032025212844,-7.872380301,0
2.359570144547125,6.122224856821717,0
1.9623814413166714,-0.174735878,0
2.029077552,5.547737970496122,0
2.302250120171855,7.360165614495717,0
2.2200614522382525,9.826371233534765,0
5.2708080706158515,8.717333219057892,1
2.5223494099663375,2.0944598883688847,0
2.0626909218391605,-2.79586253,1
7.222626781960191,4.087738736169982,1
1.4319436859144394,-2.865849863,0
1.575702644680284,-5.349045295,0
5.4620301955819315,9.585560666828552,1
4.790920357434703,2.1060243897869597,1
2.1088690413192626,7.776061501474594,0
2.6809469211481485,4.896378555566347,0
1.8588325218398989,0.4465651900891725,0
1.4003395204187972,-5.362638874,0
4.232733739145373,-8.447608951,1
1.771439926896225,-1.803665486,0
3.565014146766116,4.456838398569822,0
2.7354760586252747,-9.132530944,0
0.10699391181215556,-8.606274677,0
4.094126161213171,-0.788399084,0
0.960255565,-8.841624016,0
0.5433555702025075,-2.032977865,0
2.261888384,-7.304556382,0
3.6511600748326307,5.777759665562154,0
1.251443267670037,7.909446685679374,0
0.6125832146990187,3.876442659681887,0
1.3069860908076119,-5.99978522,0
3.427129567640831,8.479846640185432,0
1.8102080623641759,-7.762564473,0
1.7036198897207502,-8.16772862,0
3.016958128253723,-6.414445312,0
0.29815700274543666,-5.776670263,0
1.2430332812188132,-9.294762954,1
5.427439868464276,8.258051261551973,1
2.082505080452599,7.799033860836872,0
2.6990766563231428,5.703295682444981,0
1.103491335,-2.998479608,1
0.3756670318041613,-9.519514654,0
7.069766293487412,9.857742398765843,1
1.3377637949490502,-7.680021491,0
2.803062128891264,8.850751484,0
3.698183704808004,9.052300562848334,0
4.120310780039363,4.951493548,1
1.892108921017378,8.863035948033705,0
2.335436102108405,-4.286561242,1
4.543289245986012,7.839853098664285,0
2.2059570933923482,-1.22743209,0
2.5307227711992635,7.510277444296754,0
4.488405623598854,7.010263593131867,0
4.482215688517306,-8.362298406,1
2.544995870282736,5.832032466146238,0
0.9331443487971447,-9.419157436,0
1.1983499804319535,-2.986421129,0
-0.523711309,-6.036828523,0
0.2948084077395593,-3.284471781,0
3.7315503310129454,4.6227554840221625,0
2.137789098198396,-7.27950625,0
2.2165657202808227,3.614278367893661,0
5.984269863532676,1.1346254846323447,1
0.5208107768587215,-0.812374349,0
1.5465068218056843,2.362515133866765,0
1.8641844249221735,-1.371227953,0
0.803087899,6.904879183289388,0
-0.453008346,-7.896600365,0
0.9742886008467619,8.574037507125343,0
0.5350814560502819,3.7818491218083956,0
2.345210759258171,-8.954291491,1
2.9887304186359707,9.692644598,0
1.1545620002569044,-0.359547457,0
2.393279499284571,-4.248510633,0
1.7107181565573288,-8.602411806,0
1.8033601289564682,-4.065514482,0
1.4998845873329436,3.928325368504236,0
3.609936813614907,-0.470670627,1
3.739267013241214,3.689760420488783,0
1.928717822934979,-6.254053215,1
1.287203840083024,-1.51768747,0
0.8599690914488529,7.653809291724755,0
0.584667865,-6.224591617,0
1.2444967838714784,2.721803329990113,0
1.3115124381586676,-0.26752143,0
2.5196212895356753,-5.702578552,0
1.0862611188203475,-8.294314308,0
0.4247442612134479,-4.143703958,0
-0.14406624,6.149630058347935,0
1.0972865938684262,2.0664503926820537,0
2.5086936196545473,-7.03731265,1
0.5652037604359463,7.835212110564086,0
-0.476651377,-7.54770604,0
5.669037415023173,4.173548058004844,1
3.183120144817333,0.11046514225069082,0
2.0552272676764067,1.7325520112545725,0
3.830856122495974,2.307985184070775,0
1.5939824123932989,-5.767384624,0
1.3574599664743685,4.3205330594519396,0
4.1349983322340345,6.617349895,0
2.657280022199765,8.063427121874543,0
-0.191882559,-8.782007006,0
3.192281238,2.6624966658007203,0
-0.137495796,-1.278585024,0
6.179186222189448,4.904965866565236,1
2.6917972581686156,9.609141139,0
-0.142366233,-9.388297238,0
1.706105944295269,-2.643637261,0
4.010855483262195,9.869031315107058,0
1.2148671064996688,5.479055868567631,0
1.8611691097468757,-9.395407924,0
1.1227451357635192,-7.418696748,0
4.407242735442729,9.745515901769789,1
3.463213115369081,2.7917530052338115,0
1.1955098790048078,6.919800006286067,0
0.528749765,-9.313443865,0
3.479049390104378,6.970356357791616,0
7.405161894694029,8.972088815091606,1
3.5720255602826727,-0.026436284,1
1.4475622172678115,-6.548105243,0
1.7018438834838903,-9.803824777,1
0.9933060135189173,-2.171128113,0
4.5308027983206856,2.537126153034899,0
2.4572610197693385,-1.245179899,1
1.2386891361367987,-7.436587135,1
2.626145747883302,-4.63324949,1
2.5165540457018993,-1.044056789,1
2.433662645350874,7.7594843581832365,0
0.266159796,-2.11938899,0
5.107532156801728,6.324688174,0
-0.168485382,-1.787957037,0
-0.848389346,-9.397570907,0
2.701171625034587,-5.020925102,0
0.8707891411527997,0.4970682032884337,0
2.6038866351552716,-1.949324729,1
0.4188149054512711,-3.998433993,0
1.3162108041718086,-3.113264343,0
1.6729539858116373,-5.686017617,0
2.2461251009349765,8.026169483612534,0
1.092369400229831,-9.294074253,0
3.169811868878246,5.9119587793089785,0
2.739957770002962,0.5247420830681992,0
0.38128088602301125,-5.262171371,0
2.6658598462657723,-0.630081926,1
2.0318367543924087,6.062688704142644,0
-0.165697671,-7.073823854,0
2.305505450599092,0.096022992,0
1.372961749750695,0.4631943790703801,0
-0.364954827,-1.209118361,0
7.399027146220959,0.517525679,1
-0.455557487,4.580506580343439,0
1.9557629841711208,-3.787046298,0
1.1935865336066889,-4.389174849,0
7.049989322600036,3.543894228085396,1
6.394029227784115,8.615072922644117,1
6.683354805071249,3.7381514315059157,1
2.9295026179332266,-3.381349504,1
0.2774271996919553,-1.912936122,0
3.4948327221263082,5.906201063172942,0
1.5294931141043766,7.589320521262756,0
1.3041810769267181,-3.27055024,1
0.851259381,-8.95912934,0
0.094694712,-4.169301117,0
2.4682279979027286,-3.505034897,1
2.297762963647114,-7.24365972,0
0.840269788,-2.567288913,0
3.0912610336806168,5.654692958555474,0
1.9968740819929336,-0.350912337,0
3.2647663276231556,7.455727747025453,0
3.460891947190647,-3.846924516,1
2.527478403373766,9.540360427193832,0
1.3991123217071353,-1.793228048,1
3.5068958994937143,5.203340166154664,0
1.3042846144180384,-7.157162407,0
3.138150919105154,7.433805096982887,0
1.9018955529974702,8.502014990899625,0
2.380822421200909,-1.164756269,1
1.5204551358743705,-1.962038604,0
1.0443559744109716,-0.513856741,0
2.031809244198244,-9.176999137,0
1.2204973024959114,3.562916896119784,0
0.40336579605624057,-8.042700949,0
3.349648036506304,1.745329072392753,0
1.5539498867006407,-5.718596873,0
2.368947627834413,5.548990845934064,0
2.9650460172341946,-0.286346305,1
5.409709596419013,2.0314621131853787,1
0.9625624020599638,-7.873357525,0
1.5305820198469364,0.386376751,0
0.6486833480648622,-0.414674885,0
2.705928420052929,-1.717000049,0
1.5469344813838406,-1.853944583,0
2.4338921023281372,2.6431938508800066,0
0.607760626,-9.85076692,0
1.9239415418363501,8.205218988,0
0.5776710659867866,-2.175873845,0
1.5721164544897752,-2.847367287,1
1.844375955715585,-0.758378935,1
5.976998720869255,1.9050508447225756,1
1.2608381446126176,-7.814738079,0
7.634739944835869,5.188808757213433,1
2.6412147383208824,6.101451552,0
0.4506678350031802,-6.695996811,0
5.276259134697359,1.0199810340744264,0
4.036932534630067,-1.628068917,1
1.0888399747588833,5.249270076,0
4.506807953298621,3.7843820150624357,0
2.4031159226219905,2.1662672084942347,0
1.2467548014715386,-9.749020561,0
1.8159621850050445,9.728111557423802,0
0.9386856612362234,-6.748894506,0
2.5719027482752987,2.3885477272126714,0
1.7117563975474792,1.552003542692539,0
0.7519774150114643,-8.615151369,0
2.393733142383607,-3.722448685,1
1.338858361,-7.926618252,0
1.3259616278124995,0.7944975869658499,0
1.9003000440477256,8.292514374959879,0
0.28455104350193405,-2.653692961,0
1.075825505214366,-0.695888216,0
6.098672857403398,0.430007554,1
6.007586327840897,2.030829051899916,1
3.2657402490166465,1.246064164,0
1.4582054632641843,-8.491698922,0
0.077993697,5.765732160406781,0
3.6412712724509926,7.141577215827354,0
0.1817802526629163,-1.74387393,0
0.047402395,-2.746373773,0
2.2385033263738676,8.627025089589775,0
4.369124455879359,8.718971313371188,0
1.817722633171015,-9.901917075,0
4.581905311301067,0.089170447,1
5.521052007660814,5.495452818556165,1
1.2605327471755163,7.330661721509873,0
3.3298114597856365,2.1296996518949936,0
1.9618977262213808,-6.225329117,0
1.125269201643997,-5.564764886,0
0.8371317978290196,4.838536603412084,0
1.8728699495692278,-3.324985944,0
0.7151548437003816,-1.12120274,0
2.2259634629437612,-2.115800762,1
0.5315235256147901,-3.125747588,0
3.1518181999232673,9.383718090656146,0
5.436365418255245,9.514217919314305,1
6.519374243042803,1.1295229524247539,1
3.3791434801229667,8.778526212102879,0
0.47152869141226494,6.735771536752129,0
1.6227955104604699,3.5586823182339593,0
1.075550184713225,-4.461821631,0
0.7080709516575802,-4.039303145,0
-0.215666113,-5.340268814,0
4.120106168,2.1624829877308365,0
3.566738725768057,-0.572777737,1
3.4536469999538637,3.1574386054765533,0
1.046835154,-6.678701048,0
1.8159926220852722,-4.079211208,0
6.553748146850818,0.2443821739695089,1
2.835234912361504,7.796327700497795,0
2.4169684236105033,9.285661437470452,0
1.0575620928880713,-1.850086859,1
2.859353872054621,7.903832020312642,0
2.046918924982518,-2.525141249,1
0.4899762711826431,-7.888438038,0
1.5132427132506283,3.3317396544854283,0
0.6708818695804062,-2.010751091,0
1.2328342833576535,3.825641277,0
1.8334305485057196,6.593091983973331,0
3.2047599690562363,6.596002121502696,0
5.385144423203144,8.178472716017254,1
3.548035533529415,7.302663265055955,0
2.896039559449221,7.533568884887959,0
0.7681039750259153,-9.051583846,0
2.237134652054467,-2.766643354,0
6.687884434043254,7.814180961941972,1
3.456287282,-6.08327308,1
2.1329530534167707,0.11560647309212868,0
2.586007636299982,-9.832143983,1
1.1142707134987955,-2.200637863,0
2.6268163120516763,6.604763063123102,0
2.560533606125821,-6.114725526,0
1.3890665167132565,-4.987477199,0
0.7379986439383297,-8.743642232,0
2.4066132992665366,3.6101417519210734,0
1.6543066353371816,7.950503158576836,0
3.4701939467324685,7.205349429102135,0
2.2311256747195873,1.6501975919477552,0
-0.276588874,7.208746903779179,0
2.1686283613459816,-5.679206096,0
2.0887683407821007,0.7474700315479499,0
3.576818382663961,4.138872427803475,0
0.049962819,1.0093355237348085,0
2.3837802581969676,3.291406084332655,0
2.2965447917384587,-1.818702746,0
3.4543574678368314,7.546243658298877,0
2.135083365274923,-3.093977103,0
1.0137289332713648,9.285329660100029,0
0.9340318353633259,-3.49142052,0
0.21059262351733565,-8.35299413,0
1.2855285827868466,4.288830029266734,0
0.481532078,-9.261250946,0
1.3321635736734614,7.847727491378503,0
1.7413913356857886,-9.838906159,0
2.3646711564788165,-6.458049994,0
2.2657475181116653,-4.286976815,0
1.1445153017018646,-4.367775392,0
2.3545787682284582,2.4268707718059765,0
6.608924052798656,6.061353264526133,1
3.709246832,9.143715832118218,0
-0.214306566,-7.254640514,0
2.599025880994209,8.702089430379477,0
1.1891572567414228,-5.823024136,0
3.8514580431144774,4.882339574,0
1.2035997144709287,-6.296421559,0
3.7087710917586314,9.369885329732245,0
2.6754319889209426,-9.437568048,1
4.773461098,-6.211807077,1
5.497314216,6.641329981410415,1
3.2019244031682534,8.060635002703556,0
1.7089322725403076,-9.390110934,0
2.090129491862381,-3.640241463,0
3.595393972674458,3.763139130648854,0
1.1981390936474894,9.890357025928761,0
1.8079861321769606,-4.854351583,0
2.860700028465019,2.4110340993672903,0
5.392308123890851,8.219286567673628,1
1.493924779231926,-9.251285542,0
2.7514218081683373,0.6021896109505995,0
0.099192418,-2.006496549,0
1.996499133417342,-6.856886527,0
1.3735291279768123,-7.039157951,0
1.7255151878615351,-0.021976897,0
5.198352927292028,3.4451297049550167,1
-0.213492349,-5.303602768,0
1.9264221222783442,-1.166352744,1
-0.330439657,-8.789509159,1
-0.159529413,-3.56302507,0
2.673315448298043,2.6876731448643945,0
-0.130851814,-5.435920221,0
5.173443523265897,7.617899378774901,0
1.0345428859411485,-1.12179873,0
4.298969934779863,8.955824761356386,0
4.165269375858756,8.874596632928345,0
2.8974399108859306,3.826422613532248,0
1.1408258799199544,-3.045939694,0
3.5341277684064414,6.746192974041193,0
3.7391649381455467,7.972556864936504,0
2.364137012084522,-2.011632839,0
3.713382959477899,-0.344793574,1
5.617160484928413,5.534957802143552,1
2.8760312223627373,-8.294514059,1
2.5989061529758213,-4.648882711,1
3.545126371516368,2.559336224357672,0
0.8747205090373396,3.024166626154594,0
2.8851892019568113,3.099974472727814,0
0.6501997395697472,-9.352917274,0
1.5981526603887468,-6.511819649,0
1.8486773197458057,9.971987086422335,0
0.086110656,-5.924181612,0
1.4628033395279905,-7.454582365,0
0.35364886484134717,5.660169148137621,0
5.649121407918432,3.7361899430447583,1
1.6959900967832169,-3.518284468,0
2.1646551555280436,-7.716658028,0
2.530982212231696,-3.161338387,0
1.5675933162597513,0.7984470523137972,0
1.985047578234993,7.3495240051223085,0
0.91724689,7.664450395314695,0
1.3304469761060012,7.345284880804783,0
0.7056368910444555,-0.037731289,0
4.75176571,3.7363385549307147,1
0.2708076370256901,-4.926902234,0
3.1800059681837536,5.0001995756460875,0
4.567515545705624,4.000909098708078,1
1.479037068938172,-0.382393061,0
1.2766687303729547,8.530548278210144,0
2.583095834670203,9.500988817302247,0
3.2750597300222735,8.809522427289892,0
0.5538591462556391,-4.433026275,0
0.3570446119603625,-9.691966013,0
0.905648068,-9.57621725,0
3.2435456072058804,5.7715663911633435,0
2.0220101228243212,-3.17613429,0
0.5693134725195756,6.378407266244729,0
1.9520618291693792,9.268151666,0
2.283698591076785,9.024805482197742,0
-0.017279171,-6.298410861,0
3.0123318975571194,0.3966945593629383,0
2.960555907276847,5.5543275102907845,0
1.6373265281528009,-5.854656018,0
3.3239679607282895,-9.959789523,1
0.1063250344653982,-5.154981044,0
1.809227239353215,-9.175996745,0
1.2892459290058316,-8.230081793,0
-0.896885944,-7.724214107,0
2.3595239816668334,-7.635004092,0
4.098642994548324,9.278143788438648,0
0.8957470361031304,-4.699926548,0
4.6061905203191476,4.305691310088061,1
3.1408971130771963,0.8324321683815086,0
0.13344385925775726,-2.859392828,0
1.1707260041456171,-6.909551197,0
1.8608542564654553,-2.814489358,0
1.1689253748124657,-6.067828733,0
1.7238633592723493,4.930320053719306,0
0.6314433930488548,2.9247289373930307,0
3.6316460974552767,0.6205478654522629,0
1.2930782460743013,-9.670000543,0
4.601762997184293,-3.302685311,1
0.15946989775583287,-5.190373266,0
1.2511081053357564,-1.048570625,0
1.8280949316908095,-3.697960483,0
1.7224309137757634,6.750932837294734,0
2.536516173440756,-0.419957543,0
3.5406219835128225,-8.655051784,1
4.7854478503236155,2.0994370392642008,1
2.501903253161133,6.391865920668181,0
5.203275781457957,4.784925549637801,1
-0.078866799,-1.579104539,0
3.088698969155393,4.859147012588627,0
0.5254833080800572,4.249793068611929,0
2.265535202166836,3.608243226,0
3.203562784998412,8.881999628,0
2.121944671609781,3.8240908202554245,0
1.2967963722216986,-9.070535778,0
1.9962319085566773,-0.763584975,0
2.831878865886045,0.18874931986685617,0
2.3750445597018577,-7.565262808,0
-0.244445923,-6.503219738,0
2.0411877519502983,7.854473816790545,0
4.470938746416223,8.880651900108752,1
2.866551132490586,2.292040180319244,0
3.620190726640751,-6.252057111,1
1.9083346911708448,-8.682500045,1
2.61461635,2.7207923688469258,0
1.5235838942069104,-1.479056553,0
2.9427242970375738,1.1160825229299487,0
1.0884109323879687,-3.157708436,0
0.15636260334781726,-1.74652306,0
2.922923637022611,3.573207442709375,0
3.6326462021403922,3.2434850977305896,1
3.335445470880967,3.168856242776325,0
7.765278029219283,6.166997332950196,1
-0.105702394,8.300291017238631,0
2.1258978249857483,3.3864754601338536,0
0.8551871017020318,-7.049199759,0
3.280632489478205,5.328785652,0
1.503421053409829,-2.801550038,1
3.0623300426878153,2.9079149764454364,0
1.369536005080337,-9.587794379,0
1.9956379559121018,9.202849646054482,0
0.594226774,-3.386003847,0
3.344639997342346,7.440401285562647,0
2.8849654466403822,7.309692221878024,0
4.177110884583197,0.6226082130972266,0
1.753032245431375,8.864932646180318,0
2.4248122609161236,-1.935871686,1
3.4549111507959216,9.297599846319638,0
0.5995799513271332,-8.953026326,0
1.897735663018445,8.269973911605359,0
1.598135458544517,-3.491354287,0
1.8934601743230721,5.700736803,0
1.9221255533793915,-6.919540755,0
1.1978950593971722,-2.207961663,0
2.323552669,1.1373557347185788,0
1.8250811735366803,-4.844298295,0
0.9273914886176466,7.178418779947222,0
2.497542505319366,-8.745764539,0
2.4359730669360933,4.637095803741715,0
3.0673772559574655,4.404768985894556,0
5.2751619162794245,7.082661387965992,1
1.0635910813687044,4.853275023093154,0
0.16806784821449905,-2.651923531,0
3.0146821697680672,5.877169413198152,0
2.4105934927420747,1.4604137537242874,0
3.5756466974625205,3.1094692117961014,0
5.746180274800718,2.1664481777367293,1
-0.048298248,7.141306067,0
2.5842271642389187,-5.391481211,0
3.071841187193348,0.045307784,0
4.025504213792627,9.812614173339593,0
2.891430389585391,9.504375049388823,0
2.427366784116277,-4.55949463,0
1.5043100248511045,5.794912854469789,0
3.036482397570854,3.5678257891011445,0
3.4642011447055965,7.947120463038271,0
1.0749984382695386,-6.330896041,0
2.740627765475017,2.7618902624282136,0
3.0332087806613264,-1.829112437,0
0.3309263102643235,-2.628991441,0
2.5862852394801306,-6.373476187,1
1.7702982972789454,-7.128354516,0
7.156784911,5.112225600664855,1
0.6328915063658396,-4.414486311,0
1.5013611357230476,-9.524896727,0
0.4456478288530802,-1.032301364,0
1.743147743757647,2.5520199181045307,0
2.7977636076745833,-0.658910669,0
0.83695536,-5.81560721,0
2.773056617843533,-9.394413143,0
2.5673995272011365,4.573016619672954,0
0.7797755505573079,-0.644344606,0
3.119957436422523,7.2171314576600345,0
0.5597127885550366,-2.761269672,0
2.327462738581197,9.724016376289708,0
3.4159093100157905,8.872559878684402,0
1.8919246526882967,-3.345365655,1
1.4207969905632907,9.268517032662174,0
5.730113944403996,0.221833921,1
2.4454837771142737,0.8473862293385857,0
5.193861643341607,0.8533770550151054,1
1.449801694069626,1.040994575163026,0
2.043790301,5.697260144,0
0.6308998500461211,-0.025514974,0
2.8503079310734076,-0.544228281,1
2.9728785844669776,9.751397494196201,0
3.4562570348225923,7.204336531500001,0
-0.155416438,-6.05571754,0
0.6987522336880592,-8.476025372,0
4.144095193020712,3.158213710070644,0
1.690666989911814,9.394667876585025,0
3.7505935187331354,1.3895520673634536,0
2.346363666940442,6.645709319837746,0
2.7776199957677044,4.668764016431496,0
3.3247088167121577,7.894770986123817,0
1.951824212,-0.352156333,0
5.686861180771624,2.872191610277728,1
1.689783021,1.4177960386836617,0
1.0684664532224486,2.7310899308981007,0
7.456955585268503,6.355110707724599,1
1.355992252973711,-2.641229905,0
2.2642377862510115,-4.989450806,0
2.6779133488093634,5.423554432435264,0
1.038067208448485,-5.700359909,0
0.16761718809157244,7.244328152422902,0
4.557219186429362,0.5866894504933118,1
0.2059970958544769,-6.963335742,0
2.6704227598490995,-8.995791078,0
2.7654140773649183,-2.982326362,0
2.7604432948143485,4.956429939505458,0
1.9907279566508072,-0.048188251,0
1.5065614873494972,-9.141078989,0
2.648070595260446,2.1215289983989276,0
0.079860155,-6.147457854,0
1.0007003475263072,-9.890837327,0
1.3030509455968045,-6.744605922,0
1.8023234989871724,-5.690320258,0
1.4360181214321317,0.8694646238392263,0
3.7062263749324025,6.788417384391149,1
2.686268689604634,6.837614787350333,0
3.3162825175779354,7.766368615351265,0
0.8310588186962258,-9.441898016,0
2.4348082659217734,-7.861491997,1
2.6667939822833144,2.856523996,0
5.195459047,0.823588702,1
1.1966876584084203,-5.516146439,0
0.31034818838187184,-3.643996739,0
2.254468054993115,4.258134051,0
1.3080412610538918,2.3823901688804643,0
1.158955680807402,-3.114391278,0
1.4242257663941398,-3.518519132,0
1.8910216625153926,-2.261583756,0
0.6283933246349045,-9.725536663,0
3.425436975556621,-0.018368152,1
2.581742505,1.388685434918866,0
3.4138852922522696,2.296437745703905,0
2.6808573545792376,7.097782601035117,0
1.3383862387622725,-4.295778932,0
1.0645501188296977,-5.783454201,0
3.057630113291512,4.489311002160628,0
4.498798543792356,2.191219834537886,0
0.6224617623545816,-4.596285939,0
0.542627366,-2.30185625,1
1.6568122326815986,-1.514984925,0
2.636067326813967,1.5772267463776046,0
3.230909981034204,8.961846039010307,0
0.034937795410878936,-6.355364703,0
0.15310324544926945,-2.792172178,0
2.941249685,8.412876549280778,0
2.1381744091800567,3.803540181905065,0
2.181066337497181,-9.358741469,0
3.857598719232487,9.271526938,0
2.7019311623749096,2.1556791691223935,0
3.9901733559171815,8.846865327683023,0
1.6597029109167643,5.396033034373801,0
2.711904907825974,1.5358325135995425,0
1.8456667416387043,2.0466414115082205,0
3.8543455405539087,2.8837895995826752,1
0.7472355559025252,-1.820632936,0
3.338856296762141,9.803436044171875,0
-0.188743816,-4.080433492,0
1.526072362948998,-5.665790147,0
2.011248554195344,0.527261572,0
2.484761769841072,0.7461134649501044,0
5.983105578044572,0.2750256904360171,1
4.223532744033366,7.594552359092656,0
1.3593676849580132,-4.467851661,1
0.557479908,9.696714813262112,0
2.309108641273704,2.8605418010397425,0
2.9992320829317434,3.2007348675837335,0
-0.113826597,-8.003983999,0
3.2068800641187805,9.235530179203874,0
0.8756781887720974,-0.814689954,0
-0.018646364,-6.288898702,0
1.7199922357289892,1.5807291829980983,0
1.823586504334552,-6.198351716,0
2.816732824931279,-7.476635867,0
0.007568469,-9.648832527,0
1.834140156342552,-5.618694727,1
5.6321755617008735,9.970279381482818,1
3.668077412398528,9.383001455816899,0
1.9625030185384857,-8.995040553,1
0.5978187986403323,-7.441318376,1
-2.385643723,-7.95273309,0
2.284580269585733,7.626350289039394,0
3.026062056509713,1.0011027456365724,0
2.7957374964766553,8.761018440468419,0
2.023030386,-9.413480864,0
0.4913105479222072,-3.924569276,0
2.5779939212607794,6.788299960092708,0
4.3593572646510745,4.056350093396649,0
1.0705053678876333,-4.820768776,0
3.503291273397587,8.189704233,0
1.4565150936235924,-1.82407721,0
1.0256760282431265,1.0358551596375811,0
2.6938972374360763,9.313342768602194,0
1.5219777120291758,-8.356918485,0
1.5040363577421099,-4.848481404,0
0.74911739,-2.873244515,0
1.8651519658658382,6.154898711226814,0
1.4875390344918555,-7.777214985,0
1.9588012371725987,-3.524597426,0
0.9259947564889709,-6.94197215,0
1.3632748870787772,-8.098390127,0
0.49372038674324203,-1.907931357,0
1.9137496211271614,0.39236924182500843,0
2.0597576587021473,-2.684855278,0
0.028778782,-4.364670229,0
0.40487252533554474,-4.09732115,0
3.1753096172077844,1.2550846284847044,0
2.423066312769472,2.019606794059152,0
0.7429777790014755,4.268847291249717,0
3.177734150663096,2.6381164436039555,0
-0.193011747,-7.147590529,0
3.9140203961980884,2.278588599785518,0
-0.349078159,-3.618034048,0
3.122744670064413,-6.777982407,1
0.97706444,-9.609412027,0
2.3419312140593087,0.32792110797706897,0
2.950044025146642,3.8283589038560812,0
3.3394226562343015,9.491213344,0
4.448852273440684,1.4408862914412612,1
2.3933263342232776,2.4004105161341016,0
2.067295209546214,2.5086031193122764,0
1.0805028041554303,-4.478951383,0
-1.355787257,-3.746860149,0
4.558915118818379,5.404737970976328,0
5.082042901574797,9.900172055250714,1
0.5168358943625773,-3.342217533,0
1.104050506451711,2.7628711774101156,0
3.1870228967423544,5.426777972619334,0
4.593566128114431,6.139846509692809,1
0.9411716201838396,1.2448647351754154,0
3.538161747247694,7.987915102938107,0
-0.597723993,-0.881371208,0
3.2477460628448647,6.362637167529719,0
1.820062536620807,-4.466421743,0
0.3607888761365774,-4.699188846,0
1.8728203966668313,1.9589950720806648,0
0.7113931831429268,1.1558282647317881,0
2.0638850090835286,4.3316551784870825,0
3.4470172935903673,-1.753859905,1
5.481486030873941,4.683502386233972,1
-0.096606386,-5.244424226,0
-0.666737138,-9.317075536,0
5.373251365810963,2.2417637957735774,1
1.0213208590497926,8.434022261409403,0
1.3242119195673223,0.29593476423271703,0
0.7010236975298441,-8.326438107,0
4.798588131728801,8.69680636,1
2.867489597191545,8.443955412717145,0
2.414797612846892,3.349244825810027,0
3.463405209285841,7.484231243914973,0
1.6225067986572221,0.8170336225366768,0
2.785162943851307,-7.373820026,0
2.315194583527985,8.462627088937534,0
1.6371908167824532,-2.522632249,0
0.4748176148837385,-0.516881254,0
1.2141133347556365,-2.580088297,0
1.9423114639976298,-6.499123119,0
7.588920440895985,8.226365641109105,1
0.2181777251596193,-7.394998587,0
1.5574920591624575,5.424119339414975,0
4.966660462935368,3.987313325775638,1
0.8858497420253669,-9.697007083,0
1.9436809694070805,4.8948542626781215,0
1.3005145243810459,-8.716886571,0
1.1751954833976108,-1.531508069,0
3.5363417340664456,-1.289627276,0
0.044490252,-3.69441962,0
3.5721418365052013,5.175190888290963,0
1.0274884144824825,3.348396472229444,0
2.2646182842702887,6.026576636137232,0
7.333641556029008,2.04374654,1
0.12250845745118755,-0.520882252,0
1.2361835606704736,-4.216930118,0
1.6516484095377346,-7.021467974,0
1.7735654825616605,-6.026179972,0
4.823539117497816,4.008776224722872,1
0.3983371722416126,-7.149244399,0
2.350299976978117,8.940746634555076,0
1.0820656654840297,-3.43803287,0
1.492797119034245,-9.896937475,0
6.113857233300962,6.691518683532433,1
0.42289386912737925,-9.413669664,0
3.1577238501207154,6.792662117856857,0
1.438419659417376,-8.948386321,0
3.749175809392694,-4.269301595,1
4.949764030524043,1.6145572153764238,1
2.6875072449834883,0.033171225,0
4.627077006949033,1.3334754994037983,1
3.549415630902266,7.339453317,0
1.935797084528712,-9.487162802,0
3.173567995434952,0.6501226483188347,0
1.0780161256365144,-2.222009303,0
1.351199776488495,-3.891173879,0
1.1013804621232395,9.887197078718547,0
-0.088395108,-7.232897384,0
1.2293022937647813,-1.638190516,0
0.5287115807251104,9.300847378,0
-0.043808816,-3.353936414,0
1.298462519,-9.28144348,0
5.067243808197098,1.3987379319871636,1
1.576889677546004,0.3057490059930874,0
2.556807969058196,8.850815494769463,0
1.1907116125565227,-0.787185384,0
2.6650841022891574,9.756228657170823,0
1.9454021424621484,5.236386740872373,0
3.2768447606892845,6.3120490323655005,0
2.8489122677977172,1.0277487665640948,0
1.9318852521775107,6.976262681330105,0
3.7702826127214655,7.3525993505695055,0
7.0996820911286065,1.7338376321310296,1
1.424631770176908,-3.207516671,0
2.330057240537104,-5.516511556,1
2.5100959323259806,4.070087172815777,0
-0.289513493,-3.066750697,0
1.5553922239738909,-2.510078026,0
0.062496544,-0.252073706,0
0.099471849,-0.11362259,0
1.4519406738448177,-1.03367776,0
4.982672208134529,3.6925511611705435,1
-0.017424341,6.232571428645308,0
3.319136904,3.9388255586201595,0
2.0316363701368916,-4.446360746,0
3.9406784931319896,1.046740216430388,0
0.6779046078034413,-9.693498637,0
0.6175308174954965,-1.781538118,0
1.8175045447107163,7.662255754295586,0
2.531472566528929,5.652040453857289,0
2.4358366651166286,-8.228280569,0
2.041626298682749,8.104210137104506,0
2.758456606241413,5.2522845509131635,0
6.694601124261154,9.145725397699934,1
1.3049983557132017,-5.568447104,0
2.2955483117162983,-8.739687722,1
2.657912487,3.9154974403760594,0
3.8534215540363883,4.182716955367585,0
3.0449316089513525,-2.764890309,1
5.395654256389098,3.997435521870514,1
3.7052445634652598,7.4711149563730075,0
1.2601352982687821,-5.353519809,0
1.304718510582098,-1.187761579,0
5.788319162656248,3.251015645846799,1
3.1627222536833783,3.4942812425330683,0
3.5598485454703956,8.976874990897812,0
1.8267145255371409,2.641304274791489,0
5.982883401663818,2.1430691825704873,1
2.397465462405346,3.8060348305887786,0
0.31549151314952384,-4.63991522,0
3.2684864176173254,6.995442171506848,0
-0.534238243,-7.225298036,0
6.004370043370006,0.5724375850433656,1
1.5308359153475184,-6.732260278,0
3.461379442420435,-7.668097829,0
3.6428270603321344,8.396432891997932,0
2.698007895386767,2.564678087324621,0
3.020560869,-5.515450776,0
2.823090023931363,9.717916518679711,0
6.207622719033494,7.350239719254063,1
1.1783750227633671,5.145462088390797,0
-0.605897135,-2.307175287,0
1.6878384503685244,-5.959195269,0
1.1991024685819534,-1.249790946,0
0.5333327007753608,-4.290858897,0
1.1579679395131994,-8.671730576,0
1.2907081233912578,-4.004518636,0
-0.557498128,1.9987320365432364,0
-0.551995536,-4.367983359,0
1.2723507518444617,-5.230843189,0
2.349581679766316,1.153519019500056,0
2.8297953614824496,8.789128936234075,0
2.1702815920428753,7.6861359535104405,0
4.0477957203934425,0.8794881937464538,0
4.682068886919753,4.131491350660541,0
0.5123546729744763,-4.021672359,0
2.5237318121726613,-0.483396831,0
6.302027966401222,1.655636813366817,1
2.771426017481031,8.070300955,0
2.1206063414167744,-2.094047985,0
1.825788251650212,-5.999635425,0
2.8186399620682754,-6.531098941,1
-0.355610897,-5.268360663,0
0.5316314720377405,-6.243711228,0
5.350549532653659,-9.560675001,1
2.8886926971818734,9.740579237210735,0
0.7375686318905647,-6.423720685,0
1.2157245797816636,1.5809972367945626,0
2.794807987890597,3.6990412330682396,0
1.7591308445187381,1.9109182507282938,0
6.371395825430765,2.192075079020583,1
5.830271157192926,0.21029449834702874,1
8.017688177063345,8.777017716743455,1
1.9011105555523478,4.124113820845137,0
2.5722992355643304,-5.159003284,1
0.39059475059074544,-2.031317875,0
0.7409113983843676,7.073915554132064,0
0.6845882357438089,-3.721833046,0
0.8929664232521712,-5.679296772,0
1.4412336,-6.538139527,0
1.8992482194936393,4.998960844808636,0
2.322896085323778,-7.819817702,0
-1.598839423,-4.231882904,0
3.7360413779827484,6.382966665941851,0
3.8082012017377744,8.681351520970658,0
6.615729460943858,8.779338648626908,1
1.9291779121534165,-9.103999439,0
1.2280096981572768,-3.84079511,0
6.508725184494247,5.828763996,1
1.9618232730000784,-6.050234118,0
2.2203839708149125,0.15712024067323327,0
1.8118042071476674,-8.969233182,1
3.1104006369102963,-3.851995987,0
0.5749896536158645,-6.19313426,1
2.4044005452599113,7.774064969,0
0.45496024433421756,4.293134363893142,0
3.120109089260852,-1.751992225,1
2.3470811111006027,4.656862603195593,0
1.5569030039737513,-0.010048051,0
0.9725940741673638,-5.062171207,0
-0.571649864,-4.539435307,0
0.015275657323828407,-0.69357296,0
1.051801772912888,-1.488564415,0
-0.407146875,-8.815832905,0
-1.139599147,-3.814105325,0
2.4654660384969516,6.9514011678951135,0
1.3706214020347376,-6.326759819,0
2.968507495089172,1.5161081889423063,0
1.4246373751480215,-6.99020507,0
0.8575245602917005,4.903808074,0
7.628362683289638,2.760322946256448,1
3.1519602165281952,7.803889238090388,0
1.9068980022725555,-8.105865259,1
1.0111942360582198,-8.000010624,0
0.37504023217624827,5.848260852977328,0
2.104953460669506,5.456231808103878,0
0.8865360410981364,1.419704424379713,0
1.878049992021634,-2.506586372,0
3.432683717315053,-3.407592155,1
0.9545616691050223,-1.326227571,1
3.4475035481118517,8.182991960701184,0
3.676121512008977,-3.041902738,0
7.219654581622997,5.280679065903795,1
2.821220932039954,8.396081260684984,0
2.4646776333703446,0.8363631862245455,0
1.5147339819245043,-5.132770911,1
1.267643124863421,-8.354376614,0
0.21754156099252464,-6.096448849,0
1.375769432448244,-0.89613563,0
0.077515181,2.5221802822155155,0
0.11257146731273238,-3.854603447,0
2.9571718560827107,-4.059972877,1
1.1869271822767562,-2.626705601,0
3.809762085559404,-0.970258444,1
1.1484600945978751,-2.423920064,0
1.9030234811875417,0.2797560813819615,0
1.9008714232771295,2.121181761998143,0
3.2491145199305267,1.361685067392365,0
-0.276503462,-0.053723367,0
5.936432805374934,7.6023333747899215,1
0.5845942407717049,-1.30480259,0
0.9923991925047334,-1.568418933,0
4.372306312924547,7.146707726715633,0
2.4481568322043814,3.5862278428808825,0
1.1818393813446866,-5.080328239,0
1.2009012859154025,-3.317584858,0
1.7855689288184236,5.902927556009111,0
1.8333790154667362,1.1517599198288497,0
0.32331889909661116,-7.417688742,0
0.862953459,-1.97243215,0
2.2904545475134466,9.300058658219086,0
2.023081687209154,-4.474975106,0
3.139489708941688,5.031520775,0
4.011170521152333,8.391301544958452,0
0.7605677362237284,-2.050692833,0
1.6799889706565767,9.288247917628027,0
3.1682388945110445,1.6172861831372014,0
1.741215598213772,-6.511584475,0
0.012771401082468992,-5.332220675,0
-0.02127291,-3.980963844,0
2.5736120405192193,9.657023325535526,0
-0.521119187,-8.639180582,0
3.5313046277269615,6.082343994665699,0
2.8800441833604804,-7.414683078,1
1.265553998587481,-8.536496936,0
1.1520633350266063,5.063997801557992,0
2.3449342721908546,6.8817240865513725,0
2.816032097972891,8.764143380661075,0
2.869980720111289,-6.735026181,1
2.849118968322098,1.2419293747934308,0
1.554041702058149,-1.987877681,1
2.3003641862712008,3.2485331394350503,0
1.506069796710516,-5.643639186,0
3.0076963455845176,6.1699926239022105,0
1.1460881684364406,-8.058991795,0
2.4732968331858585,7.253096884,0
1.6798178508568535,1.1290202800806028,0
2.2731312945767925,2.346512051397827,0
-0.836809906,-5.876842565,0
3.7333429873068917,8.114052300071265,0
1.6964437306036189,-0.483932851,0
0.49001786232887423,-1.906163617,0
1.5240237631000992,-9.849453543,0
6.339318952062303,1.3169633530297702,1
0.22656721653023015,-5.848563761,0
2.2364450857278166,0.12442683419027034,0
2.449362744099495,7.193853611724304,0
-0.166825242,-1.478382716,0
2.7108708578146143,-0.513935744,1
7.248340094530866,9.202895379667446,1
0.4006131632526506,-7.530623546,0
2.942029208044417,1.6871471981376693,0
5.120506281522504,3.2663702474039287,1
1.7162409178046387,0.10909167848051737,0
3.0668616031252505,-4.738611361,1
1.3293971221378837,-9.836922641,0
7.146672879668321,2.2652302516930867,1
1.0215072747626948,-3.96409739,0
2.467082717421115,-2.536796912,1
-0.246635388,-5.524694646,0
0.5333365735696265,-3.140261706,0
2.822637842142637,7.887290812147114,0
2.3968426407167143,0.7834670760212106,0
2.347949599698185,-9.968289219,1
0.7676082026913253,4.707479162952291,0
1.2737460516645316,-0.992979048,0
4.100686275774851,1.528336506110474,1
1.1077716877967916,8.691144535789391,0
2.1375885806484143,-4.841332251,0
1.4647617052753532,8.946003504372914,0
3.262372732494478,9.426430831346991,0
-0.58004957,-4.287071249,0
1.4960935310496744,-5.644814182,0
1.282557154148612,-7.186858847,0
1.3328658097058648,-4.691958386,0
2.507599958670436,6.638260931951553,0
2.086758501,2.2536863459551277,0
2.0098292415072607,9.777008945985873,0
4.450742589932561,0.40184866120996077,0
4.622155371084915,2.719410181973343,0
2.324994981235787,9.997249902484253,0
1.0676693222206355,-7.223243381,0
3.3026618630942712,7.788917840577646,0
5.252926235742277,3.2019991486091666,1
4.746840309,6.051626858681569,0
0.36875974813218815,-0.462839995,0
3.6213220904799766,9.917820432237466,0
0.32478492230851974,-6.510481005,0
3.982206285858407,-9.533722855,1
0.9773786956924048,-2.262114445,0
1.3653379254981515,3.3122877835963713,0
2.3206864716102293,-9.133585539,0
-1.957038362,-6.446685829,0
0.5003302255583149,-7.904261649,0
-0.934798514,-9.649840415,0
2.1176276334502666,-5.782073363,1
2.3335874047451437,9.771592414,0
1.2467134512796583,3.2868228963074664,0
5.255128941863721,3.970766746308275,1
4.570556368352074,1.9187209132783227,1
3.387236854643606,2.9413111998041845,0
3.265700633235893,-6.253813468,1
0.9997823306324488,-5.782995846,0
0.5185194226947292,5.615250866907653,0
0.35627442059984016,-0.040904469,0
2.353186382761511,8.238385027,0
0.5772378528185017,-3.155013595,0
0.5235947918981458,-3.286496768,0
2.041811215625382,0.90876522,0
2.366313604468717,5.210392692987158,0
-0.192668681,-4.818777968,0
-0.055221074,-4.743105599,0
1.2356783178178243,5.283728897354326,0
5.580178361954194,9.919563525,1
1.8477767458261458,-2.663692839,0
2.770643688621239,3.016389701345304,0
2.276838855586777,6.084262509748925,0
1.826034000409154,-8.514640393,0
4.622106873618082,0.045865751,1
2.468978516241102,0.22944806336464652,0
1.8990837528585163,6.772448482443423,0
1.0083040998573984,-9.064973891,0
0.7695956281257217,7.841642934876088,0
0.7961619425557958,-6.843598343,0
0.8632199007368412,-4.12530062,0
4.309794835745875,-5.603626015,1
1.424893209765619,-6.053140882,0
2.019068750819322,9.081475135666313,0
2.344788724358544,-2.555469824,1
-0.037193884,-3.640566886,0
2.065684992,-8.416005078,1
2.6510866030652065,-8.149021386,1
1.049437381556021,-5.971884077,0
2.053234411752765,1.3707138680926807,0
1.872739885746057,-8.148979374,0
4.202204274028661,9.732992998,0
-0.703129148,-9.773185725,0
4.427787345085742,6.220293623459096,0
0.903576645,-3.734208246,0
2.993377625448656,3.889828940607906,0
-0.660414694,-4.99104654,0
1.6830961598908976,-7.154143628,0
0.9506354833902153,-4.162646052,0
0.9822646017981806,-8.646990197,0
1.2572891673467284,-5.165787177,0
-0.838459182,-8.761392449,0
-0.059390351,-8.367051537,0
3.5746027374312366,1.096598012902458,1
2.3987494996550045,5.626544125832812,0
-0.76424905,-7.488761989,0
3.8967935775272546,4.249021096298076,1
7.413812352398727,9.190023563259025,1
2.041358247815062,-6.228616491,0
-0.24973599,-6.034403586,0
3.0883594243408665,5.454036199241337,0
-1.248284516,-7.90030237,0
2.6430311952815426,9.787633969720133,0
5.207977755745233,6.1647072393366145,1
1.5426704895867105,-3.308376187,0
0.12373745399092595,-4.078551371,1
7.055473615140259,6.418971498174354,1
2.3997158909281056,2.198433432296474,0
2.853434877,5.769580391664151,0
1.8621228068872098,2.592639066277451,0
0.6175741124169101,-6.571905785,0
0.7694266828991367,-2.485191427,0
1.488497742,-5.58332388,0
0.6263629444328813,-9.867816698,1
1.367875212890261,-7.32243596,0
1.5893372995969413,-2.688980893,1
2.9050461302297137,2.5257357535888296,0
1.3320060446009063,-1.647412338,0
3.940987430466807,1.145805279636761,0
3.795301030763417,9.415711080961735,0
3.2799780362836994,-6.362826945,1
1.3644329465217317,2.1566498391418882,0
0.9026600493275865,4.096961465811344,0
1.520919257270473,7.684902157754955,0
4.628443543541706,-4.660484468,1
3.3342714767219754,3.099722237221922,0
1.021280693788106,-3.983800568,0
4.609326003,6.646923158395669,0
2.1435424368514346,0.8314877843579076,0
3.1937463603137637,-6.572042251,0
0.12396061919676482,-5.423944287,0
1.2056628633821496,-3.658849932,0
0.7151496544061172,-1.118974993,0
1.5197732415684642,4.949592387452203,0
1.4455328651531296,-3.799516395,0
3.3831835302680804,8.817453672963676,0
1.5006415076661568,-0.787504781,0
0.22110979228763128,-4.117030372,0
3.162945508409398,8.901629517459067,0
2.3048889927487517,8.467602149982227,0
2.591893334,4.228571228348265,0
1.366632832935388,4.257537996030278,0
1.724822604157536,1.3018488255687615,0
4.2066185415835875,3.1565731606555154,0
5.154131605671548,3.554394879596659,1
7.887030270027671,9.676451088337267,1
2.721178731,0.11980826824230739,0
3.1335472504932422,9.13083198,0
1.910561589579163,-5.699627145,1
5.746540631,6.1996537160633025,1
-0.70404151,-0.8938088,0
1.137661980007424,-6.179579159,0
2.9695219741506076,4.453146198941766,0
4.287868466543577,1.19805721,0
0.7526160931057502,-3.500352283,0
1.646038284221731,-7.48366679,0
2.1766762558795403,0.7873314897169692,0
0.9541273096562879,-8.705629971,0
3.166264037448481,2.0826795929749515,0
3.6168079456902427,-1.534939757,0
0.38206951815710144,-9.007381754,0
1.509030897709906,-6.449349706,0
-0.294331965,-2.640937117,0
2.2948717004001753,1.1965288838847972,0
0.050252073,4.170834604482547,0
2.6564768318825585,8.929023157290288,0
1.974472897,1.5282020653681627,0
6.9043549674495655,6.912673122858724,1
0.9543340694137329,-2.247764015,0
5.611531177761451,3.1513976517548397,1
1.4630168074430778,5.638206398857603,0
1.1639301181450963,-3.857268748,0
2.149005958997024,-1.787532975,0
0.6917562133499205,-5.299429547,0
3.074424922,8.748068192730422,0
2.5013374738575997,5.725567963738136,0
4.108218461662384,6.419717052842682,1
1.2498934469727858,-5.184542131,0
1.243182157902563,-2.637712934,0
1.8199319073684195,6.417877826877707,0
1.0814744072857014,5.795561634793543,0
2.1202689942280113,2.706227654911718,0
1.7867714178325205,-6.23747984,1
4.461369319,2.691507133144558,0
-1.156749674,-9.142293862,0
0.8302854537810839,-4.037299054,0
7.409340538051689,8.088777904335519,1
2.967711210332545,7.9518301184346285,0
1.2994162404063927,6.929474664913492,0
2.825176928131489,3.755805559410499,0
1.3567607921474147,-8.500417655,0
1.382501504756518,7.951631618968037,0
1.460282676725939,5.078821022,0
3.2575529127053824,1.1955341321107564,0
5.206312734352898,6.104762564018607,1
3.0551154152370064,1.2613852841798572,0
2.456613194963854,5.569253807044971,0
5.4465459495771675,3.546547204517811,1
3.3241729431946103,1.2198673779507079,0
3.951261974558432,3.0730513946569626,0
0.1798662986813545,-9.870304813,0
1.441337481122542,6.258056889097514,0
2.154808437,-8.859769791,0
6.513787688429728,2.6653665695672917,1
2.072191715195982,3.164774756,0
2.7315167478755886,0.8898688212740886,0
1.157437145560228,-1.130435545,0
0.4814852141675169,-5.195292719,0
-0.780901416,-8.278028287,0
0.142173718,-2.609504463,0
3.1380101865844026,4.1485332640761605,0
1.528464773755753,6.958567076,0
1.5083197947165123,3.686581595,0
2.1563086882907903,7.507811221058397,0
5.233236589524207,5.162695312844992,1
1.7287044604242263,4.343214266711165,0
3.5693578486372157,-1.953160628,1
5.471869041,4.527038975921592,1
1.9478854633969684,3.8401535913401847,0
1.4586626289945595,-4.856421023,0
0.5987518892146476,-5.570511244,0
-0.463381299,-2.850185207,0
1.5381681734652235,7.6342096154300485,0
2.807464211148122,2.9831400918758426,0
0.9076052132564383,4.086529871410594,0
3.6086421273642086,2.737063040758658,0
2.558278360377298,4.3494396773758055,0
1.128858314,-8.112306349,0
1.8753762965040788,1.153083651164211,0
0.8645440292434271,-1.288303019,0
2.1351222350426853,7.811322290617277,0
1.1212320609538806,-6.815218929,0
-2.175275944,-9.277430414,0
3.027618148112599,2.6898778314138756,0
1.265560306242775,-2.529590629,0
5.374430418937692,8.930848647718229,1
1.2036153011621578,1.9353831051786212,0
3.3098811458570037,2.5948414020743407,0
-0.155921548,-2.408898966,0
3.879546521675944,7.122096736238884,0
0.4286714422433803,-9.906202608,0
2.8865522163286768,1.4071823095900893,0
1.8299223660760544,5.338888429915102,0
1.7172528614582097,1.9057596701361206,0
1.2929362026205713,-5.330679772,0
1.9322875333119758,8.282226874252935,0
1.9691999890804128,-1.809083334,1
1.8349028902713553,-4.772945851,0
2.2639146265586776,-3.887475042,0
2.527845636,8.378439047017153,0
2.709293058961899,3.2926756334541167,0
2.334529971363959,-5.812992113,0
4.641918708911734,9.689490606,0
0.9529409231817811,3.639752581779325,0
2.936018048,6.598208241628033,0
1.9095457816386996,-0.770496566,0
2.5814853907426563,3.5131499240295128,0
1.8217358573182392,6.589635476408457,0
1.7955071124869622,-0.85277667,0
2.707234511010536,3.4826363054059755,0
7.2560633776555425,7.099367084035116,1
0.6257844182812816,-9.877134019,0
1.4702375046836256,8.768371369310195,0
0.5784299298450182,-6.716163663,0
0.23892046617748786,-7.53327086,0
2.3324657794446675,6.119310876307228,0
3.507548537069096,-0.814463956,1
5.443739962206078,6.497900870968589,1
6.620077144113435,0.08951799,1
-0.407943414,-9.987497865,0
0.4775387526495245,5.302662680661365,0
5.101704222129222,9.756554923247108,1
2.440765065721225,0.9008728609394883,0
2.512379791958865,2.7057708899709905,0
2.4722967351566516,7.464926790432063,0
2.268611426321178,-3.765290432,0
-0.07630896,-9.041843359,0
0.2087298205522432,-6.185391561,0
1.5915589241846686,-3.224274454,1
2.0974405354500982,8.197004426697838,0
0.6447853865088271,-3.052309475,0
2.2670025607594053,-6.990989311,0
2.6788647349783052,-5.37247494,1
4.240157955092013,-0.613862054,1
1.991063209437013,-9.502014607,0
5.746003627814825,9.825672063525687,1
2.684091455941149,-4.489982294,1
2.635906280827398,6.209523192295212,0
2.450102115228706,-3.771799402,0
2.792209958145244,0.8782723223061772,0
2.3868619901759476,6.228131726374762,0
1.7117606838595232,-6.534518433,0
5.546166813,4.262096392349024,1
1.6502566396406237,-9.749601145,0
1.8535775873632434,-4.870325173,0
-0.072910769,-0.790012019,0
4.625123812182906,6.0846393620527195,1
7.255444717657151,5.964179177,1
1.2217905907037379,8.605155886971595,0
1.3943823392796832,-3.835999876,0
2.4868909743997807,9.671458372074774,0
1.469894558471798,-4.693855408,0
2.220405371924037,7.899711598,0
1.5423371178251075,-1.178518494,0
-0.441690478,9.872375001342505,0
1.7094007396992095,-0.926110321,0
4.466950893,1.2065250815066353,1
2.4279106071533754,-7.211074579,0
2.576327078240782,7.411989061257497,0
3.0735316596623132,-0.442806922,1
0.35535201451945986,-9.155204959,0
0.3041177925328613,-3.27833104,0
3.187670083698828,7.581379150784244,0
1.4421580898349262,7.979430574051204,0
2.178953127563661,6.247290025314182,0
6.6276280051943495,0.18925527653283325,1
1.6905446903305277,7.752110076986398,0
0.34255717896717897,-7.123847717,0
0.2138730542157139,-3.543842786,0
3.954778358967994,0.8857900690624536,0
1.5247773391802681,6.942243154137415,0
1.1309209253449568,3.2316253931455527,0
0.3498895699876986,-1.97749361,0
4.0390377614207065,-1.807991359,1
0.7845181133073359,-4.754280686,0
1.2211296520651018,1.8520641000600069,0
3.3630016221797985,2.541485260774664,0
1.8469982724258975,-3.087366241,1
1.7137690731091944,-9.421171712,0
2.995022131027365,8.344784913320225,0
1.271598574702083,-9.747408861,1
4.366252819009043,5.962707958663307,1
-0.607558494,-8.949536741,0
2.9601443290857268,-0.335437884,1
2.992458346232094,3.6546673041739037,0
2.8830813490216443,2.5299385282401854,0
0.49780078634627833,-5.075357997,0
0.3360519820350887,-9.902507316,0
2.700524983,-5.867828206,0
1.6073952203847113,-4.787897451,0
3.504457124768669,5.909672407721674,0
2.6684576015416854,7.940566232,0
1.4813979193127877,0.31195463631668297,0
1.418248314136681,6.703177749391465,0
-0.552655795,-0.535711301,0
1.0358297452566385,-2.643976755,0
1.9431719905391183,-7.808414501,0
0.8534790047492965,-3.845426439,0
2.3672001195917494,8.269086559592594,0
2.2220037095422263,5.180058914,0
1.3202559918953312,-7.047067037,1
1.247702657930915,-5.431825471,0
1.6209546362876128,4.709548425928411,0
2.2900592969271845,0.34038861846373436,0
0.9292119727225278,-5.585056518,0
0.041491202,2.420934944223479,0
-0.34848253,-6.678304754,0
2.3192166313081715,4.449192419667195,0
2.7033022479012017,3.7586855578094607,0
6.155033845,1.4423810401039034,1
0.8607459862398856,-9.275499357,1
1.0727028934005987,2.7875743992311612,0
1.1440585537323464,-4.535704408,0
1.6691522114308854,2.1024309204977865,0
1.2794080673917363,1.6904201535910666,0
3.5103891702181578,1.3451953319125103,0
1.6673180301498802,-5.692592902,0
0.8302628896106532,-4.770831857,0
6.213320476,0.062101945,1
0.3848464302461341,-2.964457264,0
1.1519719187378228,-3.446704077,0
0.1544503225109779,-4.929250469,0
2.645402517857916,0.6242259010995568,0
0.5275083256199913,-4.358730204,0
2.2408066387300645,-5.490493199,0
0.1744932632194086,-6.005756476,0
3.1029231717637096,2.527582447375403,0
-0.719757726,-6.88873546,0
6.086939083960729,4.007167414,1
1.8874356601059792,-6.315264105,0
1.0556248775119847,-9.63197157,0
2.778695371749108,-6.49196503,0
3.0843422832452347,1.8062679422990513,0
3.0182326743949526,-2.918372135,1
3.0995121710727425,-1.539211354,0
2.2363957008509012,-0.984958236,0
-0.05209076,-4.208108443,0
1.3565748177672443,-2.07254084,0
2.6101826131968187,9.107955542678454,0
2.3704347493120146,2.7131789614374604,0
0.19166267428876316,-7.844480682,0
1.0800883871385296,-9.987741397,0
1.996495904085858,-7.559355079,0
-0.351627591,-5.483032221,0
5.535427533229946,0.9467147380024556,0
3.1878503007309207,4.6419724412337615,0
6.769674377115145,0.8679049607919271,1
6.1810113744079835,3.786609262851222,1
3.0011184231517953,-8.49885853,1
2.0643261454315285,2.407399012184978,0
4.847933636626557,-8.556672815,1
-0.696918301,-1.137835322,0
0.4009789346057332,-5.107224247,0
1.6987618762505794,-3.214906739,1
2.4013940774627884,2.7010307318030264,0
2.3574056492146385,-3.235650181,1
4.074748430838253,9.388132709315077,0
1.701086407,1.4792714109093303,0
1.7055377859102934,-2.298544692,0
6.362410485330811,8.100208679608524,1
2.8683030218208345,2.9186785441043934,0
1.3333324841280525,1.547055473906049,0
0.9244630445434514,-7.581561776,0
6.660900456616839,1.065368690025899,1
2.265211870520437,-4.087114978,0
2.0581019430069154,1.0753951999934763,0
0.23160630122976789,-0.114648476,0
4.469135981855072,0.6665480944333257,1
2.560950795277057,5.2157683754337665,0
4.356718615266821,-7.486484171,1
-0.535108174,-0.585444963,0
2.5399921939839634,6.2680909348781775,0
1.599190270182485,-1.207014808,0
1.6452797049347774,-6.821765432,0
5.377123330948714,1.7030981518231965,1
0.17408477992656346,-3.849073601,0
3.2385770067981223,4.923287739,0
5.417445746458919,2.7978720470353995,1
4.201434689358721,6.409016276045321,1
-0.760600462,-5.706576932,0
2.1200533164417186,6.063993857532722,0
4.1373593450023725,1.0269886096543246,0
3.6949380353637817,1.0892073678327225,0
2.4210290534767878,4.569690139,0
0.9560827973767156,-2.241086652,0
1.9719501918471343,-5.450963194,1
0.876204987,-9.885260252,1
1.196860200961684,-8.357484424,0
3.5774811705552825,-0.019832215,1
2.9913088768969733,0.8291690305728245,0
6.183240417,3.069429307121002,1
0.12258287962176073,-6.717739314,0
2.1302334139793873,2.5304391602928895,0
2.805064933998505,5.061742874244246,0
0.6095300835771533,-7.629701418,0
1.5438545789260192,5.298136083557214,0
1.6499563815379146,-8.959394823,0
1.960491059005279,-8.609919988,0
0.8330254206692694,-1.839485011,0
1.6380671467451189,6.315112451887394,0
1.3660886049100747,2.567315874924173,0
1.3029995976724282,-4.156429998,0
0.7741648912927059,-5.765683952,0
1.4177860136924734,-3.0523667,0
0.3288502054153043,-1.998435424,0
2.0093130349210893,-1.024625382,1
1.3139816990610873,2.377583314965733,0
0.12496338372226357,-2.804903121,0
1.4118737057404809,-7.032983169,0
1.003128502534338,-7.495483779,0
3.7842091843304297,0.10594092576534386,0
1.9213040379538433,-9.365848209,0
1.9267349214897853,0.4226358524602567,0
5.5644744907975285,5.331910143275508,1
2.8158348722628443,7.222850349937943,0
3.8626364437534115,2.870878060213503,0
5.252881994233018,5.326032339,1
-0.96535316,-7.688389191,0
2.0400225579866973,3.0312418893451305,0
3.439149441732899,9.962246050322562,0
2.1325670543308366,7.293821229006717,0
1.1192259973565954,6.112899187,0
-0.852002768,-4.366461482,0
-0.06338506,-7.408820978,0
6.384605763320662,4.307396554,1
2.748733016941724,-3.417379562,0
1.9307659447163794,-8.047829098,0
2.063866022,6.038595412316699,0
1.0052534148441037,5.634748475073291,0
0.3835628718870083,5.668068229449858,0
1.5129930845466133,7.169533272907131,0
3.790037156274015,-5.226193897,1
2.624059075824454,7.882217466874653,0
3.498682491981628,-8.584731553,1
2.536883528302296,-2.490617498,1
1.4009454921742694,-7.959950796,0
1.3799344347249616,-9.054988337,1
2.097269268513255,1.490278484807261,0
1.7239710979459035,-5.336219972,0
2.436019173640812,5.4729913236782135,0
1.0252011052870977,-4.753773372,1
1.7405998765971609,-6.356958668,1
1.593065933034898,-4.89719417,0
1.1463216313224311,-0.899703047,0
0.069922432,-0.224201241,0
0.41042192583087134,-7.102354179,0
1.7620845055062828,6.612971173290614,0
2.5366887368127835,-8.171264021,1
0.8282367779823361,2.0313056020342994,0
2.3873083809280593,8.655320740043848,0
2.089109898140305,-5.101962755,0
-0.056336538,-3.099711378,0
1.8289555752422175,3.7517521530325197,0
3.9821627065871295,9.726079281201002,0
4.5814869709655035,2.333981885159094,0
3.655850534716234,-6.864143534,1
0.5426008923216333,-4.28318903,0
4.024891018111818,-3.48259923,1
1.3177590861332065,-4.101164506,0
3.837001510277157,0.30829500992441083,0
0.5668770234630106,-9.892674593,0
2.7752531120411614,-9.214794595,0
3.030976746744258,2.7720407848445276,0
5.227301126380167,6.017488502877569,0
2.240954581,8.723615090175649,0
6.388808456672782,6.4500301473407475,1
0.4717498003013789,5.168147899351926,0
2.2663104495159696,0.9055034449829513,0
1.8115607949382835,1.2782958466459693,0
2.4796973159912445,1.6352692143729204,0
1.7346417051565894,-4.533623067,0
3.764879128895374,-4.171428121,1
0.970567533,9.070864246378989,0
1.0330445893629434,-4.319663729,0
2.6806701479450044,-3.18819147,1
3.853787591421692,4.782828510732912,0
0.9815277718108608,9.609273155,0
3.105065632717253,3.907315958,0
2.5035599096749483,2.3273558554465588,0
3.1677394430406585,5.446810268,0
0.9578153383542598,-4.671644946,0
3.1692245676353705,3.1561567759474123,0
2.8687104311457268,2.610057999,0
2.4260247232039616,7.766034640353638,0
0.5451079018379621,3.2529225388614424,0
0.08306432,-5.473815748,0
3.746441324525003,4.291343111465142,0
2.5474374526022356,-4.767937174,1
-1.164695687,-8.496868909,0
2.096552991037699,-7.011927867,1
2.18629825,9.274301017094789,0
7.684497131,1.681653472824511,1
2.030946173892483,8.753226151616335,0
0.8926732673845115,-2.170559824,0
1.685159217543454,-9.775874355,0
3.5949845740928206,4.966931594484896,0
1.2309252911225956,-6.118883204,0
3.654863110014486,6.931401197363737,0
0.073384082,-8.441889794,0
1.5434887561874664,-7.649784409,0
2.9205384464268276,8.977879715,0
0.2246316209731649,-6.622846503,0
-0.047944524,-0.120342956,0
2.367991960722492,-6.838535317,1
1.387251540458272,3.693557190421597,0
2.3269781595513983,6.929857897070665,0
1.3650117952966938,-9.523668633,0
2.1926586998915942,-2.304138613,0
3.987731529285628,-1.953927916,0
2.1095725369081384,-4.370069978,0
2.3398827519883696,-7.812865923,1
1.3600293357559803,-0.046364306,0
2.821254953954989,3.1689086380626907,0
2.3607129025043245,0.5892175380952285,0
1.3137390922698833,-1.268224132,0
-1.533090249,-5.79707181,0
0.9467157310018044,7.110165216844923,0
5.702378573099996,5.776958863448925,1
1.3230644176192252,4.535720363117775,0
4.554424657983294,4.017077411865877,1
2.4335892762190214,0.611674097,0
1.5882234862841729,5.318367419678811,0
0.7709587202785408,-9.960662984,1
3.2393688605481095,8.096537127022842,0
1.8012187594009812,8.722846899070952,0
2.1959121024521506,7.962136029463544,0
-0.981728026,-6.691760961,0
3.905440160684519,0.097491332,0
-0.488159651,-6.240992622,0
0.9159257959391799,-8.73626321,0
1.067935682521647,-6.058873914,0
3.2478274860423957,1.9046946869987718,0
1.757752955312616,-1.737217567,0
2.7034557293452517,7.460850060284393,0
1.4563802035167641,-7.597394393,0
2.706653392520389,7.386252114065513,0
0.7504334098883512,-5.558707247,0
2.2666793174581823,-1.062210356,0
3.3276255451768955,-8.405637222,1
0.014064672169712855,-7.64038915,0
2.5108623430447237,-8.470049993,1
1.135946621484902,-5.140640421,0
4.718184321150798,0.1010898400864555,1
6.154664931754888,1.0892706481882684,1
1.8925681996299177,-3.93911295,1
0.9785549152692326,2.020097986155516,0
0.6551499831302563,-4.43006831,0
7.592958064030027,7.275624575866104,1
1.0771318142000572,6.283508393509013,0
0.8327870388937506,-2.275058444,0
2.463837104137035,-9.189247435,0
6.901869492226552,7.150819404627665,1
3.2365827440659456,9.615896568533522,0
2.5586181028257053,2.1607052791728556,0
2.509616685460578,0.5640391703484973,0
4.941385628520479,7.6465140529768085,1
1.7214461612539238,2.239688053019325,0
3.7832702716857556,2.3781385929298366,0
3.1003785704507556,1.4686799191351074,0
5.330841939482287,3.2193296085008996,0
2.3487372270931246,-2.708078566,0
0.6172174783304558,-5.625803944,0
5.398629793318529,2.3630549175105564,1
0.9097703440218572,-4.702217906,0
2.4723204350602175,6.365563587723262,0
4.339877657910309,6.947969869162883,1
0.6206815452877315,-1.506499243,0
4.837365285533017,3.26450867,1
2.7736463922449266,6.166004865,0
0.6821462595754761,-9.366798316,0
2.1250531846707124,-5.588928347,0
1.8407966210426085,-7.713661355,0
4.861970746283939,9.975527866971646,0
-0.135147989,-2.118007541,0
3.158575162,1.1854420731342596,0
0.053762767098850195,-9.404740661,0
3.590580829707339,-1.283424969,1
0.6899129647949422,-0.024501586,0
-0.749590416,-5.526736767,0
2.4203663308427616,-7.790421302,0
2.8170154966681182,8.810202905,0
4.6014031051329916,1.2141330498616831,1
2.714191360141906,6.884964821502887,0
2.9166694454870834,1.0128941071576936,0
0.9470425698375253,7.8025941258194536,0
1.2921912519614158,9.642185465606815,0
2.492821966877899,-0.546593272,1
1.3583445300894024,-3.127066139,1
1.8670103295567917,-9.108271375,0
1.3996908372054464,-3.72471807,0
2.4886779580009426,0.16228148256320907,0
0.21694453809470748,-4.996392229,0
2.460998646715671,1.4476172776484564,0
6.053898882073256,5.311790815332129,1
4.690986456937074,5.319209199209645,0
5.783971948371362,6.299253443334187,1
1.2785211664185347,9.334480069811214,0
0.2664260185487154,-1.412133959,0
1.2001091890857927,-0.829234304,0
0.9201712392769491,-0.627366741,0
1.1475182673181605,6.4675541029492365,0
0.5370925288831768,-9.592132927,0
2.5702289080209533,7.2559960860196355,0
2.455544971248641,6.365976122976573,0
4.8686007119633015,1.367597771961293,0
-0.949489434,-4.058988076,0
2.317045582,5.835426967606487,0
4.070663280956245,-1.279395795,1
-0.598995656,-4.97584097,0
2.084868752221853,-6.541208145,0
6.755333942,6.987837141750248,1
4.482561225,1.2383516130932186,1
2.8280063811247125,7.783862939,0
-0.322177302,-8.692345704,0
3.6450191613316925,7.002597319057067,0
1.8026062617276233,7.376746814469705,0
1.8328660472643583,2.315621415541255,0
1.8294048116279997,-1.193436448,0
3.176016584993585,-7.837050293,1
1.8940352645428291,9.651541346509767,0
3.2383822468609726,-6.72712127,1
1.4536695176175418,-4.061389846,0
1.8697454255865602,1.233644935576109,0
1.929040977091459,1.896749655159626,0
1.6281975558057185,-4.138577334,0
3.8757771678340855,8.881195905,0
3.067492815474408,8.901971675582413,0
-0.40740265,-0.627709413,0
2.2068776772617227,0.094464241,0
0.5258712987577596,-1.343551908,0
1.696432653,-6.183799831,0
4.203559814819617,-3.424257399,1
2.4550903775520974,0.182098047,0
6.923690347434534,9.079893800609216,1
2.905810015614843,6.372383677120478,0
3.4108190805952185,7.083514339300642,0
0.7060679510722047,-3.697730376,0
1.5272461688632217,4.9061323703433235,0
3.114605181156954,5.042020906205167,0
2.5996875655519895,-6.603955767,0
0.5945252339809793,-6.748015126,0
3.8930285892495937,3.5583008605113804,0
0.7673514736256424,-1.108603716,0
1.3707454086507993,-0.692905553,0
2.2300236209509356,8.026602957289029,0
1.7003030065517737,2.985308917,0
-0.157449951,-2.116791396,0
2.7673369031996766,-8.593133181,1
2.380731190803788,-6.816737309,0
2.0885617339977305,5.004806692,0
3.001918547880295,-7.882077781,0
1.5236652038603764,-8.634165586,0
1.8609751825318925,9.074389156708943,0
0.6089016876392097,-7.117685867,0
-0.592991311,-5.854594399,0
2.303227287424138,4.6259169076376505,0
3.384613833251463,-7.443039281,0
2.786208788348366,1.4502889178718874,0
0.5799070681258693,-9.778955989,0
1.108823467,2.5314324179705405,0
0.6460507346785147,-8.996709373,0
3.047621334881924,0.9899007663043378,0
2.5333999906544906,-0.652166728,0
-0.178037806,-5.288636,0
2.5003871717758868,-6.412720951,0
-0.262587657,-2.263339142,0
0.4316901705281788,8.994789622464555,0
1.4773505044819752,4.6641371946481325,0
2.3864253928585946,-0.605951148,0
1.62488926,-8.492351946,0
0.295182086,-8.415764869,1
1.4454194969612062,-0.371822037,0
3.5727921585280775,-9.056674276,1
2.1050518461745495,-1.061817831,0
0.27726375282092364,-7.930001975,0
2.032470517663164,-5.225650355,0
0.5017047771962031,-7.778373058,0
1.9068146709723637,0.48044913199724704,0
1.1237198822018866,-9.09284603,0
1.8551953095495932,-4.654160781,0
3.790443575151145,0.5968684564427651,0
1.2632635550880758,-3.455917787,0
4.747480960615762,7.399847769264017,1
4.791230246603534,8.407661691125526,1
1.2982791155055602,-7.672704738,0
0.5421589338343831,-5.010229459,0
0.4709796236589763,9.573660268558339,0
2.0827794995931077,9.615081691,0
2.349686010786981,0.10389740933746161,0
1.2872667406997302,-1.850249348,0
3.1967770205722887,8.443815968404259,0
1.4540898115303105,0.35918887204742056,0
0.3276195994017036,-3.636902046,0
2.771471117036132,-6.975905234,0
1.9672192025054818,8.92945379,0
5.579304498026161,0.6804195850676358,1
0.5910592254691633,-3.605353568,0
4.2679335154602445,-0.389537744,1
3.1352926668364915,-7.851021614,1
1.2675887117520332,7.142752661,0
2.9253270205360913,-6.2281342,1
3.8912015569982916,3.816599753,0
1.5721578153601432,-0.57301987,0
1.143911772343691,-0.582903143,0
1.5827895822741973,1.557314638067293,0
1.3176543743652382,-6.090717311,0
2.8958996793161953,2.0283324145634456,0
4.692073147116495,5.261290341226598,1
1.3540447045118178,1.681543556756873,0
2.9359462821956495,-8.305460892,1
3.3656756272292596,6.9984818979623284,0
3.3248149238500324,-2.045914815,1
6.055168622250403,8.474083784,1
2.632987867117364,1.1850081461477302,0
1.7217721132178538,9.936832990547352,0
-0.385337181,-8.857316647,0
5.989486375,1.2743223225134432,1
2.460928642,6.110461719008391,0
1.5173248299468267,-3.7113963,1
2.019444845938439,6.662804329898769,0
2.2143179134692446,-1.817203551,0
1.9532296856644653,9.345800033543426,0
2.249916598230387,-7.529828152,0
5.432151018203437,2.4062620298573627,1
1.3762750956536856,-9.361697764,0
2.004051492,-2.93950165,1
1.8187855695245818,1.689876407307235,0
1.0825377007684789,9.150975467,0
1.3133737653209057,7.141125802412006,0
2.4604285992364465,-2.372804502,0
-0.567280803,-2.588994933,0
1.2975553716976398,-7.634727317,0
0.37440691528856995,-3.96113077,0
0.7200224091488334,-4.994974585,0
2.095986420612103,-1.064461683,0
3.4190904724533744,2.8998347764194126,0
7.010439283156601,9.382536508399102,1
5.3125245853035565,0.22400704031793772,1
1.9873806218321293,1.3215808434329048,0
4.036460530354024,4.227253094214813,0
1.947328968558919,8.936596130486976,0
2.3586635471307424,7.5310802364566065,0
1.4611167130620584,-6.872883449,1
1.894747045637983,6.029832951,0
1.9270931893786303,-7.213004741,0
2.225981791679963,5.462063428046335,0
0.31461857,-2.811615518,0
4.927609477029039,4.891736645614904,0
1.893214172943264,7.2773074249701395,0
2.0678702621409357,-6.150764007,0
2.387887076907661,2.8872344616350905,0
2.357577806333068,6.064656014740482,0
5.4700235125297745,9.460685865684713,1
0.32648023705888374,-3.763481151,0
2.1122305216937782,2.8232631864755113,0
1.1342271494834075,-1.625898034,0
5.738536126360563,6.7449210068682355,1
3.6141773655640543,0.9497185869180171,0
4.106970219976023,2.860909033049829,0
0.9917650371946074,6.6507871927533095,0
5.871814861389029,3.9431764128422646,1
0.5101936810330334,-4.513205284,0
2.9522966192548803,-1.690237127,1
3.2007592453840257,-8.782928588,1
-0.800921983,-8.569117579,0
3.999495292463419,9.413708995039212,0
2.5509648665377704,3.8500635826823313,0
0.9532948811203541,-5.516787789,0
1.398865816823446,-6.768437128,0
3.121970788858497,6.8268611587365555,0
0.045559003,-6.71504437,0
5.4052099498938535,0.6322103283695952,1
1.5976894795073846,8.990886758675803,0
3.2177234378088886,-5.586323845,1
1.075843832311399,-3.081818646,0
1.8406610776075378,-7.341406888,0
4.750964646531275,6.4990441141572965,1
3.566218287423241,4.880764731118097,0
1.8978784518957938,-5.635669207,0
3.998069845620088,2.8992295071236995,0
1.951418130725235,9.784755289004728,0
3.381639076726378,7.0237023788226125,0
0.20705447088774998,6.217053841190033,0
2.3489549131776846,-9.06400734,1
2.2716398067617765,5.830032956133222,0
0.9953612332760065,3.8370723457854368,0
2.475850554996217,6.232502268925785,0
1.1171020971780652,-1.359034098,0
3.028483502456956,5.0116025479954445,0
2.212276785,0.863929949,0
2.1384114018032383,-8.360947677,1
1.497016112716719,-1.950371834,0
0.37941589384868823,-2.471243842,0
4.963262292987392,5.085611515,0
-0.097437599,-4.50226667,0
6.123198816449338,4.598605018477521,1
6.264674440602194,8.558582081671744,1
6.003697322936413,0.3390930891947228,0
1.7675154620586877,-7.911634215,1
0.6820373256484757,5.021984544021215,0
0.32483063391274714,-8.172655165,0
2.9145651951920013,9.534596199276525,0
0.1462655252433116,-4.578093814,0
0.5345491989939037,-9.668380083,0
0.567991248,-2.846582476,0
-1.050990943,-7.976912775,0
1.369392173512301,-0.059488784,0
5.605753599441286,3.792745429966528,1
-0.084798441,-8.92596075,0
2.5822683056979305,4.7275801170520655,0
1.7125364560372696,-2.576188258,0
5.213073124628959,0.4394923807927036,0
0.7758951723468563,-0.772923463,0
1.2645625108016074,4.292767089,0
-0.730305387,-7.947272053,0
3.8397099573007116,-7.526514682,1
6.299768714865919,7.054014250852582,1
4.376082224,7.8367660977943885,0
1.9309311547077912,-2.700927439,0
1.249879205405437,-1.587884674,0
4.914101181288028,1.3747888262139956,1
0.39000385337144383,-2.94626174,0
0.43346324687256177,-9.874922275,0
0.894654449,-0.615597816,0
1.6250491825358573,7.8907597881842015,0
6.111371872,8.538900528,1
1.659626714341175,-2.409266173,0
0.8809550356752789,0.5277052295066831,0
1.6191233916445933,-3.130353665,0
1.440861600446485,8.840192316186183,0
1.5875505926830962,-6.895495131,0
1.6772440880933108,2.161474446317232,0
2.4248777759041453,0.46176386093265975,0
1.1646334699946228,-0.21599062,0
2.539884252191087,9.841602712151666,0
6.248553280312206,6.373294715721219,1
0.4909844600248472,1.5060200079545911,0
3.357336929413501,-7.931551632,1
5.727530589594311,4.570231854431665,1
1.2412982239387202,-0.486984037,0
3.4358819863527352,3.5583590988173235,0
-0.186521309,-3.139058067,0
2.091517949464132,-3.944909807,0
2.5031774451586415,0.9377226802415795,0
3.197348602432098,0.7303403252512002,0
1.7318073836532193,2.799712452444199,0
2.229676864120498,4.958486752673554,0
1.810828265899033,-3.450921179,0
-0.493111627,-9.536131491,0
1.461159794057907,-7.461710285,0
1.249375317075904,-3.329906765,0
2.277376202587565,-1.793947226,1
3.175454550269622,-7.604687457,1
2.213734636682384,8.823896642024668,0
2.903214345077825,0.7508364027785746,0
0.3480250872508196,-0.91714853,0
2.9507458157624944,9.882082653670324,0
4.426864122592459,-6.479858344,1
2.0871524103039913,1.9085397465140748,0
1.182828372611107,-2.692685855,1
1.627708606819457,-3.55651567,0
1.566775796848695,-0.763135033,0
4.836806229,1.9953808016797616,0
1.6684707716984297,1.1905354544446762,0
2.5262896059437665,3.2005487389450806,0
5.325125146104045,4.4764698612295675,1
0.2525204029584186,-6.09104962,0
1.7998001456869344,-3.52601399,1
0.36036331056419635,-5.150466504,0
1.236901427249496,5.004566411310742,0
3.6681384951745777,7.059204435493136,0
1.3934364942822042,2.8056601580456846,0
3.1370409882593564,-3.604222537,0
2.9605236006161597,7.444851686070919,0
4.049369429574089,4.537011938933722,0
2.734777530231786,-5.675799124,1
0.6129877616405368,-8.608323677,0
1.2928278648571805,-9.495045523,0
6.120688895223964,5.598947855384251,1
2.955919761524677,9.693612878956511,0
1.3249407444423096,-8.100684749,0
1.1596045625549662,-0.082437759,0
2.5995319381159687,9.178824828609923,0
3.2615250507798126,0.4100843750348453,0
4.111793747843212,-4.388471202,1
3.0991949255245763,5.730372779,0
5.826765334483001,6.746633046448068,1
2.4527516709441497,-8.668288278,0
3.4920014270517217,-7.054486165,1
0.6645120312500759,-1.182954971,0
3.2135517772972193,5.352826945113986,0
-0.363725981,-2.109789621,0
6.049864800825593,5.453466757065868,1
4.810742911757378,5.1572985878797954,1
1.445909895635888,-4.503700548,0
1.141981387250502,-3.778942495,0
3.45309819,4.158025816000956,0
0.9196543970446663,-8.208194436,0
0.5068950950913615,-9.5015117,0
4.052846083,2.9056755821704847,0
4.257377036609409,2.3880967112519684,1
1.4687636826446553,-7.851774913,0
3.436608783907005,-5.554476745,1
2.624481090419337,0.8608544757149961,0
1.2888906075063302,-5.169032691,0
4.607145718475255,1.4966965380602666,1
-1.300825912,-0.781980247,0
2.052917691,1.0788397513458996,0
-0.440958588,-4.361301886,0
0.4980414177296614,-4.485505969,0
2.870410644988462,9.950234846457413,0
5.76920239,8.829646829804261,1
2.8991349247907965,0.24570148552598248,0
-1.171438959,-6.029588735,0
0.005061908,-9.167422612,0
5.631831772452661,5.360079020847406,1
3.0539814454256695,-1.397200411,1
2.3509981423553143,6.213106365408919,0
1.017693028658396,6.04878724,0
-0.965557175,-0.761928039,0
7.135660683442384,7.790203184544293,1
0.4516654874377223,-0.134289739,0
2.6592953533107653,9.762278147,0
2.3762452743061484,3.5052728817186125,0
-0.299685031,-8.850733514,0
0.18442373246343646,-6.228014854,0
0.4420060675007156,-5.743445377,0
1.1874624735958228,-0.795560941,0
1.2112401774627939,-6.384085703,0
3.659725254415674,2.979203280924292,0
0.6821710671041692,-0.579256633,0
2.034371395259173,2.556003685093522,0
2.007128402714309,5.581002189291798,0
6.438552167418219,5.510910766325587,1
0.9495816533566761,-7.504620854,0
1.9863607326851076,5.080274494657296,0
1.7875860043773546,3.3333595450274274,0
7.068624050973094,5.718533219394583,1
3.2013676231187196,8.286934291693544,0
3.887768626067632,7.160114210735827,0
4.015177428510224,7.385986696,0
0.9646978946922504,-5.787520645,0
-0.729276184,-0.077033385,0
0.6959072794738308,-8.608636487,0
1.0222922581948735,-0.180566465,0
1.1162732159121138,-7.053839871,0
0.9132108969258963,-7.854201689,0
3.4267166016001624,2.858547583067459,0
3.0139365166425485,6.841610856394205,0
1.0066899261453899,-2.548192252,0
-0.980436824,-2.72925984,0
2.973847622791493,3.1318275186723312,0
0.35331598238960005,-7.595059869,0
1.0412376981884524,1.2911359072788198,0
6.336652176315695,5.281056665171537,1
2.620120143246054,4.846391391413313,0
-0.139802246,-6.299054938,0
3.270820075,-0.464350084,1
3.0103081902195705,8.134212369733604,0
2.668057424430667,0.881472972,0
0.4679031919265847,-2.368773828,0
3.913916168686171,-4.170968172,1
1.6318860298159648,-8.209626349,1
2.6995619842840264,-8.179299765,1
2.217694540289566,9.303832006124615,0
2.0426822680150414,-0.668988574,0
0.8191577272124978,-1.468292217,0
-0.341050828,-7.540187958,0
3.9516898074478783,-1.757119238,1
4.803308634785937,5.1239434329727285,1
0.5813170013746256,-2.589379537,0
1.3903070927288979,-6.573907703,0
0.8496928506098478,-7.754654568,0
3.1527073820991003,4.334719939,0
-0.35644063,-8.945244663,0
7.0049945585980895,5.983883683,1
5.921637192951509,6.122463189470096,1
5.912007726,0.7886664585942604,1
1.3755915107857288,-6.307345655,0
7.318858416313693,3.3801344794038215,1
0.9299272934961053,-6.516261084,0
-0.399454399,-8.401438724,0
2.4419585859086514,4.267129969127211,0
1.5531084419976673,0.34336859153124166,0
0.7406519072532795,-2.337590941,0
1.6107512392293568,-5.331528556,0
5.737049354727468,3.9098712748714384,1
-0.153910031,-8.176518258,0
1.5264781224966895,-3.635173605,0
2.7259348064419386,2.526042022297858,0
4.4125014471360045,-8.93910393,1
6.536515994136957,9.118908841497571,1
1.9292851639093538,3.174528914321604,0
0.11091736416683795,-0.027407314,0
2.2041108148995363,4.351549756503289,0
1.261455990096934,7.973674179168771,0
1.6489472971780421,8.972018518748644,0
0.6161723630511688,3.9903715171716474,0
1.1654746400912754,-0.315929422,0
1.6098221100678791,-2.156895593,0
1.0604609481426677,-5.683987814,0
2.5601627300566707,1.5207130137630553,0
0.4129790985847136,-5.243798892,0
3.508974828320254,1.7149410208140896,0
3.7783974051430778,-5.73825669,1
5.139313853059036,0.8215842283673673,1
2.827042603891816,9.975771924,0
-0.765786439,-7.219202618,0
1.2419319554572776,9.174611767059965,0
4.154652299392678,4.471942073467714,0
2.1859706890304524,9.479733302811411,0
1.5688077601632395,-3.034758152,0
-0.052021091,-9.727361673,0
1.9481881561902732,-7.960215838,0
1.6807271314980536,-8.33237381,0
4.267669874680425,6.3452897303305065,0
1.875291916078757,9.916747976398813,0
1.1707996587896083,-9.456428389,0
3.066341629511879,0.5182983007274089,0
3.173800488385574,2.8274999908833855,0
3.170962571399664,-7.178827199,1
3.8454015228895866,-3.228995082,1
-1.287826178,-8.349191785,0
2.5352852584638637,-8.060113488,0
1.499618284403345,-0.419067868,0
0.20038092533222696,-9.19792958,0
0.5187279038392776,-2.489193024,0
1.7812743124444363,-9.75915912,1
0.7912963103862857,-0.401170712,0
2.237656740580727,6.080345745545138,0
1.7962510432516985,3.0930036959954865,0
1.3099958878210383,-6.963638921,0
3.874512579744028,4.976210926142075,0
-0.957383008,-1.86903198,0
0.3074073619216027,-6.35054993,0
1.2071217029798482,-3.495301144,0
1.4870832064045199,9.188834842469607,0
0.6617434895682308,0.5849613019049116,0
3.061479988510749,9.681289098233158,0
2.9783929271917793,-6.609306603,0
1.605083615880087,7.879298781471867,0
3.0847015474824993,-2.852388215,1
3.567755508,-3.689171545,1
1.8470462868272919,-7.957764979,0
3.423146187366177,7.590476598451975,0
4.347818899810912,3.8845826325630135,1
2.8056072777566916,-2.466364064,1
-1.221430118,-7.588707298,0
3.2206261019373525,7.772514543737451,0
1.8657346996895177,9.136745998525218,0
2.122132677,-7.108590729,1
1.6044212553103554,7.687777917347255,0
2.397257610479739,3.9046810005947243,0
3.7059402502021923,7.301539148892807,0
1.3575108431173943,4.824557487614268,0
1.9013415451075133,5.753268631049442,0
2.747696127223529,7.348854186592256,0
2.378617104958649,2.591207337,0
2.188679427059965,4.058339787048057,0
2.9215000476938195,1.2899406982374906,0
1.5314412773741097,-1.042562789,1
5.261373147922418,6.753504149085391,0
2.138312985581586,3.3423283935161407,0
2.531448876520538,5.558634272816933,0
2.117727661822333,7.839960095287815,0
1.6350696370133004,-3.93015786,0
4.163702393062621,4.189545298180546,0
0.9585027096457145,-0.577558865,0
2.655253724,9.452827888,0
1.6056249102339324,5.496571539,0
0.42111460592171734,-8.616937094,0
3.352301358857706,-8.620524,1
2.7051611860636937,9.402219534,0
2.540902585099653,-5.015572345,1
2.3580232969850523,2.802527451,0
3.514336224485505,5.089899868672255,0
1.9795156428971343,-9.239596791,0
2.7132205760198196,-8.890920016,1
6.683733899319209,6.960537185558184,1
1.094335062258665,-3.853598647,1
0.7686899529703375,-7.89825417,0
3.1104324110912214,2.4382083784950126,0
2.4550990724981827,0.7967479077117154,0
4.825899913773309,1.1112121732634161,1
4.067844272,4.031932824708058,0
6.868111793491214,1.4858911112144195,1
-0.389173049,-3.904089039,0
1.906630384548838,9.450949825549536,0
-0.699483453,-8.379251348,0
1.8515315389150246,2.2987717365433387,0
3.3265338989196667,9.530245059528418,0
0.6169670413238426,-8.551293979,0
5.255110038865811,7.617033372272232,1
1.6251121771137127,-7.294692678,0
-0.070773344,-0.029253836,0
2.2297802823989743,8.431281014542218,0
0.37602278747915374,-6.140946744,0
4.699103480801818,5.876902985,1
7.228705576457503,6.366121470164487,1
4.234733474366466,-4.907810502,1
0.682509758,-7.871419603,0
1.6057538085342418,3.564191396200515,0
7.301616592526008,4.386258070037732,1
0.4540907980824662,-5.572433185,0
2.162246889807888,4.644574213762683,0
1.7072580537737032,-0.584112715,0
0.84676932,3.594434811,0
2.204934268882349,5.779666814,0
2.246797754487012,-0.368485724,1
1.6894271558088036,-8.779790568,0
0.7265201312703866,-3.023072625,0
0.7799625144370809,-8.886561477,0
1.2561319232278128,-9.294290358,0
0.1530689796550483,-2.255731378,0
1.2735928907183869,-4.634626227,0
3.7138303496531746,8.590094647196477,0
0.9021619539147845,3.366127535072872,0
1.856281808076893,0.9524443881771809,0
1.8587876784358293,-1.207045511,0
3.046286170565681,2.150042750099871,0
1.532530232892844,7.511533207544929,0
0.9400753056005001,-8.064062463,0
2.1993886172558637,6.3644544339584215,0
3.6187581748760076,4.755477531877929,0
3.010625398761969,-8.826763643,1
2.969297025400265,5.8399758427985144,0
1.0073491527299203,-6.738444519,0
1.1949552501269012,-7.528241269,0
3.2247282056096545,4.072663024310149,0
2.7291196644050153,6.384980315558359,0
4.293270554127039,7.136069576381956,0
0.9818745304123033,-9.709853581,0
3.057517826307285,7.883069726899727,0
2.158838996544708,2.3539030747421545,0
1.7069453291324153,1.330775637,0
2.040259217573805,-8.201744669,0
2.7625560568775684,1.094487432448826,0
2.808302864,5.399385103780661,0
1.3278084712084526,9.343253626,0
1.0151323612190142,-0.332833286,0
2.409248024271793,-9.214780533,1
1.9661076390535475,-7.029776523,0
-1.087177845,-5.121150106,0
1.6635016929839832,-4.823226946,0
1.0432606770715798,-0.932179238,0
0.7726614400121998,-4.061220546,0
0.6660504569254334,-1.130555551,0
2.4608221492473863,-1.671819109,0
-0.879943188,-3.132586,0
4.947515457109224,0.7941806546277608,1
0.9205081315932805,-8.191388292,0
3.502683071402265,6.069330729572709,0
7.304291393,5.363366986167296,1
1.7720955038759143,8.029489889,0
2.9957182726587877,9.835412815840733,0
0.9671259176532979,-8.996828952,0
4.1160627422414535,0.1372966647397149,0
4.394500494704474,8.563683632164249,0
1.4169179382468815,-1.103926784,0
2.7927622335671503,1.5208576600870405,0
5.963190893683356,1.2245165231121398,1
0.8083549085945326,-2.719537242,0
2.678099803,-0.616147435,0
5.844851786743946,0.044593739,1
2.9275580695258783,6.889174455115082,0
2.2298262681051035,-4.500556627,1
1.0599676731916947,-3.252795659,0
-0.283257139,-4.46317387,0
1.4994782032637688,-0.586339756,0
2.289404587634356,7.5538719759928625,0
0.11010796905575915,-5.246884458,0
2.1815795476324924,7.980813669265768,0
2.0249042481443107,5.4617318195430915,0
3.2379063675436766,4.618326530814365,0
2.6738047195024146,4.990694204251341,0
6.271265409379948,3.769942852902437,1
1.509728539278428,-0.635969519,0
1.355423658930454,-5.597514121,0
1.6380530857042057,-0.028240884,0
1.3831874587969524,-6.638247078,0
0.7189234719388868,-7.823831083,0
4.135002196,9.375948476950427,0
1.1927629811662666,2.319619006828093,0
7.782311189684181,9.242545297518198,1
2.750277360284212,8.955482697898859,0
2.1569153659708347,-5.925184036,0
3.394577142589672,2.2882336187864105,0
1.2554320502052172,-9.005371395,0
1.2654074629358019,5.277162494827225,0
2.335191467557276,8.232850868234358,0
2.559219516729833,-9.591278043,0
1.4449378607437997,-3.125675035,0
0.23421814257410345,-7.991049586,0
0.3600594434964035,-8.044775228,0
-0.242306933,-3.968135507,0
2.833679129366227,7.068191377402528,0
2.77586047,7.8253947655477845,0
3.854945532545727,9.300209446895039,1
2.4536485591605106,-6.042653153,1
2.3856562042929834,7.005077955069911,0
-0.048032451,-7.807308389,0
-0.196195657,-5.787802223,0
0.34670517543975665,-7.933544977,0
0.5058906424608146,-1.086732389,0
1.4350985356073083,5.760443996563838,0
2.0029381959936385,0.1925082800108857,0
-0.190135528,-1.801774929,0
0.007756036,-8.490327164,0
1.9825474951459605,8.740120017882774,0
0.6461783214045842,-4.694740472,0
0.9783299205771531,-4.539088869,0
1.2021796132466385,-9.612904431,0
7.157501175577745,4.097804513758547,1
1.6353553097362508,3.8968638763114622,0
1.1972264669777695,-1.85430582,1
1.4695088504502956,-6.532234287,0
0.093551435,-9.506068562,0
2.8481754886009814,4.637381932092378,0
2.416135997632745,1.9446851772728806,0
2.977276338826839,4.291104903259919,0
4.247173346913586,8.099796454072077,1
1.007360446485034,-7.570896153,1
3.6160744586399476,5.915580611918013,0
3.792033630889187,0.437237417,0
7.505613749,4.375070731244881,1
2.078872891734216,-9.348880689,1
5.5205348475288005,3.0809583957608027,1
2.8915427889336724,0.2408963590080404,0
2.2302458272502035,-2.956217761,1
1.300070308554848,9.326113260981966,0
6.083771195,4.656196028691134,1
2.5575711963955583,3.407844796087314,0
0.1574273730307847,-9.626168524,0
2.1485128462074097,-4.633904296,0
2.066997636961874,-2.471697993,0
-0.114720129,-4.844370732,0
2.6584203107798365,0.4911125116184518,0
1.7915742557676237,-2.503716118,0
1.743988028767403,-1.878218786,0
3.362693358250341,1.6686949557161395,0
5.7296780494260835,0.19280963051615885,1
3.0921238515946685,2.997339763,0
1.4558013369998681,-3.799737968,0
2.021157412916387,-5.462979906,0
1.4029699819874517,7.045432672376013,0
-1.392084074,-9.549495003,0
0.9043971437412431,-0.162650736,0
-0.019688712,-0.705768861,0
4.069887056578446,7.605274766456283,0
0.29108687154716517,-3.458587169,0
2.062674494419133,8.586024909434084,0
4.001897436644709,3.194136109551632,0
2.3771817493892513,-5.537119913,0
5.227753476101891,3.6850662893083364,1
3.218861438988297,3.8741402247534253,0
1.3446908820374828,5.3927527,0
3.3508895024287995,2.442375475164676,0
1.3907147290784723,-3.489757309,0
0.24116142379149785,-4.555641098,0
0.6364025896602921,-8.947332829,0
2.726967662524376,0.6201900520663717,0
6.014370406,2.717294487800224,1
2.1904130759882054,-5.093983162,0
2.216762094249819,-8.049602132,0
5.045528828028717,1.7412519391177632,1
4.971695093410331,0.1565305881023331,1
4.331514433147486,9.410369438,1
2.382681536281056,9.150648356,0
5.682496078978922,4.965666256205431,1
2.6679459559259326,2.9840310716342415,0
0.40742812986042565,-6.936365079,0
1.3331743166455532,-6.794067244,0
0.4642201930448563,-0.910093324,0
2.8614340267032605,-3.821207751,0
0.9474603259882614,-9.023835209,0
2.3346139242298776,3.7812179119881897,0
2.0035246866385146,-0.01225707,1
2.3080084713505014,8.227473657466021,0
2.6136899244089222,7.731181466834947,0
1.299087417447423,-4.891280225,0
4.412178552828546,5.868893634978296,1
1.2863845831841487,4.9432479718145945,0
4.779686860850443,-1.419196735,1
2.616092548288945,8.573108258848574,0
2.0690631188978283,-5.119011918,0
1.532073601560367,-7.371039239,0
1.654390792,-6.382719765,0
-0.096209559,-6.993921515,0
1.865482533,-2.457780117,0
0.5497980913404539,4.6373427398436196,0
0.8179386614192568,-8.409962597,0
2.6339049316293144,9.281976638785551,0
2.759257143889215,9.685365941694872,0
4.873564116,2.1827313631838496,0
4.014161314659344,6.007425224914023,0
2.264594168540241,5.3926327283147035,0
2.1823298163560487,-7.973330485,0
5.426966395635278,9.678064686927431,0
5.589484625316826,6.353551192258109,1
2.177927400879666,8.751308705530722,0
0.5505227337250209,2.3853453811443543,0
2.186244535527555,-9.325917584,0
1.8034082605094621,-4.929352002,0
3.586498099667469,6.515937491244074,0
2.7390369312320533,-5.342786756,0
2.497339169000659,-8.651475508,0
2.7002552814665894,8.212243960073383,0
2.9170404699364436,0.48613152449860664,0
1.816264739587464,7.384130636571484,0
6.343759457901448,4.436709527959506,1
1.884184670051944,-7.473251927,1
0.5240249430937538,-1.415189388,0
0.8124598711046784,-2.763267346,0
5.5753368653715025,9.298478681501187,1
3.1241009596273352,-7.910371859,0
7.027500951314764,3.3403233052965895,1
1.1786533054645696,6.073553602630557,0
5.26900989,6.064593607549931,1
5.601125810014959,8.039490291542602,1
0.7700303531957707,-4.580648386,0
1.950630487187442,-7.544819094,0
4.572869020624211,5.694393904182448,1
-0.073049451,-3.244633316,0
4.001989650976231,2.344073712060011,0
1.2629043572772614,-0.397852228,0
2.3113083200755757,4.646549578,0
4.102443510792168,1.1045143456479565,0
2.5532922424317674,3.6792215832050275,0
4.350503765560534,1.895997394797437,0
0.5218854302706291,-8.574350674,0
1.7756143042999917,-0.831112329,1
5.590219016738643,3.9456961120452227,1
3.1220245498580725,-5.831499725,1
0.90549603,-2.554554471,0
2.946233498978158,-3.971616239,0
6.732476254227276,2.7842162950822242,1
0.12310184214639097,-9.694015175,0
4.1822289094024505,-5.429768172,1
-1.477785165,-2.645092551,0
0.9484230893287561,-7.607242284,0
-0.06377946,-1.063676386,0
2.584589920914084,8.819346311918842,0
0.5706379174056008,-4.616153245,0
2.933271596971802,6.873665135587636,0
2.5602488589289467,6.560508114475816,0
1.9376100029552457,-4.422891261,0
4.486580862321502,-4.560763243,1
-1.255516433,-9.674878986,0
1.507158931106105,-8.577020961,0
3.7114247354169816,5.408665955817117,0
1.8444558873692423,-8.9522567,0
2.487176431904403,8.314453576638897,0
0.29159763641925895,-0.60799331,0
2.564269590979912,2.498562004317666,0
1.8666040480164796,-4.195531826,0
0.9317255610889594,-3.258827246,0
2.425690509268533,-4.603915125,0
3.3776643457828914,4.750368677621664,0
3.5269378694977793,-4.882495196,1
2.6526990246542277,6.811836648378517,0
5.260093680742378,9.682038144975273,1
2.2820155670673286,3.0784949827769896,0
-0.674355566,-3.005170813,0
0.5215437144132599,-6.485818145,0
6.788077763670855,4.400732575075466,1
1.441675608565067,-5.522104404,0
5.585144064345193,6.525588173877658,1
-0.612652494,-3.719632009,0
2.5260071784003646,6.081908090942864,0
0.752934431,8.317828465862437,0
2.515822383712566,4.817600303,0
1.709438818891801,-8.644105906,0
2.415928898913686,1.9416201224777687,0
3.147919601,2.6420357973142963,0
0.36004397770803986,-4.300311466,0
2.1762714476249014,-0.648781873,1
0.6558072819263527,-7.130638553,0
1.4213520388244325,-5.250195884,0
2.3719366207698447,9.575719578082705,0
4.393883328,5.857632347,1
1.284464079630016,3.2213710228985786,0
6.834389676030368,0.18052459872728122,1
4.500727761475446,2.942539749033532,0
2.078479750508191,8.741366059173107,0
1.9786014116330108,1.8501032701307807,0
-0.068777388,-1.040366108,0
0.5232072675368172,-4.15855996,0
2.3355699316841623,1.0279219561210304,0
5.719233434328799,9.012102331983925,1
5.098889114507725,6.914855093342311,1
2.1965058506667057,-4.88806842,1
6.479476257230276,4.336679530368251,1
2.3668615322546143,7.716795975278384,0
1.0259490183393998,-5.246758224,0
1.8573417299034116,9.245917797327035,0
2.097010798801763,-6.366994831,0
3.1585274500831027,6.791279887728429,0
2.68374788,-4.151272253,0
1.658264153107259,-3.70359559,0
2.4910906417988405,-6.330974136,1
2.5123658927686594,7.770539104044516,0
0.9031974896384188,-3.316734084,0
-0.041529899,-8.577522966,0
1.4992678987805528,4.043456431541925,0
2.803718187211908,-5.413184116,1
0.803585496,9.186429562613117,0
0.672027929,5.242742481102898,0
1.1730134140391735,-2.284553392,0
0.726879402,-6.291147713,0
3.3738017107473386,1.880758823888101,0
4.167052815379673,9.071614471753925,0
2.4273568889735704,-6.207690978,0
2.747715953766542,7.020526156597263,0
2.7901997445217455,3.905915664569351,0
1.7345958808405535,-1.646763274,0
1.475093164506677,-8.291690485,0
0.1427978562854486,-6.715046186,0
5.572554736428865,5.103169466,1
4.095065554,4.0848064481767565,0
0.23613178978476845,-4.514965065,0
1.2974675560407078,-2.899036207,0
3.038324079199082,8.726961549,0
2.1483981333907165,4.900974163523751,0
0.4581143406001176,-2.687117835,0
2.73423114,7.3349146866800226,0
-0.546565859,-9.530099068,0
2.2726774826935143,8.185134677966609,0
0.6487292491874459,-4.024011994,0
2.4901216274003337,8.049614814661979,0
0.6760004378778274,-1.679304207,0
2.8432516231972933,-7.43715244,1
7.029950035,4.4130200027844335,1
2.4377388832098044,6.663166372,0
-0.386451353,-3.313531497,0
1.8493991207160556,-2.050945522,1
2.1593400040612494,2.070538186046562,0
3.084152200688058,-4.515234685,1
6.474491422694009,9.238709605702567,1
1.625684692,8.982114106,0
1.4995505700609542,-4.238218215,1
0.756054946,-4.699790425,0
0.606945983,1.1264318664712825,0
2.8057281435054606,-0.19947371,1
2.058944134538712,7.133112395964343,0
0.354794964,-6.279443547,0
2.5891127803854577,-5.960304403,0
0.2945057285848933,1.2755572921796272,0
1.5835289442850824,-4.535973858,0
2.8648769156508735,3.391432092691373,0
1.1874284003854914,2.995681136643709,0
1.9349325714487255,6.639464262326243,0
2.1793120359106704,-0.292348111,0
0.4691122895662887,-6.079061976,1
0.906973894,-9.672040312,1
6.673755004941952,8.481131921159974,1
2.396257566796202,-3.798185503,1
4.63971308,5.547037490006353,1
4.0841896132600874,-9.286122087,1
0.1781516374700618,3.0494795730732527,0
1.0417934331759142,-0.147674163,0
2.772589609448765,4.170837787143727,0
3.131472459582147,7.341295158896244,0
1.1344155495225263,-5.246684825,0
5.601485958569229,6.137333586254719,1
4.184778688285535,-3.189630173,1
2.1049653084410345,-6.501492961,0
0.8589582581865643,-5.094701501,0
1.4483060294431773,9.276680409,0
2.432175066895323,9.015418804741525,0
1.8646013096691065,-4.38638561,0
0.9238841332075876,-6.818407407,0
3.5265925518041765,-7.848095587,1
2.0185664849167075,-4.868023722,1
6.200566682297196,4.816992503730013,1
1.067552106030447,-2.359414982,0
1.8560965011160175,-4.816901297,0
6.6991138574523355,4.839175490842472,1
0.6530350585708089,-9.237344026,0
2.7839832948722414,9.379949500446468,0
0.5714416389007128,-7.788982861,0
2.7830643803056785,1.459745870996521,0
1.4392954768228015,2.4251396703632544,0
2.3956061807104456,5.730389868297138,0
4.791783454957785,1.5205850441442124,1
4.037976663036057,1.5454641244997198,0
4.152546083070028,-0.113969322,1
2.2150375167269756,-3.513297569,0
2.4589579135994444,3.319735884809223,0
0.24356276235042096,-5.811942014,0
2.949250961634183,-2.503310257,1
4.0637174820516115,0.11070468313854498,0
2.1806822273276882,-8.882482343,0
3.162656038831537,6.2822005464485535,0
4.016676900029843,7.466673507900719,1
3.2211145507348586,0.5750747141614969,0
0.4432290628907094,-3.147840759,0
0.953616913,-9.652664166,0
1.6437433488971345,7.7170321312239345,0
1.0224772228713679,-0.898111421,0
3.1134154939965217,-9.798653636,1
3.238227443949439,7.114918225664287,0
3.384907876169439,2.231731800377517,0
2.750143809360534,4.961865134117414,0
2.0075188605769867,-3.761171604,0
2.5126979362818407,7.1260482417676805,0
2.465389041251306,0.1284285330586048,0
1.8687648425747496,-7.539153015,1
2.6068555204840678,1.161660425674345,0
2.3550800667845566,-8.136294952,0
3.84465004,8.474880775910115,0
3.8087636677165517,-3.679168225,0
7.330414302,7.445102690470446,1
2.396896126626367,4.505335089,0
2.990788827521981,8.147878754946834,0
2.718698166867287,-9.684851842,1
3.518645950541956,5.4831042817044295,0
3.642713030646151,2.519878652,0
2.037406366752832,-8.537928716,0
-0.325398508,-5.511919444,0
0.36815816748534813,-6.066525749,0
3.4799395293369333,-8.729962011,1
1.9802800366458058,2.673092510102391,0
-0.177034807,-0.81278721,0
1.9795609079712566,-6.952217022,0
3.452048009528259,9.689876662,0
5.333988568712831,8.907399533778825,1
2.8633544087370204,9.917665193172173,0
0.9951276630089894,-8.651457545,0
2.0403390839611606,-9.877513818,1
6.0314644600083485,6.854395505294583,1
2.7338358250246673,9.833953197456903,0
4.918711457521665,4.102740754636805,1
4.193735427653666,8.238006048,1
3.8676030297389805,9.333224452,0
0.217851256,-2.000126007,0
2.504902915301023,-4.408574595,0
4.654651051783618,1.9008596567522318,0
0.646727991,-8.254170234,0
5.369429849731383,1.6192444179781766,1
0.9888525729143012,-9.520982139,0
4.5364786328851725,2.263498618534843,0
2.2999037458734297,9.316562749273537,0
0.6752186540254099,9.008563858,0
-0.202590291,-2.376520098,0
1.0281236508456062,6.279990252420998,0
2.756343804440452,-3.547916813,0
7.518053078309189,4.959906808661131,1
0.8880475492001296,9.216285194694962,0
1.1396819607978759,-9.26871205,0
-0.253502919,-8.31777792,1
3.371769530106632,1.989543666256493,0
0.1604474712677948,-2.261608005,0
4.778929376828744,4.798895363273312,0
2.9263762351154914,9.025953772178774,0
0.3865879024971415,-1.096326622,0
0.094249363,-3.734583515,0
3.830923151802794,0.014723306857408858,0
6.087456413841019,4.769520313138022,1
0.24233307873645593,9.229897078465502,0
2.400630464941284,-2.156468824,0
1.3266408434039152,-5.388050944,0
-0.651963268,-1.544834126,0
0.3600057918601085,-7.196052093,0
2.707059051455639,3.829428587,0
3.2892565751556244,9.516486726109576,0
0.7605186147896523,-5.795986324,0
1.9886688333942835,-4.689773436,1
1.7955189221047867,-6.086489992,0
1.797948883017606,-9.169194151,0
1.9948116096864579,-0.461114513,0
1.9065283123067318,-9.151781085,1
1.1295537306344183,4.343452181555541,0
2.501678270564403,3.6793968986317616,0
3.233888312468631,-4.730632479,1
2.010637379769887,-2.318101122,0
1.2686508289498568,-2.633154775,0
1.8127221146218853,8.78659414,0
2.4215608378487588,7.7792900682197725,0
1.8946586198872057,6.159488799123938,0
2.9951136598726635,-4.398905239,1
1.2477601640331781,-7.110832453,0
5.532900779572724,6.227021120651127,1
-0.138088011,-4.901823554,0
2.3108161439679193,3.4568339239880608,0
0.23255574948835678,-2.473358046,0
1.2495361898663133,-5.92670024,0
6.733672710239436,3.124471533872315,1
1.1205126051450296,-6.565546339,0
1.6892059000466355,5.2240610750402965,0
2.5872925524651236,6.3794659621305065,0
7.098935884204256,4.589430873959541,1
2.985647522316336,8.301259743963232,0
5.062611709184471,3.3753425266822212,1
1.8986258372596292,-1.474924206,0
1.8534965732673738,5.823694866292541,0
3.047227439720133,-7.329637858,1
3.872407204153794,-5.312307505,1
3.231750814106577,3.4800233403439655,0
0.7299316425834221,-7.172211041,0
0.7364885361600186,8.018813938,0
0.5887287644942791,-0.553280136,1
2.223716851301054,7.072636631198627,0
1.1638967491047993,6.987975768533726,0
3.6499391625796758,0.5867930529713625,0
1.2613301867162299,3.121954734,0
1.7344855269811283,-8.942296178,0
2.1518020172406085,-1.728536356,0
1.7073994681662843,-3.499226794,1
2.597250783742268,3.6550609826439775,0
1.6709630694067208,6.000864389273172,0
2.321844462,6.520919087919236,0
0.8329821359232084,-7.803384024,0
0.6001606170993017,-6.074991746,0
4.667876135503102,5.831630421205061,1
2.950502523,3.4551096732314885,0
-0.119458422,-3.789632784,0
4.039968931168067,-5.129717327,1
3.4522162315049174,1.192387079622561,0
1.3812423713400557,-1.993092603,0
3.5673816308445874,5.804086114472584,0
1.583789356886705,8.787281429,0
1.683046565027699,-7.108513323,0
2.082301391524543,-9.744217091,0
1.9271786319733097,-5.466479196,0
2.725103719834504,7.541241172090036,0
-0.167854643,-2.612282087,0
0.6824155977708175,-6.990864501,0
1.6652591338817744,7.764855945817988,0
1.9915962613196343,3.109168685206928,0
2.263378963729749,1.7287145893902043,0
3.2552619642013596,3.0822241224404063,0
6.215768888656042,2.6028139084433644,1
0.25994599015371855,-2.531336276,0
6.351951575774283,7.048317052,1
2.4695836287778388,-2.486094815,0
2.2805860330467285,-8.366472305,0
6.178529769822374,0.7091478433900438,1
1.5896521319576942,1.2873236710207259,0
2.648370178948072,9.183891745113876,0
2.4183729899734323,-8.564780018,0
7.160197244637572,5.112990647222391,1
3.006320816365355,6.924293630729011,0
6.585218469111345,5.469741751,1
1.7752450399026074,-5.313660374,0
3.783799165425884,5.802256361798326,0
1.6810518276285769,5.108197193708399,0
0.7464468569419256,7.286770655859929,0
1.4406402119523605,9.249537096713244,0
3.2559684274198273,4.813798309312787,0
3.9594856144076584,2.507958961791374,0
0.28066912546984046,-5.825721734,0
-1.006868979,-1.015271783,0
-0.573000815,-4.509116997,0
2.2059682467270543,-3.582388961,0
2.159141522646266,-1.492928534,1
1.4847907978507904,-6.938066051,1
1.9017332081166936,8.108477604094286,0
1.6955371903540954,0.2628124113318293,0
2.432930973707191,3.8574877064128987,0
0.7144600700033785,-6.096845026,0
2.1289170211188164,9.777954749770895,0
1.9443490465861704,2.001107576234663,0
2.9860638139442166,-9.706286324,1
1.7409412886053386,5.9531937061013185,0
0.10975782638014309,-6.427753593,0
0.9982365793581693,-8.982325047,0
2.484792429,7.937752428521247,0
0.9686078996387931,-3.870112725,0
3.8883529617923043,-6.359262462,0
0.8182753779162859,-3.823759207,0
5.892260773187466,6.0840783338698685,1
1.2425470463533916,4.756950584652049,0
1.562965365984428,2.421719426421909,0
2.6525740223079097,-2.930102075,0
3.208048560355484,7.106371219041343,0
1.688272399483417,6.684095792645877,0
5.4746746015004915,1.0370728152286972,1
6.535188125815015,6.553543438026569,1
4.1901778356490595,-2.671192938,0
1.6852055942360786,3.9346221726887585,0
1.2873290982032133,2.8049989963897737,0
2.2957985419611533,-1.091199199,0
-0.96402782,-0.2330175,0
2.2102152776432598,-4.564488952,1
2.375729671031643,9.426871518935467,0
4.308002212890527,4.444292482962117,0
-0.4246248,-2.978835152,0
3.1205193053312055,0.6641135923097057,0
1.2002641709213988,3.356487783305134,0
1.7107294247836178,-0.33708064,0
2.5284218381281094,4.210161437412879,0
0.5137294435839405,-2.936717267,0
1.0929714231326821,-0.850014079,0
2.3479470775726745,2.287985279192174,0
1.405264698647317,4.748236311578076,0
1.1402250087169012,3.2233067192720455,0
5.788874761940951,1.1575078349383023,1
3.8914759352768304,-3.935506518,0
1.8568125156216588,-4.146076004,0
0.6201265172271628,-7.35707166,1
-0.236245335,-6.91858652,0
0.12417196896521054,-0.718461343,0
0.1967871199604142,-7.21166196,0
1.0580492708811753,-9.103872094,0
0.008428692,-1.183552501,0
0.5714767227935393,3.503981155942551,0
2.5040266257028208,-2.394686649,0
2.720330723105087,8.705744846,0
4.310084058647107,7.634217357772975,0
6.237232528829576,8.387791095702571,1
1.811021537877115,-5.653238992,1
-0.584798779,-0.660947708,0
5.024275368696317,9.904808153,1
0.4997040339572977,-1.372127953,0
0.4410797604717085,-9.917527757,0
1.0325537406542604,-1.228137103,0
1.3529004949977315,7.454353545008495,0
1.2928568695209333,3.216040721067145,0
-0.27510949,-5.052935532,0
-0.163836595,-7.664338012,0
2.5565009476057687,-9.646380753,1
3.8989548269155296,8.768717137,0
0.8977361988088602,-8.023765826,0
0.97921873,-1.627329774,0
1.2246518434497853,3.3901157197897014,0
0.2318596257522053,-1.835431495,0
0.256932146,-9.491240183,0
2.610005080659356,8.024181276197247,0
2.8794513359157374,6.601209582253958,0
2.4349810629658397,1.4747064408627963,0
2.311144944799068,9.082987816418967,0
3.115872772952113,6.460812230881817,0
3.561772805494372,4.083786354241212,0
3.173568627735031,-0.491162026,1
0.5923487836144385,6.652880282440595,0
2.5093705050588864,1.3761927689414186,0
2.248960082879505,5.961275841015601,0
2.3947848845036934,0.23749059421623464,0
1.6955038468258499,-8.572089965,0
-0.476015939,-9.784939283,0
-0.506801839,-5.707876587,0
7.2664568646768934,9.194838101895854,1
0.9744354156029944,-6.603474323,0
1.7431695778325875,-9.541801965,0
1.2350421973166918,4.7208153228037695,0
1.2903737434613787,3.9599286601933805,0
1.1688148234430633,-5.040185242,0
2.777050230548092,-3.916330784,1
-0.074486774,-3.981591123,0
-1.269341883,-0.481284771,0
4.135161835954151,6.388123668526347,0
3.519682436987105,6.397204202619207,1
6.180431681802803,6.030290379097913,1
1.940861706259747,-5.356268625,0
1.8628527994536848,5.443561161881929,0
2.0199909063637356,6.572620054761259,0
2.222872690168481,-3.022915668,0
6.0509052137614825,1.6411660539104655,1
0.24104515175005747,-2.499376156,0
2.0378982723410592,0.41223815165174926,0
3.7856557253526697,4.372982693601241,0
2.8352073992542124,3.383696650390238,0
0.4097702668759152,-1.543360389,0
5.397019735059169,3.6508655641414585,1
2.8070043384849717,-0.767421416,0
3.286691313421648,8.599313815191103,0
1.474434815783026,-6.168387201,0
0.33452637263871987,-2.762018062,0
3.6739935729574125,2.117241042833495,1
2.5411739566906726,8.333845272823599,0
1.7798065722860854,3.716826656668786,0
2.840565531178122,4.64420264,0
1.8627489020232844,8.973412870426166,0
0.3068142342247814,-1.001296732,0
5.506638608427949,1.205448884379658,0
0.9525256674987352,-1.079639856,0
5.605690290398918,0.7551268108018494,1
4.817071943180979,2.346852190764462,1
4.0312808192714575,9.743528303210368,0
0.6618198857889734,-8.024972971,0
0.5381060188814497,-7.710919765,0
1.7758692018599596,1.0223626779088697,0
0.30752434969836373,-7.415850911,0
0.37858885765839545,-8.026271568,0
5.813462764324782,2.1802510937848414,1
3.5900428232499166,8.330571788209554,0
2.556322309,-6.328217376,1
0.7755531597683705,-8.224873933,0
1.650457169193083,-8.515299737,0
1.7230070280989969,-8.433992721,0
1.0510430305002112,-2.768035441,0
1.9037932810110514,-1.642350195,0
2.829184465801519,0.037682365049944266,0
1.4306290777327708,-5.297283132,0
1.6302523405592246,2.055689533546431,0
1.1481644459403455,-2.573248795,0
1.7342738405519298,-8.743262107,0
4.522807864357201,0.6263646426256404,0
3.488087100418218,-6.910735751,1
2.3621426135524137,-8.775779491,1
3.328232273293162,8.338707923979808,0
1.7404237032579855,0.6619085852062785,0
-0.729024301,-2.067021654,0
0.6740119504338304,-9.789373575,0
2.012570036616731,-2.372630259,0
1.4256384535765085,-6.272540841,0
1.1544702807848206,0.701900904,0
3.9016449367473633,8.729055865631697,0
3.658227083657054,-2.33411095,1
2.0237543879159743,-6.38794551,0
0.5900289582575229,-5.460312476,0
3.3183130643038585,2.5643587896717346,0
0.9178314692346441,-4.563781308,0
0.82433452,-1.993881582,0
1.4573801179253758,-6.218655735,0
1.608103357,-7.948615811,0
0.046919112,-1.838795217,0
3.3460853717699734,4.317845423486135,0
1.3567201847902706,-1.80651297,1
3.645978149469344,9.088458302663632,0
3.99494959,-8.137117488,1
0.7160106682233565,-6.309672608,0
1.7279797873277705,-3.436364235,0
1.780011021062855,-7.750412717,1
3.0316474884752256,7.126919145974512,0
2.968254611885807,2.876491438620752,0
0.6467878511483212,-1.058648513,0
1.419918370093771,5.076242547179602,0
1.3403516243115916,8.305635344215862,0
1.2931308688486123,3.9422716207769426,0
1.0254990055984183,-0.02025778,1
2.594088061490273,-0.914837117,0
1.9214467312424182,1.4123149132754307,0
4.039467180302891,-6.322793917,1
7.155847391362672,0.7036837992291005,1
1.9297489845791822,-1.592107889,0
1.4597790931115728,8.117637735794222,0
1.5093157508039827,-8.182613201,0
8.464270612692918,7.236986561361963,1
0.799022628,-8.203344012,0
2.670868215466437,3.699395965160271,0
3.893923269212614,6.498317155808387,0
0.740050658,-7.052569466,0
2.206332717886186,-4.245236732,0
2.900796611156138,9.622195913,0
3.324813395345103,-8.074077209,1
0.6071614517128252,-0.713936283,0
3.6104369107022856,-5.925807784,1
3.7220336081299545,0.25568477036282466,0
2.981369939,7.055331931777637,0
1.4425742467912295,-0.473788184,0
-0.35197489,-5.757581619,0
-0.551677569,-4.370220072,1
1.2189989092700724,-4.042191841,0
1.9302273144784188,-4.020009823,1
2.845518998,8.170517084019696,0
2.8511037694294803,5.157026758251487,0
4.734838617559416,0.9256409597618642,0
2.296649123951533,-9.119438928,0
1.0993393792901052,-2.620991534,0
0.13138730611666893,-5.738176478,0
3.2552363475181765,2.9742828012684903,0
2.338282254974767,3.5937352346537708,0
2.7301646319720536,-2.418763804,0
-0.110590575,-4.242154869,0
2.871477829993253,7.303031496173617,0
2.257540297761084,5.566980930602533,0
2.1336483841341867,-6.132931694,1
1.0826544772670976,5.506319321,0
2.182958148555912,0.6132951392731592,0
-0.00300875,-0.359802359,0
-1.011749376,-0.130119632,0
2.985022434899654,-8.453290116,1
2.623216827913401,0.6084096889520669,0
0.13450547445382854,-8.254318337,0
3.0129595873043096,-8.743881402,0
2.047760621391387,1.2197147011366418,0
0.8105885664793622,-5.446778873,0
1.8686630751238318,5.844779692147826,0
1.2722824759383906,2.470550528768138,0
2.1136068976284514,-7.560708051,0
0.011572168432642416,-6.123205079,0
3.7948523520891317,8.833431194377308,0
7.086872277181349,6.322355088013303,1
1.479656784913753,7.310303654464427,0
2.122046241402699,-3.674999025,0
2.1387168406341885,1.5328920233418302,0
1.857695338300764,2.934977211678911,0
4.769436293261881,-1.358038155,1
5.038440622182146,9.736766131,1
2.075138184697049,8.703557054630902,0
-0.605554687,-9.688171781,0
2.1549542872997396,-6.011681519,0
2.4653507482581487,4.3695397112491925,0
0.4904613073934101,0.8532716942722551,0
3.95586547,-2.191903323,1
0.47951891362785337,-7.416547251,0
-0.265916057,-4.56489249,0
7.866074006443856,5.985210784032438,1
2.9194493595356454,6.484001733728256,0
3.137077723021461,6.057939486245271,0
2.3526732346338597,3.823859716431455,0
2.207236847271341,-5.442951429,0
3.034075489,-4.748876189,1
2.6321915977182893,7.084390647,0
2.733554854,3.465146435543291,0
-0.612165532,-1.370528518,0
1.7161493090927473,-4.405580873,0
2.5663922097393725,2.635230260238444,0
3.050607858526861,9.154236548645681,0
3.4824455003808263,-1.227309642,1
1.387181009699479,-7.806223865,0
-0.252370498,-9.105121052,0
0.8348755650337925,-2.02936817,0
0.1473922218753344,-4.201802183,0
2.3410694961317846,-2.101630602,0
1.7608593901178087,5.688410104,0
3.1353614817574256,-1.468507496,1
1.8346040891965725,8.855477284424566,0
7.047482330891271,0.43523714341216824,1
1.9632703988567486,2.689670514229279,0
3.1953362561190826,4.060521376748465,0
1.5533418672723378,-9.222386137,0
1.1899717792349342,9.223548714948418,0
1.6119567470250815,5.397942901846562,0
1.539205049024622,2.053620397197884,0
0.7682444903448615,-0.290295682,0
1.183988023302625,-9.956100727,0
2.204916305795237,-5.933518383,0
2.3185628769423983,6.446001617929451,0
1.8977897784870845,-6.810813882,1
1.0671808094623283,-3.979903017,0
2.046533279522392,6.993662940428983,0
0.3999018623033961,-0.82955731,0
-0.206979277,-6.912781018,0
0.9327768671066087,-2.319292413,0
0.5154659492151186,-4.954255317,0
1.750176704679813,2.627807958032255,0
3.8445837596363748,-5.310885884,1
0.5600533385389825,-9.603622698,0
0.31465975486386977,-2.937664151,0
3.094263051,7.2188330943967145,0
1.8433272214420342,-0.56091938,0
2.257194436,0.16201952750391335,0
1.718395694973636,-7.584856526,0
5.081278864659044,8.524560563868814,1
7.012674611067497,7.064320159414514,1
4.480018140737814,2.968302215269496,1
1.4440611099121405,3.1802050783801423,0
-0.218864895,-7.624854861,0
0.15231745469453362,3.2794589945793646,0
4.8252968061598125,6.493162727035099,1
2.676019257979973,7.976282386695701,0
2.562618105738358,1.5715083446467766,0
0.7017873380278548,-9.122132344,0
0.6633217233532924,-3.462838725,0
4.384580382673197,6.644310499519392,0
1.1860643449896566,9.191238877601766,0
0.9254231150643928,-2.16577818,0
0.3883438648221966,-0.548368886,0
-0.132726491,-0.351498108,0
5.395075179681554,3.937938842810958,1
0.4379865729157687,-1.967054939,0
2.6829972009992438,7.970136864154803,0
1.3612929493628154,-0.086202517,0
6.191680689873449,4.400466686181957,1
1.394326945,7.456875219757912,0
2.516675258146158,-7.413565324,1
0.5764442323534399,-4.257725443,0
4.307549849881414,4.840800336,0
0.1517341567002879,-0.142992373,0
2.751863723731217,3.197277845023944,0
1.933339171396217,6.060848338679477,0
2.0213435340917805,1.409830748382424,0
2.9055428863841692,5.695948984437143,0
1.5222623569529339,-5.117725396,0
1.9199151584979135,5.382081301098392,0
5.155938818821477,-9.173528079,1
1.5108507694947741,1.044642853521406,0
1.7141148090340037,7.3628897969765355,0
3.6428021694245474,2.3093939107453476,0
1.9145286426292794,2.8954890515737013,0
4.760701910092635,6.408308490652676,1
2.706359921575083,-4.289470736,1
2.242486407389281,6.345638538893773,0
3.8907688162268337,-5.70909459,1
3.2917289599814312,6.354855160601193,1
3.3107725426064345,1.0797117240620562,0
2.821317745872935,9.637202114605884,0
2.095992524248099,9.666303325696035,0
6.402079274646741,6.650655079,1
3.5123032108145207,-1.25112708,1
1.1132708729872398,-9.806908422,0
3.260037140700449,-2.490708597,1
3.1171464572219905,-1.927182767,0
2.5254736305593033,-6.751969272,0
2.8800696938614387,0.23540239864276735,0
1.9441121385497009,-5.284399584,1
-2.476691606,-3.17736394,0
1.1059962812433477,-1.32318423,0
0.503230677,-1.334637749,0
0.9042620120884519,-7.972477076,0
2.1421454851652566,-9.241958795,0
5.860651532453558,6.022214234042636,1
3.321226823676723,-7.072409569,0
3.908466781857552,4.620522895,0
2.912486746619228,7.757371373985293,0
3.8406279904578273,7.423541548183319,0
1.9128710086965937,0.035693891,0
2.6074774983661095,5.626301562659151,0
1.6763034975914288,-2.043589059,0
-0.756042877,-2.637109474,0
0.7416858396374837,-8.350971624,0
1.4366361798900136,-0.759486744,0
0.4911113957973763,-9.014316208,0
1.6997378838162451,-8.072572968,0
2.9003969951017106,5.912404465178298,0
2.515322544561438,-3.157426616,0
1.161109787302113,-0.05740723,0
3.2147356962256226,5.155968892935157,0
-0.489199453,-5.266257959,1
5.973625300142559,1.2386609187808855,1
2.065935417414499,0.3916679174106541,0
1.8886806504712208,3.1714633159579204,0
2.6233636657453427,9.206635925233016,0
5.917774108438797,8.590506442715764,1
2.5520258949227776,3.590183109702714,0
0.8149804339172431,-9.905713942,1
4.705025595594662,-6.666400517,1
1.3811492123242672,-8.398259348,0
4.1946063038191825,9.429288182,0
1.852820704263609,-1.705012725,0
1.6763808161475688,-1.445817236,1
2.1053675937042433,-9.078171376,1
5.9860044707338025,8.516837433322564,1
2.8196873642943237,-0.356470315,0
1.327373061725286,-1.257916542,0
3.7279560713579794,4.354313705434961,0
4.237526019965804,-6.908961685,1
2.879022781996998,0.807987562,0
3.8186961721756334,-1.382916756,1
3.538481776178816,-7.53852907,1
0.6841296352644655,-2.210701324,0
2.3313202949546077,6.615478704661641,0
4.174343694,9.071433147320608,0
0.8546048999640201,-8.544833746,1
5.872935494752227,1.1056292093703703,1
8.665122476862532,1.7361270956410948,1
1.4374662697884601,-3.219421497,0
2.5753582320037194,-9.553470698,1
1.2811505567643127,-6.230781104,0
2.7168184328834464,-0.91906248,0
2.4957321240439634,7.904280689681183,0
1.0617488156565793,-8.481634787,0
1.9949643498273395,-5.130518943,1
1.4214736123725544,-9.40735065,0
3.1397054175364048,7.463328507535948,0
4.394510525,0.1322570116786963,0
5.760854534069217,8.848519192,0
0.3669523901813969,-6.224299518,0
2.7852853748706403,1.746778599900928,0
0.9907120483138717,-0.560736435,0
1.6220993454900694,-0.710940763,0
1.7732260375591473,6.198669869887766,0
-0.029734146,-7.805593345,0
3.5876561785491354,8.240724316327167,0
1.8958617714110537,-3.695604124,0
2.097071373350102,6.490183386058508,0
0.7089536390417162,-2.491441715,0
2.6373920217202453,-8.735161953,0
0.8592188639053797,-6.784583539,0
1.3724207343386907,-2.157766488,1
-0.059918185,-4.34791184,0
2.400498818330585,3.923545623,0
3.5573943681248683,4.876990975066846,0
4.085168160436695,-1.333554098,1
2.7264747947644525,3.351526773845521,0
2.5254891152322148,-4.780802807,0
0.1478979251412872,-0.048890751,0
2.0502020571957495,6.192372557441846,0
-1.68026064,-8.725091683,0
-0.648751604,-2.56855678,0
3.513383496015994,-3.683000891,1
0.710687341,-6.538261142,0
1.0090727260416505,-8.346667365,0
1.0904674032840085,-5.558514382,0
5.297809323953088,4.469996582182494,1
1.3783245480936803,-2.523512114,0
2.715318233112954,1.2076659940256356,0
2.6847286356031694,0.056414815,0
2.3127016079344473,5.348338768929208,0
1.7952395651591717,-8.350638059,0
2.732317903136086,3.8488658518069574,0
2.009591173166747,-8.733254204,1
0.2891217793573839,-3.741039761,0
4.183792240331803,6.9644259725897015,1
2.4848768603372564,-3.465575409,0
-1.092438918,-5.460862446,0
0.7433622735821604,-0.305026254,0
4.273919621179754,2.597335517537072,0
-0.866377419,-0.579344141,0
4.561045513560073,0.6511206227126536,0
4.577647024659374,1.029278899,0
3.3033859789089712,4.114151763813734,0
1.1423675503818265,0.23182334,0
2.2169373227320412,-6.932509457,0
3.799098714485078,-8.060564937,1
1.3910389142496793,5.4149367027774336,0
2.6750467917967526,3.7299285357540093,0
3.0594498132064203,-6.967482136,1
1.1580517105213552,-6.935975824,0
2.4900788575577026,-4.137085013,0
2.261733211072091,-9.081472152,1
-0.034352601,-0.726785404,0
2.481864921273852,0.4649194624340325,0
4.863017814927355,7.437324964525647,0
2.7085758537681746,-8.224062618,0
2.1466297117905913,7.655106524295146,0
2.261278580296134,2.554294064693046,0
0.6550116581614751,-1.003985737,0
4.586190801280871,5.564530566266503,0
0.8404181486545909,-8.33956666,0
2.484557097,3.6252206737711177,0
2.7607138187074143,-7.364288693,1
1.174835419766213,-6.618428745,0
-0.368928714,-1.306096538,0
1.0076261201473518,3.6273574609931973,0
2.590638247399385,4.323434833748616,0
2.04473551,6.087615526513407,0
-0.320867483,-5.080719602,0
-0.227097029,-2.730607946,0
0.5525981602987727,-0.193873224,0
0.390001698,-1.894540367,0
1.059538129257983,-2.601390917,0
1.7237312832543927,-5.649247767,0
2.4648397934889097,8.259381912,0
3.1827362813773905,8.275672116388932,0
4.03566788,7.844562433611625,0
1.2128351098299084,-2.854735274,0
4.064682939840101,5.416843922,0
0.6561435838903887,-1.514804058,0
1.3274680030738106,-8.480837788,0
0.8609684649309159,-2.607990752,0
1.6055536907750767,-7.88955607,1
2.1993727869331865,1.8872968334998426,0
2.2384202227987195,0.6892474136322875,0
4.6895623842632075,2.0266899238748337,1
0.7251937380363371,-4.535637442,0
3.2559029165221443,6.014150716266361,0
0.5089258032031452,-0.604454665,0
2.6924270278314792,0.42994011204872606,0
3.3569299232254703,4.854784746601329,0
-0.212719023,9.795769261,0
2.8300609365613267,-7.358585985,0
2.320652930802313,0.5056236057709107,0
2.418546803032371,-7.537217117,0
5.120311028210673,0.20998106488680612,1
1.7756361545337773,-2.681675189,1
1.2770741050271728,-7.110888848,0
3.0619788617220243,1.7559604199173133,0
2.013430149807941,-6.73145786,0
2.164813263390422,-2.0264109,1
2.063102950986478,5.1350226188073105,0
-0.056116858,-8.982652398,0
0.40549006515541053,-1.755969215,0
3.0667895678242565,6.602153774694884,0
1.4636858109362567,-7.833711681,0
1.3926675583797117,-9.992825879,0
0.38129542839925357,-3.807414889,0
0.5282678919790251,-4.864654512,0
1.510536863759773,-7.460820874,0
1.0255249398283384,-7.909169797,0
1.4591428895853251,-0.650790367,1
0.7516681654911708,-8.272263542,1
1.2090762350255808,-3.228703062,0
3.362049371937954,3.824585058366379,0
0.2382884041367067,-4.299020101,0
1.9432701389373332,6.4246663484465145,0
0.44889843688758857,3.7334130079924144,0
0.6286174681334111,-6.871382378,0
3.3506021858343207,9.490710819464226,0
1.8702057834498473,9.047863626943155,0
1.593883260469251,8.635143268421945,0
1.087503562101097,-9.70019382,0
3.2964492700138988,9.834058335451157,0
1.1857126790668606,-8.81443453,0
0.8721310107930289,-3.254358369,0
2.468165785449633,5.897492208066337,0
3.1209105281063607,4.417855333256524,0
2.508626885890489,4.826910101577251,0
-0.186381894,-3.74311479,0
4.010009433942708,2.8774732689678473,0
3.588397142721385,8.104912761832939,0
1.360409521755508,-1.023373519,0
2.6058124276008985,9.164101767006365,0
2.721413358824455,8.357104009925386,0
0.7615060372750728,-8.109859141,0
-1.557533477,-5.56991835,0
0.7814196224292582,-6.898800591,0
1.775536710646384,-7.818096687,0
3.0417122021409924,-4.535053895,1
2.8942231254674615,2.9648406331990724,0
3.033315348776428,-4.811320724,1
2.695710185001711,-5.715815445,1
1.722718539381114,-2.498364615,1
2.6344015956247535,4.537351805934652,0
2.907220558509674,2.024745109104213,0
1.8449986943957744,-5.256796883,0
-0.012814645,1.0177542384020306,0
4.478556814550455,1.6581494962717525,0
0.7007884808406926,4.720915431981654,0
1.4272392331517767,-4.335686647,0
5.12164966,3.793220124814855,1
1.9700822798506206,-3.591151801,1
2.846016269417348,-4.292926279,1
1.7930114725250113,8.262674658435742,0
1.2637718453525908,-7.860781053,0
1.5779570821651925,6.621249018337522,0
-0.074793382,-6.677617325,0
2.7868953738685374,4.521071223896145,0
0.6285518182020325,-2.598809656,0
4.4597087517825695,6.526641348377282,1
4.579430213803952,3.7843600023822717,1
1.2389399443143427,-6.727322729,0
3.444154183113163,2.833810125480076,0
3.734379058821452,-2.740663609,1
0.3671308860335124,-1.61558099,0
1.7066087788956414,0.9355431596519637,0
2.9510967893852733,5.839801796821199,0
1.2532583285682521,0.7928390329960067,0
1.4741440127067418,-9.850156026,0
0.60451063,-3.781495743,0
2.080296086507402,5.733410950265741,0
3.1959833583963926,6.602544726011665,0
3.6820714428003023,-3.625281966,1
2.935453703076441,-4.547016452,1
1.2593958412387196,-5.504797702,0
1.960250296736181,-8.976612207,0
1.5205824936685444,-7.66932263,0
2.6108429906484036,-0.962179987,1
3.4660716488967878,3.906463932602904,0
0.7792521760926293,-3.694078253,0
1.5771740087619806,-2.37536958,0
2.1071023965230635,2.038042683319965,0
1.9313968687171905,-5.944648408,0
3.3719713901863453,4.975131768238956,0
1.336346387365614,0.8278206675137039,0
1.7678771379883274,-9.050658397,1
6.187481687269673,9.908375772126263,1
2.330084812547095,9.495002066509201,0
2.622078922612487,-1.30628389,1
3.313109439538327,2.352169907523116,0
2.728663102850681,3.9176626724706036,0
6.285603205605836,3.8832484497095194,1
-0.226562704,-9.608216421,0
2.116144357633889,0.20207484176119728,0
2.1109643842600683,-8.761697324,0
7.575362523342187,9.427451900955557,1
4.488809198871069,1.7753044747694346,0
2.558296975631072,9.488987839,0
3.372745382671652,6.6399508249076575,0
6.954876055027262,4.348380671520795,1
1.0562871515109464,-8.755185739,0
0.34474574110836687,-7.955132564,0
1.6730207309221654,-2.507184401,0
1.4537427529251048,-3.585298324,0
5.294705188644275,2.889268319454125,1
2.5467079640815813,5.565855170919365,0
0.7781654276265404,-9.019618679,0
3.0696842068485557,5.989167430026182,0
3.3144995033180997,-9.34531813,1
2.273924253191833,9.869601620185268,0
2.320600917285896,-2.703602054,0
5.004685814,4.928650336052572,1
0.5368875214990523,-0.469348986,0
2.806471088889981,3.8514042796231323,0
2.400700358770125,2.7725987946669317,0
5.567906287636973,2.4675511387662947,1
3.854837568027405,9.391797322540658,0
0.7042919007321822,-8.214665728,0
2.706517770368435,7.601555055346715,0
2.757161304,5.8535506884445105,0
1.3826501598573717,8.001447468413058,0
1.830368670624943,0.6080178645833243,0
4.868854781,9.397700583775556,0
1.7540350648076832,8.454451024,0
0.18096233295311936,-6.935681627,0
2.0929831701031754,7.836287332468103,0
3.038857002648622,0.48950864972610475,0
4.674130914073604,6.976886167780538,0
2.4934678339985297,8.725997623418792,0
2.185644551927199,0.6261857826110795,0
2.2503329845054885,-5.226285761,1
5.356352273932057,2.0244691730675495,1
3.460823377552326,8.327021947,0
2.739707267527337,1.1961211344385774,0
1.7764648855582952,5.889456520570018,0
2.6746796500251975,3.158564322993545,0
0.8706921621226279,-8.927157018,0
0.7323115889556673,6.574462204458179,0
3.754604889465977,6.284518432520212,0
2.561328170067178,8.932092322276894,0
2.0945452499047037,6.650977639646253,0
1.3885527761302041,1.3002331218761611,0
7.430509661,6.588966851745262,1
1.739941281067345,-4.516284353,0
1.3875990192497603,-8.16426984,0
2.3025091684821772,-9.380817221,0
3.1034260346440488,7.936551488280664,0
-1.317465746,-6.172959395,0
0.9432723879137056,-0.644613667,0
1.0923250352014653,-0.556550685,0
3.748930884909588,2.925394115740694,0
2.4052628086530023,9.457929849,0
1.3009895201192294,0.6320132024597118,0
1.223659970002969,-2.288937493,0
2.4175026733049516,1.5703856146085027,0
1.9433028171443254,-0.682582653,1
1.6805815362540426,6.652078144331611,0
0.43826730917383294,4.487845583041757,0
0.051505848,0.095513093,0
2.5101671216894315,7.190521195475888,0
1.7148936444199046,-7.2156648,0
5.829775658,-4.648956963,1
2.8622139855309867,-4.591909655,0
7.659837586322798,8.873060585,1
1.2866442190256433,-8.991774853,0
2.9405635263562573,1.3952240879211057,1
3.0761687751623903,5.525111653529624,0
0.5036352343275051,-8.62950593,0
6.979532685873464,1.7169065610123102,1
0.36950666604000126,-9.6747116,0
4.031489329191793,-8.741647035,1
3.4427085090614216,8.187109978953508,0
2.5147231814184945,-7.711461458,1
2.793035151544651,5.123340290862121,0
0.027766572322076577,9.84976871,0
5.498054023346124,3.824401881056991,1
1.3549869406920292,1.4396235589151214,0
-0.628481262,-4.650249305,0
-0.512576981,-2.312328361,0
-0.47712864,-0.652883293,0
1.1962025492962505,7.040007838159109,0
2.827158341,9.312262377040096,0
1.3361655746285424,-4.104250586,0
2.061967285881738,-6.659243457,0
0.8824424820135537,2.780572712648988,0
2.2134628278965813,3.443345115883197,0
1.4762084562371658,-3.362014219,0
1.3987318718795234,-1.327619369,1
2.1284113738490094,-6.450041365,0
0.732692643,-1.863696387,0
2.115765504256549,-3.73307837,0
1.4670897179679376,-0.914343383,0
0.9895554629531742,-4.353844326,0
0.3377376779342336,-6.465942365,0
-0.849831633,-8.536357591,0
4.930444225197564,7.802427158872536,1
-0.216033386,-7.051461519,0
1.9350043520601623,-4.067435423,0
5.334852160536631,3.808718571528173,1
3.047287814220503,2.9373240433735486,0
6.415487908308263,8.455315466937144,1
1.7394396642340335,-7.216775965,0
-1.050063502,-0.014696175,0
1.807650296759776,-7.250078805,0
1.504213321092979,-8.381862171,0
0.9997672445341229,-1.413794831,0
-0.066376276,-0.098544473,0
2.963481149249613,-4.406229154,0
0.27484838835245373,1.202047522853377,0
2.763121453506776,1.363992299011814,0
2.413700325835102,-0.6581642,1
4.766122482805012,0.7578192855562484,1
0.21938795090052743,-6.298356389,0
0.11088653948664584,-6.427529216,0
3.6329491739764563,7.5219192536243575,0
2.493577799995826,3.7991517294800676,0
2.251998642184731,-5.861201829,1
2.4155215590906485,7.494633524731679,0
1.1321512473527369,9.442049460830692,0
2.2064394578760287,6.613024757,0
2.6562036531718656,-9.224887918,1
3.2433208014489487,8.358400022946757,0
5.431459561568067,4.451673122173611,1
5.6762559503805905,9.239152723,1
2.5149622076915277,5.7379791249219565,0
0.539016027,-9.256663623,0
4.5952187898142025,-6.862175053,0
2.0337491194432875,-5.800764942,1
1.4649641705258962,8.743391376918346,0
2.669082600697572,2.674664175339956,0
2.2708417453557077,-8.196148518,0
2.018873229667818,-9.543467349,0
2.063499734593603,-3.33907845,0
2.5216669086709693,5.0419411389061946,0
1.2622958273832399,-3.395846281,0
0.879421177,8.860340219766382,0
1.3440307898042505,-6.102305459,0
2.742545882697777,2.9011536907919595,0
5.016470844108101,0.7174966517419996,1
6.648660230025628,4.798328885686843,1
2.323010658893959,7.2974433870025415,0
0.557652204,-4.889573257,1
1.5883546300677578,-7.820997608,1
-0.554684061,-0.03130815,0
2.624689366697161,-5.164661215,1
0.8235673581736306,-4.900725343,0
1.1555729018204155,-0.042479444,0
2.109382700919574,7.165681400202388,0
7.234651532,9.876064211544815,1
0.726849544,-7.024350491,0
0.4259875188898987,-2.123159203,0
1.6101452047449323,1.1369353068551185,0
3.7488937756832925,6.685452838,0
-0.134158712,-4.263896808,0
-0.598753406,9.833058621000774,0
1.7672846381882277,-2.965300937,0
3.5451659585310367,-2.926063076,1
2.300196684172444,7.110874822483588,0
2.141997621493194,0.2865226747784213,0
2.0243122632450126,4.344197064980449,0
-2.440674354,-7.794559296,0
2.0196304955435442,4.263654085711517,0
1.9265959989063726,9.179754791275542,0
3.901987191624877,0.16895132368264143,0
2.345700761915676,-7.839987225,0
1.5526171939289521,5.558000183932453,0
3.6643143285290836,9.102916672,0
1.2068261472026174,-7.418447738,0
3.1566414733388983,-4.073499789,1
2.8299205681395674,2.828604209,0
1.7209290723728659,-8.194302823,0
2.3719967066115215,4.1428653810377885,0
4.068289965327286,4.963329965697838,0
2.1459620818611747,-9.012199862,0
1.618575163404849,-3.940250659,1
1.7630055624999412,-0.21858785,0
2.971881361690877,0.2603499274251604,0
4.075627559918418,3.025352655371588,1
0.5986603250900355,-1.230579486,0
1.2912661966330696,2.549239371696725,0
3.351316485073309,2.411624696948614,0
2.0520197504782143,-0.665954472,0
0.29090800321726307,-4.293551493,0
4.155478421549481,-5.704499279,1
5.551867026160931,2.4775547544281196,0
5.784969972428825,3.1339581411953397,1
5.924136568270451,7.741553009453778,1
3.9236441509421502,2.450180192,0
5.971899944114129,7.473578457094533,1
1.0293852459462591,-6.008294058,0
2.2979496225346985,7.34299076,0
0.2709398731638001,-9.386614833,0
2.068131834834648,-2.534733741,0
6.998768488440309,4.261228684945127,1
3.0525095584650184,7.638380715,0
0.349472902,-9.966905898,0
2.567641385034347,-4.155672306,0
2.279864924703713,2.9312358253151096,0
1.7762004641861697,-5.651226862,1
1.5698419183987622,-7.006695175,0
3.329750065,-7.332577025,1
-0.656857307,-5.148336911,0
3.2381095566543054,7.007415232797925,0
2.701902691914506,-6.117250893,0
0.9401115074335377,-5.40407516,0
2.2792498266013776,6.755497164613885,0
0.397595887,-0.561733339,0
2.7979433486927308,3.030377111188434,0
3.290691716,2.2768413374190466,0
0.6318820206159993,-7.350236963,0
1.7240947788899978,9.235888973037426,0
0.9105779812992132,-1.637358306,0
0.695397076,-2.891866625,0
6.399806965319835,2.4082644503224255,1
0.3969857821802534,-4.954026866,1
1.379371225765199,-4.304262814,0
0.47346137736920046,-1.038603837,0
-0.558242536,-3.079636519,0
2.861831087966629,-3.045012093,1
2.9819066538519112,6.962485285244956,0
1.8133915743203963,2.395041743787953,0
0.9898321277303187,-2.771995477,0
1.0411448532482803,-5.071118069,0
1.2272302485755913,-7.910911714,0
1.9225571295863122,3.045521956123377,0
2.506972528406008,0.21182597807631431,0
2.669724465588695,-4.810854395,0
1.6076707714386103,-7.937640605,1
2.006668311907752,4.252659693434433,0
3.2347083525040556,3.125536736667682,0
2.179550731790333,-8.732802102,0
1.8518293600098685,4.220181869630736,0
1.3673451262188059,-9.480829024,0
1.5526180769049274,-9.691154577,0
-0.614420858,-1.007367269,0
0.4950634311237675,-6.984677315,0
3.633034320491564,1.1970493446232595,0
3.3478005175258914,-1.824375247,0
2.0118919114208422,1.4325838902537775,0
5.002650328052319,-8.667120665,1
0.11889329183085584,-4.999576217,0
4.089936410337597,2.8593555964296673,1
4.626286430397984,-9.217646329,1
0.9241540875437382,-6.804814197,0
2.2464116257947566,4.414444023462883,0
3.0959641066156736,-5.081271831,1
2.604036553773462,2.1787311117145762,0
1.463982253060059,7.261311733607549,0
2.929902951331615,4.456188439568859,0
1.021340637271021,-9.350540941,0
1.902867336693539,-3.074905889,0
2.201036529089407,1.6451694013465517,0
2.4747225256845375,-4.811344135,1
1.8989185814165666,9.360928534780001,0
0.2557268275777306,-0.721216695,0
3.7756910815948963,-9.695617646,1
2.517263514903035,4.337174686,0
0.6715336506337114,-9.51498535,0
4.459606714457328,4.361947233695478,0
5.359960233677235,6.034355738755011,1
3.227827863676728,-6.12458004,1
2.790302899907395,-3.321443296,1
-0.232640881,-5.060940635,0
2.1352429698912223,4.660564675224801,0
6.487533407032036,4.8046422188380955,1
2.101700411766294,2.720447274232612,0
1.220524701505547,1.3971965247487166,0
3.0132737477552194,9.302737860370154,0
2.2914517577007874,-1.536554053,0
1.7101186650600444,-7.469827461,0
1.0158073746911362,5.120648712199253,0
3.0180520730960785,2.273917971010091,0
3.128339877752232,4.105736495073318,0
2.384560175344734,-6.02644639,0
2.452762165755352,5.179315079037327,0
1.1626770317990898,3.1751693801243963,0
0.8929453372631863,-5.722163535,0
3.562277697591751,2.527807009810317,0
3.233631561169331,0.7421113229771574,0
1.2239567765564299,-0.555279989,0
2.5373633415947245,6.688979265326651,0
-0.717989145,-2.971395816,0
3.5140213347513223,1.9257664943040957,0
1.8086401737574216,1.216917394868064,0
1.0071857134980267,-5.611157227,0
-0.661884391,-0.455791902,0
2.4556812650048796,-0.301713871,1
3.6277248110681652,6.627959264803376,0
1.0849922206153648,8.693398080487942,0
-0.576088475,-1.889881361,0
1.233000957643627,-4.7953779,1
3.650041117291719,4.033412099001657,1
1.5298299891655673,-4.292198739,1
1.537847108058354,-9.019322342,0
5.991796292176861,6.502916511082063,1
3.3895825987925576,4.762707038,0
2.355171118625352,3.175077167857463,0
1.5635904726142473,6.539020965723971,0
3.282735390698397,-9.16403536,1
3.3797649064158173,8.116798856,0
1.648531300338941,-9.331215166,0
0.4911917101084734,-8.649240329,0
1.141633434695509,-6.66890226,1
5.684656129,1.0955002759731265,1
1.7656795471744053,4.407217952113605,0
-0.479850081,9.605173699112221,0
4.5243248003987615,7.730257969097352,1
2.3804248187768158,-2.783411605,0
3.5763518928350173,0.3439706075692701,0
0.7949494315644305,-8.127950581,0
3.2518879979219153,1.815184854265512,1
7.165053163036932,6.237326507417844,1
2.881794133136699,4.9874972743203045,0
1.104217630702642,-4.170843041,0
3.7296806766234134,2.4071994732308273,0
3.2749155175869835,9.507087103766192,0
0.9444249775421611,3.665634558942479,0
1.8621721571217127,1.4136558103073131,0
0.11027577914455078,-2.575599296,0
0.6405063032651879,-1.339158251,0
0.8701762202527978,-7.876359706,0
3.150377756366983,8.366453814642203,0
3.9305674459857687,1.4080899893899854,0
4.532272748827548,5.633358119790721,0
-0.03773353,-8.810905882,0
3.773920376985128,4.877716179464064,0
5.166620958341369,3.375737117700501,1
-0.239975717,-0.561401379,0
1.5508425461188904,-2.461825414,0
3.374678560801425,1.5018352736798448,0
0.8218117265729703,-2.582502131,0
1.6015075458502313,5.531916931478818,0
1.6664014534885458,4.956145341,0
4.877613267790481,8.870916918675093,1
5.824587155532424,0.5635512564059155,1
0.8391447166811525,-9.867488847,0
0.4004070720036227,-5.069056111,0
3.0243075682363263,7.585435849065185,0
0.30414828339517064,-9.450144524,0
2.0442717622837834,4.175623763902204,0
-0.124704081,-6.456987541,0
4.339844694368853,-1.990667998,1
0.6693158938167101,-3.04668946,0
2.403726244961665,-5.892417555,0
0.8188792284213455,-5.083353993,0
2.8826991118561356,5.326580124107409,0
0.706660454,5.311432952036203,0
0.33729744184506316,-8.29266444,0
2.141095304201329,1.3485470448396324,0
1.915039838288417,-1.677090565,0
-1.053627522,-8.412549397,0
0.033145102163911755,-2.962142669,0
0.5143160606563468,-2.225996108,0
0.5537201265624869,-9.049391655,0
0.35443469629200386,-8.823899337,0
3.394845890100777,-7.745395156,1
3.2285951545715683,9.481770523916072,0
-0.368916998,-4.759493886,0
1.3029951902468477,1.6430848661221393,0
4.180955195655613,-6.340866006,1
3.1978929710479274,0.6955590042420301,0
-0.188152816,-3.539111583,0
5.417037267054598,2.5517814727780888,1
3.0282812624691586,7.845579114091819,0
1.7115831063797409,-2.419707709,0
-0.611925209,-3.16285978,0
2.9836573811368723,0.7373832230423965,0
2.812476011432045,6.819167554702592,0
1.2743138038569337,1.1209534973116284,0
1.6294528006062798,-2.968734515,0
2.2607835382512786,3.3065979826076592,0
1.0236404301856732,-3.699153436,0
2.4061786642578453,4.3825542841545335,0
2.9926839978629447,3.9675243705071956,0
-0.206646403,-1.812760538,0
5.477768892237948,9.592820174312106,1
0.38801199941335585,-6.494079854,0
2.705071339043792,7.083928786052006,0
1.208266582065616,8.488906728,0
6.326594113311233,9.947369394695741,1
1.9648211559040347,-9.417788204,0
1.300983530887067,-3.26296491,0
1.0569714687753362,-5.813450518,0
3.188598064272724,2.260146835,0
2.8547938301939575,2.9892588617842897,0
-0.134419698,-6.019175889,0
0.07476698,-6.797213741,0
3.2607562262253826,7.160851371374367,0
2.243590298815762,8.138301630997496,0
2.984134131980628,8.341605318669565,0
0.19611563915063668,-1.968917227,0
1.388609474095028,-5.587226026,0
3.161245942166799,1.0085712489132135,0
2.3179964386820755,4.768969651107742,0
2.1037071718013376,2.512585873895997,0
7.402680662711779,7.081742571207339,1
1.2886296017669672,-4.927037748,0
2.313648490170249,1.970917141303051,0
4.509114163975425,2.2681682191092296,0
2.6812889255794303,-0.120843692,0
0.9100528503335157,-9.372894779,0
0.4417509668512155,-3.537727928,0
2.2566638119185933,0.9570265679893737,0
0.7774962885145558,-0.332699535,0
2.8035369162026904,2.170872776891832,0
1.5000850198433677,7.738602059074239,0
0.597810898,-9.634585927,0
1.1223163644262062,-7.118779917,0
3.0352108999585834,3.6145338086841363,0
1.8265989093813517,1.3048441482168744,0
1.1997699780752744,-1.520545684,0
1.6925925778589028,8.121143932378562,0
3.015342556303595,-1.103671099,1
5.597538984089629,8.676802930479795,1
1.4012382925879836,-6.399853027,0
4.628132934213671,3.6482230011463948,1
0.048271125,-1.44204359,0
1.6092170204481517,-8.829023478,0
0.018671677568141698,-2.583731926,0
0.21099176883999715,-5.518033799,0
1.2127041214603589,-2.508750665,0
0.3904860948210499,-0.218460759,0
3.8887818772865437,3.7306778509012624,0
3.4346395985813025,0.7978401140899454,0
3.4417196810006465,5.344683166862232,0
1.2594381270641015,6.381160041943556,0
8.280623807848325,9.614669201573488,1
1.5280740876144083,-8.220045192,0
3.3593355655095722,5.021216290459707,0
3.7574272157068336,1.4698624052949505,0
5.2596652337118694,6.085179306,1
1.8747642581585442,1.9264403031096329,0
3.821163870499398,-8.13991949,1
5.271344742305339,7.577320981959101,1
2.8511219833021606,5.213781697942803,0
1.108920117814184,-2.351149718,0
1.6030261477971628,5.474944353211896,0
5.099424323882066,3.4460903572939294,1
0.7735072839740184,-0.745776643,0
0.15344908360822984,-5.703322165,0
-0.81785796,-6.280639247,0
0.5028112738757611,-3.478312002,0
1.1914090884490638,-9.912239962,0
1.833824189822638,0.3467284087989757,0
3.472419310531374,9.681116094095042,0
2.878485443533494,4.955707654197463,0
4.475520715882229,4.720494470002967,0
-0.270933344,-2.650535102,0
5.439068809157864,2.8116443681055436,1
0.6239171309331064,-5.702452399,0
0.21872404845138005,-7.273260427,0
0.2923982545105458,-1.687551934,0
2.805319294218461,8.373483090873108,0
0.7104549201279431,-4.884353753,0
3.5743496743750858,3.0051851799793496,0
3.833643799,4.970200673085554,0
1.3374979219880325,-2.257539359,0
0.072061184,-8.362112797,0
0.895772065,-4.187781049,0
1.2699549749555472,9.574895361633146,0
2.303937031757325,4.083718996539121,0
0.084542719,-9.794568254,0
0.5303272005880173,-4.767015336,0
5.373992500304085,3.8188330378812463,1
5.433168284,6.819308750094486,1
6.613361169070671,8.255603816,1
-0.253638064,-2.482175462,0
2.717296144698324,9.794243069679595,0
2.0474630912737233,7.683765144086596,0
0.8402528028887308,-0.540828648,0
2.5071215354051772,0.9656976562110628,0
0.6313743311844193,-3.563786362,0
0.10781853981629941,-9.308081237,0
1.5534022936646017,-5.957995145,0
0.867330435,-3.740873172,0
4.400203049339266,7.585454792836895,0
5.529289182,0.809152633,1
0.1929317732523641,3.9436683542980244,0
2.8344878800044757,7.109508942163025,0
1.3397911018663706,-9.427939292,0
-0.240297147,-0.35612198,0
2.2460626587399606,4.596759236,0
3.9896298763555276,6.282087917353614,0
0.6190915406464497,-9.217030883,0
2.3747517794939013,5.332362614816443,0
-0.075132611,-9.083580106,0
1.2630853257086962,-4.067660055,0
1.3235061200020575,9.238668901848236,0
0.35906879312195983,6.6506068383760635,0
1.0119226379545163,-5.907553206,0
2.038328256991252,-5.275091422,0
0.687602348,-0.362708007,0
0.30801469656334546,-7.993058614,0
0.41995252483618395,-5.64693633,0
-0.387527201,-3.40873891,0
1.1789270696617706,-8.420202903,0
2.349322834482721,0.8830651262957616,0
1.9876896445094199,-9.652776469,0
0.9413290517148101,5.104882425717541,0
0.8947709989244776,-9.072743457,1
5.220088666080656,6.481565248077633,0
2.0686603434728807,-0.076771403,1
-0.701970151,-2.673138789,0
3.3433020849994968,-2.282173574,1
2.3358702516829717,3.2263796171982424,0
5.971608656569385,7.620797300097102,1
1.3517234739330906,-8.054087666,0
0.019682266,-7.182379863,0
3.632363245873318,6.197443462784285,0
5.2967953286580975,6.215749154254993,1
1.3937855359213391,-8.361073055,0
2.5870884502488676,6.698764606988288,0
1.756398361729207,5.100965580509504,0
1.8849888681139189,-9.517017562,0
-0.64452789,-5.982262067,0
3.6374331930832278,1.346892278710916,0
1.1802649035495012,0.9439141891565566,0
0.8936937186974093,-3.595186785,0
3.099182716195794,9.321068662594726,0
3.206339520117841,-6.575755908,1
2.6741885803979044,-3.721218433,1
0.3185568271021525,-7.959217687,0
0.5531665392158187,-3.023307507,0
1.463301071,7.594989214,0
0.4741988267609437,-9.594241744,0
3.417160028139927,2.393919785648322,0
5.0304217381875045,0.3724712695000143,1
5.789777580300099,1.1041481880196518,1
-0.387165537,-7.678110974,0
1.1076481359024224,-6.22360947,0
1.6533736845525098,8.091608297500375,0
1.148826240789917,-8.030888698,1
2.421917975558511,-0.590422721,1
3.266766852854724,-2.299842068,1
1.3582694438568204,2.0198558896117653,0
3.2076541606258413,-2.522226901,1
2.0001054150281274,5.460943099293374,0
1.390588430011246,1.9568851087537436,0
3.290948744356802,-4.713425628,1
-0.331949344,-4.827701373,0
0.094296127,-1.925188696,0
3.979828841043407,-4.60745211,1
2.1205722898462787,6.726788222895454,0
2.350378882621148,5.307127318258029,0
4.0559360934524635,5.474354977713073,0
1.859718524258001,-6.869321974,0
2.488114256600068,2.037694420399337,0
1.0126186883193962,-4.78655845,0
2.8571374113241497,5.404388447537816,0
-0.916365279,-1.202261357,0
0.9694735132593012,-3.025907265,0
2.8367029224154954,6.361356727798327,0
3.428109349,1.2374571190402364,0
3.6173290967884006,7.446006313202933,0
2.477354153387216,7.6321065508307235,0
3.1517042740616685,8.238145522099838,0
1.5344101895299318,-6.943227877,0
3.2135421704660563,2.6277629860638267,0
0.8272099824081477,-2.75106151,0
0.3774942804620959,-9.185649286,0
1.9918345819412808,-8.077574401,1
2.5173825031428163,-0.30910011,0
2.716154214000319,9.133759660605591,0
1.650260853966872,-5.991753745,0
1.927412956883614,-3.799736884,0
4.798117054866708,-2.287722519,1
1.004606347813283,-1.484691299,0
-0.508036275,-4.05637502,0
0.779504445,-6.106337478,0
2.2222029733881183,-0.369035568,0
0.6741047330137775,-3.361668478,0
2.6926723544776925,5.049882423888221,0
5.551087341751921,1.752507696,1
4.613225231089729,6.798219780859299,1
1.843831874,-5.447242954,0
1.5631747894925074,-1.791542135,0
3.6600721634455016,8.611737314221152,0
1.1914973081406772,8.722092963,0
1.055343697825455,-9.336070615,0
1.6917710914309831,3.9830882066259257,0
1.6930208692918942,-2.78790105,0
1.4615588785508091,9.041127785483173,0
2.009930377043932,6.544139353,0
4.160122270345918,9.895460288532021,1
2.0019966288242133,-3.591158952,0
-1.469960151,-3.862433966,0
4.425558664853355,7.322654961564524,1
6.855020350754405,3.799200917367724,1
0.8893219833673147,-1.531452103,0
2.8891248955826665,-6.682166799,1
1.1119755761738184,-2.340112452,0
1.2700145061556736,-4.401207494,0
2.6654557423228122,6.5846010584236865,0
-0.679971484,-4.191387715,0
2.668429504056979,5.441902730836345,0
1.4545026012984223,-1.858389617,0
1.816605126385505,9.407951908354747,0
-0.165347253,-8.497136729,0
0.43275828823659657,-7.018254788,0
2.4612273182819893,-3.209993505,1
1.7214791283244555,9.679964898217158,0
1.1181265871203783,-6.76253353,0
1.457082757353329,-5.822482869,0
6.264735132249023,7.861798247040326,1
0.28956810523725496,-1.796450314,0
1.1256682579757873,-1.360329614,0
5.120420452622851,0.542577773,1
7.117732060419403,6.242846803048394,1
6.5967796214903185,2.4548328089048272,1
1.1981438079267421,-0.160880158,0
3.2886844426897888,4.833396982821839,0
2.8192311761507827,4.9360723716913775,0
3.7557064130322115,0.9202171850302321,0
1.6142018607624895,-6.231546949,0
2.84607389,8.079544410327472,0
2.5651332523295647,-8.835044303,0
1.5641320770031537,-5.536058555,0
2.6482272872453567,8.830522574124643,0
4.349905839,4.895713487,0
0.9200071605982008,8.233779403297216,0
2.3916182120329763,-7.541427658,0
7.298357023337916,0.8744252098034657,1
2.8890570807914804,5.936598216916273,0
2.963355539253349,2.3627855134350657,0
6.455396010862392,1.846982399553653,1
4.154697716768142,-2.140352438,1
1.3878089979829007,-9.336184042,1
0.7726945732941795,-2.707884471,0
0.7457109429394528,-9.904167331,0
5.675400626608122,8.670461681,1
0.7562839105069608,-6.330316252,0
3.333999395,-0.172209259,1
-0.159390762,-5.174681511,0
2.3126007609604953,-9.685282061,0
1.6764590165776057,-4.226470072,0
2.5304475516332263,-6.050346559,1
-0.515656348,-3.802157921,0
2.922603142231012,-7.303265862,1
2.1755818391554977,7.217145875387395,0
2.5397474017076016,5.393606948194439,0
6.000922372960541,4.999833958121304,1
2.0994515993207994,-5.475765675,0
2.887643371341166,7.788034167246273,0
1.1182276793134156,-3.15966525,0
0.9980911477474298,-6.711422855,0
3.882869116342887,4.586442503,0
0.6364733985737561,-2.97524584,0
2.981721252328331,4.605168361990161,0
2.135403432075285,-6.822810797,1
1.7929985860205333,7.749994573,0
2.348635247814642,7.446486183480822,0
-0.262606153,-9.590343322,0
2.0011809932082767,3.6885814801181027,0
0.8285326897825281,-6.696683177,0
2.279119663,2.602311479441383,0
-2.357343895,-8.886314861,0
0.5664400917952349,-1.223823143,0
2.524570249521623,6.231720522673086,0
0.5317348771312809,-6.740416101,0
2.1771098610334834,-6.168329872,0
2.6065433766847255,9.030252722977835,0
1.682570117262319,-3.08352289,0
1.2863356939296522,-6.694663563,0
0.7101149418206893,-0.77397779,0
6.242600693376542,2.851890672495859,1
3.3439255081185846,-5.756577582,0
3.03389728,7.3161788352626225,0
-0.49197812,-9.452266161,0
2.5857364824105673,2.6752534964617958,0
0.3422230952618234,-7.320992407,0
0.6486983733183433,-3.532939067,0
1.5773944020083577,-1.131176288,0
1.7694587834676083,-3.182833089,0
3.1806838955359114,2.3487847066282104,0
3.9023868713588246,2.781042947200717,1
2.8821301614892003,1.9359169608904239,0
1.9286103749111134,9.903622888656493,0
2.7483542264961893,5.965470441008939,0
4.158547107327361,5.2577531861304685,0
1.864892888378625,7.305923543486671,0
0.5339183851417642,-3.917138343,1
2.534113514911472,1.2212557358885228,0
0.4768684013964396,-0.651069478,0
1.0249653713173292,7.4180564211404345,0
2.2639266430604748,7.946512413,0
3.7318779527476122,-9.87633421,1
3.330770557751876,2.2349899732773686,0
1.611417952,-0.51871072,0
1.1633187559590135,-7.86258845,0
1.5300988523467844,-6.166750237,0
3.524491493209991,-0.974342443,1
5.548970439759634,8.762100881697346,1
1.4822521326847773,-6.202400155,0
0.34576056484564843,-9.10090559,0
1.546093673600779,6.444893489471205,0
-0.669158103,-6.008048,0
0.28687432232285326,-8.289716413,0
1.547892768929046,8.361521517587555,0
1.2589031626154137,-2.683153632,0
1.5787795912272085,4.154640345,0
4.102115188903028,1.9942469765137165,0
4.347819878099418,4.801161510460734,1
2.9438711282405476,-8.040905879,0
3.2887517848199854,-8.329498567,1
2.78425546,-5.768586271,1
2.443349021111712,7.03216065,0
-0.493051393,-8.641996398,0
1.2181869126360496,-8.025888492,0
0.026117663,-4.04293866,0
-0.385751822,-8.423147102,0
0.8559692877378133,-2.719722031,0
1.8060518333190272,4.168294962997798,0
2.2974715606232143,-3.428730558,0
4.093497634,0.7853434661656085,0
6.183682232446237,9.254293708638414,1
3.327654582710827,7.1970193795575454,0
2.5323512384784377,1.0766090710762928,0
1.9965107325264122,7.251431848792727,0
3.819191984,9.649932844230527,1
2.715458343,8.1260248,0
0.8544912465113292,-1.973737677,0
4.666705595648226,3.9469464020369465,1
2.585380980685257,-4.840878594,0
-0.351212867,-1.329481445,0
0.7978730770426992,-0.643123122,0
2.160532276816885,3.1402695999843804,0
2.212903006178424,-1.425609578,0
3.4297612796613963,8.372351421639777,0
1.268549049510149,-2.503767812,0
3.4176604229945258,7.147861966,0
2.8574514131972775,3.1060179607725775,0
2.218622761673768,9.838656562903438,0
-0.00916254,-5.276712171,0
0.6698313226563857,-6.467944353,0
1.0324461261136857,2.211818305892315,0
3.9291318073740946,4.425570605,0
4.936140115603299,7.550898152424271,1
2.358522663060304,2.824087656843181,0
1.2192326637640925,6.951927248122718,0
1.7134353026067948,-5.068008792,0
1.8208450233786135,-8.82088363,0
-0.720683519,-5.6362341,0
-0.583085004,-9.658225704,0
3.3212184477902547,-6.77014096,0
0.8116743866926843,-3.465200061,0
-1.606454393,-7.002118287,0
1.0751735744706328,-4.453761513,0
2.8295952198723535,4.197220989469518,0
1.6384726817682072,9.909889396,0
3.2143732122286823,6.514284196933232,0
7.408212004696551,5.609927681927143,1
0.8254421946027204,-2.499127955,0
2.1664944661217436,-0.887754853,0
0.18167829440432415,-1.216165315,0
1.7605640054658656,-7.062114304,0
-0.171151095,-9.734525126,0
2.3447723205860904,-2.741644771,0
0.16704796943613465,-4.108153478,0
2.060552505757542,9.797183884459628,0
1.0665465698609622,-0.62515479,0
1.6230576934608536,4.198202315904611,0
-1.69598442,-6.901909257,0
4.118477928028177,8.448722620002869,0
-1.100559414,-7.409181167,0
4.101158848844085,-0.241057464,1
-0.082369038,-3.521776864,0
-1.088523306,-0.316509046,0
3.826853651529521,-5.00227235,1
2.3028360146369047,7.419951200533411,0
1.101366152574104,-3.484387674,0
6.627051643325404,1.3610936913494953,1
-0.677269911,-6.072891623,0
0.29064780325444417,9.010706247533594,0
3.5630402261110294,3.8724962950154573,0
1.9738272478624634,-5.583779298,0
1.406513179473313,-0.303022752,0
2.872134315314493,-5.863740245,1
1.692838080358227,-6.04330935,1
0.34880906427434377,-2.963244733,0
3.237363961196947,-9.162611921,1
2.959162877538597,1.656016948361021,0
1.4035239843548653,0.37644542854572016,0
0.5581784790809361,9.388512288346153,0
2.0299907250804345,2.4190361624906522,0
2.796048852,1.906708297377687,0
1.254837575454273,-7.175874841,0
5.208859707755853,7.643954750754503,1
0.6096481754184827,-3.958169893,0
0.26237325657034516,-1.707411361,0
1.9286670755425996,-6.34332097,0
1.5450926754623373,3.158040820790255,0
0.10108617589750601,-1.534915541,0
-1.093359545,-3.090093337,0
2.009664684794123,4.170749388833171,0
3.167404342197155,5.426767941202712,0
0.596398672,-8.751466001,0
2.692865944286714,4.659104911564205,0
5.5275784465374675,3.7323547356614313,1
2.3153394015718494,1.008021511,0
1.6047054165306651,-5.385298103,1
2.594032811367739,1.8228855747332577,0
0.5394533886914548,7.920067966701453,0
3.804634814116417,7.201331865572563,0
1.13860529,-0.333061317,0
1.446240010344196,-9.793139005,0
2.6057648084046074,5.964290343887605,0
2.5354532583537552,9.027339157640604,0
1.8489076108385392,-8.454722769,0
0.998083897,-6.004711045,0
1.1068726887837188,-2.065174519,0
1.8534350552313468,-2.084661815,1
5.326967971599764,1.7230473760197498,1
1.3694007761885223,-5.915881914,0
1.7395297553492353,2.362833852034141,0
1.6204881886583544,8.308506474867812,0
2.5346853944874046,2.2206120566833363,0
3.984741985,8.185529941570124,0
1.1560741258368512,-2.276925115,1
3.2104904597239576,7.076767258509943,0
3.014374786357813,5.98428867,0
1.056355805931662,8.419217342,0
0.5416080549342708,-9.204568841,0
2.2694451351808635,-1.509479616,1
1.7929719001160693,2.1669980506325643,0
2.3583655675216537,-6.160531592,0
3.916569932937957,6.660246110232045,0
2.2421789420532576,0.49755532270087066,0
3.806371403,2.2240084836596825,0
1.0121402500103676,-3.277559626,0
3.688425965978439,-3.36658256,1
3.6652532302567193,3.703808078119051,0
1.369756560074508,-7.218754382,0
2.450921833673574,-5.908261137,0
5.569327276815806,8.297084887421306,1
2.0315850932415835,3.4817204614185187,0
2.380366135726182,6.325078868147031,0
3.5476216965556557,3.3681875224997313,0
0.6831942726683001,-9.940329789,0
0.31175160305194005,-8.449759332,0
1.8651134505668536,7.4989847936021725,0
5.012242758671235,6.946678644822018,1
2.142927713434492,-3.068119515,0
-0.517380364,-1.737294985,0
0.6279257753969332,-4.599936444,0
3.221228172727858,-6.577113965,1
2.960774523900467,-8.116418544,0
1.3013102456648862,-9.630151115,0
2.0055252741268372,6.5311298588618065,0
1.644611007868904,2.274201680701731,0
0.3249706609793127,-4.411126359,0
1.732481674372637,6.742051651575142,0
1.193513435731897,-5.940381487,0
2.1190934446466834,2.866173162280674,0
2.556627280757782,-7.734462071,0
2.981855623132714,-8.999330299,0
2.7219309917690957,0.7760450924114277,1
1.4659903324514245,2.2121470210358005,0
2.576938377267663,8.566788281864177,0
2.3814530117589756,1.3130178310446503,0
3.277879504911441,1.1472097463222912,0
2.0600676746477062,1.6793929138894121,0
-1.157258129,-8.32445731,0
1.9397519240680852,-7.998857248,0
3.4226401487182305,6.322216385671307,0
5.254106582993018,8.168621142976665,1
1.957747838238714,-4.944934402,0
1.8057467599392067,7.325415251478219,0
1.2537357050344584,-0.328727232,0
2.8888720662751846,0.39482134686929626,0
0.8740007700262078,-3.423037809,0
0.30658478695300617,-1.903374275,0
1.5912624413129244,-0.175394344,0
1.784787639884294,-1.122381181,0
0.235866611,-8.081772453,0
6.979442554627315,9.550187130564101,1
4.598904254346218,8.006416160986582,1
1.6714475053551974,6.621185643380198,0
0.16580489963957468,-6.175498448,0
-0.382234598,3.9024072393075606,0
2.235782221,-8.913248437,0
1.9273170079645534,4.303960266645465,0
2.288909091640692,2.226798549879682,0
7.583254545883021,6.125771751624356,1
2.6354406642166013,-1.997938482,1
1.1581742987316688,3.6766087312841123,0
3.453530324187822,-9.282880963,1
5.205034395132737,7.2310042207699965,1
4.073345107410358,6.837658242568857,0
0.080654876,-9.132695724,0
3.5586702733909017,9.486324925788889,0
-1.568185451,-6.169654744,0
5.471672943638294,6.193927134499333,1
1.8694688492273497,-0.886934802,1
6.552544179,0.9609712011024207,1
0.6982978066721645,-9.568322439,0
6.266215162496184,8.801544596451745,1
6.557185870958178,6.473773013928451,1
2.9332262225164607,8.513355359773762,0
3.629877028052075,2.4625264211895157,0
2.1228163338103148,7.644922518209086,0
2.0779070803126647,-4.727149199,0
0.2178587194386702,-0.36651883,0
3.8409812848100726,4.145157594038821,0
1.6286435909884531,-6.430876489,0
6.810506876540995,1.429124047985832,1
2.0892155126532215,6.227972949857076,0
4.252046069572451,9.680400992661106,0
1.8713269619506097,-4.484291521,0
3.5344361078353574,-0.618606132,0
3.266354199,0.3011132738368527,0
4.036123829571796,8.887755787456982,0
1.7608157491498777,1.0891271405508185,0
4.597790851273626,-1.227885854,1
2.6683236382192437,4.054384526,0
2.478857480861133,8.565165839593178,0
2.4185223707452534,2.372627290133014,0
3.0463798961087893,6.832330823456484,0
-0.112189605,-5.129118051,0
3.054587593336195,1.3057447072895236,0
1.4154300157838358,-8.280336358,0
1.8516807418389214,2.5385655869605923,0
0.6996138134415768,-0.68595662,0
2.825761731,5.9144382549530565,0
1.2591020053098252,-3.257125845,0
1.5849956989774276,-6.454192832,0
2.634967606067299,-2.854508725,1
5.141840569826489,7.488797291175466,1
1.8650272350745785,-3.602305842,0
4.427263175337487,1.8549129242405265,0
2.3785003832662523,4.4472122029400865,0
0.414747029,-1.41672771,0
0.4590005995991824,7.649624205303155,0
1.2213223218434817,-3.876337868,0
1.7030904031228693,3.612029927724558,0
1.3808494726004585,-7.915540434,1
1.2780222313380618,6.991480251,0
1.351625895647764,-9.833714152,0
2.061675455961985,-2.457596482,1
3.479876012,2.6108802013665127,0
0.32695113567084755,-7.436868432,0
4.946990525283377,0.13646232262712665,1
2.2667537097926527,-1.626654073,0
1.4226372416056101,-7.326458259,0
1.7043036350269984,7.070519641902649,0
2.5991176668108995,0.9594562624390708,0
-0.256734032,-9.701451738,0
5.651598578734968,6.4238893634265715,1
2.4324356965713263,-7.841595742,0
2.472993753,-0.112945781,0
2.5138879810957846,3.776145810613542,0
2.7596592876555284,5.910075530106125,0
1.903526341437622,-5.927947704,1
3.1024960225363314,1.3419500029205622,0
0.7680649755511677,-6.549244373,0
2.144518312111882,1.3136736644034777,0
0.40312640476780215,-2.763533644,0
0.6154934389341677,-3.155443589,0
5.7911114805384845,7.304125757770226,1
3.466842278645128,1.355682180159496,0
3.1698505895944424,5.4261942975945345,0
0.7578018182627081,-1.175387118,0
0.26443038914530714,-6.656526209,0
3.471327749696372,4.171833006959822,0
2.876610370722956,9.619663624081749,0
1.373176993172582,8.194066907,0
1.4445589744138894,-0.268004547,0
2.5932593197995955,-4.76452402,0
2.8532679312830522,4.028375801694894,0
3.2089761267962262,2.994100852332071,0
1.6354560406051524,2.4842787351259368,0
3.783063052857174,7.875932824183561,0
4.3161882995930965,7.0397676809282785,0
2.7600604925417933,3.762121019050678,0
2.612601671010222,8.981056993835008,0
1.0970478805439188,3.3438213531576864,0
0.9112314243789701,-2.574163893,0
-0.035082826,-8.642474214,0
3.386986252586496,7.109338473146934,0
3.8944254758402286,7.500229679371046,0
0.48459630707557955,-3.213275994,0
2.2120629306755486,5.346373039009071,0
3.462830895474182,-7.407211736,1
1.1942262339202412,-6.609816869,0
-0.017811913,-5.7349553,0
3.1319493059778765,2.827406415837414,0
2.2375664391161783,7.549616570808915,0
1.1888721434342897,2.3604725195916174,0
2.4937043959195018,-6.416685839,1
4.0286095002377476,9.4784669,0
0.6980818911163158,-3.023469919,0
5.962372298925594,0.3516849652887739,1
2.7647487200462817,-6.106176149,1
0.7992686110140496,-5.441886799,0
1.4749055430334386,3.0627855451013186,0
1.5741405816806018,7.085596236213256,0
1.315854603246688,-6.618749823,0
-0.035917072,-8.586519086,0
0.2420008851595169,-0.233987962,0
3.4495749740996366,0.075401929,0
5.461815996124784,8.066889445398221,1
1.846978675098414,-8.282333322,1
0.4714114489427572,-8.590907795,0
6.188829295641338,2.180661091652416,1
0.8760761711047516,-0.379997489,0
0.4077218327797373,-5.040244493,0
4.775992511023583,-4.157556189,1
3.174289549014452,9.013926856742774,0
2.5186779526999516,-9.338208792,1
6.619234022505778,6.367682480275608,1
2.9590697258186194,7.468790813944992,0
4.808378583990212,0.20569584097281002,1
1.5370996012339813,-5.641511667,0
1.8840251371498682,-7.219796454,1
3.276435773109834,1.2904345004386926,0
4.876306697692223,8.147210453097095,1
1.630157511787083,-9.511763286,1
2.1386593124373627,-2.204889026,1
2.1796109082216866,0.18021458437171667,0
2.089901186764245,-4.823463421,0
-1.707239916,-4.976379097,0
0.8575383524947537,-0.082148622,0
2.793218326557671,5.563412902497834,0
1.817752768285342,6.306171083014892,0
1.979210736012634,6.3072356196046755,0
2.893673404871473,0.5933580487731156,0
5.6110909780892975,8.569252570082323,1
1.296738066538115,-7.162616821,0
-0.262161187,-0.834681416,0
1.4414307646938802,7.752330425171213,0
1.5592683582566864,-7.536630769,0
0.24863533348175315,-6.421330177,0
1.8160462888679598,4.196070421267136,0
2.0262180064514785,-6.884520152,0
2.8091390215858874,-3.789013378,0
5.713404782456139,4.522162731341446,1
2.2719174588783844,3.529783973664923,0
2.620773461630134,5.608652171,0
6.636353981037932,7.059143538604246,1
0.097428398,-6.908507022,0
1.4138193705068005,-2.093767971,0
2.1104575099545877,9.907247854556285,0
1.4979382724849928,-7.83314986,0
1.7629630368260771,-1.564997592,0
0.765057801,-9.139878759,0
2.0999880709878544,6.858018836,0
0.054629353,-3.645786491,0
1.6839172410935004,-5.94291713,1
1.7558827529263041,0.7034497373452258,0
1.7612783853740512,8.330583081321958,0
1.0010147367752404,-5.778810666,0
-0.382823494,-8.639670008,0
3.5586662000276084,7.543077803323218,0
4.726371708,4.960666129930294,1
2.792488422755631,3.439641846853494,0
1.5321418804176536,6.641490699105322,0
2.948992328185435,2.166407790781708,0
4.438186092417177,3.885896713254237,1
5.089774719507552,5.1242211579924035,1
0.30530755781738284,-9.859162402,0
4.619688977909824,9.874536651863522,1
1.1874996829475442,-3.576786629,0
0.7282286722836634,-6.067796605,0
1.6128181237137893,4.053975658767596,0
2.7926200948807036,5.583425984894943,0
1.5024808660628128,-6.506856999,0
4.181200134148631,4.543854726859669,0
6.083868353607007,9.328664052035737,1
2.3752064815257943,7.450314506426089,0
2.768272250224121,0.009000665,0
3.7236294069273717,8.047360511572464,0
0.15864111554410387,-7.712390323,0
1.208487843936158,-3.595699997,0
2.276050045200208,-6.551934688,0
2.7095794691517066,7.108054239,0
0.9816355734614324,-2.38867566,0
0.730447998,-0.182133796,0
0.6368223569083682,-4.452844476,0
2.0461614464832905,3.187966633381347,0
3.605470575267491,7.144522362126526,0
2.724303257845925,-9.925530545,1
3.993034891631617,7.706923223434881,1
1.3383783559834808,-1.794144586,0
1.3378077364002212,1.3194065910878745,0
2.403238570628636,-7.034370187,0
6.078708262401298,1.8983200258455604,1
0.050387549184984226,-1.390198524,0
0.7679403440695554,-7.611883718,0
4.158558962,9.332936824408897,1
0.8040174293003892,-0.790303597,0
-0.068928225,-7.977512245,0
2.5794060784296637,-1.000022156,0
3.3852542783133477,4.745927059,0
4.504444422,-3.910108357,1
1.8406652520102011,-3.110652384,0
2.6208469935726466,-4.632332604,1
2.561712990978722,7.589655224794228,0
0.5453553376386744,3.0453986256691756,0
2.4892785096894516,2.843877070902842,0
0.7453653646362537,-1.377701403,0
6.201720075866742,1.3887839783142493,1
-1.069391294,-0.859063974,0
5.436710076907238,7.417146459115219,1
2.1160424388799277,-8.846673213,1
2.1593768961928173,5.250400400600068,0
0.15795905,-5.632067797,0
0.8633400495320342,9.523694637952492,0
2.6959335864151717,-6.806031946,0
5.098670274,7.277129177324646,1
-0.004254148,-7.308036845,0
2.4379045741938565,2.7017639026503826,0
1.6712290716183302,2.5759214601025864,0
4.460343120084154,-5.930919195,1
2.574338030141379,1.8566813054124225,0
0.300174108,-8.850314707,0
0.7122086701072401,-8.597909668,0
3.0860632535963606,7.817030488,0
0.9651085910699575,7.599418552542861,0
6.599116872452044,4.251000267262485,1
3.086391013973031,-8.785915453,1
2.287258042017579,1.6543274462908286,0
3.641485926427358,-3.064430731,0
2.092209153016539,0.6414219928462739,0
1.583399589630567,-1.210015723,0
5.890461859068362,1.2405067052733738,1
2.2665503091376085,-7.584701133,0
1.444246153184087,-8.003319839,0
1.220107041864829,-5.537986172,0
0.22814856639991454,-5.925803656,0
0.38784484071293646,-9.83230225,0
4.415612757,-1.468744906,1
1.0406424759351387,-4.287212118,0
1.8940175759872124,-5.469382312,0
3.0141049955924175,-5.12020293,1
1.7785619156096937,-8.989941509,0
3.0172686475605754,-9.198170232,1
-0.11379537,-3.707806207,0
-0.353453349,-4.887342782,0
0.96485491,-9.205442895,1
3.5022919216196087,7.5704216391175265,0
2.0794724211456175,9.357466432021418,0
-0.184334883,-3.870516375,0
3.3299801115017256,1.181037044618149,0
2.9820222427839504,0.9881859898095957,0
0.17403484281565562,-0.810601744,0
2.299855638615635,5.991975841696062,0
1.5489902373099533,-1.078691015,0
3.609358527976495,9.532726169732314,0
1.567656819,3.8751054304446964,0
1.2368836275695838,-5.647717923,0
1.580672006417504,-3.773961043,0
0.740088935,7.1092867606203285,0
1.5642820407277624,6.1862267517623835,0
0.8795814293384365,-9.531771471,0
1.106149311817621,-6.433373846,0
1.1025458426887629,-3.337566633,0
2.7112986175355798,7.602358336598478,0
0.5314831114644172,-5.042621503,0
2.104939660332922,7.2608172312052375,0
0.9634127669308379,-8.719211556,0
1.2262672879991665,4.506115807660704,0
3.6564600820389965,8.238192208,0
0.7668953034026301,-5.72369771,0
1.1135552435806644,-9.550030749,0
1.3185426428679987,-1.675162425,0
1.5654857929916792,6.690694233942494,0
1.6557771641491277,-7.270749882,1
1.5022402886029487,-5.83517479,0
0.2906720754736386,-3.499673099,0
-1.224596629,-3.00278423,0
6.664833004379729,1.5425227390488576,1
1.9599482527096916,6.5126775785584385,0
1.0944560481820855,-1.402264782,0
1.3836389379114982,8.918533096009199,0
-0.524891663,-1.067399605,0
2.0887844853831026,5.076136642939826,0
4.819250517479234,0.8022027964949956,1
4.105715080794974,-2.344708225,1
1.1638628702024414,0.13169145460615894,0
3.095628438115905,2.428005350504179,0
1.862158997730865,-7.443350404,0
5.303453084602074,8.611574815143491,0
3.7381116763109885,9.158926038141967,0
0.1992103521434211,-3.507930098,0
4.005500712,8.265462318725543,0
-0.865695194,-3.164893825,0
0.6956691873925913,-8.012385481,0
3.574542735589435,-7.158131781,1
1.5436328714695717,6.745385565507021,0
4.237518501097128,0.9937840243653753,1
0.89629216,-0.612550693,0
2.1393948900436532,-0.005172378,1
1.732576453,-7.773643551,0
1.490180014480261,2.8316866688235685,0
2.5728280903290552,2.7547259347295103,0
4.452884449946731,-8.950390068,1
0.21580323157857173,-2.734282886,0
0.6463472739313512,5.763912778808393,0
4.037608018710906,7.625591068984331,0
3.0901237844216483,2.6059645168140158,0
1.705453328,6.845179286167976,0
2.136897041,-6.003130944,0
4.068168537023333,4.316301864971258,0
3.6179658530575347,4.791634627349188,0
1.9979062790033728,-9.725267851,0
3.158069647898739,8.817472678452177,0
2.3721604893087473,3.178762191163875,0
5.268899718973665,1.929328834659053,1
1.5791711305234002,-7.14443613,0
-0.554342526,-9.253642832,0
-0.138329901,-0.871700005,0
0.8000760468850867,-5.197530224,0
1.0771274209276582,-2.824603726,0
0.41403510014623224,-8.074482414,0
2.3875581187631467,-0.891723432,1
3.239699107685929,0.6532272759661844,0
0.752446526,-1.488914032,0
1.2777156338017348,-6.480022265,1
2.1112425460661477,4.412687435646456,0
1.9554784477811675,-6.263771177,0
0.653670487,-4.69981231,0
6.138114990537298,1.4405885096147202,1
-1.152207295,-1.19489907,0
1.8215232631905875,-5.434663739,0
6.459896375607465,9.035191459946049,1
3.0095334271083494,6.206244496,0
2.7981984194687497,1.0821997097790081,0
1.815024982272833,-1.213598233,0
7.432081908646882,3.867666532034642,1
3.853416998660766,6.164822611218664,0
1.3406908636604882,9.494371252887206,0
3.1989401562844995,4.343215732445579,0
2.429192025371136,-0.770711147,0
2.4083448170200654,-1.770340838,0
0.34206554903873065,-8.091757671,0
1.5066245043236246,-3.55912974,0
0.14725198322167588,-2.783979075,0
3.6807097266392415,0.957769293,0
0.7025364976955253,-0.438100106,0
1.4832640782081148,-8.542798784,0
3.4991527866025995,-4.716451615,0
6.774427058928371,0.9898685608973707,1
2.9599163875514405,3.3365134997329413,0
-0.666272705,-3.047220654,0
0.5411215558267639,-5.93298587,0
5.636954663934495,2.520608861752148,1
2.916557933727157,-7.128176824,0
2.815008665593835,-9.783658595,1
0.46983017381551984,-7.981308501,0
2.1785531388817887,0.469576096,0
2.319426366985594,0.7449516947117889,0
1.2987859866241374,1.1049590706850498,0
2.7970318690421223,0.009026222,0
2.800350339,6.129119507509234,0
0.5622389339524523,-2.600412491,0
1.4817315440404264,6.467954524068954,0
1.2111601624743693,-2.707253705,0
-1.106627229,-9.399190678,0
4.4743756756753665,6.686124773277026,0
3.464441963770482,6.3799996699295605,0
2.951321629052873,8.789737028012844,0
1.9528455883497902,0.29378281,0
0.19803062481403544,-2.393334787,0
-0.381877909,-6.442876643,0
6.057892463723606,5.573925125010412,1
4.199925630691016,2.509226044231255,0
0.5384300606480723,-7.523315367,0
0.5558597289946391,-8.39233521,0
2.3366051712740505,7.918018519383708,0
2.3145095041352928,8.226089785944016,0
4.231104477847418,2.2436129867293992,0
1.7820485538943132,-0.199462582,0
1.477719738464725,-6.906384431,0
1.7965533602268433,-1.592580964,0
2.7908563642954576,6.8603428378057565,0
3.0846811150011555,8.175137269059345,0
1.8356197667140726,-1.101254779,0
3.3774973018612537,8.758201571015451,0
2.5299554408570835,0.4378893404366302,0
1.8285594067000956,-0.332638985,0
2.262356181446803,-3.805615275,0
1.8163034280949737,7.119307502826128,0
2.6347512205627375,4.740616852,0
2.4375413131981496,-2.180261969,1
2.9450782317628077,-0.24454861,1
2.9472262856484566,3.788595910565771,0
1.7760135685085459,-1.275143249,0
2.5497959593103983,1.526648008995588,0
2.550656314954303,-1.101828868,0
5.683956284084872,6.680181158,1
0.29478044483166477,-1.741559708,0
1.9181251053681634,-4.147019675,0
7.2402471990628525,2.6335550111187622,1
1.322287583532291,-7.745343251,0
3.1691929602977487,-1.311414599,1
5.1245736943578954,5.351001761,1
2.327108396146931,2.435138270784323,0
0.6446397213214208,-6.177071218,0
2.0184910305941948,2.8035887042665575,0
3.6252322778073243,1.5311765147568863,0
4.491496490308435,-2.323286687,1
2.393938528267206,0.7093912884949471,0
2.4374839771593675,-5.797588368,0
2.2209210220823445,-9.40493985,0
2.5372055181653135,-2.504682811,0
4.0481376407185685,-1.335901826,1
2.063986802,3.2821909619932903,0
6.333611598214618,0.5822695865836494,1
1.4683697644503362,-4.89273327,0
-0.159345544,-0.457644715,0
1.3136946806431868,6.250469962549744,0
0.9957650000005986,-8.472811339,0
1.2985186049527033,-7.868592615,0
1.932178014710689,9.768169506660538,0
4.924599407510151,2.052334117928167,1
2.5541522664647576,9.046416599,0
0.1841792870221185,-3.007670225,0
3.365714470334766,8.915827121,0
1.7068447150537769,7.724054247266384,0
3.4227387733417656,8.6926427,0
0.94326542,-3.117277373,0
1.726115331900794,-7.026498756,0
0.8943305396322243,-7.547948123,0
5.021261270695292,9.534591848,1
2.154124315,-5.175186429,0
-0.990502544,-6.590146107,0
1.6779055201599744,1.1492333849069887,0
4.719571946420958,2.251052592704095,1
0.6326170809000378,-6.626938904,0
1.4363895618195117,8.266902977267314,0
5.179438473717441,6.386022626950641,1
1.079673916339046,-9.19882003,0
2.419020233384779,0.6305345056737899,0
2.213930797,3.9437804783251735,0
2.8142405992330666,8.833796007423217,0
2.0895071788003032,9.113327223443978,0
2.833399740792918,1.3534556344957416,0
2.174563583752306,-0.812978808,0
4.605685652406636,1.2996153709839398,1
1.1921852698111512,-2.17815617,1
-0.153905796,-4.694521348,0
1.4749601069110798,-3.818640948,0
0.3602860265149086,-7.795137969,0
2.3768124432508846,7.249712187238682,0
3.4919506041476205,2.1800522277895666,0
2.740566980897335,-3.67359515,1
2.5143097074795846,0.4185473113954288,0
-0.418131292,-0.494799671,0
3.5088481937746163,-0.146523564,1
2.6022661686402238,8.701650239,0
1.972676380169398,-4.302703827,1
1.7305596877465144,9.820117716,0
3.5844986476108907,-8.786922511,0
2.086025945272927,-7.276856683,0
1.7029251307020417,-5.998443662,0
0.16547814476884692,5.727535982517484,0
-0.145538251,0.22047361601144289,0
1.8323161866277242,0.8154154264013265,0
2.7154408733852766,-7.486183867,0
2.497856735340107,0.8636937175717279,0
1.7448075356433943,-7.228013361,0
2.371427431207103,2.3819802173338047,0
2.037357765057574,5.703812224,0
3.894312196667555,-0.194064559,1
1.4716084172452446,-7.413240563,0
1.491444984367506,-2.49594209,0
2.5545969746603605,-5.024312836,0
5.384206774463023,9.474144941842614,1
0.23156313239987658,-7.579477365,0
0.7209999975889261,-5.094457499,1
1.1582839846542474,-3.351198941,0
3.5638479540132417,9.673156579132165,0
2.8862576723815296,6.875885935491439,0
0.5251577423943312,-9.542886427,0
2.025183685853691,7.851319393148611,0
3.1567725831208135,0.44962647365002084,0
3.5663611566296423,2.407296206335271,0
2.3593004475072954,-4.377881682,0
-0.418265033,-3.756818526,0
4.733635589496475,-2.393031342,1
3.5305019800303667,-2.721447082,1
2.4902197720323476,-9.106726826,1
2.435250847317076,-0.859605502,0
3.059974043561128,4.631267537276475,0
0.34850762528749346,-8.412478925,0
-1.773058772,-4.965528367,0
5.310818071,6.326106734564444,1
3.2678159346936626,-7.106893225,1
2.411147938020924,7.625700643798041,0
0.28538448752472545,-5.704500218,0
1.7131991488293579,5.919564051664636,0
1.934130165979509,-3.831261039,0
1.4135152612777386,-8.85816111,0
4.452818367058041,0.8092653910841445,0
1.0164188274116783,-2.999766265,0
1.4221761696428714,3.7508386999444383,0
1.6040131705320015,-7.713048033,0
6.7668926433355825,1.8915600181974241,1
3.6376071904673237,5.630033048400767,0
1.8459014615739286,-0.274581596,0
3.787137094433514,4.631679068796696,0
-1.150799387,-8.727793095,0
0.7088866667074446,-6.908783402,0
1.821886938792988,-9.375098606,0
3.615723646510674,4.168306836819715,0
0.5960537103598984,-8.348046913,0
2.9838582320512255,9.245000637087145,0
-0.041201636,-7.810496467,0
3.515515119521664,7.707775866338785,0
6.934579347,6.283940072615433,1
1.6116081377732874,-5.489256298,0
3.299396003964766,5.783055665911849,0
0.23512694530717915,-7.73648119,0
2.493852531878085,-4.925596611,1
1.570670502613257,-6.184108364,0
-0.054382903,-1.216202287,0
1.9477268533591534,-3.130480204,0
0.9976244693420686,5.158029980995959,0
1.4560449458169586,1.966697816138506,0
1.210609435466155,-0.600427074,0
0.7641053281348649,5.580647378900343,0
6.760147698,5.7343848065747345,1
7.275191389937853,7.916455965,1
6.174167098988329,8.403687275413496,1
1.5868149845673045,8.825126845743924,0
0.013592052009799627,-1.437567142,0
2.7605128876266436,-9.050789488,1
3.2133665946359855,9.643929249982087,0
2.044786241550578,4.5115401890423925,0
0.093570289,-4.896853911,0
4.964970932268846,7.837996463394148,1
3.2016042739410184,7.027780061905304,0
0.36081737359257393,-6.672506319,0
3.3538414999554838,4.7287220919841015,0
3.324507078,2.79202662,0
2.509589221646883,-9.142060192,0
1.0979399261834806,5.040269567834347,0
2.7428724620518627,-1.298403427,1
5.130541014361495,5.348746364754431,1
3.0433510338328618,-9.160385963,1
2.989373829849001,2.933474319760652,0
3.706484183,-5.227386963,1
2.0429245942818377,4.2779174128525455,0
1.517183445443437,-8.996129933,0
3.3423151256859227,-8.975423275,1
1.5899784504582546,5.660602320744141,0
0.27073563491500297,-6.067354954,0
6.701630385774889,6.823195610880596,1
4.037507293761104,9.440568394294687,0
0.337138892,-8.50753082,0
0.5879078915394143,3.3804437570296475,0
0.6206562475562263,-2.313729607,0
-0.212885873,-2.186668044,0
2.776186940506567,-1.546093671,0
1.7118883808076577,-1.622488735,1
0.3914922315493805,-8.30328597,0
1.8518135438952281,-2.758431525,1
6.345611009558481,9.024589557,1
2.685718942072586,-0.274786454,1
-0.218449488,-8.748210595,0
3.9838949593061406,-0.534710738,1
1.3013253441986536,-7.534300235,0
4.939476131,1.2595152451335583,0
1.4606835746478617,-7.982861174,0
2.396126645179889,6.038438598737127,0
3.8429384800690523,0.6348454073232563,0
-0.440863533,-2.393832891,0
-0.008867754,-1.779604997,0
1.7495338610664657,-6.932028621,0
4.8416462625194905,-1.932151428,1
2.7166792779045714,0.6592653051259134,0
-0.244995759,-9.30174821,0
0.7352998700080147,-4.732775596,0
0.9393709878666467,-0.239013991,0
0.7727030643087668,-8.676948129,0
2.991005371450462,7.072319458458317,0
0.6368966880148399,2.8955123329503216,0
1.951790690355514,4.492937905,0
6.216535028359204,2.2586086037669872,1
1.6890317619502522,6.0371045681631905,0
6.2262406190986175,1.506826431002148,1
3.634557944671029,-0.241542051,1
2.6171631705789564,-5.325890652,1
-0.518119895,-6.982390368,0
0.990433229,-6.126052858,0
3.7049386550617123,7.446000353679867,0
3.160618227272483,-0.081461054,1
-0.383904108,-2.973058607,0
-0.018326261,-9.688591884,0
3.271763407390616,9.42494925,0
1.2781534803669188,7.518219526077381,0
1.9188728502622525,5.383085240784705,0
5.821423808007852,2.585300558923942,1
5.493250775145263,4.782526624340306,1
1.018018424551323,2.7782455324780297,0
6.758713616814619,5.041294627,1
5.055375793996066,5.461586713773814,1
5.726513982045541,4.745621346591715,1
1.7712741034092179,8.401293209,0
4.2937713187539845,5.120858168874795,0
4.421757456345571,2.323183508338726,1
1.6056603870675916,-2.034951161,0
0.43948244104370915,-7.865222473,0
1.554425540216195,6.250849701608836,0
3.361161919552459,7.450497452920146,0
1.2735209583570875,-5.980397404,0
4.769232718932287,8.377542265996002,1
1.7932166939463823,-7.618760674,1
3.2138027971328635,3.8997568537701746,0
2.6678937846077777,5.321399494386224,0
2.382964019549513,9.602200611288037,0
2.191530448514089,7.371123706871522,0
0.4698783750381248,-8.904831557,0
0.23574589819005565,-4.03565967,0
1.7562723100891713,-2.38426391,0
5.836641930825117,0.12761130022308542,1
3.094044418,8.983060584321095,0
0.17531252502441153,-6.759581271,0
-0.319404868,-6.356153395,0
1.8054196132435991,-6.691321032,0
3.4476118967844807,9.852879331,0
0.864267269,-0.860375394,0
8.620222417112945,4.768951303571004,1
1.4502611795378095,1.3688983199650409,0
1.660945292829675,-7.157076283,0
0.6660470479840646,-8.806825691,1
2.308363581190228,5.01141498,0
4.392272216547204,-6.401795068,1
2.936851981,7.9931452412791835,0
3.690625983768628,7.756714842372318,0
1.5792178394976184,-8.306196244,0
2.2227791387871356,-1.789243081,0
0.44128303418228154,-4.999501912,0
2.5042133971138463,6.424095781765502,0
1.6566545537548576,4.663613448186041,0
5.133573430122017,0.574460448,1
2.3609596975442013,0.21503415491552502,0
2.1880872084194025,-1.035539868,1
1.7479156409459373,8.856262551065008,0
1.7537573076776898,-2.472989955,0
2.617112762709925,-1.733787013,1
0.3576495478157681,-1.338477663,0
2.7914059566977554,3.7290724473273613,0
4.145976982,5.786095632317185,0
3.2801475079037044,9.633848539474233,0
0.716173691,-9.803211522,0
2.174721745036881,-7.250013205,0
1.0048033159952527,-3.601737287,0
2.3281686059464044,3.185905957813331,0
-0.869200304,-2.798092108,0
1.7525174125062812,3.8344410108604663,0
-0.900177264,-3.167461786,0
0.600629643,-0.259199233,0
1.7032737359400778,5.863491692,0
2.4084765781396063,1.3834582739640986,0
1.827930543446386,-6.534411171,0
5.860092513,3.8400188104242936,1
5.771208675457402,1.347656927979024,1
4.042894352698589,2.4822737829819665,0
1.8858514579156225,6.719396981794713,0
2.6376893019055805,4.463376741882691,0
0.4078446993180438,5.062934365084233,0
1.896011200964557,5.444753062150458,0
2.578199819,5.577073755858615,0
2.4741158371966976,9.168072537468515,0
0.024817727925326327,-6.567441467,0
4.945716175670988,-2.777198335,1
2.4652707868866863,2.1070789863198325,0
5.815323442775674,5.354924581601079,1
1.5092617385114382,-1.349731474,0
2.2008027942058406,-5.155024484,1
3.0302684556683377,-8.072040157,1
2.3162100019995076,-1.554496175,1
1.3712514751156006,9.539369154325378,0
1.1484408335197451,-5.379201682,0
0.35776776928846254,-6.094630032,0
2.1623031764193765,-2.831269784,0
6.0294796780254964,8.800238228516363,1
1.3351108897701751,6.971268416345858,0
1.2654133809872563,-2.483519593,0
2.2324289834516953,7.306602048943503,0
-0.03280478,-6.452404155,0
2.700972738649148,-6.657299278,1
0.41688193220014824,-0.455344795,0
4.005932408151369,4.066307759063935,0
3.9143817869685065,2.131295017308876,0
1.5450405902026834,-9.115563235,0
2.816574063839025,3.560942858726065,0
1.933586304850765,2.182475592323316,0
0.23568477537706656,3.6213605649687715,0
3.224716249194633,-8.273476829,0
0.19060131424946802,-2.943935977,0
1.0435883448280854,-7.665928312,0
2.432540636,-7.973317233,1
1.0818493493345145,-9.230147277,0
0.8294924569826374,-9.693639017,0
2.7047496978716734,4.940079550265628,0
2.385914820563299,-5.955710157,1
3.4187767160300284,5.638847701197543,0
1.2631584362822843,-8.844392149,0
4.737128708,7.200545285,1
1.8450622245593284,0.38818360306472677,0
2.631817954,4.971364979320274,0
2.3668041890220817,-5.839087034,1
2.6769660184699338,4.3439525216256225,0
1.738300247,0.45135787783030956,0
1.3720214561827433,-6.922782528,0
1.6983176159078224,4.472509398560723,0
-0.556352978,-4.927246913,0
0.3402424802413081,-4.490941935,0
1.5490399885224684,-0.830646576,0
1.148921603064069,-9.439003637,0
5.3202767435710445,3.6872262751388334,1
3.475735876,3.0145532021042616,0
0.6842724236139252,-0.962549285,0
6.5608304190149065,1.8101323902863893,1
1.9553042167399723,-5.140764407,1
2.3533016555324453,4.179760851795766,0
2.792145338406484,-1.703756873,1
0.042743275,3.635824053879464,0
2.5825434167844095,8.221857983520199,0
2.0164246979468325,9.907038932772867,0
5.212706392367889,4.300433857624842,1
1.5838164925751714,-3.813082568,0
0.7219677342355744,-3.070563616,0
5.053878810246591,4.536661041185777,1
2.8814991786580064,5.925526445848174,0
3.3367879311025694,-6.769455382,1
6.6427406367199815,4.003737980480963,1
2.914620963602652,9.955237089685081,0
0.622165078,-6.801201946,0
4.2612331537267885,4.609835135300749,0
6.881431903444323,8.823041805405719,1
4.720171792487383,7.741207925671652,0
0.979009105,7.616392881288153,0
2.760954158726859,3.73196436,0
1.454213786407548,-9.981728323,0
3.009597510859595,7.118364920213793,0
0.032233187744484026,-1.948717678,0
0.9294916069745891,-7.460271946,0
7.213558732184601,7.737798550888041,1
2.580675811583258,4.001063372084019,0
3.910952354148293,2.9702055849073528,0
0.8590218396350283,-7.22357456,0
0.6994070982088573,-8.003534932,0
7.026432298127897,4.552669800611248,1
1.0256875563027843,-9.752408693,1
0.8440960963080137,-9.410103856,0
-0.720522548,-1.685300893,0
2.856643487036079,-1.279605969,0
5.362841590185543,3.8642958712227475,1
2.628378130128358,6.970777397194993,0
1.3034927804455787,-6.599261242,0
0.848851105,-4.108748747,0
0.069019887,-3.807631878,0
1.9405252517834932,-5.900300691,0
1.792325696178846,-2.497371955,0
3.4689976529044775,3.3502447302723137,0
5.679875481321267,5.146159341830288,1
5.1812864544706025,2.528297990170209,1
3.0169389347475586,5.7663251332068235,0
4.4765732111682155,2.527135768827872,0
1.695875590425865,1.5222756187685444,0
3.6460774825772173,-8.784780251,1
2.272095188079672,9.163777971108654,0
0.6320650651714094,-9.922065394,0
0.8080687450176388,-2.084396216,0
1.6741291807721401,8.475552114,0
3.1647970845272013,7.686268088836954,0
5.214990943945114,9.585414524085106,1
2.319701738313504,6.863811414088985,0
0.20329144862399384,-3.792332065,0
1.362828591670321,-7.778788112,0
3.294997198136196,4.044534563288966,0
6.295075352886235,8.165825613230943,1
1.2561033311827452,-6.375074485,0
2.1190855409647793,8.286807925,0
1.6799276415902726,4.830403941,0
1.2722155726434394,8.581333870605711,0
3.390820932,0.4106646736831632,0
6.362068419704467,5.745770718323161,1
2.912378837891076,-8.152951562,0
-0.370080729,-9.727673486,0
0.709659076,-5.066751709,0
3.642804442557904,9.859746488841445,0
2.2496686433658657,2.791863070849246,0
0.5991864160767744,-7.231349855,0
2.219150075012962,-4.614138878,0
1.4409128573134398,2.1775604146634286,0
-0.076156373,-3.386371643,0
0.608614299,-5.181105933,0
4.665629492,0.028098617048659236,1
2.427518992403902,3.8762049879503113,0
3.137732250119032,-4.674147847,1
1.0863186579544153,-8.563285491,0
0.8138729928948835,-4.774450038,0
3.3573222918339107,7.966917832572122,0
1.7250918894054812,5.547633246819512,0
0.17175693610045684,-6.383628161,0
1.3330147968458066,-8.188043453,0
1.850807792251914,-3.33522607,1
2.3505054735423334,4.427824436527253,0
0.9518202638569296,-5.950720875,0
3.691709436626749,0.5563476505572655,0
0.46007734168440284,-2.542403287,0
4.895568849,9.257959553395217,1
1.7877614704615015,3.836650630107254,0
2.0416975235059107,4.031415978306768,0
3.1772933320514314,5.723632855983107,0
1.4113438586462852,-7.68237944,1
1.7560240136262564,4.646268578,0
-1.210070285,-3.456304273,0
3.757633574848024,7.833896292101951,0
1.846131201565513,5.491782640354899,0
1.307581641532129,-5.564001121,0
4.866471434397088,5.8871600045850485,1
3.739786898097286,8.685816337332113,0
0.9213283834049517,-1.578656629,0
0.5183705019794942,-0.374821308,0
2.7865747667060257,8.150242379,0
0.7593970737483025,-1.600021883,0
2.1171299174860083,-1.70454446,0
1.4957350496417248,-2.74115522,0
1.7149567799853502,-8.463355591,0
2.930670969738515,4.486758278442977,0
6.340617985487182,7.917320803312013,1
4.001766668430549,1.2542153065102646,0
-0.095000677,-8.047379726,0
2.6316156770614474,1.8497034332399043,0
1.270271349290075,-4.747726301,0
0.5845608690351208,-9.874469298,0
0.21876455453640586,1.0723560430230599,0
2.660867815891716,2.717169099667524,0
1.4165050231104497,4.680133579019008,0
1.4735951623262993,-9.896851117,0
1.7245943821372653,-5.380477979,0
4.896882814576533,0.1350674999113739,1
5.7980667417810166,9.146234285679938,1
0.6943170206669096,-4.242092625,0
0.5453119307968076,-9.287316943,0
-1.257629556,1.5505095316725974,0
0.31929246512412246,-2.698960899,0
2.6656945521812245,5.9728692005830215,0
1.6041028618905158,-0.764853532,0
0.9519677033977951,-8.452308703,0
3.3896558492527467,1.9936956996418775,0
3.5836458341759307,8.942510480739617,0
2.0823201086376675,8.143926374,0
2.8055147306389863,3.7118747618045624,0
1.0934880890839795,-6.793020481,1
6.117083339234164,6.886675255,1
1.1600797064579225,5.415582042305347,0
0.16459577255841262,-8.12073543,0
2.814714356164485,-2.741373453,0
1.2891157724275646,0.6543968951363901,0
-0.87671372,-7.878125229,0
1.0091801885969343,0.4370574310225379,0
2.4536423723383507,3.347738072853751,0
2.933540653380199,1.0520706432253757,0
2.7235744618480284,1.0022350901630617,0
2.083473366,6.665093625138063,0
1.4811893113048702,-9.327483776,0
1.947052988682761,6.1323018106754645,0
2.894970443,8.157271135833433,0
2.3471204031375628,-8.892293093,0
5.752049079440031,8.712743655638086,1
0.648771727,-3.007555176,0
0.4525431641792659,-9.578289362,0
4.226066017736431,1.4946763259336073,1
1.0481297252938242,-0.594611632,0
3.6261027304865316,3.239852127022848,0
4.923656884287958,9.195057428584988,1
2.4959912485784197,-9.467018328,1
0.19113564598903177,-9.534695331,0
2.484893549261968,2.234272291070189,0
-0.060572857,-6.734025104,0
3.069792931550105,0.36082782703265437,0
2.0412784243672735,1.7301926645820593,0
2.501901383829705,-0.029128024,0
1.584920029023607,-5.952922956,0
3.288293005661846,-6.838828849,1
-0.492431438,-4.610395567,0
2.5387780491689256,-2.6485796,1
2.1089053229622285,-2.763080788,0
3.8770212222529494,7.315520976289079,0
0.5005901677935691,1.7616603011879377,0
1.2803190557084876,-2.797098985,0
6.074885452584492,8.483733258460155,1
2.8298748306874857,2.0691511798242352,0
2.2717554454205473,-9.10539025,0
3.8339672909180216,7.965387107965039,0
6.872545782521797,7.518681199590333,1
1.5351382850115032,-0.928624564,0
2.0697776839064392,4.211400075650753,0
0.34312658105829763,-2.488941175,0
2.9939059515827378,6.735925576150496,0
2.675225850181567,6.956644472688584,0
4.065377581720445,7.476161507240661,0
1.048144867643336,-0.950207824,0
3.377741748612483,2.581096335467418,0
-1.750827733,-5.707305008,0
1.7760323139704677,-3.23256655,0
2.2337205855758215,2.839037146479523,0
1.755906289135662,-4.921709561,0
2.4541619898444695,-1.994361751,0
1.2228659882092268,-7.276567639,0
3.188797101683908,0.7065264212602269,0
1.6205066482568908,2.421278075077984,0
0.8381636501292635,-0.591783616,0
2.784340553185703,2.4711363539422173,0
1.5291066249705147,-8.580406045,0
1.662464261099798,8.375912038907853,0
2.5339448383750156,7.364752244415264,0
5.596420057862374,9.080457536797006,1
1.8867114728446996,-3.034885573,1
3.2377862317752184,5.723075811495644,0
-0.523829108,-8.197279659,0
0.7184997310685135,4.329359755698768,0
2.175148533967526,1.7236292735820165,0
-0.931754133,-3.603740844,0
0.8459290793846848,1.0022388213848004,0
1.4719195998244403,9.378425936145621,0
1.201596944190189,-4.109228552,0
2.8909854642640838,5.7394110388841195,0
3.199826985640687,-3.895512066,1
2.4678245551644022,8.407230594822174,0
1.423576822238294,-4.635188199,0
1.7807793140779478,2.1118045110539807,0
1.8691373252267027,2.774003901507104,0
0.27790416847292654,-5.936319198,0
1.8035268519581122,7.904289775737126,0
1.4686243497596678,9.242113251201562,0
-0.625319328,-4.928265185,0
3.1241662041470266,1.0944115748455978,0
0.6877066405220604,-7.356313352,0
0.8310117095403029,-3.530459049,0
1.5136202787601802,-6.397817588,0
2.1341389173112537,6.652836535533869,0
0.25386936803195936,-7.766157706,0
0.9097633637459904,-9.532423702,0
1.848131408463436,6.021002887402645,0
4.053918400625279,-0.106306547,1
1.0873557065317894,-3.568052686,0
2.032827260305008,-3.286263296,0
1.423424300145862,6.456622167643083,0
3.532360732612167,1.600613489846431,0
2.375794896333189,-1.409879186,0
4.247334522839735,2.481038047317231,1
2.4147531521986982,-4.951876082,1
2.7571878700253456,1.4078156205167218,0
2.830055241505773,4.737922601461227,0
2.508385359757209,0.7130829351857688,0
3.1852285210544844,-5.278180032,1
1.6733231667604742,-0.554757827,0
2.8297764662159848,4.20862829,0
-0.098371667,-8.612316363,0
1.6567304196959873,-7.891594983,0
3.0706575089995694,-9.190481614,1
0.534597644,-3.430518694,0
-0.132423267,-8.466117277,0
6.4825176476722515,9.372094138,1
2.317898231059071,3.9958724821865204,0
0.28251546052635734,-0.813941293,0
0.086360144,-9.217981105,0
4.090386751104817,0.8360327754053198,0
2.3924701790918776,-0.971609077,0
1.4922151050558707,-5.293166164,1
1.5527485960306384,-3.062319404,0
1.7645328134389613,-2.553283894,1
2.850851558285987,2.887201874769863,0
1.5578961875698594,-6.939714823,0
1.6603237801347694,-2.434635399,0
2.4029643248713914,9.531821885730754,0
2.6116335473244936,6.9389077269501485,0
3.9526294903557604,9.872032815207092,0
2.7258288052095567,4.9633169862641235,0
1.5141023122992006,2.5498850633163173,0
2.2814607251575447,-2.492052279,0
0.5234240307966938,-2.17445985,0
2.8331300808645574,4.660756827970873,0
-0.851649475,-7.92789788,0
1.6049053682266767,-7.413263437,0
3.2878262265505294,1.964309728138744,0
4.4019454125807504,-8.627698949,1
2.395546017237924,9.768054256905568,0
-0.315596098,-4.251558366,0
0.3885839849283911,-3.378700762,0
2.3853842080083636,-3.66590887,1
2.6176907044799957,-4.664502776,1
1.1872321159452337,-6.765614567,0
2.9344837196087146,3.392420674225951,0
8.049640618783393,9.031290956772573,1
1.4207527313909252,8.211617457569012,0
2.1938462248517014,0.5540665994999028,0
3.1761919702147714,-2.859022145,0
0.359087215,-1.725254513,0
6.884398502196277,2.1424043537431476,1
2.711125682010614,9.902638832679457,0
2.487656613079415,-5.458364984,0
0.7461913785359092,-6.655221461,0
1.2690839854731202,2.103812264871612,0
0.8078495130015058,2.149481316134736,0
1.8658882881908032,1.2904681668636453,0
1.656698464175943,-8.7644398,0
1.311359258785286,-1.672967689,0
3.206888066383371,2.6152377487116354,0
1.3794504658806521,-4.760308846,0
1.3305073637579403,-8.77182996,1
0.35265945393471687,-9.750082689,0
2.006632663399438,4.946371935821034,0
3.4362475653735314,-0.525911049,1
2.947606930296336,3.0811596143549718,0
2.268675345769134,5.542919768302321,0
1.6851084468647377,-8.551242828,0
1.8698471655318345,0.39650400059183255,0
0.9531301977803466,-5.832321527,0
1.028040783238797,4.269176236819625,0
3.792324528143255,3.739950529635397,0
1.1105438449045208,-6.723649293,0
6.4632946444666945,6.402605446975052,1
2.4754683419163017,4.2148620016484095,0
1.142184242535875,8.990651493688791,0
5.388831281355108,5.3844304468075865,1
5.363133916069691,5.452474008,0
2.088202144,2.4985793874147273,0
2.4794604792361743,3.8614894403429627,0
0.25709709401626446,-7.866279774,0
1.934386241127251,8.560018844110871,0
1.6643835206403388,-5.630839756,0
1.6844246775825842,4.624497724405783,0
2.209411603700949,-3.85487258,1
0.5300274681278166,-2.330379717,0
2.4075322049741423,4.7115890369935425,0
0.4744640328788723,-1.647985135,1
7.730445250516134,9.777355804151682,1
1.1305574791467938,9.138029785990522,0
2.323256609820816,-4.047809111,0
-0.567438465,-3.367986009,0
1.7006687617066367,4.934119108,0
1.423484460622272,6.547787418091584,0
1.7310965068661952,5.7264501875349225,0
2.509565186911251,-5.777437281,1
-1.829180427,-3.429144956,0
0.8395866993124812,-0.125647326,0
2.605737173503716,1.4103880971699994,0
1.636465247465198,-7.658708011,0
3.533203568878742,-7.425799548,1
3.427597653901528,0.8774905089587755,0
1.1829191355521957,3.3063225990566245,0
0.39717454752717307,3.5399047122161598,0
0.10520235848377424,-9.526590409,0
2.847264106442439,-9.843076198,0
-0.125863209,-4.814085794,0
2.693301498977661,1.9984889646686597,0
1.173483697025117,-5.022401091,0
2.4298617606506743,-2.127941937,0
1.7689443361940569,-8.62827503,0
0.6384041629423889,2.398330541,0
1.7880738732372148,-8.528781596,1
0.8105309656631667,9.927995692917872,0
0.5815362172170268,-5.557104368,0
2.155969183598824,7.837506534728945,0
0.15447216475144165,-0.062102426,0
0.9849741338946052,-6.193738211,0
5.562901352,7.587583917,1
0.064307563,-6.023052502,0
4.375491751408786,9.006527055557815,0
0.8270120619207804,1.7179149257514332,0
0.4159084152531234,-4.733469086,0
5.217075913132129,4.878669401748672,1
5.074632331993442,1.3890720240576897,1
3.4063443401737175,4.296686443680457,0
-0.518323095,-4.337392316,0
1.640654510688606,1.5521662120435629,0
7.299822711179411,1.993319882371683,1
3.149139740503652,9.068227807,0
3.1617141557841357,4.231742552213227,0
2.501773295559064,4.3004810253281285,0
7.557075101566422,4.904300381624736,1
1.3179574137172292,-2.024332813,0
3.2976007412183597,4.149256768521422,0
6.145049186089056,2.972496293722047,1
1.1176298980114265,-4.385626157,0
1.1277183839188925,-4.83258243,0
-1.162530877,-0.538101326,0
0.23267125367562758,-4.647583209,0
1.3644177001008766,7.131282373983595,0
6.737863348586292,1.1974934220136362,1
3.0574849984461308,1.7042099791425862,0
2.3051907166597387,-9.434749841,1
1.9165839645638068,-1.979088997,0
6.024138707357662,7.760770129662305,1
0.3237321197624059,8.611261961,0
1.6764209750937815,-7.237963341,0
2.963541247267285,2.957569469613656,0
2.0898236316789367,7.842773478869724,0
1.4367545409494624,-5.805287696,0
-0.114120995,-0.901879416,0
4.667789620460848,2.7426936102082955,1
1.1089347180894529,5.622585675489232,0
2.2069388427776127,1.3558873261121018,0
-0.576048235,2.651281004061442,0
2.1104889018694815,3.1790573247317298,0
3.2520400410678056,-3.372815591,1
3.8939059687681272,9.307086101,0
2.881989530807945,2.5414879079782047,0
7.1058675434342735,9.573877153,1
3.6708081802580006,-5.956116336,1
2.844567047004777,3.046462891818413,0
2.9890529456379533,8.106707216,0
2.811699407062335,-2.19352901,1
4.779888650092412,0.729838374,0
1.321016353501435,-4.425431756,0
3.3664367246442928,7.540388098111553,0
1.3227432246770985,-3.105731988,0
6.885398195092383,4.676824156021986,1
2.0605766601636866,-5.913830255,1
-0.712926567,-4.378102731,0
1.8779938793317634,4.997038024985807,0
0.15368178312541303,-4.66286851,0
1.2361903918557255,6.429287877809845,0
1.9938976686470373,-1.699226809,1
3.5408547194720636,8.994217697893898,0
1.2838977745009816,8.562172597082636,0
2.7384097,5.874889875358294,0
1.0733240428474398,-3.365551956,0
6.148493706393919,9.518232301,1
2.221975097735387,7.599037575671748,0
1.9004689212334722,-6.115164746,0
2.047976479051649,8.017702237,0
0.2831936007593756,-4.191527353,0
0.801344674,8.061056986777277,0
4.497536330124024,6.552433484,0
1.2608850332907668,7.402067155622078,0
3.6882688958276697,5.297772225212189,1
2.415009596997046,4.846704558576667,0
1.5538803995828174,-7.474467959,0
4.265537988882684,5.726456709106545,0
3.4565932163969117,4.013002712981118,0
2.849429610805004,7.297852499503804,0
5.798351316842555,3.4880741747683395,1
5.701942625935448,9.427633849033302,1
0.4394179484803049,-9.526894773,0
1.0851673747625703,7.681393850488327,0
5.435378648325571,5.043146722600396,1
2.0967613074612306,-3.197126917,1
3.33979912,-9.006627597,0
1.4962416675171035,7.258804648004123,0
1.5836729298259478,8.288638086370131,0
1.369255291092868,-0.763953888,0
2.131984234958857,6.276667743562008,0
0.49958438686851614,-6.523758837,0
1.4124492430933324,-4.161438053,0
0.1907131741715451,-3.331270448,0
0.4253068869516917,-6.04752235,0
-0.688648236,4.3890986180567655,0
3.2072843501268626,6.993483981109996,0
2.7329753576346696,0.15296454025553885,0
1.2375744133528408,-2.783772019,0
1.516179488704588,9.731912950976124,0
2.312754666920054,-9.890043482,1
3.616860187908367,-2.692983807,1
2.8204676515198854,7.079107650523358,0
2.859529028364591,-6.15326464,0
2.3906542523797643,-0.136530182,0
2.7299373754333986,-1.577871845,0
-0.250499598,-5.302517281,0
0.7713676455892229,-8.939475729,0
0.759652335,-9.416420545,0
5.251712803292543,9.569272227238333,1
1.3088406434385624,2.8053076078987154,0
3.8051519201407595,-4.130541501,0
1.0345485264073317,8.261883981150593,0
1.9423058349201918,7.507857766,0
0.5669940899257521,-1.397339941,0
0.475283444,-5.332858454,0
0.6638122837974034,-0.477865629,0
2.6608579470298657,1.1119040740659702,0
2.495122198094198,1.8354974998530658,0
0.7742901772014167,-0.924708224,0
1.9379693049432305,-9.30159469,0
3.2570274762890534,0.3169190419214569,0
3.019642396410864,1.5827910696575653,0
1.508165819297231,-8.421333136,0
0.5520429363540571,-0.245971422,0
3.7155548991151894,3.6842432128681484,0
4.6018787879083005,9.299291191870836,1
0.7621023598176018,5.2047039086914815,0
0.7568456200172486,-2.000856626,0
5.849915796748357,0.19695464918861028,1
-0.551948539,-5.780275642,0
2.6664257900784367,0.055194623,0
3.063930467200138,4.017783366,0
1.9769265411224695,3.9479708540252805,0
1.5157938449364585,-2.09170024,1
0.8509580730218718,-7.057034983,0
3.5106522841874845,1.426162303300968,0
3.6948842998576885,-4.547810143,1
3.1285356623040306,0.2791563932775105,0
3.9748793019780306,-7.805654357,1
2.3316558394663818,1.039883458165276,0
2.3683109097939767,9.162215228,0
2.6319700826788996,0.8611628509958678,0
1.2037609129146636,-1.012763244,0
3.5178610279985243,4.579544648165799,0
4.580542653797381,1.8735742886420859,1
2.6475218646801197,-2.069201526,1
-0.569664514,-7.930294421,0
1.0626760077822146,7.851445043510033,0
1.1972201701538898,-7.676841293,0
2.0600102085297345,0.9289725846551651,0
3.250071705995997,-8.7684492,1
2.6522294627233824,8.477446840182552,0
-0.206044133,-7.772282545,0
1.6723629708111116,-0.477825826,0
1.4989764202824234,5.873195588272127,0
0.2489737457017669,-8.652065381,0
2.1812364144172474,-2.835665654,0
2.492444008760352,-6.413924829,1
1.1670930804571087,-6.477874401,0
2.4793040427853232,6.429228150936272,0
2.6089822890405943,-4.558248077,0
2.656677868900348,4.759851729274731,0
2.483878904771151,1.0751424048232945,0
3.6187969215695412,-1.436573333,1
1.4865118096248462,6.596879451695475,0
2.049358732610206,7.707518865129842,0
2.729435984766593,1.6795888620951853,0
2.2650595511395504,7.4493289582203275,0
5.4765923430782015,3.205404466453432,1
1.9924144030560722,8.299982214737462,0
0.916862232,-9.642202491,0
1.9328688311718425,-8.478492459,0
2.7896747362118015,8.638847287066909,0
1.0895572560912392,-8.220967856,0
0.7178930314387826,-0.823255984,0
1.9180822263410175,0.7305904308078954,0
0.8573756685398147,-6.635526213,0
4.331020030811951,1.0561439665498966,1
1.5498138113301594,-6.459329432,0
6.926737731522785,4.361092166866605,1
0.053275614109949854,-9.792342996,0
3.6661011620032538,-7.24600309,1
1.5357296650019956,-0.234080918,0
2.983979607279429,9.590141317594224,0
1.5993228433418905,-7.206343661,0
1.9710370854146557,-2.887622471,0
0.3983236431846062,-4.656667463,0
0.5998427219180832,-9.543297893,0
2.3008475735765193,8.510947757674863,0
1.8306660354501605,-5.724436988,1
0.9007316759385401,-4.778435806,0
2.0504170060389884,9.22846024,0
1.5162594038280972,-7.227674353,0
-0.158967733,-1.71834812,0
1.4626128282254673,6.247118739359575,0
5.692392464473908,-5.062434516,1
3.6197285265853107,4.501129198632192,0
1.8333388369259795,5.816719695286146,0
0.8963030366577533,-7.35362303,1
4.776630866584668,2.7837247139828687,1
0.38402710331466605,-4.677025549,0
-0.508506018,-8.773501244,0
4.275100872562016,5.4056243734439775,0
3.8432073026678104,5.8223655961668985,0
2.4293460061139283,3.2477916939562395,0
2.1264491233035945,6.142567974454614,0
2.2213184277299987,1.8177679371210047,0
6.573972269034152,2.523311126488368,1
-0.807674062,-8.141742276,0
2.003606686121234,-5.434572341,0
2.5276954819946087,5.744301242,0
2.249706954460275,4.538359026584454,0
4.64128596,-9.56733381,1
2.3385829468669943,2.7345125625404023,0
2.176650531470967,-2.663733085,0
3.9828649393816002,0.6035803226985976,0
0.048098209722727825,-9.429684042,0
1.375297798032002,-0.026804019,0
3.044837824886989,-0.922620914,0
1.1376668841767763,4.518021497669501,0
1.2270700789098357,-9.339981139,1
5.616666682038997,7.421221496121767,1
2.992000950741355,-3.58813787,1
5.367127355042284,0.5965034918245529,1
3.439221612639261,6.993878577761919,0
3.1757346776586313,-5.25806939,0
0.7159313107270902,-3.111993037,0
0.6948167551256672,-9.725651977,0
1.581531406505832,-1.506835971,0
0.8587481804992634,-7.02285265,0
2.8508358424511613,-0.879564768,0
6.264599345058034,8.197329884331669,1
1.4643079052215802,-4.649056981,0
1.2969447058694876,4.117173348539151,0
1.764719647064506,-3.741142028,0
5.996298286234553,5.942179681992766,1
3.391512586693447,5.370841084986839,1
0.5416021275000034,-4.44165318,0
2.8926387421026214,7.787495493942746,0
1.7384252868792265,-2.294400044,0
1.380334170953442,5.891795860137979,0
-0.13965287,-7.294331178,1
0.5087706174989728,-4.636171969,0
6.348878557116528,2.0321630184990607,1
-0.050337998,-5.67113744,0
-0.721933667,-4.06415617,0
2.3808002894765607,-9.356934581,0
0.7937877455228209,-6.456191301,0
-1.310886781,-1.811775926,0
2.696263069085571,-4.632947158,0
0.555333948,-0.818907526,0
3.2419589201899988,3.256144015,1
1.6252678825066087,-1.738060835,0
0.20126921826273614,-9.410316654,0
1.5177670174561584,-9.087165698,0
2.6205938886753746,8.176299411723804,0
2.0856844298171486,4.5407644543336545,0
6.515652883346864,7.2776871550000095,1
-1.079008992,-4.883452078,0
8.430656232641237,9.872779657760006,1
4.173576451877263,1.4238065414941943,0
2.8336727833175033,6.811087765779931,0
0.7827812250904067,-6.006160977,0
6.500414635402693,2.9193223576486087,1
3.2224703781190738,-1.358187358,1
2.9885602682198376,0.38218268065542205,0
2.6559442881789925,7.236173150882546,0
1.9564842204608839,1.4675614996048374,0
-0.586352551,-7.080964035,0
2.266595407471656,2.127832464,0
2.757855368,0.3069936096466357,0
2.5534582684694733,-1.691637947,0
3.409806546,1.7408535682654662,0
1.712150112488223,-5.72252489,0
1.8900112901497728,-8.878156909,1
1.3764058113235247,-9.245719602,0
0.8423034408237795,-9.474410817,0
1.6851611719383084,-2.592194441,0
-0.225342888,-6.913355003,0
7.130360093349512,8.845699484,1
0.3568338996553899,-8.082766302,0
1.3741901339694778,-9.324163294,0
4.8892984052760236,3.157118224,1
3.2535363836615607,-1.282082634,0
2.0119511879466745,1.385478153829066,0
-0.474309445,-7.838904399,0
2.746849136866004,-2.358776974,0
4.315131986275302,-1.392635729,1
4.062370275000352,2.3492398902586267,1
1.3174692377255321,-9.237505072,0
1.9952031950620919,-5.037641483,0
4.085971569996582,2.5458273155771654,0
3.688019070910239,0.5349451228711484,0
1.4191107624021777,-9.159748867,0
0.9781799684970773,3.4754030577230495,0
2.8051869411696777,-8.518734673,0
3.4529758559268524,3.5584565339881298,0
1.1356112666312654,-1.26925671,0
1.0256321802927362,-9.098408033,0
0.7332417187674872,-3.231844747,0
1.1788675565766087,1.0472815936592799,0
3.0104845825872246,0.6055299442007307,0
2.016409274702338,1.8187912728074718,0
3.318822928096491,6.309544143122192,0
2.5256641736049366,5.599197672076691,0
2.176848914741123,9.773857863127592,0
0.22625612558346064,-0.006457338,0
1.0841148073350773,-3.978007953,0
2.6302474895104284,-9.461947789,0
5.872881961699593,3.549505511595779,1
3.3062537495797493,5.464264935137567,0
1.246921205459247,-5.127710091,0
1.3644065256475213,-5.045108393,0
1.6843883969257578,-5.39049913,1
1.8136754139052682,3.4570372176937063,0
2.7880419974621073,2.753237184296097,0
1.614762727071649,-4.934275676,0
0.028715791,2.624128173724962,0
2.9576763945663918,9.208238054761093,0
1.5146777880570845,-1.948685633,0
2.7713433432809245,-7.680705443,1
2.932977025,3.668998327298908,0
3.4488019632850917,6.424538188566885,0
2.299135958,7.6976224933316395,0
1.581698093802959,0.8556581997734991,0
1.585349725477534,8.581652321315659,0
3.0736591007526664,-8.402419594,1
3.5704818289346734,9.826818745384848,1
2.312353005657327,6.325875890306879,0
0.20959724142939806,-9.585468418,0
1.4084079123614133,-8.325401218,0
1.6622021937589027,-0.825429501,0
1.6195316393436263,3.662893247277113,0
5.696377752856882,0.4991913253371436,1
1.217635078018726,-5.054444878,0
2.1657884536479384,1.421383347532183,0
0.15738431621792615,-5.706563986,0
2.2360989705996435,-1.554545563,0
0.5922196484888731,-5.579148612,0
2.3723421784059875,-5.679620665,0
1.9096266349842543,5.645693,0
1.248293003266492,-6.506203077,0
2.3342130667895304,8.128263435,0
4.935406535743849,3.7061864758005125,1
2.6125608341322475,5.793259033269742,0
5.312155074777319,-4.081518226,1
-0.16247018,-2.819817324,0
5.862745121790233,1.782290561652129,1
1.5869938856540107,2.1297212493072344,0
0.9635690889324218,1.4918575180363742,0
1.5696091762817264,-8.150779615,0
7.6874386738392415,8.515700236,1
2.8628261970253694,-5.504947619,0
0.6828384471496032,-5.086068946,0
2.4392020414031412,1.4621254094239529,0
2.566064495536443,-2.055700356,0
0.087450392,-8.462803294,0
0.7496224661079061,-3.343292089,0
2.076863329524146,-5.376666777,0
0.7855908794863088,-2.543375565,0
3.0473334119820943,5.631444965894248,0
1.1062988945210699,4.164552851828098,0
2.1206356353872655,-7.747383549,0
2.645199112905835,7.505969866431805,0
1.2055571905667846,-6.282144314,1
1.4135074939528287,7.991058821953743,0
2.8571946297193147,6.354663612436333,0
3.369995304,6.697431252439642,0
3.3684999004636844,-6.778838324,1
0.9932496107233509,-8.158428532,0
0.5282123363856515,-6.177907799,0
1.0425793364287976,-0.427967776,0
4.2149030503296085,8.788661746,0
2.2356981322527485,-9.460877537,0
1.5580828132263784,-3.455452126,0
0.9785604557796781,3.9305631899614664,0
0.3015355133965013,-9.190823639,0
3.9519838948613972,7.316052781662023,0
0.6795958940268809,-8.445158454,0
2.7729891471495796,4.868742630035211,0
5.414627930449882,9.229968596383443,1
1.726657351997749,2.283605773316914,0
2.7059966519162293,3.5075532236288627,0
3.5932534371198073,6.917811232701087,0
1.1180677740066447,0.5634669861716617,0
3.226152564145806,-5.180205783,0
3.029459909359398,-3.1467491,1
3.6787456079456105,8.071797878630598,0
3.5282197824868593,4.255340332841362,0
-1.186436265,-9.817890833,0
2.0287253485947714,-2.707935088,0
1.5021922702283812,-4.286658688,1
3.9312546351263284,-3.060953956,1
3.8655068552742375,6.267563845234413,0
1.5562361083989942,-7.493988091,0
1.116973654827245,3.3182889936306594,0
0.3681329302946903,-6.772397187,0
0.6866993138200619,-0.068665833,0
1.9123650411415358,7.663396121175033,0
6.205837518,8.673558612250961,1
-0.467027483,-1.207464237,0
2.2204114882926094,6.0644926615852945,0
-0.407702098,-0.681107934,0
1.2457743095265137,-2.147917126,0
1.082610483165562,-4.364166133,0
-0.384835383,-5.418810435,0
2.3604460743611075,9.544185982065084,0
1.761127489381332,3.6294471789325016,0
-0.06963877,-1.963298674,0
2.0746552665393723,0.6536940785869305,0
2.9236813305467635,2.3019958432452405,0
2.7291967266480794,4.354509699571061,0
0.31680778058339343,-9.157236112,0
4.2761743738800435,-5.896912859,1
2.5523980268570394,5.486164970325147,0
3.6042184490311904,0.24702928691473858,0
1.156320277874019,-2.129369879,0
0.8980186605294156,-7.938085626,0
0.8006454466198225,-3.875978177,0
2.286410917777017,-1.567320504,0
3.588259406106204,7.104020328939097,0
1.5702887162764492,-9.870305035,0
5.5146718327309445,3.2785923567177804,1
7.563470537254343,8.958020245452229,1
2.063691386298961,9.250619519255604,0
2.4372744327914018,3.3858474083544525,0
2.3501779365110327,6.291130149013405,0
-0.065527685,-5.726938083,0
1.876803296786381,-5.430574594,0
0.031178046881509602,-2.416415299,0
1.156590257150005,-0.299488033,1
0.44625464671730075,-0.743156246,0
2.0890444076344736,-1.973543071,0
4.608664304105808,8.044175485819661,0
5.509244336121304,1.5257763289881296,0
3.207313094975785,8.859849075805435,0
2.299524789020885,3.8134901339048213,0
2.116453320452568,1.3086929745116862,0
0.5545121291945173,-5.519422554,0
1.2104130230757832,9.153351389495526,0
3.300710465770253,-5.278566809,1
0.9625874501888017,7.094740140411776,0
2.703101962165496,5.413495287,0
1.1659467635013312,-3.86981485,0
2.045734826497002,6.775909864903447,0
0.5965485385580014,-1.649632553,0
2.7823773381043084,9.359555912845387,0
0.8030872662335949,-6.061610857,0
1.6227655012647615,-8.773966373,0
2.5961170112814616,5.012771908263453,0
-0.640189712,-2.468360763,0
4.473200453490409,1.5613667895620669,0
3.596053200267182,8.904902666350662,0
2.9755102826081163,6.209758126675705,0
5.891733558448172,0.29932786453761473,1
0.6097839573493684,-7.99329384,0
0.9697365623129213,-6.817319281,0
6.951334122829177,0.29135675855363985,1
2.460057569114314,-6.40461241,1
1.1640929734388024,-4.905752407,1
0.595919439,-8.088138397,0
1.9925752194201793,-2.559368498,0
3.5998273228399302,7.872696060002873,0
0.937198449,-5.478139998,1
1.6834014422832866,-6.532779886,0
2.958076562981373,1.2512641166409892,0
5.691847243766934,7.973781337825677,1
1.5576216053403376,-5.520923098,0
0.19770888810517018,-3.749339374,0
1.8602907892283271,-1.605762897,0
-0.87892538,-4.997977124,0
6.262452776848225,3.5825339297323566,1
0.12935106019494225,-4.075654687,0
4.812952755267812,5.611434635388399,1
2.9808301815686935,9.731754812013499,0
2.500077001175711,-8.36898078,0
4.958672595303565,2.3383973201811177,1
2.393662387538283,6.069834634407204,0
2.0458502240545893,2.9746067469671935,0
0.27301810557297657,-8.801277855,0
-0.563553798,-7.541899483,0
0.6969178158378606,-1.657496638,0
3.643878543041284,-6.733492653,1
3.2373055498113517,8.072335181893003,0
0.8296062098213848,3.284116182555854,0
1.5764101107216582,-5.027054925,0
2.336365326812402,-6.408038135,0
0.6117649255733419,-2.312439675,0
2.4609379640399305,2.7658971367552194,0
1.155223778339927,0.7048043347200448,0
2.2023695066598603,8.850622224811314,0
0.8252239225927908,-8.606869461,0
1.4961555885561797,-9.208520846,0
7.012922715526759,6.735465501188163,1
2.1397932310905396,8.002543677,0
1.1911211509186983,-3.943463493,0
0.7962448271185344,-1.542231454,0
3.4521965478299137,7.669738095900694,0
2.634072216343619,8.991092581668081,0
5.2241171685864085,6.713710072782977,1
2.9875004209320477,0.8558516189328653,0
1.3622258568548733,-5.796258763,0
2.6510500534990293,4.373297041,0
3.073775597876581,5.158634970437365,0
2.7831385150969647,8.511841132,0
0.4285310991189538,-0.490969043,0
1.4150329899639826,-1.53071643,0
3.6398148232589627,-5.802741828,1
1.4039139536917207,7.950953948253819,0
1.8939401593533072,5.272784135008209,0
4.148111759062851,6.449918373979745,0
2.7219086835910837,6.784650407494674,0
1.7450117810254524,0.6523940703458138,0
1.5013104496721024,-7.195298479,0
4.292643903123332,5.267688863095197,0
1.283161540104836,-0.627511952,0
6.683518767668505,3.8031185129222767,1
2.5366094353018633,-6.412520888,0
2.1127442805040055,7.5161930829713945,0
7.810652438221794,9.836512862156994,1
1.450061745130641,-5.526279457,0
0.3572565462739604,-9.106336158,0
3.634794884459398,1.7691527012585375,0
4.150265859317987,-6.399737788,1
2.7831092115875196,6.733240786904155,0
0.039626098,-0.1839603,0
0.033720187,-3.831078138,0
1.8471953886052268,-9.969855912,0
2.7407463523105413,-2.121035406,0
1.9417250338256975,-4.783575345,0
3.0548501541864415,1.2258458925674027,0
2.285712766683944,-3.742916335,0
0.42981448306484826,-1.016478839,0
1.0963354572935267,7.106673531218238,0
1.5558508241407287,-3.971813002,1
0.5800064631155069,-4.27936996,1
2.5145775926787106,-4.918899064,1
2.656323093036471,3.592340908658942,0
1.7707565135646242,-0.842113632,1
2.277934290255841,-6.301607127,0
2.196615019,-9.182571111,0
3.043505450148905,-7.865087915,1
1.784731730023449,2.7342887748124145,0
2.222639475346253,-3.240568414,0
0.4053044311100662,-8.499705509,0
1.9294489265133872,0.8045581890353031,0
2.184186080080824,4.905171722,0
1.3026995706383637,-9.768888713,0
0.4317799542234203,-6.923637427,0
1.4812286541355109,-7.025487083,1
3.8683451934502724,-2.369318277,1
2.6305534851372974,-2.711337137,0
3.471681744826072,3.635884315010742,0
2.9163321073304957,-2.476851801,1
-0.495236161,-6.837748537,0
1.0406277199119245,-9.283009541,0
2.2988444550370737,2.2516174676751284,0
1.0786679628171718,2.4554021769630623,0
2.1311081023962286,0.30383185660914513,0
0.7950578775049001,-5.560754445,0
1.1195715469021044,-7.723009117,0
1.865424167858237,-4.663589328,0
6.048407107043816,9.059745991095188,1
0.6353283284090578,-5.859928108,0
1.1621551483336505,1.9205515485691116,0
1.8666804503530368,0.61857153,0
0.4417428924858149,-4.642543768,0
0.6312869548076495,-0.069630467,0
2.7047481578908283,8.630169687894348,0
1.545319613959007,2.7702082500794916,0
3.7814987261739583,8.269582193481924,1
0.01194225,-8.299339962,0
1.2251323762217778,1.3968504502579577,0
3.207267122178947,4.921088739,0
2.1173344875824673,5.048508918858833,0
2.832776366304452,-2.168407101,1
2.6764641094646047,-2.187739411,0
3.271595516,-6.666662214,1
1.833448046435286,7.620587005688293,0
0.3570256384827216,-1.474615792,0
2.345992707,-3.008388564,0
3.1557771712618434,8.398839431367552,0
2.340037366,4.081958183108224,0
1.6868407634482152,-4.951502459,0
1.468525323539475,-2.101893194,0
2.3443845192531176,-5.107007336,0
3.008921174291187,7.892908910244813,0
-0.501410266,-8.578068407,0
1.0037058036300073,-2.319651834,0
2.800923408045546,9.619335862231875,0
4.241126921843403,1.0343570486096816,1
0.19310028372506738,-2.229374342,0
1.800817827692315,4.142415960676393,0
4.133800063913274,5.991248331,1
2.811916646447722,4.706606333702881,0
1.7954462621777034,-9.196568403,0
1.9807771526622098,1.2839568938376207,0
2.1612198028594563,3.294324597133837,0
1.572116374112612,-5.174051381,0
0.054315848,-6.687276838,0
-0.84798102,-9.552129046,0
5.128412520143296,4.481046007967294,0
2.0564191186246985,9.901165804561582,0
1.1119358198410243,-7.906339882,0
1.5929059053935015,4.293206265552087,0
2.1713232025810423,3.588215259274792,0
0.475330832,5.985650178086754,0
5.566196771083291,8.364630871,1
2.381973509609832,5.976680180728952,0
1.4074249011429285,-0.152526329,0
2.4707246932386306,6.161299737658229,0
3.1676022672509925,-8.821636236,1
3.0812747453035145,-5.995830174,0
2.7831049311789977,-8.894429933,1
1.3992765182973153,-3.147258925,0
2.390301199792009,6.519246857403424,0
2.285832486900793,0.3138531776218141,0
4.305056690371219,7.859222447,0
-0.157226254,-5.763210169,0
1.5424878945435916,-5.827949656,0
1.3819777092042738,-0.496816269,0
2.6521037434812067,0.098819706,0
3.1199876643151017,-9.267381446,1
0.4741149774866963,-6.57157319,0
2.052019635952648,-9.37606193,0
1.2591907235743458,-2.183495983,0
0.8325948065665633,-5.768799651,0
3.260397907014581,9.042281497091235,0
2.8483628440261355,2.533973212335896,0
3.758967516305578,3.9952116813901757,1
1.0722924775568885,-3.7636908,0
5.737831009253629,2.7084800646253537,1
0.5136427717360785,9.263432226408394,0
6.180110492400998,1.0812238892364654,1
1.302005785134502,1.149362975133739,0
1.4139300996834299,2.100481770505617,0
2.2522593647449147,-5.777563072,1
-0.293674285,-8.626284454,0
1.1963045952125468,-0.420295234,0
3.333755099764856,7.245814704218397,0
0.7467236640247678,-3.604513911,0
0.029338998538970484,-7.978883337,0
1.6362299400436728,-1.628994979,0
2.318825264,-7.757754032,0
1.6584131691853918,-6.734399674,0
2.9309229399601593,0.593789025,0
0.8583077103640454,-7.651974624,0
0.37172364879257724,5.979396420332844,0
3.2717852923376243,-3.462726669,0
1.9025527793213173,-5.972644137,0
-0.478283693,-6.635283012,0
3.519103011137557,3.1497088882367983,0
2.1779042222834875,0.668572621,0
3.425899008175306,4.3630458335414595,1
2.604583336095102,0.9436219004507684,0
5.324008578958853,5.054400444,1
2.4029718012670367,6.866619211013077,0
8.165807556118505,4.369697413,1
-0.81171148,-2.108607466,0
3.419119243492359,7.802846050491553,0
1.4662996724768182,-2.843163237,0
1.1527622147027585,9.219948335655445,0
7.240800035489015,0.2001252174224497,1
-0.964963324,-1.033304153,0
3.2131210729298023,2.426154311071528,0
0.9412089331664397,-9.482312492,0
4.393741198396899,3.5006617865886938,1
2.527968551729722,9.477897915352294,0
3.6647980749344504,0.6470439454145236,0
4.174422053419364,-2.768887921,1
-0.07137744,-9.077802603,0
0.8033988526042259,-9.829416409,0
2.3339487851072467,8.020107292236613,0
0.070435596,-0.501823389,0
1.8427381754842145,-9.014751653,0
1.049858784532467,-4.89427175,0
0.20281552995083862,-2.371215918,0
-0.731357636,-7.681966949,0
2.6893116384135847,3.831317658,0
1.6539780041076648,-5.194290368,0
8.216626491098781,9.021280248,1
2.326505120056276,0.210165381,0
2.6502332396507233,9.099874597039648,0
3.6263991495457306,-9.396469218,1
4.189122983720471,5.342845112796544,1
1.5624182657277197,1.1018666738605951,0
1.9066186823139972,-5.036926597,1
3.6715640996466865,9.072910516504237,0
4.034515497285305,4.397511278116195,1
4.702784084888597,6.038483240918431,1
1.7057555670400866,-1.865282344,0
0.5594119961202948,5.588073981342019,0
1.6796804928854865,-7.138060361,0
2.2600662883286877,3.3554814859675055,0
1.8311477594199501,-0.47970497,0
-0.233553528,-3.737038506,0
-0.705895976,-1.33823827,0
1.7749603185606984,-8.122861527,0
1.213137696780558,-2.712099106,0
1.1206162945523195,-8.850352308,0
2.490097129501903,6.229671704393734,0
0.9121630751146304,-9.773544395,0
8.304373014435875,4.824634558312795,1
1.0677594818637433,-0.679893615,0
5.270662366,4.547799706452631,1
0.61382348,-2.00889274,0
0.4344392274541349,8.348340925150723,0
4.962528075077375,0.5607416583138143,1
4.410259608439381,0.46547506831190866,0
2.212570687968755,1.3744223922506116,0
2.4811531748110722,-5.886215144,0
0.573138342,-0.662942615,0
3.795098606836087,-3.931798601,1
3.0662255813185726,-1.075743146,0
3.4355711284740913,-8.91739517,1
-0.408430972,-3.747426253,0
3.726435840006351,-9.317490061,1
2.7289548785697075,9.040650519,0
6.819884751240131,3.786132461225014,1
1.9781995074562915,-8.558033049,0
1.726796558268787,4.0038396010233015,0
3.796817558423059,6.374980624810334,0
3.0177387494886085,5.3503850006732385,0
1.4037246327248603,-7.84908883,0
5.913676500927281,5.607254236836967,1
5.239371612898561,0.9144469733809846,1
1.939234217744326,6.104053832408564,0
3.037076733739917,4.896196165,0
3.1175422126234786,7.612340023322439,0
-0.451188898,-1.026970231,0
2.5260695046661925,9.014970451260329,0
4.587125663863874,1.0948937695861787,0
1.0791073271711644,-8.952898883,0
1.702771238284149,7.133346837482559,0
1.9765358565190223,9.084577960466348,0
2.683216554303349,-0.706194231,0
1.8619262236411895,-9.695544637,0
2.914189125838591,8.044151550290938,0
1.0619399293275262,-7.871318547,0
2.504410916509532,-0.618463593,1
1.475869754917044,-1.84614888,0
3.581927350659102,-1.560227583,1
0.6174214899847477,-4.032852415,0
0.7880880913942102,-1.517890834,0
-1.340246935,-9.671651215,0
-0.200917865,-7.131091485,0
1.5329686677047674,5.943863912587446,0
3.421651039193738,5.9143645920431975,0
1.8284669741150061,1.4744782056448713,0
2.9277341349773924,3.209257991532354,0
3.4004333231557724,-6.620582573,1
3.3215621582458374,-8.247829342,0
1.2627222425534979,2.7854977422786114,0
2.7055073057446073,-7.548925019,0
4.198300505807606,4.5638865592057005,0
2.259297819377036,2.775204673,0
3.010841790053238,6.183086774403662,0
2.266042011928316,-6.639313881,1
2.690373546040465,3.990439701508423,0
0.8215353646679476,-7.631987487,0
3.232076961379855,2.6088312324167777,0
1.0445537776068927,-4.117006675,0
1.7597798114875456,-1.902891844,0
3.847662116896196,4.643041825118225,1
1.5144436653146545,4.0861015312808195,0
-0.665989068,-0.963252809,0
2.1642034522027274,-2.356451388,0
1.1076580190152363,-4.016567641,0
2.8713143930650062,3.7121373583829786,0
2.5349470296293433,6.144767526262022,0
1.8779719768792051,8.292731629,0
3.108836524228666,-3.344405061,1
4.5612308504279255,0.8116126318112542,0
3.323633059498901,-3.33111204,1
1.8689756099252914,-8.433915209,0
3.012854761875284,-2.696026174,1
0.778301881,-3.987828577,0
5.769494158345264,0.4707468527172214,1
5.5986720943834865,8.015106581803732,1
1.505891304739456,-3.174690038,0
1.4892657098375608,1.5783762913449273,0
1.409136644220579,9.963648203145887,0
2.7420769384411323,9.353288542312008,0
1.6797984079434902,5.209653470171787,0
2.130937368,8.192929166061159,0
3.455289725180934,-2.497358064,1
1.1623228709149949,-2.744090971,0
3.640170611353411,2.967037794613404,0
1.882123293593892,-9.893679728,0
1.711770335642779,-3.52694532,0
0.19185433571573363,5.155558744,0
0.7578467632081695,-8.154697512,0
2.23013586,3.623945690011535,0
0.7140978487588516,-7.31847608,0
0.7215650145909088,-4.508849495,0
2.0153425579205355,-3.604560112,0
1.4514640138399535,0.7148125958322424,0
1.8513734991129254,7.316912359129304,0
1.022536880883357,9.131295401004117,0
5.017736037683645,1.5777663254690584,1
3.2554446032837783,9.142768515668681,0
1.0557774694930087,3.9071575359162836,0
0.6048178364256662,7.138040878541069,0
1.4372995852993726,3.382873662432903,0
-0.333531136,-2.697004196,0
1.6012225083934393,9.052208131325251,0
7.173577136962379,5.9013782109424895,1
1.5193458854425823,-9.061784026,0
2.913061877,5.717136286064717,0
-0.394113334,-7.97411138,0
4.022386649443729,1.6794344219279367,0
3.825807067457887,-2.647634339,1
3.4833256567979762,-5.303639054,1
0.057296661,-4.643935335,0
3.197776371140221,2.2545529918602405,0
1.611266722081846,4.435744985028759,0
0.5519965125891189,-6.952501967,0
-0.6703133,-4.829576284,0
5.046015474090302,6.49902228,1
3.262882510444554,9.974242313285512,0
-0.241877102,-5.167927959,0
1.7253035146177322,-0.583624092,0
0.6730487175596147,1.4076887610796653,0
2.256405398677383,6.997841223670619,0
-0.123329462,-3.82688503,0
3.1510016144651947,9.916085948401868,0
1.742695284414308,-1.589016531,0
0.6347797146292665,-3.248201536,0
2.9102683779166854,9.950420994876094,0
1.487189267239458,4.212924725873899,0
0.6807078634046778,-5.740326786,0
-0.194872491,-1.375417789,0
-0.500818056,-8.947061783,0
1.350050796183516,-1.290127623,0
1.0918859089486632,-9.671758415,0
0.18580634340546853,-6.212942185,0
2.5754554326371797,6.131678021434247,0
2.288080855972236,-4.814310109,0
3.716001384840405,-3.58302677,1
3.514177343450285,8.601561529,0
2.3561137358026776,5.994907753414809,0
3.7929410460174733,5.540782103712882,0
0.4737057804816551,-2.242790298,0
2.4928630826251488,-0.099206536,1
3.5740124012992838,7.769526034181375,0
3.94922695,3.722430177329958,0
3.122446040502085,-4.40146697,1
0.080211473,-9.493566153,0
7.604042599111892,8.315225235988827,1
2.5388873281384323,2.3675170651292525,0
1.0841588476592565,-0.456108656,0
-0.247360016,-4.626990484,0
0.797941666,-2.722244926,0
1.7493556546775775,7.463159887867924,0
1.4943756994301785,4.394188652471232,0
1.4521627837742888,4.657200191877433,0
5.9716538747392125,9.331292615297706,1
2.608483384350676,3.8778213309253644,0
4.689104609348429,3.059064976,1
0.4440870937065219,-2.348469949,0
2.958551241196537,-2.371542677,1
-0.483290498,-0.250367575,0
0.16338701494434904,-9.238630655,0
0.9575027550951706,-9.026411641,0
1.8076972069597463,5.720038285883879,0
1.9677469537643775,5.1369256916119355,0
0.7161042502526069,-7.601533804,1
2.4959158821030716,6.7997675426228525,0
6.710193737785456,7.521379112741762,1
4.711004909334528,1.2353322465658323,1
3.0040730518967718,8.26425198,0
0.4904620348193609,-6.634459396,0
0.26296296462592594,-0.467409259,0
0.18652695222777393,-7.362450327,0
2.769515645440014,2.942544343822833,0
0.7403543835322581,3.943033348897817,0
0.5017876261105942,-2.372172786,0
3.932474910360977,2.670486363538787,0
1.052064109302004,3.216839233672342,0
2.457877284761963,-1.960772732,0
1.2179263166147025,-7.643319796,0
2.5623043286257845,-6.801577558,0
1.9188493885988256,-8.7293286,0
2.6662113569790034,-9.480740447,1
0.9863778497165809,-2.000394194,0
3.3308001437883896,8.894167949,0
0.6250351460740553,-7.034332722,0
5.792444188903021,6.472014335,1
1.816807607915171,-7.361583134,0
2.0716392952428744,8.763434586156883,0
1.0095424922307616,-3.671112147,0
1.9640669563793618,-4.852241582,1
0.5898661041865104,-7.400337381,0
2.5584900837668236,-2.490327375,0
1.2242498086600184,2.083760362014635,0
3.4811141322425847,2.1622856820181884,0
1.601763483089723,1.5845498014203319,0
-0.431591871,-0.456232929,0
-0.049839321,-5.37550994,0
1.7558430955853284,9.221976263279544,0
4.926179867098315,2.1865590627418907,1
2.175831391,-9.504493321,0
1.6227984319716477,-0.488735897,0
3.120639939313879,-8.4855997,1
3.361071183750591,5.63633614,0
3.5155017867777887,7.465038808124081,0
5.4034739494098405,4.360204306126253,1
-0.46720427,-2.131686673,0
3.5588154897900894,-8.063799175,0
1.461523487579015,-0.432090089,0
-1.392111643,-0.839203379,0
1.8658149412992944,7.807270929969196,0
2.825774837639573,6.310096080703332,0
1.1144793838543996,-1.024768691,0
2.4337499451774116,9.740165275,0
1.1837584691232041,-0.899872666,0
1.4105897415171669,0.5546490443948038,0
0.21546318678991616,8.547794061743726,0
1.707426392109857,-4.202947805,1
0.17783898312347246,-0.704017625,0
2.0660020320908807,-2.633533407,0
2.6208007739205277,7.007963737332979,0
3.169516671276599,-7.272844862,1
0.7505994933236223,-8.839514511,0
2.9730949160218296,-8.971403808,1
1.064062939,8.304133069,0
-0.403935462,-5.953086143,0
3.7127828577250552,5.499021529609887,0
1.2973875925167635,2.938385556,0
3.4029960251363907,7.979193008265845,0
-0.529358465,-4.347391416,0
2.2715633369609316,-8.172058413,1
1.9890704936035881,7.928440493633278,0
1.5154135529720194,-4.345889956,1
1.597244938125411,2.8503692049267073,0
1.5331236793786573,-5.099948629,0
2.2936318865720917,-3.838956532,0
2.466284967070347,1.0099781591544463,0
1.7775573083232874,-4.013253256,1
0.968069654,7.616344380895903,0
4.168406085168865,2.6673474795220837,1
2.276693372928091,3.5277369861796455,0
0.3685354646545298,-4.642461902,0
1.9001330278056061,6.137902936144666,0
0.19429854577287187,-5.491355812,0
2.7042686350397904,-8.756259003,1
1.5289243276213051,4.616940876715926,0
1.991340553242761,-0.747062572,0
1.023909686553157,-0.530862408,0
-0.425937527,-0.966896141,0
7.440645279905567,6.74096394,1
1.0287126845948122,1.4071638473508798,0
2.4778987315871777,1.4762112669305303,0
5.188285717062086,2.675197221919346,1
2.050692076715305,9.479777956223504,0
0.41847699160819296,-6.979490465,0
0.38418949174243755,-1.489444346,0
2.1991970764039164,-7.791509952,1
2.930583907742862,-4.455655163,0
2.289812807550876,9.519237083313413,0
0.034433811477693976,-7.419434791,0
1.5457553912519937,-4.877734259,0
-1.259198331,-0.500416435,0
1.9990048125018633,0.45005456464049587,0
3.080016822099575,-7.499874816,1
1.3625834086611621,0.9688943839785118,0
-0.804472194,-5.665668497,0
6.1729848539529595,3.3886375261623254,1
1.1154143447225455,-0.409516617,0
0.44279459343654626,-3.585742068,0
1.6992049197788979,-6.0635406,0
4.986175030573105,3.646315137317437,1
3.2230711669758647,5.657979902988725,0
3.9487704038052973,-5.91739834,1
3.1511254975741765,6.285770506146967,0
1.0307852452240815,2.213537651982824,0
2.2259970923851062,8.943770648985272,0
2.3683187434315287,8.467353430462282,0
5.762770477062672,2.2190973160892753,1
2.199850777595395,-4.638158278,1
1.5844115744289275,-4.430304312,0
1.5616680506773006,-9.461090283,0
1.390946485066527,-6.198185232,0
3.226326183370493,2.9053893289883455,0
2.1174418836202573,-5.051493133,0
-0.271621802,-2.24612396,0
5.740228869975849,6.868383748306041,1
1.8451060783363842,-4.903997707,0
6.929142940413698,2.4004663937845034,1
0.45432275875634687,-1.505915201,0
1.863636722674439,9.6193931,0
2.5388268124994413,7.73980167,0
4.054305290548229,-5.246950168,1
0.8590789244830304,7.601334527631124,0
2.324185273591058,8.528530723063337,0
1.0192732433414062,-8.708269112,0
2.4350184126354417,-4.061920657,1
1.7171970808422259,-7.792853836,0
1.5690365772904162,0.5189691528719571,0
1.6248769629324515,-7.614217893,0
1.567039158650419,-0.045758155,0
0.6860838051754325,6.021559873358754,0
1.9556060163163842,4.658486787247625,0
1.091101293252164,-6.656761319,0
1.9276419013316026,6.054505571,0
2.8393525052624464,7.251083932752795,0
1.1342620004136494,-4.46625509,0
7.558673271964859,1.6482723380926512,1
2.359500336476941,5.187011299304416,0
7.456726487441062,7.954930315664932,1
1.6441649350692025,8.390508600743885,0
0.2543305543519545,-0.289279536,0
1.692681097154983,-6.092049197,0
5.091443721,3.7678488745379113,1
1.187441741584939,-6.532490949,0
7.389471024445486,9.884071750224464,1
1.4846979383600103,-3.526194207,0
0.7502841437547496,3.7280383930016843,0
1.8934656648695571,-0.767544924,0
2.4629271428015858,-9.627530729,0
0.7287759425868012,2.8438184060189524,0
0.18891390621594917,-4.795991372,0
0.29654710094855385,5.559313726260285,0
3.8515112963666143,9.517991594085867,0
3.149367961982731,-0.124747395,1
2.7645983429665675,5.988596440773133,0
1.0768378677515436,-3.308098891,0
1.8596496949466665,8.975410985886683,0
3.1046712691619724,-3.776508472,1
2.7098890687121884,4.477531368439561,0
5.0540890450518186,5.836387301584223,1
0.46917826221176284,-8.369790329,0
2.622681676456612,7.6266854720904504,0
2.4013108055692003,0.6943486541667969,0
1.453448890981456,-0.886481466,0
0.4594053732025374,-3.913076156,0
0.526633256,-1.527082629,0
5.011007015891982,5.9585489837116405,0
5.332430356958902,6.928790432155381,1
-1.081052775,-9.29364996,0
2.162016986611511,-6.486262425,0
1.887672761,-7.312663585,0
0.9646738286386628,-8.813251627,0
2.009246516862617,2.1163101089602208,0
7.197145726949424,5.567452475253901,1
6.402326584980697,3.381539512111562,1
0.785664261,-3.79026057,0
2.048780107574535,-8.607560444,0
6.443447127578063,3.474919168003831,1
1.9181219477300178,-4.479143266,0
1.931756831603614,4.071785317,0
-0.336120416,-5.36207861,0
2.5716105239980442,-8.200209336,0
1.6000977763087478,-0.012748279,0
3.2584607762796103,9.444600593,0
0.9046052802156117,-1.782478259,0
1.5740853469056848,-4.59995593,0
1.5350711564789317,-4.802324352,0
0.7398783918105465,9.162909365813064,0
4.496774698147918,8.724351893182849,0
6.3310073524421355,3.0609672947726967,1
3.4422157029323137,9.742141445420376,0
2.3783952083440614,-3.300297788,1
1.2265017798651787,5.667044515518651,0
3.067564878988383,-3.572344272,0
-0.035926383,-5.576669252,0
-2.369853419,-8.310405833,0
1.8494489625618953,-9.499526618,0
6.159374450678065,8.304088372363271,1
2.5113822948967894,-8.588330876,1
2.0287598371138715,-1.010210525,0
4.278509711119157,9.009071594593586,0
1.8727262121421262,0.9703982662862956,0
3.187183141298204,-6.402757544,0
3.9489687788330574,-4.943407281,0
2.9429948799649166,-4.88240264,1
3.263186463705109,-1.74803186,1
5.237153887456533,4.395485487184061,0
7.629469067717606,8.169485130443263,1
0.6020825882817293,-2.523144799,0
1.4267427562960666,0.9896511104810664,0
3.005073256796166,8.479984286733519,0
1.4692951220841246,5.8773316211303435,0
2.3217043792406926,0.9992956155627688,0
0.9535000058852705,-7.23466524,0
1.772984581510141,-5.637120241,0
0.466753424,-5.186149214,0
2.3947060820087733,-2.810537936,0
1.7193241853964212,9.397497620700058,0
6.670321488950098,4.4636250347515976,1
2.858459021336661,8.518441316991868,0
0.5222849296348335,-1.883131599,0
1.937096514908558,1.9256313791627715,0
1.6220448300978338,8.200701024505882,0
1.4392634109848148,-7.202070374,0
0.6756743596291661,-2.436652443,0
6.948839703505694,7.644426656676874,1
3.3828379732685887,1.4554803213294285,0
2.5634588950622894,8.956063103813069,0
3.180029155378499,1.0289166391250752,0
4.772811915102526,7.862219953204438,1
-0.357182003,-5.0656083,0
3.7029952720642627,5.4971797486717975,0
2.498543554269312,-5.127808547,1
1.8412770442614643,8.500680318175004,0
0.6245403136455989,0.20731836555396121,0
1.222551184320139,-4.120184642,0
2.6337892175320716,3.0962908183286224,0
0.085063312,-6.984631496,0
2.148903983905294,3.304004049611276,0
4.995959810570093,9.532734423018816,1
1.0639385379322917,-2.995982825,0
1.0734736859303933,6.2253758940496695,0
2.300075464880437,5.4332722912411455,0
1.564191433973128,-7.402619627,0
1.243091384971047,0.9841396902372566,0
0.7184969863456094,9.033652855273871,0
1.8779546218619667,4.314861731742601,0
1.821878655947891,-1.890068053,0
3.516096790291308,7.270126337979768,0
2.895199949704039,2.797801353344811,0
5.626742448,8.070934082628174,1
0.5219163988554335,-0.190623827,0
6.822594777994698,2.5025949718188585,1
-0.287847814,-0.68071328,0
2.4973847272891536,-4.856707558,1
3.5430904988398715,-5.993039703,0
5.014368071708849,9.434842234,1
1.0843607126365067,-7.475697053,0
1.077928487345767,5.552588081204526,0
2.401733366,0.23390475721347492,0
1.868808473,-1.641236297,0
1.727841318999415,0.122256454,0
2.1374383038175706,2.2229195946553553,0
2.238882382,1.5092356459833738,0
1.0405520433113957,-9.495399424,0
-0.065224769,-5.240361455,0
2.655385036726472,-2.281402553,1
2.5654470744236617,-7.84077254,0
0.20526688854552078,-4.778113174,0
2.5816767527339515,3.5378176072712897,0
-1.157229276,-9.86024879,0
-0.143642982,-3.974671798,0
2.657173276857841,9.345756202030241,0
2.2046442275982105,8.607160166140492,0
6.029126955036407,3.6619562856604393,1
-0.562312339,-3.289611611,0
-0.468510879,-8.805714599,0
6.464825268840566,5.853162265161663,1
-0.917435405,-9.597441771,0
1.670591951076252,9.608450701,0
1.8190399520293017,0.29398597017539174,0
1.9402683148366955,6.636493297107759,0
1.3272730701324948,-3.709070064,0
2.8146488139995762,9.162130164946781,0
2.4105129720635774,1.5168071043902014,0
1.4024036728379243,-2.512950029,0
3.2882102589468354,9.220291555,0
2.940005227900006,4.693035647580395,0
-0.063857998,-2.474519449,0
5.307679465889484,9.207114837,1
2.3991970630840584,-5.499923702,1
1.3571350119161605,-7.475405688,0
3.6389927222496095,-3.286910588,1
2.7835754435085596,2.279675752942314,0
1.8520441978346571,5.324582203067731,0
3.262176901,1.9050370036947584,0
2.265079094341389,-6.072466373,1
-0.366452803,-8.41885337,0
1.7231730992598537,-3.601800881,0
1.0636368243688128,-7.695900763,0
2.917114238596353,4.010358168175074,0
4.756655027539729,5.644206169789381,1
0.4899339069617934,-6.704637051,0
2.8626987576565153,-5.122373779,1
1.0402559505161237,-1.440434446,0
0.4053629365060759,-1.080666221,0
2.4557910779600682,5.350120019564752,0
2.7634797575474757,2.6176191787490843,0
3.1006865377276074,3.098951395269406,0
6.768363626658715,8.924917689720996,1
3.544317148250074,-3.395288731,1
5.751546151862957,0.6641004746162533,1
3.4523629457019007,5.321819012,0
-0.128193687,-0.685192469,0
2.7042209156617836,9.921874566436696,0
4.027973670715376,2.4553476669323615,0
0.4994911106928924,-2.145409477,0
1.9289733179288886,-7.074724109,0
1.3351417117124327,-1.130788823,0
2.117834355873475,-1.480199709,1
0.7660525423505486,-4.466509546,0
1.060807488994697,0.7406156881963888,0
1.7352434647727248,-6.970789481,0
1.0698670321060055,-1.913864786,0
1.9507796752591626,9.010512668822795,0
0.2102551466304079,-4.68486017,0
3.688897878201368,-2.882842483,1
0.7657191062237478,5.874568548337351,0
4.690616699,1.7891934132056093,0
1.156105084066231,-5.6883374,0
0.5252320534347401,2.14605071,0
2.244707344908701,-3.477754723,1
2.9539853399210974,-2.769976629,1
7.072624835504421,4.891620335,1
5.189577086,2.592136088624004,1
2.1917481565788233,-2.167190239,0
0.059162022299589334,-3.103792542,0
1.8411320566413165,5.614032663540478,0
2.5331851677676047,-9.961606259,0
2.3395949738820456,-3.003897837,1
2.7676190961312424,0.268651998,0
3.511322049,5.274350235591541,0
0.35011956286060764,-5.421912488,0
1.389790288387639,4.881141151682815,0
2.323686002813153,6.816166074425382,0
1.6338703130095793,-3.540380145,0
1.3528730448396145,8.298867438207797,0
0.7527961956201201,-2.899518871,0
3.19149574,2.0406910098440534,0
1.8747048761958658,-3.66513908,0
3.0920504893026126,3.890603294,0
2.096406978,-9.486713185,1
5.498146162013707,6.677068632774411,1
4.314170770677431,7.3888604578866115,0
4.497091613141256,3.3343029758128147,1
7.582997374421938,8.488691728965808,1
2.358380969313382,2.924526795610369,0
6.928908709687208,3.796163831387826,1
4.836575351270184,8.371743957408889,1
0.002812973,-1.733320944,0
1.8108168658532988,-0.640250026,0
2.3518172588913604,7.288366560234483,0
0.8963324113703118,-4.671338115,0
1.7866091471407484,-1.977396377,0
3.3320045400709266,6.658767842001794,0
1.5412091046994458,-7.916414655,0
6.799899462645384,1.5316245068481464,1
1.719929962061788,-9.467596756,0
3.5733399553108587,3.4643373546369265,0
1.3080861040503557,4.223154713,0
1.9354379100149774,-9.222855538,0
0.8792860507388229,-8.89812192,0
2.456621793,-5.61726322,0
2.143564763,-6.651296603,0
3.7510784541927227,-7.450154158,0
0.7134503432719843,-3.99396286,0
2.717536452924277,5.568970653146666,0
2.0329324,-4.431534485,0
2.826221140277706,-2.258958736,1
2.444614494787211,-2.065423413,1
5.191994119554199,-3.162634731,1
-0.287733194,-4.830804698,0
2.820200931295385,-1.65419228,1
6.787926391628142,2.441933701093422,1
2.358312235,5.196715614483452,0
2.5364114631940713,7.905426776,0
1.8046320568021126,-9.565720317,0
3.5722449564495182,-3.340761286,1
1.6103958772782638,-2.755671399,0
1.9386283211062594,0.3864890388838855,0
3.064544084006197,8.587312412311562,0
2.240575961929558,7.965318388763528,0
-0.737711608,-5.341964579,0
2.1821320771332786,-2.25815781,0
1.8433075322787866,3.9244098309613875,0
0.4594126606087148,0.7143921880083255,0
3.135991542301472,0.7946174012885763,0
2.6572559137253227,2.3032532193222988,0
1.7571240680316627,-6.130389775,0
1.890496253384942,4.482247486695739,0
2.7839615655111656,5.867766311,0
2.667174397539936,-7.689678074,0
1.3198626883156703,-8.741863523,0
-0.327808795,-3.404965607,0
5.892873097215184,2.3993415667864504,1
4.996815007541656,3.0129892833274035,1
2.280414524432412,1.2436345252464882,0
1.5277942377844103,-7.3025917,0
-0.343889563,-9.209521606,0
5.782691620245887,2.915473436060452,1
2.4863409903805036,7.3425279555002625,0
2.049177210383289,-2.668646264,0
0.41564658860546233,2.5568425396007104,0
-0.288507078,-0.564333983,0
2.766160293704206,-1.555937905,0
0.8221827119981118,-9.901807724,0
3.8933628064401997,2.4876836276316396,1
1.6858026774983954,6.758890103466065,0
2.649889871776701,7.033798354446361,0
1.0735873451877613,3.1599443529488553,0
1.072151429203738,-7.410281996,0
1.1270623865281066,-2.612158418,0
2.7666895026990694,-1.981346595,1
2.1729876216170516,2.9801923233631626,0
0.8048262914762049,-2.261523358,0
3.5445064649299214,8.802445435216214,0
-0.29571897,-3.48681123,0
2.9305343642426274,0.2799670071696152,0
0.5018944836828007,-0.70126021,0
4.622799403186271,-1.765109816,1
1.5590074584832945,-6.838535122,1
4.213963526171799,-4.532608017,1
1.3670051663625593,9.511501184760629,0
1.4810695902575313,6.265587908275204,0
1.6673779934103843,0.8305540369443065,0
3.4581127090029598,7.8127855300873925,0
2.0198635797967546,-3.884100915,0
3.6702997455184723,-5.763253705,0
-0.271959787,-7.374472968,0
1.8109869944139199,-1.555300611,0
6.680477147897844,6.8215097539157945,1
1.2960130671583103,-7.537011819,0
1.2252533131725452,-9.228323565,0
2.7746007592223565,7.947253914758086,0
0.9216041850244324,-4.452283821,0
6.412161794213088,8.061436280223063,1
0.7491419648850053,-6.448961185,0
1.5373142671136164,-9.568380701,0
1.9693841607265374,-8.37543427,0
2.847416381441968,1.7626298309504111,0
1.880819576962129,-9.716800812,0
4.766398087869211,0.9925480333856846,0
3.0090800666571713,-4.3257435,1
5.823982681568358,3.4064093046586024,1
2.0773272412446397,-0.477488354,0
0.2271557421125141,-5.305335667,0
2.7514476115558337,4.0584320618871494,0
-0.103608186,-2.502194363,0
0.21055044419291236,-2.764748397,0
2.6602277689186455,5.199083144834999,0
2.5453334796103277,8.694389119488008,0
1.0115232717689386,-1.109526579,0
0.5440254021793498,8.286765346179092,0
2.4265344791534478,1.4920325374049686,0
0.6862547120268964,-6.296050086,0
4.748830022719831,8.443709112498972,1
2.737927603717001,0.40948027214912486,0
0.9286316809357325,-3.006709164,0
1.0896703710314608,5.676533675761824,0
2.2254779613238407,-3.568479831,1
2.951216101,2.688571017055967,0
2.9878458662088367,6.554902178820154,0
1.301421845807858,-2.053226116,0
6.785006726,4.140249580570785,1
3.200286274,-8.494807653,1
1.2213888733022638,-4.305092776,0
0.8160533450173658,-5.354287489,0
6.169946120239011,0.6071040096432192,1
3.869047452029127,5.958634316941014,0
2.978227206467057,-2.240204743,1
-0.192555681,-2.997298821,0
0.9726972920721868,4.016882585,0
3.076574359910606,0.4257659889926906,0
1.5203761095809223,-2.318328495,0
2.9133550967115944,-7.106859405,1
3.711770773756591,4.0787618193237165,0
-1.224915513,-9.441579167,0
0.8876288986373195,-6.666713486,0
6.069883619357406,2.782879837866476,1
1.8128709948087538,4.060155663913914,0
4.165012690062621,6.346430509071219,0
1.851936998874097,-6.670619246,1
2.3847603872607075,7.234391916793129,0
3.190531702851697,8.498677245928196,0
0.7923095545827102,-6.136208102,0
1.8365296793540908,0.9448970120165079,0
5.102074556947469,1.8985299903742678,1
4.996204927562411,0.7752104543661211,1
0.47097733367153183,-7.206834667,0
5.785042444749417,9.329593074,1
1.3245112474526894,8.392205137231379,0
0.7343730430774782,-6.337114736,0
3.033397696559714,2.8079475995338754,0
3.4376703615148383,5.464680682672615,0
1.812833339968721,7.274481327849426,0
1.3159916621930716,-1.023567069,0
5.201869790766831,3.055971089409436,1
1.673793847570668,0.23375425409876627,0
1.4759434172246815,-9.535764884,0
3.4235561998730875,8.857318421549916,0
3.7631600726594074,8.973628240255916,0
7.744746674,1.8911410918373743,1
1.3800654703986495,-3.370693243,0
3.3520525514783412,-2.930318337,1
2.113247703,-6.714341948,1
3.2606338464100357,5.749440840252923,0
1.2699187097990627,-4.959969331,0
-0.378850389,-9.942496918,0
3.940949586,3.2387217248361555,0
1.8748894051649678,0.2568589192433315,0
3.985601756224883,8.098982067752814,0
1.248039869344792,-0.994190599,0
3.3391544879150117,3.6697485477445557,0
0.9251231948213445,-5.953458843,0
1.9352084252852308,-6.471082906,0
-2.059687454,-9.393487335,0
6.0552921483162185,8.495131155,1
0.8852182386940716,-5.338693862,0
5.893793379551648,1.4469434525295437,1
-0.926354656,-5.951371438,0
1.7564184554998907,-1.6031082,1
1.165468227231015,-0.503959541,0
2.2539768093362267,6.892089822589892,0
3.0692378333453267,-4.882574773,1
1.304629017,-4.364245274,0
2.4515356611115613,9.908831378002475,0
1.3240889868206522,-3.572405567,0
2.038445981312282,4.737585417707642,0
0.4041008780196438,5.8537326101744895,0
2.1240930951981394,5.336022818578998,0
0.780708401,-7.515767365,0
3.5007471997664474,-6.150003212,0
3.8350287322535808,-0.418048201,1
0.7918801172949554,2.755029847902806,0
-0.060439985,8.966314769699725,0
1.398201428150023,-9.85518544,0
7.507138407202677,9.945831603799206,1
2.2038780614582483,0.14273417272260325,0
0.32755679406729277,6.711960604607718,0
0.10947920641759357,-2.330765504,0
1.2961966791426418,-6.214703788,0
0.4318517949434225,-7.491149866,0
-0.755332497,-0.638063875,0
0.4245456028131571,-7.879977075,0
3.107055090075531,4.823588718690928,0
2.8199743240005395,4.710717245087569,0
3.015671154311311,4.246916808676184,0
3.4971234011833596,0.5353193752558632,0
1.8503322917346756,-2.151568935,0
0.13417203374349906,5.2606189,0
2.859961211206262,7.361982872,0
0.9616480097988939,-1.014013453,0
1.9554640813521171,0.3061562468511063,0
-1.06100485,-9.983832947,0
1.6954362987418552,-1.35994204,0
2.236645122634261,-8.273638187,0
1.2616216072869482,4.914428703029095,0
1.4620272068582767,-6.990205169,0
4.148221868979357,7.895731168079124,0
1.4620718541897222,-2.499779143,0
4.622522998306457,7.319404669570947,1
1.549550009387663,7.011650961737782,0
1.7749514081606645,-9.531768188,0
2.172016731213769,9.740253188011522,0
3.472093672451914,3.6057317188009197,0
4.036220208266888,4.745978545246022,0
1.3365018667805435,2.485116476736149,0
-0.556457252,-1.088251559,0
1.0191258812253532,-2.173632609,0
2.380624381904513,2.0816744687532385,0
2.655391915119919,9.711421671664517,0
3.141162049660375,8.781567893,0
2.5465278080515032,-4.910640081,0
1.5662691289654673,-8.506851876,0
2.6122130771117655,4.600067301060015,0
5.816867513342925,7.8523901042907625,1
3.309310955335099,5.517833590584576,0
0.12632818268444845,-5.852785592,0
1.235273654212604,-2.306783997,0
6.275295147640432,0.9785822950535046,1
3.3817694797639044,3.6940239351384356,0
3.3060397559820998,4.2614161166437015,0
1.812873445605049,-0.346930051,0
2.4830036020890613,-5.810809903,1
3.749087295907086,5.462800804926546,0
1.2194380909477518,9.111023192,0
0.9659598417706534,-2.822029025,0
0.9031319708874916,-5.707936544,0
2.180281302827669,6.138922495627703,0
0.095180934,-9.054709548,0
2.827589556973673,-3.605318662,0
5.974774191416711,9.250119317152048,1
2.9039198755392754,4.890580264453444,0
0.9045781183090844,-6.565462785,0
6.609584416066015,2.9132724049717638,1
2.033811056719922,5.184978505218332,0
1.911762356227833,-3.839671019,0
2.702747790671375,2.926754336972607,0
1.3979361687690448,9.643229003542576,0
3.7955302308902192,8.082303426,0
3.7742952731346664,-0.285959159,1
3.3327617701033154,4.836007208086501,0
3.239668655738129,4.910933459233943,0
3.5601613729704256,5.562246371699649,1
2.4487334028316203,0.555010664,0
2.915429330652656,4.093283135770484,0
1.8675735816524135,-9.009314897,0
3.1829924237878906,1.0873705386114416,0
7.03007339,1.9571954362375532,1
1.1157707810568294,-6.828173126,0
2.018347740920898,3.183219600570924,0
0.016634806442863526,-9.521845439,0
3.3477776195340865,7.5595504047804525,0
2.082418491102266,8.729049796913252,0
0.8551675920501177,-7.742952916,0
0.5712254967053021,-0.102614823,0
1.6552925752102752,-7.14880848,0
2.706619129970096,8.765261306,0
0.8276262731809898,-8.361703538,0
0.8157093300366864,7.905251241659492,0
2.9087195238524157,1.6780989825841512,0
7.421970182460031,5.073646398314256,1
2.382469658014164,-1.095480645,1
2.463036252776093,-4.930145094,1
2.585410252321306,2.5025512560356784,0
3.029800086566215,3.549844119694379,0
5.239642238883517,0.8775140292153161,1
0.8017021099088777,-3.991241293,0
0.6187218424566411,-1.706439957,0
-0.301307665,-8.528445083,0
3.9400402812773327,7.215962920426001,0
1.665133863482629,-9.038373108,0
-0.21592726,-6.82936198,0
0.4736809029488316,-7.959345641,0
1.6140794016112925,-9.345011914,1
3.4642316845061503,1.5264021202538043,0
-0.544669034,-0.01404395,0
-1.604264818,-3.930394624,0
4.882381655633213,-8.73850919,1
0.7334098442734125,-0.825157731,0
6.108496269746437,4.483581044462214,1
0.7431924402154817,-3.49751907,0
2.2491583113677533,-5.257488916,0
3.4315233735076753,-7.091179871,0
2.340902328905421,8.192013692064496,0
1.1005044100769286,7.666592519813008,0
3.6294787510139415,1.5886349957908958,0
2.936126572800111,8.180182652843158,0
1.9275547059260676,9.410724798937558,0
1.2549737462195723,8.815119079,0
2.5911529922690204,4.032951566,0
1.1555935807029807,-7.45867893,0
0.024876821018376738,-1.568296222,0
7.828430225537211,3.7291063611995217,1
0.8044869566465591,-1.695526311,0
1.9572342571229329,5.796398679577024,0
2.4033731065556867,-1.393461955,0
2.060345762932513,1.247928031882621,0
0.4450121987601183,6.175410434985189,0
1.7759844596565344,2.4073224758977663,0
2.347992935267957,9.116437191345064,0
3.1167077714372198,4.048129673748681,0
0.9034013081656841,-0.430063198,0
1.2260756551467649,-4.409870646,0
5.320972105,7.034267132895749,1
2.808045505365941,0.17666005013869324,0
2.162461942239759,9.979169671285998,0
3.282627014,1.6998881658572138,0
3.0361854374731365,-3.304237606,1
2.4668413322433587,-1.67824666,0
2.194757833260949,3.701699856674029,0
1.679130862474711,-2.71864049,0
1.2576011864727397,-0.551470952,0
2.7618427393182468,5.415816205015041,0
2.3279527376734213,0.7828082980551994,0
-0.562195744,-8.348946414,0
0.9738153198636819,-5.174957706,0
2.274423275064189,-2.96075913,0
0.640123473,-8.210175569,0
3.1254500286408153,-6.217373777,0
2.309446390709403,3.4025929155362107,0
2.093713668572681,-6.187858962,0
2.7787715615873965,2.758818366329564,0
1.294936068051502,-4.181025279,0
1.4455191236333658,-3.25373651,0
3.673817360272049,7.838566325788214,0
2.1412663476985525,-1.780557717,0
1.8556731486466689,9.829780447322655,0
0.29049113573040475,-3.62531732,0
3.3028141773835373,8.629761872,0
1.233159964541663,-3.218410502,0
1.0178992238861462,5.695714837403653,0
0.48891809659516017,-5.623565199,0
2.5818754227060308,-8.871103653,1
1.2259910635223297,-6.312953049,0
1.219514392022797,-0.885261478,0
3.5048500478799776,-0.97471846,1
5.006589571697667,-0.607796446,1
3.4641244237338213,-7.327066285,1
-0.604967074,-6.774689165,0
1.7556550935769142,2.2310180096156245,0
1.8020302303747955,5.163401884613021,0
1.8229660465108064,2.6389152516137244,0
1.9789469196216865,-5.652884278,0
1.7993117891871786,9.724563146368158,0
1.1307630148153234,-6.224899697,0
2.1798692378506717,3.8812306098853284,0
2.8156726348190304,2.791322954589937,0
2.252664718869196,-0.716473002,1
4.437384188042569,5.824743952497153,0
1.5644665843326737,8.435502448167782,0
6.346182080245922,5.756194949529753,1
0.9491350336484672,-0.3803492,1
1.9466099212515324,-3.909712112,1
2.3399479922979487,6.6886879201909615,0
2.0440242245327434,5.310959588127135,0
2.687388012949364,1.4874935937862865,0
1.9174792662040905,1.334999303883384,0
2.3734570614570267,-8.534475804,1
1.3842260558605222,5.558282233,0
1.798266788495793,-9.313308049,0
1.0620255123789994,-6.141715236,0
-0.046471577,-0.670455206,0
5.1478883078772615,1.4614806203219786,1
0.786113513,-0.401697065,0
2.7492284844354584,-8.398228548,0
5.341380372623426,5.728214943289254,1
3.2117585741388055,2.991008637954568,0
2.627106781381561,6.381290801552744,0
1.3459022053008793,-7.55635089,0
4.009209454247695,9.339718529,0
1.825692041056354,-5.44107179,1
2.6999879468193138,9.234678763076833,0
1.3258021501475437,-8.094002778,0
0.4313497573899865,-7.610533253,0
1.878106723618673,-4.903018333,0
3.0329603464489923,0.9866169901085708,0
5.626937267668724,4.423543975053786,1
4.189912092344643,2.755959528,0
3.027350221565853,1.1595339621036018,0
1.5740349656888681,-5.619571725,0
7.326886038039653,7.750188790685581,1
3.4162274577040246,2.6725904910059484,0
1.1840355764458843,-7.43938445,0
2.8536327308990224,2.8714456261303987,0
2.3535428467898623,8.430886690406979,0
3.893495344572816,-4.19674839,1
1.4145030788094457,-4.042995488,0
3.7608459635498086,8.105390741693505,0
6.850700398074165,7.440315901242315,1
2.159415697596385,-2.067279226,0
2.0785233087522834,-0.315158329,0
1.146742458063345,8.922656917755198,0
1.4507357678661714,-1.993055219,0
1.7164918534916649,-2.401489757,0
0.7363440423501092,-3.996679153,0
2.703418064502191,2.319137042969132,0
3.0994692888717186,6.869409089337218,0
-0.15565739,-6.210414456,0
1.549595247083225,-3.619025813,1
3.4558658053148448,-9.551796746,1
0.5020403304221586,-3.159406969,0
3.5499743277837306,9.451233626664447,0
1.5589551585811041,4.387523117347385,0
3.0668384003066063,-5.221586258,1
0.21243997373056345,-2.537200056,0
0.712522362,5.636192344861726,0
4.261343967753651,8.883289135024807,0
1.436278368578509,5.764892900720572,0
2.5687911425354852,6.187353260286571,0
1.7975947872394522,-3.389851928,1
7.3382391796441135,0.6460874788642137,1
0.16386152637217888,-4.312716277,0
1.3100142776488517,-0.09467316,0
1.1951955131475387,-8.037692883,0
3.209480935214798,4.4369800140115085,0
1.450488532832739,1.6349548498191542,0
1.784251796941684,1.7496754536721664,0
1.9115542068009614,-0.996626997,0
1.2696788470091924,-6.438001705,0
2.593745678171253,-1.801941358,1
1.9587540921053654,-8.150766806,0
4.2072079290710995,6.251670775503392,0
0.6517954358739534,-5.758486898,0
2.152034998036505,-7.765406315,1
2.6025890102520544,7.858895132638445,0
2.085477508409314,7.236054694112848,0
2.3692662069045345,5.873296922819071,0
-0.025778266,-1.101770888,0
-0.116020909,-9.444462805,0
2.722068595181286,9.355695766199347,0
0.20744225783864778,-0.488260484,0
1.2473539695343008,-0.736496315,1
0.8280356460989671,-1.951222326,0
1.2552710445626927,-0.58435984,0
5.112557983,7.122528777058591,1
1.639537754154226,8.926437468111523,0
3.1863109366004725,8.880304428733549,0
2.456079847329327,6.5247560383387615,0
2.5274902748630517,4.713476580213886,0
2.1610321486989172,5.2772135190898055,0
6.2381657597789415,6.681491194344563,1
0.3115645017811851,-4.541360773,0
5.877220498616032,1.047292851494177,1
3.519811054789902,7.161410469381156,0
2.626878005488165,-4.570524033,0
-0.173355845,-8.024533969,0
-0.00417888,-5.022541407,0
1.853305522958609,-4.014974862,0
2.1357558456011785,-2.760145914,1
2.1149690090171847,-9.587325829,0
2.1594422809682805,-0.512681881,0
1.4885923863904738,8.803145745551173,0
7.024632459,2.3823701688959567,1
1.772388553419438,8.922805738444819,0
1.3766566026209468,9.952778696755779,0
1.575824887394261,2.449150406868487,0
1.3257484675098052,-1.453313259,1
1.486762479063902,8.786038951519643,0
3.6667965899297554,-7.67562321,1
2.4182990212569884,-0.02696977,0
1.9127500728047102,-3.839617568,0
1.1190165472256621,-6.007038395,0
1.830945909236479,6.5997465563016675,0
2.9067435580557794,1.9669508120157566,0
2.2074511040722404,5.764454527431441,0
2.350385922861025,-3.069866308,0
2.8790759313512333,4.8855159734868465,0
0.37574138754582087,-4.412742136,0
1.0999669257578177,9.897581014,0
2.8358318439584487,4.676348792009648,0
3.1414321538772487,-3.142900076,1
5.537753555058019,5.045486954,1
4.484475543172902,8.089744490768418,1
0.5017795539398784,-2.29933357,0
5.185255098112279,-1.368579651,1
2.996956296433453,5.533859666275058,0
0.6144213798762335,-2.354635384,0
5.684391838392601,0.4723773832388538,1
2.1149045000561335,1.4570499580208676,0
2.8508776124502817,-5.921029367,1
2.1596141230327897,0.2520570992263931,0
1.529922281909541,-3.191301483,0
3.3379656674677696,9.151061947925918,0
3.4220312562889035,5.455327784013024,0
1.5025733507181707,1.7501534033545454,0
0.5288082474624546,-5.192152435,0
3.403789021595814,-7.808084516,0
4.476406679898001,0.8637621449632675,0
2.1225788385256523,-9.004093544,0
0.8766087071354464,-8.253829346,0
3.8405924697280023,4.1170933146570725,0
1.015837436,-5.125685015,0
2.1454943068829193,-5.964586439,0
2.3797375701696666,-3.834118236,1
3.151344163604284,2.9579290107940164,0
3.3927372969849583,1.1604538232035626,0
2.0539517588358462,-8.504858059,0
-0.066406674,-5.205449125,0
1.6662001809840845,-9.178639854,0
1.8758814694964236,9.057880725842445,0
0.24464539983382583,-1.995553394,0
2.388001093378648,9.737707551372353,0
0.033218596,-1.92402216,0
3.1143697288415213,2.246412429172917,0
0.4341409689992073,2.3573240648653098,0
3.444838100308895,-0.557901326,1
1.648212164281751,-1.906579115,0
3.2891692204846246,-2.659729508,0
2.9310262968023415,8.765161772187223,0
0.7250021533644684,-9.507471028,0
2.1583177231345996,3.455870373664773,0
0.44454498914367857,5.673491948401441,0
1.7533138737530585,-9.734143728,0
0.909778776,-8.395434689,0
2.5129933062331835,-5.375937685,0
0.099092744,-7.876799685,0
3.718514233682108,8.074694054084922,0
1.852489797,-9.824772362,1
2.9060690024617037,-4.180823174,1
3.433510193781813,7.511013142127055,0
0.6080636052772876,8.187628939526757,0
2.620970512729888,-7.405581129,1
1.0085333155504814,-2.56765939,0
1.525567669,-2.292669678,0
1.6205807591762995,-4.307436588,0
1.0059608315864463,-4.699524615,0
3.2971598213277242,7.184055427258166,0
-0.573058215,-5.194580216,0
2.0596463882778364,-5.206814932,0
2.0926841141857593,-1.69379595,0
1.8301517211588378,-6.717116756,0
3.6230929940207677,-8.244413661,1
2.270401913,5.316080521244505,0
0.8383651868113802,-3.739208541,0
2.8296485186559543,0.19526166319778682,0
3.771890262777574,-0.634473955,1
3.778651067102268,9.087822491,0
6.181335592,1.2606876225459551,1
3.4604186923275533,8.558455641732422,0
1.5060576611044643,9.560264713235313,0
1.4619522064070698,1.2203377048558615,0
2.7641393409714956,1.6393681540842806,0
3.192086728539189,5.766644282361135,0
8.146556032814633,7.334187162164536,1
2.724259931555393,3.444933986289074,0
0.5193165854990724,-6.289599256,0
1.3270822805510665,-1.297904957,0
0.630399295,-4.231484835,0
2.8885113417355552,5.382074816633441,0
0.083135726,-2.126824532,0
5.684323922866345,0.8029013498382493,1
6.439369385210526,3.777658531555865,1
5.1176339557040125,4.739169023486445,1
2.9624322617095924,-9.015834796,1
2.4245334372022254,-2.524231459,1
0.064110891,-4.672256431,0
4.611768059,7.750063470919208,0
1.5204717347198191,-4.382883998,0
-1.112671847,-8.343370273,0
5.172981297,1.734958228157284,1
1.8129490616489892,8.979763087639157,0
4.5625073789578305,-0.016573578,1
2.392341556114973,-6.042390211,0
1.1128178649136158,8.493233188923337,0
1.1850624223157549,2.946745884101688,0
2.3175720290588187,-5.731350337,0
2.180899173473282,0.7571270900709148,0
2.8432452070980734,1.8411398250685433,0
2.0481801733360223,-9.033081924,1
1.744535186,7.470996198396751,0
4.297524975345154,2.338493848209346,1
5.357632247637395,6.260344287712336,1
-0.890339011,6.922187328765901,0
2.3625674044255707,-1.176415747,1
5.218383715217738,2.1970975393291052,1
2.1317854666000438,0.7691075808544134,0
0.5867033110437683,2.995394457707558,0
6.643236674693507,2.7030242432708977,1
3.469454811468314,8.500821427186601,0
2.8568114022084568,0.8953057042469403,0
0.9374524467857821,9.6012178,0
4.604816872663882,2.7284924960186867,0
3.6270432691599575,3.3669806410442362,0
5.036280529167655,4.867123923442925,0
2.5072308571831163,-0.897539444,0
1.2723536456473312,-7.377114306,0
4.066650081190424,0.3346878350961475,0
0.9127239682767992,-9.108755399,0
1.6015066303889451,9.240609868511513,0
3.4435855685272188,3.074470138156551,0
3.514947979606787,-1.359984265,0
1.5551998552967927,-7.934334911,1
0.8445141690506583,-4.268410125,0
4.3774511148408894,5.539891063981786,1
1.053244350650543,-2.927312941,0
3.584178041,0.8358183908114363,0
0.6229893879879314,-6.631161689,0
3.9444488624804497,-5.365967539,1
2.1414804153569675,0.4111785262583805,0
1.0070783745305307,-9.573000577,0
7.211622208181737,5.024344561565812,1
3.1240546921125127,6.451861514,0
-0.658576552,-9.90090416,0
1.3260520565293157,8.070645102,0
1.6077025322008762,-7.20351776,1
1.2933711742319103,-6.09097104,0
0.028619705384122618,-2.112827744,0
1.8131873981910385,7.3721072514215855,0
3.000164511599777,-7.539086405,1
0.8014120732570942,-6.659887757,1
0.8845245175000384,-0.027087233,0
3.0093259641428856,7.417542659,0
0.5885689264730571,3.0398273437443173,0
1.7036469350844639,-1.881467294,0
-0.832492723,-1.006111832,0
0.41323803813585047,-0.782614214,0
2.821821885808766,1.408086729265145,0
3.0042876473715094,7.440921420612707,0
1.4571684041890776,2.4518427476048785,0
-0.185820781,-8.864945339,0
1.5601118611618294,-3.158683401,0
3.1211252785311374,6.211493025963211,0
0.9889168469614702,-3.38170623,0
0.6276854546629207,4.540745204780514,0
2.931608503777665,-9.474112908,1
1.348238981195936,-3.203969981,0
1.159722290044679,4.684402142120028,0
2.722340356544027,-6.497297314,1
1.460679476872235,6.4945297095893295,0
1.5474576866978982,5.475601727910908,0
1.0112598565120654,-4.685784727,0
2.509404453634731,9.133062056,0
6.126520678,0.17574182003072103,1
3.129669576,-2.187893434,1
4.725658197614173,0.5302501240120279,1
1.608396174303372,-8.994228347,1
2.070003593,-7.308244299,1
1.6987027753349486,-4.997393468,1
1.8546739943346267,-3.174630025,0
1.257074074158086,-3.490911254,0
4.586607815213066,7.969032322328662,0
0.8668606614702282,-7.055236467,0
1.7095110603914647,-1.376427493,0
4.477696762168568,2.519300528,1
4.479957351,5.95619035,0
0.5156081594400646,-7.801907703,0
3.1855871914752614,1.9703380649582094,0
-0.777266946,-6.920123133,0
3.8561699734502666,7.105895403935534,0
5.886989880515362,9.420215102712785,1
1.9385864880579078,1.706636512377333,0
1.3225099699939271,2.2217000835474927,0
2.8497752106016323,3.6884626224481636,0
3.5230314257022104,-4.145846773,0
1.5920022964021956,-3.48402438,0
2.571485981112243,-0.522680095,1
2.5874213684047964,-7.263160685,0
1.5916554196444959,1.9705404358692729,0
1.241677759029817,1.1055941497202308,0
1.7183050995406584,3.1225510684658246,0
2.0446079431755275,5.117121834096212,0
2.864780735627428,3.134096035512828,0
2.5182723243570875,-9.027330979,0
3.7498198348586325,0.2746462590207486,0
2.623183548477991,2.5147525752722366,0
2.6770822383186834,4.118496179417711,0
3.018849882215838,9.282441348,0
3.354803820228857,9.092039838869642,0
1.1761091776254422,-6.094245222,0
-0.332895339,-4.741185316,0
0.8529868685090889,-7.192177919,0
1.473441372091867,-4.940368866,0
3.4904443224307258,6.051250745639372,0
3.029598878100595,1.0996391793159042,0
2.133980283574835,9.020050326,0
1.4699443326241544,-4.926953277,0
1.6047550882220358,-7.249824003,0
2.805642011774874,9.857870715,0
3.2136956396692957,-6.253949743,1
1.3713834320097178,-6.603776861,0
1.783271657373069,8.515614982215808,0
1.0739054589063897,-4.673943275,0
1.9802944331105439,-3.578247215,0
2.030658458616912,3.4098867613005446,0
2.3348328977345854,1.544882991158973,0
1.291502088352447,-3.595490623,0
2.066174695055984,5.386199348774827,0
3.1559052374429855,0.8127703920227329,0
7.785354507670965,5.517249012869774,1
4.477225534642674,4.3373597026645605,1
2.4657594562727216,-2.045915818,1
3.108628452171289,9.674175782113089,0
0.5468237451094556,-2.48914468,0
1.6133517503847206,-2.474134498,0
5.756311199395595,0.28328889704828697,1
0.18296655203817025,-6.076834982,0
3.3876687742043763,4.656985599464726,1
2.502123759485958,3.399057035335151,0
1.1393355570537946,7.9299214829466464,0
0.40266072635566696,-3.338366458,0
-0.652472723,-5.30141506,0
2.556327211033908,2.971462955674969,0
1.9838197150809678,-4.993506083,1
7.310056443,0.17399975062217266,1
1.3800454734181617,8.309909227,0
2.6707060086537275,3.5396518946753304,0
0.10704231295710498,-1.301349791,0
1.1042768434287729,2.292705236433621,0
5.111666065309516,9.896435176005905,1
0.8086510308166798,-4.859263808,0
6.3380570086281605,0.5661028066111129,1
2.154494926368064,6.199323511507604,0
2.5134157342535057,9.754257931855236,0
3.2002189977643285,5.003534062602768,0
2.332142724913118,-1.005157491,0
3.0499595128708332,-2.854774277,1
1.5998302920202514,-1.817061842,0
1.1724455828076192,-3.425028263,0
2.0560541116645554,-1.403572267,0
-0.190767395,-7.264616865,0
3.002687019718241,7.131515160068716,0
-0.065898088,-2.209447148,0
5.093804309233164,2.0744309153806526,1
3.7167670855149932,9.288700852086023,0
6.181165305291038,1.8894446950280965,1
-0.247298219,-5.632000262,0
7.303913795613779,2.4267045048364153,1
1.3988024097084013,6.821627093336382,0
3.824758268861274,-1.349513319,1
4.452321622692494,5.014923716535813,0
2.3870634034744658,0.1055211414198709,0
2.4147471957043796,4.540238052411475,0
2.909577131484011,9.509631285724364,0
2.4885528520131577,6.2523051268091905,0
1.2458039006456954,3.0801837382642567,0
1.1956612120870338,-7.059525524,0
2.7941690850112995,2.4023748815738966,0
0.3414070480761089,-0.545184334,0
2.7936601795461464,8.639173464,0
3.323324361523119,-3.795303977,1
3.1554133436782257,2.072176454610812,0
1.3520086783955412,6.2057013237929155,0
1.3311974188081979,-0.104007351,0
0.33502501155581577,-9.370057061,0
2.5262068544414156,2.386234353136656,0
1.856580042507943,5.986613254691042,0
1.9555064283192212,6.116763377202172,0
4.934597647097985,5.6480269941236685,1
2.5228951437980722,6.3276215058781595,1
0.7371355466312743,-9.476909721,0
-1.15903598,-5.308750099,0
0.1490646280118395,-5.505024434,0
5.243664061303672,6.322647681240291,1
2.4953632052413264,-3.933963084,1
1.603897112878196,-6.03197097,0
2.9930490485357057,0.7679220198139163,0
2.737415855079527,4.931226877388488,0
1.0796325789193295,-8.737801612,0
0.27112695720184543,-0.936032502,0
2.5668813834851716,3.5914639278591576,0
1.6370591025549475,-1.015060885,0
0.1537582158524915,-6.640682991,0
1.8716656163067376,-2.034733592,0
0.085208369,-0.398514656,0
3.1210500438578337,0.5788879756540304,0
2.1037955634986267,-2.860680685,0
3.330245825885404,-2.160507506,1
0.7685669691656847,-9.003944841,0
1.7291995880678197,1.6562437525729852,0
1.9631386323540556,1.103489809750256,0
1.234049138598638,-5.051958884,0
0.11221122934100225,-3.64196382,0
-0.003149063,-2.780430348,0
0.625908472,-3.520961809,0
3.4278509117274516,7.958750756458258,0
6.249164423601037,7.4637958816779495,1
1.5516117481429725,-6.295326716,0
2.874794862725023,8.214183699465622,0
2.5682754211712067,5.817652201588846,0
3.798540434710963,-4.820792975,1
1.9417830361551405,-1.170449519,0
3.0667387359350635,4.322528118006019,0
-0.395118107,-2.679724722,0
1.0291421414776039,-5.569253111,0
1.7884428344231627,-2.891200368,1
1.7912189778938568,-5.872393998,1
3.321725169738124,5.308634835903764,0
0.7948055584521901,-3.649825099,0
3.252621207246494,1.3556380186306392,0
3.5732579889231153,5.931832665730507,0
1.0656723137226158,9.248365082,0
1.7043762729713814,-1.025747363,0
1.4965989791066208,4.967614930032189,0
2.776985155883985,0.9793178166474483,0
1.5705838772134215,1.4686076683436173,0
0.8982567430513609,-2.988802575,0
1.648674858206868,-4.675218826,0
3.0159010056694213,6.918480263678383,0
4.661194963455133,-0.931104441,1
3.1944244361299052,1.0145218858602885,0
1.047844248595752,-5.853133307,0
0.5625375778450536,-2.993319843,0
1.2284040503289926,-1.872127167,0
0.7182895633349118,-4.017125716,0
0.9516109084021961,-6.429227482,0
0.9081110968388784,-8.49757978,0
1.572682831706953,4.728181051706548,0
2.1533107443026616,4.028031718586174,0
1.275970851047657,-6.935484543,0
0.3571087577148909,-3.278495172,0
1.154591446634688,-1.923489258,0
4.567547901,-2.499224639,1
1.6795984623673679,0.8529469587045053,0
2.8846599762068847,-4.050358844,0
1.3113819596059402,9.551865009,0
2.269175519295114,4.431855349,0
3.017289522733582,5.039377554315356,1
1.5849260095110593,-5.867867705,0
6.1760977397595935,9.718802330526579,1
1.3144307637352382,4.671231698183609,0
1.7475737605121533,-0.648338867,0
2.251954055945659,0.15945591826692507,0
2.5702216376889373,-2.756358466,0
0.9752742165648935,-8.31863754,0
-0.593194885,2.4121032025406492,0
1.1907779760372814,-8.003214395,1
-0.602496765,-2.42172603,0
0.9303472720641446,-9.364547265,0
4.286716253382313,-2.328099488,1
3.458544359001318,4.254921256605456,0
0.8637636425756202,-9.42458669,0
1.0243482489610019,-1.808914887,0
3.4997082038314073,1.8951383098281624,0
0.20729416807895218,4.998889494437401,0
1.1885022241344183,-3.561590878,0
2.4931000120587576,-8.860674834,0
2.9430908946506817,-0.04110299,1
0.12547943947353046,-9.025545301,0
1.3620146858690008,-5.963651697,0
-0.539139543,-1.649554043,0
1.5493073754268134,1.0787615650320266,0
4.028852942818412,-0.435470825,1
3.073412900749709,-0.579483179,0
1.483401926344287,1.1556636121577775,0
2.882861947965849,2.421914126571176,0
2.6060919014371744,9.880511095,0
3.2202118462566824,1.5121594391879984,0
0.2893456164456729,-1.807488014,0
2.7487240122604852,7.306664505152739,0
2.3538519172539427,0.5695848527687168,0
3.1743942351807046,8.90719471,0
2.867192806578712,6.422792657750801,0
2.9198844956007606,0.03808913,0
-0.796178296,-4.378812927,0
3.162696120663743,8.953790756053944,0
4.656863327,2.2899824998983913,1
1.368556050097446,-4.034469828,0
1.1509507700813428,9.783748431,0
0.450374331,-2.184822415,0
1.034451545777777,-0.051423756,0
1.2871469583318913,-4.937644291,0
0.9020322412576697,-8.758960583,0
6.24618594,7.976069007345231,1
0.984247771,-2.252579292,0
3.356970788,-6.347469992,1
0.1981923621891637,-7.691633872,0
3.2423275721085023,6.718591146493257,0
2.2406510051766313,8.714230657605743,0
5.022318465343819,-6.221468341,1
2.258187955971843,3.478323848513904,0
2.951377465128558,-8.419186016,1
3.172512394826419,9.866400621358085,0
2.240735336530208,9.113059927,0
4.666515601300426,-9.752742216,1
0.3888975237551362,-6.153730458,0
4.885954191039961,-3.441425748,1
6.367088899548205,6.998543880488985,1
2.868590580965082,0.7314123747452932,0
1.1384525521585946,1.0067507856409215,0
3.522883622614886,6.294575002863684,0
2.417182012,8.246770435110612,0
8.074841849661277,9.533867597,1
2.370363380092282,-7.268069364,1
1.106088045288699,-0.489773167,0
4.999591838101949,7.463249624358312,1
-0.659731715,-7.485022282,0
1.037714830199551,-3.828166865,0
1.4956087409071277,0.36486865093318066,0
1.3676815423449946,-7.650456711,0
4.150171493427196,0.5796456346545558,0
3.671174571,1.1178444712985751,0
0.5060083496597932,-9.582797258,0
1.3542987682027965,-9.780270945,0
1.7818193069055894,4.487197128384675,0
0.7613656156959085,-7.948221848,0
1.257907379231156,-7.49396007,0
0.5715784928709984,4.204445430944883,0
4.644257663874768,8.120574246,1
1.4111928453735556,9.493465775080018,0
3.062904895537587,-4.366157344,0
2.2362077366048796,3.3169414903472507,0
1.4036512574090458,8.199884783,0
2.650283189725183,0.7644661149962495,0
3.3922733635801237,7.317334024,0
4.481629999676421,-5.020933959,1
3.158520616257731,8.691497249042978,0
2.1140864229271488,3.3701097702440475,0
2.6992268202843297,-8.682967807,0
2.2460206554675852,-1.859806718,1
2.0257702523512187,5.2939055955960725,0
0.675716058,-7.62200308,0
2.536573256388326,8.942830203579174,0
0.4132203399250556,-5.906595054,0
0.4660670174314494,-8.297334512,0
1.3015037803458624,-8.106627823,0
2.7539584240311434,2.992736530098263,0
0.6637814056287237,7.788745926933533,0
0.9019956144129508,-1.237473998,0
3.0431853678856395,7.210533350251641,0
3.835912652071013,-8.038919902,1
1.9342485789559538,-2.729745075,1
2.5191411014876928,2.2132306370727513,0
4.383416750791004,0.070489903,1
2.297244421312209,-7.159397414,0
-0.490628338,-6.140029351,0
2.599538074731301,1.5379785532665693,0
5.188279968343862,6.475984794014757,1
2.181725701339981,3.10380417,0
1.4520008318736375,5.506544809924655,0
2.9039894515551197,8.704831343599643,0
0.9056103237920243,-8.439341941,0
1.1891842190327648,-3.370065812,0
2.011951502993185,-4.083026353,0
2.7830531178262032,6.247388935649024,0
2.623603202624873,7.1395907330647255,0
-0.228684012,-7.297986127,0
2.752162782048025,-7.521692323,0
2.1739078425370906,-8.137383276,1
1.452063382258406,-9.138038838,0
1.1001012402404113,-0.836191959,0
2.3685086592306988,6.748884204974722,0
0.7376530406061732,-1.666506979,0
2.335313047582916,7.435905383106785,0
3.954156540560473,-3.606125536,1
5.870651841634494,1.7928726371686103,0
3.1648045298398486,-6.874884097,0
0.5159500339249513,-0.561037095,0
6.572111869603113,9.442922494310057,1
5.767999274976761,4.4103046864758575,1
1.3883312387731355,-2.059530165,0
0.9163123755132438,-1.36981664,0
0.7276342728107528,-9.518143158,0
2.650174798200073,9.141559508051472,0
0.27988169460647827,-5.312345954,0
3.046371495687061,8.831678316764144,0
4.998122348,8.249908899735491,1
5.865106697510233,8.368709459749446,1
2.1796607575939193,1.349360958564782,0
2.938588843008498,1.538312778,0
1.2986347129024787,8.714572651311272,0
2.6805022233576206,8.448943191077248,0
4.262077394244413,3.006626847330187,0
1.4185906074613803,3.426388476171427,0
3.2293132813893384,8.342139287445356,0
4.734416225798675,5.098231711820473,1
0.8797466220238505,-1.037824904,0
1.3136822071276273,5.294083273538773,0
1.3429643133654132,-7.551431005,0
4.8994503228116555,1.4205374628929928,1
0.3535317373381698,-6.446215561,0
2.3603932306146866,7.482471860941274,0
5.802611525501401,1.3360908836485148,1
6.107142739760846,2.6000167418845184,1
1.7261688742957615,7.9769161728468845,0
0.7912541869315831,-6.468907708,0
3.638223720251748,0.4662990571831678,0
1.141724667243301,3.392862071058474,0
0.031392367,-5.968407772,0
-1.649513969,-8.876677014,0
1.2307893726740757,-3.75434862,0
1.6599414669468848,8.341371516195771,0
3.374413259841867,5.885471904094434,0
0.6362213546267239,-0.102265666,0
4.912619828632141,1.4705688227961549,1
0.6840045874759392,-4.305513525,0
1.2854231273651229,-1.011996676,0
4.5174491277310445,8.391778485387068,1
4.154434011492964,8.946470312085985,0
1.825972139179556,-2.402093348,0
2.9354138378232997,8.700038611684334,0
0.986788082,-3.518763903,0
2.3949725659377603,0.13150640794711776,0
2.5764725484507176,-6.781660759,0
-0.059918029,9.507333347713704,0
2.280080702860274,-1.212219066,1
0.055538816892770626,-8.361465712,0
0.6260227936241407,-3.434380128,0
1.7955067050633997,3.0589214269300733,0
0.8278061720952823,-2.686926514,0
1.8015412978765615,-6.980580992,0
0.7053456227834114,-3.694932049,0
1.8844984090038825,-6.793243718,1
0.8353250452134382,-7.184899197,1
1.1173998094243474,-6.331074911,0
2.9735466814041795,-4.115404819,1
2.536219611952658,1.1730780835744241,0
2.521457189703681,8.450429702516825,0
2.917240107,-7.820536013,1
0.093202098,-2.909048957,0
-0.618006133,-3.289198203,0
0.6977277230107962,-0.677535795,0
0.8662781704517282,-2.231896446,0
1.5446454587817027,-4.772291815,0
2.201823557115723,-4.105640957,1
3.0494692728716877,-9.385248916,0
2.9909190983040665,9.686635165783912,0
1.8249035176297832,8.790771429887275,0
0.799316092,-3.455794047,0
