Z,X,Y
1,0,0.056583906
1,1,1.3875186761487424
0,1,4.289658259425935
0,1,0.7430033495018493
0,1,2.718527109586538
0,0,1.7071687340602681
0,0,-1.102945552
0,1,1.6386998551499212
1,1,0.97505942
0,0,-2.070197416
1,0,-0.459961624
0,1,-0.463551266
0,1,0.6412292427338754
1,1,4.411826326173073
1,0,1.8183875195287573
0,0,0.8185208832542415
0,1,2.0652141795014787
0,0,0.3491868336381204
1,1,-0.725354902
1,0,2.2298005411165387
0,0,-2.718550276
1,1,-1.421026708
1,1,1.417505038697335
1,0,3.798677601799781
1,1,-1.044210728
0,1,-1.379264076
0,0,2.114287145936252
1,1,2.0673384519039426
1,1,1.3556271380725455
1,0,0.7347617846439034
0,1,0.465663512
0,1,0.13619071849362308
0,0,-1.576615802
1,1,2.1206051774917887
1,1,-2.562714734
1,1,4.3414044287772064
1,0,2.8530402105396306
0,1,1.4915367980184755
0,0,-0.675453242
1,1,0.9892648580117982
0,1,1.5097288446773534
0,0,4.3874389812069206
0,1,0.20858473434416278
0,0,2.6775035686265545
1,1,-2.225036521
0,0,-1.570875873
1,1,0.2714698850947257
1,0,-4.962380559
0,0,-0.687135923
1,1,-0.084004332
1,0,-1.074729014
1,1,1.4023651061625197
0,1,-1.962702807
1,0,2.401257397113264
0,0,4.461221205346218
1,1,-0.530099096
1,1,0.9300172168516055
0,1,3.597105334155554
1,0,1.6399427538127136
0,1,-1.10386825
0,1,1.5250679161441192
0,0,0.7701458881652209
1,0,1.3022559831022626
0,1,1.4686421948701507
1,0,2.5580005
1,1,-0.49425227
1,1,-0.799327571
0,1,0.39758975701300403
1,0,1.6442146136945754
0,1,0.8083017431574084
1,0,4.816062108743714
0,0,-2.753301903
1,1,0.42031148867201595
1,0,-1.08864243
0,0,4.060953190418651
1,1,0.048993209
0,1,0.3948927309797385
1,1,-0.067986917
0,1,4.0034694127935255
1,1,1.2506519436509906
1,0,3.676892013189545
1,0,0.1562906334277523
0,0,-3.066484694
0,1,-0.838635797
1,0,-0.048823302
1,1,-1.114413998
0,1,-1.450673062
0,0,-2.693252849
1,1,1.3926645266676938
0,0,0.2721521157679013
1,1,4.433173351777379
0,0,-4.014374636
1,1,1.3635347404536837
0,1,1.1010693088322272
1,1,0.21332416832257617
0,0,3.796691746365335
0,1,-2.630404684
0,1,3.498932738
1,1,0.6213109795745106
0,0,3.945584068550141
0,1,-3.842226165
0,0,0.47351913766288123
0,1,-0.686183843
1,1,-4.479494468
0,1,2.1758287587170964
1,0,-1.483192379
1,1,0.6733975673856661
0,0,-1.384370424
0,1,-1.033296441
1,0,1.8474393819466473
0,0,3.0213680986255085
1,1,-2.655855706
0,0,-1.129080234
1,1,2.7533238117303602
0,0,-0.041203463
1,1,-0.063914125
1,0,3.5658428824057617
0,1,-0.611296721
0,0,-3.556155703
0,0,3.9208466835505353
0,0,-1.088362764
0,1,0.26904105386887445
1,0,3.7606763609935916
0,1,-0.70519027
0,1,-0.637113977
0,1,1.642338173969431
1,1,0.47745645519781205
1,1,0.17675025199233163
1,1,2.5624778385654845
0,0,-1.935519544
1,1,2.447163392985994
1,1,3.659852485227238
0,0,-2.219547916
0,0,1.646588348523558
1,1,2.286565219505913
0,1,-0.268118545
0,0,-2.212775033
0,1,4.108449747109086
1,1,-0.694259371
1,1,0.37731023075050507
1,1,2.081140617730047
0,1,0.5865886292946688
0,1,-6.454711905
0,1,3.7027330873446545
0,1,0.3438546862469123
1,1,0.30090862902337934
1,1,0.7505811627008449
0,1,0.707348166
0,1,1.6240798558821645
0,1,2.2445018325690937
1,1,1.3082189451695097
0,1,5.4196212498637095
0,0,2.210812087924538
1,1,-3.696320745
0,1,1.8812944307846942
1,1,-0.197966655
1,1,-4.037684715
0,1,-0.878327945
1,1,1.1411542461712427
1,1,2.1161343813474964
0,1,1.4758963664903089
1,1,-5.66589303
0,0,-0.626286657
1,0,0.10031310165681984
0,0,5.0027289010620155
1,0,-1.264533686
1,0,0.4112383540820441
0,1,3.7864442790455155
0,0,2.3487010510419233
1,1,1.9798482801284734
1,0,-1.949015756
0,0,-0.463861496
1,1,0.41481781030400566
1,0,1.9232195877917613
1,0,-1.091288426
0,1,1.7148358725296187
0,0,1.1907946405752814
1,1,1.620284582362002
1,1,1.7410140763199808
0,1,4.992986919239829
1,0,-2.676154321
1,0,0.2124132322846306
1,1,-1.473481909
1,1,4.739498701353434
1,1,-4.413910813
1,0,2.5608606195789885
0,0,4.893465272628672
1,1,4.740896583888159
1,1,0.6065520879168189
1,1,-1.249389259
0,1,1.1435101300491948
0,0,-4.437394477
0,1,-3.561955681
0,0,0.9952620945137245
0,1,0.49705844092951035
0,0,1.4418372934321326
0,1,0.7120166103268781
0,1,-3.172799956
1,1,2.4392551359553867
1,1,6.368355176253819
1,1,4.207041895
0,1,-3.304727815
0,1,3.408063916235316
1,1,0.4996348525975101
1,1,2.9366806694676266
0,0,4.039799274006649
1,1,-1.156998605
0,0,1.4400270293878292
0,1,3.460805575658294
1,1,5.830803431390284
1,1,3.428252104579246
1,0,2.889545390321268
0,1,1.4231725751308923
0,0,1.6444650061673898
1,1,-1.697257024
0,0,4.556700696998993
0,0,1.145519680591658
1,1,0.850787801
0,0,5.332201734
1,1,1.0410486794815759
1,1,0.6970552575570856
0,1,0.47797259600447384
1,1,3.8457455391051623
0,1,0.9373791548743955
1,1,3.8052390010193453
1,1,-2.028861683
1,1,0.47561803456787255
0,0,-1.892654583
0,1,0.012083798826572512
1,0,-3.447547832
1,1,-1.120841589
1,1,4.3421917967930135
0,1,1.151584017863043
1,1,-1.496281601
1,1,-0.070081351
1,1,-0.430039596
0,1,0.079790307
1,1,0.5798576423450859
1,1,-1.549223336
1,0,0.073290192
1,1,1.9387888530829622
1,1,3.474658229497128
1,1,2.2334833261679217
1,0,0.6204842891534694
1,0,0.8454729941263182
1,1,-1.405217001
0,0,-3.926186696
0,1,1.2598431795868197
1,0,2.114837080643348
0,1,0.040670983215562284
1,1,2.245423199741036
0,0,2.764326787761438
1,0,-4.394745244
1,1,-2.083173206
0,1,1.3801517853447511
0,1,0.24275974250727048
1,1,0.1858857582155788
1,1,2.2609958022495285
0,0,-0.755210508
1,0,0.6632666440022951
1,0,1.5961013575484082
0,1,3.166555674
1,1,0.9541835953898817
0,1,-1.624887847
1,0,2.4824078204532842
1,1,2.6067035266984826
0,1,2.347929475585456
1,1,1.7562625099264453
1,1,-0.825478789
0,0,-0.55835011
0,1,1.0189698560810747
0,0,-1.936683353
1,1,-1.922576656
1,1,0.9104309673974231
0,0,1.6616761914769507
1,1,4.675068286927683
1,1,-3.340796029
0,0,-1.428783883
1,1,2.422461761377576
1,0,-1.464224635
1,1,0.7631129135506274
0,0,0.5740125676696093
0,1,-1.566723328
1,1,1.2629526564373488
1,1,1.7110141103456105
0,0,-5.263370259
0,0,-0.866054125
0,0,4.429822998112065
0,0,-2.747908923
1,1,-3.197448909
1,1,1.1507189308388917
0,1,3.900425224
0,1,1.104764413218715
1,0,-1.086497121
0,1,1.6451757159841283
1,1,-0.902862781
0,1,-4.331704327
0,1,3.8001423378653962
0,0,1.059507450717433
0,1,0.3044486301266256
1,0,-0.363162086
1,0,-0.901395796
1,1,4.412552515306487
1,1,2.6891576069041996
0,0,-3.874246333
0,1,5.183377830460566
1,1,-4.392052522
0,0,4.534804800809077
0,1,-0.095762015
0,1,-0.355517029
1,1,-1.451918564
1,1,1.2807864639249842
1,1,-1.118927118
1,1,0.068162167
1,1,1.9814006975781213
0,1,1.5085971985071607
0,0,-0.80623331
1,0,4.023611718258628
0,0,-1.134648842
0,0,-1.530720901
0,1,-0.142997774
1,1,-2.478597691
1,1,2.5860385491517883
0,0,1.1087060755769422
0,0,-3.237515244
1,0,1.280763996167474
0,1,1.5832168533403095
0,0,1.0344210968776948
1,1,-0.517166325
1,1,-1.021200587
1,0,-2.476498557
1,1,1.6406860084878758
0,0,-1.026068186
1,1,-6.164528055
0,0,-1.175352604
1,1,1.6268590413334965
0,1,-1.040594376
1,1,2.0657291304740877
1,1,-5.452359445
1,1,3.083206331120646
1,0,0.4569047999756756
1,1,5.9746412153309665
0,1,3.402760731987387
0,1,1.6045096650894999
0,0,-2.841794366
0,0,2.251140959103658
1,0,-0.152727237
0,0,-2.307885465
1,1,-2.051836735
1,1,-0.870087018
1,0,1.3340757089263935
1,1,0.2601918166109858
0,1,2.4088982316755074
1,0,4.747592605507871
1,1,1.6069891531916731
1,1,-0.596372136
0,1,-5.764051047
0,0,2.9209018800809963
0,1,2.8319588500158472
0,0,2.199379079785362
0,1,1.741710395708431
1,1,2.077708643
0,0,1.8329612178986663
0,0,1.487805223964313
1,1,3.765114403636106
1,1,1.241103705572982
0,0,0.048325451
1,1,-2.502603387
1,1,1.0039577041066208
0,1,0.023573106
1,1,0.2161762386395747
1,0,-1.34411948
1,0,0.23215194897506103
0,0,1.6949521092193636
1,0,3.459114537765357
0,1,4.14343646
0,0,0.9081497235777234
1,1,1.3806390804376896
0,1,2.230917855779271
1,1,0.042960768
1,0,3.904278458529142
1,1,1.8910490403318634
0,0,4.4986779270536825
0,0,1.3860680782050752
1,1,-1.390261948
1,0,3.431259424536353
0,0,-2.016877396
1,1,4.302586897
0,1,4.1938667138861065
1,1,-0.010012833
0,1,4.0700844965359675
1,1,4.4925311243072965
1,1,-1.326674589
1,1,0.053043018961938415
0,1,1.524071477
0,0,-2.01199322
0,1,-5.36645218
1,1,1.2868668753618517
0,1,0.8191743167044812
0,1,1.2426508278694055
0,1,5.745144127029427
0,0,-0.107663594
1,1,2.459206137888607
0,1,3.3502813668454015
1,0,4.174669907429018
1,1,-0.180645108
1,0,-4.102056003
1,1,5.268055459071896
0,0,1.0068721703938996
1,1,3.9448814262125262
0,1,-0.177112243
0,1,-1.401631817
0,1,0.30029634595796406
1,1,3.9391029936540107
0,1,0.4906671147690136
1,0,0.9558424808647514
1,1,2.9386188269423776
0,0,-0.213001226
1,1,2.110289221
0,1,-0.810814641
1,1,-6.257065987
0,1,0.33102756802678884
0,0,2.328830419610841
1,0,0.3056736117103542
1,1,3.9619671132632384
1,1,-1.115291059
0,0,-0.018549798
0,1,1.221132110329911
1,1,0.526648511
0,0,5.5592148658113665
0,1,-1.843005926
0,0,5.621201921091577
1,1,2.4752428856943065
1,1,1.3576066388720163
1,1,-1.83382173
1,1,7.875160559886035
1,0,0.4737099646418541
1,0,-0.269138521
1,1,0.37371295731769794
1,0,-7.310042411
0,1,5.475765953319261
1,1,1.6796311826927501
0,1,2.302530928553638
1,1,2.333068962933266
1,1,0.7218556760595333
0,1,-1.180384883
0,1,3.31355516
0,1,3.653182612417958
0,0,0.4040914877296411
0,0,-0.365485271
1,1,2.2756975258093717
1,0,2.962722881264006
0,0,2.2973624406429307
1,1,0.8170560373747504
1,1,3.1114172619512885
1,1,1.5005872783270608
1,1,-3.15732358
0,0,-2.580676454
0,0,-0.44143324
0,1,-5.027520802
0,0,0.5761251318279866
0,1,-1.446712156
0,0,2.134171669646881
1,1,-1.964658724
1,1,-1.049313933
0,1,1.5587130669181732
0,0,1.1645993152873775
1,1,2.350141473451341
1,1,-0.870062179
1,1,1.8292309355912928
1,1,2.7545980664268757
1,1,1.513166266865038
0,1,2.6229079464597183
1,0,-0.797411277
1,1,0.1720883768127363
0,0,1.0599099967031103
1,0,0.9225036047621844
1,1,2.527088659729576
0,1,3.5962168770493523
1,1,1.7634695647552643
1,1,0.098628716
1,1,1.5415789926490815
0,1,-0.659579633
1,1,0.6278975344723862
0,0,-3.495233811
0,1,2.0303160845112105
1,0,2.417878179431603
0,0,-1.627180033
0,1,0.098953324
0,0,1.6280093754514533
1,0,3.7865178933917982
1,1,1.5155234337737211
1,0,1.6751526217189743
0,0,1.7228965811710566
1,0,-2.639388563
0,0,-0.011248901
0,1,1.9907162474220697
0,1,-4.717705218
1,1,-0.473094008
0,1,-2.264638036
0,0,-2.973143804
0,0,-5.168060213
0,1,-1.155042354
0,0,2.765737646411151
0,0,-0.836087838
1,1,1.0285373256081338
1,0,4.9842505248858355
1,1,-0.917077089
0,0,1.2839495356028352
1,1,1.6005201438005252
1,1,0.23620072007314447
0,1,1.6253510224803298
0,0,1.538895291502642
1,0,1.3509668969704134
1,1,0.4102670374705282
1,1,-1.594343187
0,0,-1.24372422
0,1,3.1580766063219614
1,0,2.553801089536259
1,1,-1.750741343
1,1,1.1710081433593056
1,0,0.5701423564036896
1,1,1.6466223810797849
0,1,0.11608696050507611
1,0,3.1839592300242194
0,1,2.7886881341655956
1,1,0.3535380460026918
1,1,-1.100576764
0,0,-0.557745897
1,0,3.4740122950717973
0,0,-2.68656144
1,1,0.090761372
0,0,0.26238206715090884
0,1,3.538511960151892
1,1,0.21554144546942688
1,1,1.8890588276803042
1,1,4.208898722785511
0,0,-2.182765009
1,1,-2.546394815
1,0,-1.356655304
0,1,0.13339002836732328
0,0,0.2956902525258306
0,0,-0.758736951
1,1,0.558821608
1,1,-0.890775663
0,1,2.5855458138329412
0,0,-3.589724535
0,1,0.76212946
1,1,-0.61632443
0,1,2.1241615829898857
1,1,1.3555473052661893
0,1,4.420732876863102
1,0,-0.715289503
1,1,-2.787979136
0,0,3.3688377781715317
0,0,0.708656002
1,0,2.3673519728834433
1,1,4.609318857343768
1,0,-2.988302428
1,1,-5.359162528
1,1,2.901689363311025
0,1,1.3517400801764787
1,1,-3.421398845
0,1,-3.347036955
0,0,1.3626233277152089
0,1,-4.826126738
0,0,-0.3397152
1,0,4.1471755719122685
1,1,-0.357800089
0,1,-0.049909655
1,1,2.5179957609803942
1,1,0.8432648912284233
0,1,-1.866774113
0,0,-3.061861102
0,1,-0.220351507
1,1,0.7068154146589809
1,1,-0.032939688
0,0,1.345203389363276
1,0,1.4543947728741575
0,0,-3.37358295
1,1,-0.846891774
0,0,-2.20477358
1,0,1.8972390086835618
0,1,-0.417334548
0,0,-1.000876699
1,1,-0.178602663
1,1,3.9771254577937563
1,1,-2.132321641
1,1,1.1166982417278906
0,1,3.4188291678135903
1,0,-0.971204315
1,1,0.5237324208808684
0,1,-0.205522115
1,0,-2.070049421
1,1,1.3796771183395877
0,0,2.4297492487922434
1,1,0.34804406433747065
0,0,2.576931968964378
1,1,0.4771632994694247
1,1,0.6974476777178897
0,0,-2.602576335
0,1,1.3734425638708028
1,0,-3.297569585
1,1,3.6408063646761346
0,1,3.98944145
1,1,2.8535568062486285
1,0,-1.467647729
0,0,0.2159617831411722
1,1,-1.137267744
0,1,-0.070536808
1,0,2.276802149623414
0,0,1.7818721446095376
1,1,-1.5891084
1,1,0.7036540780353581
1,1,-0.002632626
1,0,1.507760983867406
1,1,-0.58683044
1,1,-0.913450229
0,0,3.5760448783915644
0,1,3.8360684425432856
1,1,2.152803767285462
1,1,-2.425480337
0,1,3.199984966105684
0,1,0.25975590787668656
1,0,0.7172482897200172
1,1,1.566269899840798
1,1,-2.906262472
1,1,-0.097066296
0,0,0.3000226130472083
0,0,1.9629689236852046
0,0,0.9487138133476314
0,1,0.8035747978356541
1,1,0.8216939880346318
0,1,-0.957560496
1,0,0.5062134449348452
0,0,0.5305049816239984
0,0,4.129125387879566
1,1,0.025773180840923948
1,1,2.8047331119611174
0,1,-0.455301257
0,0,-2.331219896
1,0,0.8293358618751319
1,0,-0.813466763
0,1,-1.469955424
1,1,5.2322002680428685
1,1,-0.385505718
0,1,3.935372477
1,1,0.668141348
0,0,3.4179958002390882
1,1,-0.933100983
0,0,-1.802207035
1,1,3.434279079648844
0,1,-0.717909317
1,1,0.5763630889288199
0,0,0.8122990389590627
0,1,5.678563158
0,0,0.21534431221832362
1,1,-1.999165682
0,1,1.0150375475423812
1,1,0.44927787891065507
0,0,-1.225692464
1,0,-1.347522281
1,0,5.556171804782146
1,1,-1.897659167
0,1,1.8765852673884873
1,0,1.9628877290787141
0,1,1.8503783087470023
0,0,2.566546644096027
0,0,0.6564415518301973
0,0,2.8316312411496534
1,1,3.837488305484208
1,1,1.8095788535756523
1,1,-0.121077434
0,0,1.4398844601907221
1,1,1.0248767669388732
1,0,1.1262624214742265
0,1,4.291998046720441
1,0,5.556592813
1,1,4.977339582895104
1,1,3.6764222910903763
0,0,0.8121533306601436
1,0,0.34224705561403856
0,1,-0.641881549
1,1,2.2620087794891535
0,1,2.602310148524617
1,1,4.460429182
1,1,-2.800341574
1,1,-1.71983139
1,0,3.552082815075179
1,1,2.4542803488850913
0,1,1.188343208213809
1,1,0.6432345913187452
1,1,0.16999789041778068
1,1,1.2980942358573786
1,1,1.925593701960876
0,0,4.63689286
0,1,0.7565334176113382
1,1,0.8037630572799053
0,0,4.626838346968969
0,1,-0.085932112
0,0,-0.099958395
0,1,2.2553908775525153
1,1,1.3035810775232861
1,1,-1.011993128
0,1,-1.762875363
0,1,1.0706608277339857
1,1,-2.121079452
1,1,4.115981527983722
0,0,0.24055375879635899
1,1,3.9423059420025366
1,1,1.4893590135980261
1,1,-1.704444273
0,1,1.9866114145412876
1,0,1.5137102863877654
0,0,2.4568790256963444
0,0,-1.118774332
1,0,3.1577732856599865
0,1,-3.108202731
1,1,-1.494356597
1,1,-3.301286889
0,1,0.11036465446832044
0,0,-0.937157455
0,1,1.1324778520279841
0,0,-0.186109337
1,1,2.2097681975789105
1,1,0.3767231014615616
0,1,0.3857590436602336
0,1,-0.06390999
0,0,-0.559366769
0,0,-0.180853673
1,1,1.610874156190793
1,0,1.0238672761806136
0,1,0.6787400290142219
1,1,2.281862279579412
1,0,5.795068055847784
1,1,0.2871830755633269
0,1,-0.083193622
0,0,-6.068829088
1,1,3.7753540137927946
0,1,4.606766437012474
1,1,-1.679419338
0,1,0.4593568492239479
0,1,1.885323314910161
0,1,3.5688962563592894
1,1,-0.855264601
0,1,2.1029634722607504
1,1,2.3219304557732943
0,1,-0.055470853
1,1,4.325589792343745
0,1,1.0936219209214226
0,0,1.0913203339892608
0,0,-2.46454301
0,0,2.695195111136413
0,1,3.2863521544207304
1,0,-0.339601693
0,0,2.0245482892320994
1,1,-2.168418122
0,0,3.2261429433217277
1,1,-0.484746023
0,0,3.8107930667866388
1,0,-4.27292443
1,1,4.542573948768204
0,0,-1.524317281
1,1,0.3292881699208136
0,0,-2.105429989
0,0,1.7973324018422643
1,0,4.285137114860652
0,0,1.4943380401394222
1,1,-0.569320393
0,1,3.2793082976591617
1,0,-0.693326702
1,0,2.869823737677458
1,0,2.6346326409267626
0,1,0.1452513656851968
0,1,-1.344872713
1,0,0.25208764253669586
0,1,-2.59493686
0,1,-1.802574928
0,1,-1.890325139
1,0,-0.804187336
0,1,0.892063556
1,0,0.8535535253246774
0,1,-1.282342595
1,1,0.1321533294972611
1,0,5.590057335337456
0,0,-0.149882296
1,1,0.8204469661473868
0,1,0.4319193078424153
1,0,-0.876265938
1,1,-0.318921773
0,0,-1.03262311
0,0,-0.801531909
0,1,-0.966749862
0,0,-4.21186286
0,1,4.9730142221229245
0,0,-1.490172062
1,1,1.8960053152371146
1,1,-2.907562321
1,0,-5.588961791
1,1,1.9462658484086297
0,0,1.614348399755118
1,1,-2.725444458
0,1,-1.465283265
1,0,-4.424887849
0,1,-2.113705891
1,1,0.9268781370878946
1,1,1.378823784307117
0,0,0.3971885326874801
1,0,0.5300181319091658
0,0,2.944876559827266
1,1,3.0217864323038595
0,1,1.843953976805045
0,0,2.078788598
0,1,-5.662389466
0,1,0.6719636112301874
0,0,-0.266133016
1,1,-1.04014801
1,1,0.40610556931102726
0,0,-4.002504426
1,0,3.6356302419129087
1,1,2.5069434227439262
0,0,-0.856256856
1,1,-2.184922466
1,1,3.957038153625248
0,0,0.5299488982972724
0,1,1.441980368005085
0,0,-0.255682862
1,1,-2.1549569
0,1,-0.925637561
1,0,-0.440410298
0,0,4.148100280394795
0,1,-0.881411223
1,1,2.1101930506207323
0,0,3.409563578960979
1,1,-0.289954064
1,1,-1.81514508
0,0,5.200269855726052
1,1,-1.915480746
0,1,-0.458525997
1,1,3.125257482424313
0,0,-2.550311452
1,1,1.3211558109704353
1,0,0.47791560437605696
1,0,3.089929202992088
1,1,-0.042580645
1,0,-0.233280461
1,0,-0.012152304
1,1,3.614258431340303
1,1,2.7121456161667665
1,1,-0.0299097
1,1,1.9121376807874482
0,0,0.8054622283201781
1,1,-1.87164377
1,1,0.7336085983915669
1,1,0.8959758991791054
0,1,-0.998155949
0,1,0.5124355051356748
0,0,4.479877337501301
0,1,2.2500767854928214
1,0,-2.500904544
1,1,4.049964221021557
1,1,-0.016427993
1,1,-0.08621939
1,1,4.596013441293159
0,1,0.6481280429233347
1,1,3.095679340737188
1,1,-0.048194368
1,1,0.20639128637773618
1,1,3.137569628263535
1,1,1.2662826497104362
0,0,3.3942690584792223
0,1,-0.623190773
0,0,-4.515667467
1,1,4.9022151070899875
1,1,-2.074449829
1,1,2.976260368695164
1,0,-0.244655865
0,1,2.485944456890942
1,1,-1.825605782
0,0,-0.350718747
0,1,5.416136117
1,1,-3.004764811
0,0,-1.815136127
0,0,2.0326973595379614
1,1,2.9935258698301612
0,0,2.182042808865476
1,0,-0.619841925
0,0,1.3520557785747014
1,1,0.3953211058950348
0,0,3.4020186098032275
1,1,-1.263351534
0,1,2.7591809852605005
0,0,3.360947441553127
1,1,1.607607679110468
0,1,-1.110305324
0,0,2.089559156086865
0,1,-2.461483156
0,1,-1.696597623
1,1,-2.410050971
1,0,0.3724194088489825
0,1,-1.024409904
1,1,0.6672870702873028
1,1,-0.686305
1,1,-1.199998573
0,1,-0.25756716
1,0,1.713412322928401
0,0,3.109139074271673
1,1,-0.557038555
0,0,3.675081998170601
1,0,-0.055362394
1,1,0.34958839268172925
1,0,-0.133784538
1,1,-0.811117979
1,0,3.828066839
0,1,2.833854845435215
1,1,2.6179628438177316
1,1,4.755223030095813
1,0,2.204502742317495
1,0,-1.129687502
1,1,2.186126800147382
0,0,3.9525985125417353
0,0,-1.837332559
1,1,-2.763874039
1,1,1.0309194575232294
1,0,1.613445572252221
0,1,5.2455316681204645
1,0,0.7878286959354904
0,0,2.7301588372733314
0,1,1.4997812313366765
0,0,1.420786101403822
1,1,-1.004727735
0,0,5.743258476998099
0,0,0.4659212293227249
1,1,-2.884579407
0,1,-1.386134776
1,1,-0.314895825
1,1,2.6594553739195477
1,1,1.6867746333359384
1,1,-1.37311424
1,0,2.5348697951262356
1,0,-1.115268703
0,1,2.2504199706318992
1,1,-0.413050464
0,0,0.8994551126115755
0,1,-0.959784517
0,0,3.6186599942885285
1,1,-0.394384983
1,1,1.1800813603216853
1,1,1.6767567538523174
0,0,1.4487055381974214
1,0,4.5352809547463835
0,1,2.7588912597912256
1,1,1.5030439619100138
1,1,-5.802930125
1,1,1.0672271622040717
0,1,2.7769293819454677
1,0,2.006342553233954
1,1,2.7633341376298404
1,0,2.4138472455165028
0,0,-0.376439003
0,1,1.529726436517235
1,1,-0.926393265
1,1,-0.584195919
0,1,-2.669290047
1,0,1.6926901512371058
0,1,0.6086288412615997
1,1,0.6447967280982325
0,1,2.5913078473434163
0,0,-2.497520049
1,1,-2.0420833
0,0,2.5324319111181324
1,1,1.9048929523073606
1,1,1.753814600505023
1,1,1.2038013415081772
1,1,1.6887093537407032
0,1,3.717507498380348
0,1,-0.317688475
0,0,-2.064739466
0,1,2.9807605475158865
0,0,0.33618006373245823
0,0,0.7112921820805048
1,0,-3.270760215
0,1,-1.651855367
1,1,-0.066157522
1,1,2.4941015847560846
0,1,1.4826665007702775
0,0,-0.766284981
0,0,-0.112694287
0,1,-1.129805614
0,0,-1.474483361
1,0,-1.489353367
0,1,0.6011513950625871
1,0,2.7316829244112575
1,1,3.850346471081336
1,1,-0.417473365
0,0,0.4967395438081972
0,1,3.204499052384279
1,0,0.33991893585146715
1,1,1.1860790652992528
0,0,1.0339091212795817
0,1,-1.046892649
0,0,-0.135652515
1,1,-1.540812794
0,0,-2.391057224
1,1,-0.937569433
1,1,1.5346295846921367
1,0,0.6022629764969873
0,1,1.2826163162762196
1,1,-0.258777913
0,0,0.2972640842703642
0,0,1.9507665514326544
1,0,1.4280901781810156
0,0,-1.878984785
0,1,-2.619947369
0,0,2.2198732018011698
1,1,-3.720008416
1,0,-2.550582354
1,1,-1.865082646
1,1,1.622792903318297
0,0,-0.628900076
1,0,0.7125052290338447
0,1,4.289181169464094
0,1,-0.048059499
1,1,3.6664114735792888
0,1,-1.348904674
0,1,1.967010520984854
0,0,-1.25746077
1,1,1.7489129731184216
0,1,1.8982603448224955
0,0,-0.535922019
0,1,0.864213128
1,0,4.682178385473797
0,1,0.4456088393889238
0,1,-0.435907285
1,1,1.0968231505672692
0,1,0.9562033108595263
1,1,1.6011036207291947
0,0,1.3016060105939946
0,0,2.274699367075859
0,0,-0.654934869
1,0,1.9658687004769957
0,0,-1.016306151
0,1,-3.99894086
1,1,1.2963227900591214
1,1,-0.888542414
0,0,0.11832392231972155
1,1,-0.917475035
1,0,1.2247199878060941
1,0,1.1620972665458256
0,1,-0.860341583
1,0,2.0764720334681592
1,0,1.4411790761569996
1,1,-2.866684828
1,1,-0.935931967
1,1,4.681491667966068
0,1,1.4247923234208548
1,0,-2.057436799
1,0,-1.090210608
1,1,-0.645975804
0,1,-3.199346073
0,0,0.17695553664893215
0,1,1.6318374939015223
1,1,2.4616229369592597
1,1,4.216309952534578
0,1,2.726193098094513
0,1,1.5452581051356933
1,1,-0.875501006
1,0,1.3540157806368438
1,1,-0.039083377
1,0,4.565164764456519
0,0,-4.07788772
0,0,0.7382645130891873
1,1,1.0035587640656767
1,1,-0.009435845
1,1,3.805925360806601
0,0,-1.480935466
0,0,5.066173926
0,0,-1.968063672
1,0,-0.121546624
0,1,-0.490595279
1,1,-3.198937973
1,1,-0.218842901
0,1,1.0750387739344696
1,1,-6.549686934
0,1,-1.790913448
1,0,-1.396159679
0,0,1.1051955996677416
0,1,0.3059837013458039
1,1,-1.527331394
1,1,-1.946946398
0,1,-3.684913588
1,0,0.3121659986692089
1,1,-1.621162951
1,1,-0.947884341
1,0,-2.12441338
0,0,2.376057191171878
1,1,0.8130496726247116
1,1,-3.974901361
1,1,-4.196750359
1,1,-1.930130826
1,1,-1.761028864
0,0,2.847585668898157
0,1,8.723429630763198
0,1,1.1924741545929636
0,0,5.195566528201977
1,1,3.4958468656813944
1,0,1.811786045453392
1,1,-0.27848347
1,1,1.505528100781601
1,0,2.9996038986548728
1,1,0.4345523404397933
0,1,-2.988625835
0,1,-2.74349795
0,1,-0.643866723
0,1,-6.084354065
1,0,0.9229498973705487
0,0,0.072363901
1,1,2.600644478767655
1,1,-1.841565569
1,1,1.4176327070160448
1,1,0.8906059104333547
1,1,-0.478032874
1,0,-0.536302072
0,1,5.857995895169732
0,1,1.8032657803500096
0,1,2.3417250938691057
0,1,-2.583506114
0,0,-3.348378142
1,0,-0.293766862
1,1,-0.327199788
0,1,-2.146539713
1,0,0.44446441889056165
1,1,2.8119766310473104
1,1,2.156496812356484
1,1,2.2839099770775197
0,1,-1.795511786
0,1,-0.361689253
0,1,0.9639824010973946
0,0,2.1609800789156184
0,1,1.1059487835238415
0,0,1.1547754682475522
0,0,0.2307750959941141
1,1,-1.416405678
0,1,-2.911290167
1,1,4.315075627133901
0,0,3.0217518435389428
0,0,0.6305836379267814
0,0,-0.782519958
1,0,-0.626148208
1,0,-0.732980811
0,0,1.608316222
0,1,-1.610255066
1,1,0.8936816856434135
1,0,0.832076984
0,0,-0.447159244
0,1,-0.182423412
1,1,-1.879247788
0,1,2.840030225637098
0,0,1.3798949075965765
1,0,3.443220767638999
1,1,-1.218707955
1,1,2.663333671295044
1,0,-0.006783741
1,0,-1.71693877
0,0,-3.260328019
0,0,2.5633760263276018
0,0,1.733249394988504
1,1,0.7347490986938576
0,0,2.2321821511971445
0,1,-2.43824644
1,1,1.7934229075573864
0,0,1.0317835881465092
0,1,-0.002461139
0,1,3.8845522003112287
0,1,2.3992836860665228
1,1,-0.470845214
0,0,-1.078245983
0,1,0.27377327800072526
0,0,2.483199402258707
1,1,2.966256796168576
0,0,0.32457059620981493
0,1,-2.425888179
1,1,-0.086456186
0,1,-3.115575973
0,0,-1.117709203
0,1,-3.795244647
0,1,-0.72444044
0,1,6.5310379188082806
1,0,0.4437175819369934
1,0,1.2524549808831296
1,1,0.5259032172076842
0,0,1.6950554809364424
1,1,-2.956211836
0,0,-1.216633944
1,1,-0.025061993
0,0,3.388302647532755
1,1,-0.889729109
1,1,0.8270103896148391
0,0,3.0312587068258883
0,0,-0.790007357
1,1,0.8233712084419457
1,0,1.5625384702545557
1,0,-2.841668517
0,0,-4.64441079
1,1,-3.100993172
1,1,1.2154252688841511
1,1,0.5215575762391728
1,1,1.0178687659532195
1,1,4.430654720590772
0,1,0.8087785282600981
1,1,1.4247558294651042
1,1,-1.729834558
0,1,2.5692168782853835
0,1,-2.884805262
0,1,-0.990193119
1,0,4.949968034323895
0,1,0.091474219
0,0,-0.598425471
1,0,-2.657746323
0,0,-2.849489597
0,1,-4.214668545
0,0,2.8482680619014284
0,0,1.2862144650043872
1,1,-0.162940806
1,1,-0.145317628
0,1,0.23283227685898109
1,0,-2.848438944
1,0,3.8890727776508975
0,1,4.2653355705474265
0,1,-1.263928621
1,1,0.6588607273681868
0,0,-0.266148302
1,0,3.5637938931551285
1,1,0.7503127370796662
1,1,1.8786019554930125
1,1,0.47050556286193557
0,1,0.1154222361209063
0,0,3.235588282984292
0,1,2.259060584791163
1,1,0.6825724436610909
1,0,0.4847457316755276
1,0,2.741233940912077
0,1,-1.412388502
0,1,1.2488385829502076
1,1,2.2789505522189435
1,0,1.5910194208244688
1,0,1.4652004855385812
0,0,-2.417948358
0,0,2.9017141999738474
0,0,0.061333497849404006
0,0,3.3243075285899844
1,1,-0.815482934
1,0,2.9620884776412755
1,1,0.37237191454033314
1,0,-2.794832244
0,1,1.3362948733886917
1,1,-0.986174702
1,1,-4.832295159
1,0,7.997984683565781
0,0,1.6214305031875678
0,1,-1.278661303
1,1,3.319096330639097
1,1,0.3946291283265022
0,1,2.1563115022781485
0,0,-0.147144249
1,1,4.998101510863706
1,1,2.596772309385346
1,0,1.157364504259668
1,1,-2.684121879
0,1,-2.428413586
1,0,2.1012160436316174
0,1,-0.974163629
1,1,5.147656714
1,1,4.994641414059758
1,1,-3.272054894
1,1,2.3602940008765265
1,1,-0.762307335
1,1,0.099754944
1,1,0.2584206917525176
1,1,1.0943213092322717
0,1,3.841275977409029
1,1,3.640767675744393
1,1,2.3132414876165015
0,1,1.9264392693888548
0,0,3.1439612340316403
0,0,-3.683044349
1,1,0.32124532495414326
0,0,2.3771889028992614
1,1,-0.001792492
1,1,1.208767548223221
0,0,3.493768814486505
1,1,4.527380512143365
1,1,-0.519589689
0,1,3.7830310070594275
0,1,-0.841035695
1,1,2.638050230908933
0,0,3.8130742642400013
1,1,2.778391142959217
1,0,-1.159675689
1,1,0.430713903
1,1,-1.711818465
0,0,2.0664973892230085
1,1,0.7812703752495167
0,0,2.608770673504365
0,1,0.6014463502101792
0,1,1.6974967342605751
1,1,-4.667280651
1,1,-1.36224736
0,1,0.48205767383907006
1,1,-0.06620002
0,0,-0.908219605
1,0,1.3616847568952197
0,1,-1.215026044
1,1,0.2129965536699675
0,1,-0.209057183
1,1,1.511222164206226
1,0,1.80503605
1,1,1.7691168910272423
0,0,3.0273227881198514
1,0,0.8533601699935198
0,0,-3.027483289
0,1,1.355857242392753
1,0,-2.328043649
1,1,-2.756895194
0,1,5.701124411679776
1,1,1.3457500482074487
0,1,0.6789991303201314
1,1,-0.518188719
1,1,0.7150504021914875
1,1,4.820005820105037
1,1,-3.558691174
0,1,1.4671429029892276
0,1,5.502256905503937
0,1,0.9175342139870384
0,0,0.099475373
0,0,-1.544863925
0,1,1.4628953492632077
1,1,0.9010976902639384
1,1,3.0377078258490906
1,1,3.8578406667067666
1,1,4.499373906
1,1,3.089675625848587
1,0,1.8534140447412124
1,1,3.4126834532579178
1,0,3.445810883820361
1,0,1.9920532764905379
0,1,0.2190950306725744
1,1,0.8917891836832559
0,1,1.3353760021631422
1,0,2.1812090874486247
1,1,-1.092641585
0,0,-1.898921683
1,1,5.403106641043408
1,1,-1.608330425
0,0,2.019121308987948
0,1,2.3413002298207495
1,0,2.473303758742514
1,1,3.6780910756902414
1,1,0.059422429
0,0,-1.00195573
1,1,-3.409205865
1,1,-3.368042572
1,0,-1.359113496
0,1,0.6252205152560975
1,0,-0.440310633
0,1,-2.729566398
0,1,-1.538998208
0,1,4.205315099049551
1,1,3.605235647
1,1,-1.669217406
1,1,-1.279095724
1,1,-0.603037454
1,0,0.1079461127928818
0,0,-1.34561061
1,1,-0.368478852
1,0,1.7684700957587078
0,1,-3.496979609
0,1,-2.334659962
0,1,0.4717156425974882
0,1,5.182760164811992
0,1,-2.840849473
1,1,-1.213155564
0,0,2.219047754983598
0,0,4.937365188
1,1,-1.996373838
0,0,1.4792617305183153
1,1,1.780155103340417
0,1,-0.046506608
1,0,0.9025543088085466
1,1,3.102485516146327
1,1,1.4643423868368566
0,0,-1.357168581
1,1,2.418817839366178
0,1,3.602330013759164
0,0,0.9794824487947938
0,1,-1.02831364
1,1,0.6406138854854158
0,0,5.327512215387678
0,1,1.5969054823008686
1,1,-1.694642214
0,0,-1.613727777
1,1,-0.492430628
1,1,4.450762997678522
0,0,-0.153439548
1,1,-1.828097344
0,1,2.197557638785563
1,1,0.4769694511683372
0,1,5.918549978982704
1,1,-2.186460774
0,0,0.6899970974854864
1,0,3.0221452699652227
1,1,3.600624535025336
0,1,2.0322219740843215
0,0,-1.013064567
1,0,-0.200884419
0,1,-1.950097841
1,1,-1.038919943
0,1,1.931945906696886
1,0,2.0410746591771702
1,1,-1.838155486
0,1,0.8055841699114177
0,1,1.3102558724623683
0,0,-1.227627761
0,0,0.12405380595818649
1,0,0.7503584095813975
1,1,-1.047153166
0,1,1.9041612671907968
1,1,1.638045874068828
0,0,1.9616024868934034
1,1,-2.311837782
1,1,-3.196244362
0,1,-0.305916388
0,1,0.6443908468762511
0,1,-1.84078445
1,1,-1.198914658
1,1,-5.098954871
1,1,5.653732920050803
1,1,-1.715934418
1,1,-0.845018115
0,0,-6.192045368
0,1,1.377273230823469
0,0,-1.626542159
1,1,-0.361190648
1,0,1.4525376347353989
0,0,1.8501263369523973
0,0,1.3531417293315988
1,0,-0.520766413
1,1,-0.706538846
1,1,0.7392385748398341
0,0,4.130406416094426
1,1,-0.917540391
1,1,2.147368448081293
1,1,-3.280107804
1,1,2.6670183116085893
0,1,-1.032229243
1,1,-2.057275859
1,1,4.0504252363872615
1,1,1.3169890009113516
1,1,-4.180981338
0,1,0.3985790847582341
1,1,0.005693867
0,0,-1.524588416
1,1,2.3601317237233315
0,1,2.3347704071099322
0,0,4.539350196531472
1,0,-0.07076997
0,1,-1.658501506
1,1,4.076308329020233
1,1,0.34290974555981574
1,0,-1.453115288
1,1,2.6056699176502085
1,1,3.8819061481578694
0,0,5.607932610918532
1,1,2.380760624652292
1,0,-2.197452801
1,1,2.7132511880846444
0,1,4.998791752225642
1,1,-0.533010228
0,0,-0.13684388
0,0,1.1697808613562675
0,0,0.8202118844955024
0,0,1.4528961325706273
1,1,-0.169850056
0,0,-1.539100985
1,1,0.18871921345424836
1,1,-3.27349472
1,1,5.160657163596875
1,1,-0.721022545
0,1,0.15991863890019664
1,1,-2.874722321
1,1,1.5239406618399616
0,1,5.501002341544487
1,1,3.7225541556144615
1,0,0.10862971212945761
0,0,0.7151776415465447
0,1,2.658274391286799
0,0,2.2738883029177512
0,0,-4.738259618
0,1,-0.575953109
1,1,-1.176083424
0,0,1.9370384013073012
0,1,4.086393387931892
0,1,-1.815734319
0,0,2.7367747567085834
1,0,0.8344375678347772
0,0,1.3017076617480587
1,1,5.5195246422332085
1,1,1.7243138515379683
0,1,1.1710355895726006
1,1,3.0816131154252675
0,0,-2.263390576
1,0,0.5582037935917447
0,1,0.6110301646139558
0,0,2.281263068835511
0,0,1.420584532910071
1,1,1.8009101675897865
1,0,2.1189803445990174
0,1,1.2789062604759365
1,1,-0.240096977
1,1,3.589157523742671
0,1,-0.730228616
1,1,3.4932209151557525
0,0,1.1471867828861442
0,0,3.213818063312779
0,1,-0.176957055
1,1,2.5506993540271514
0,0,2.1231867336260475
0,1,-0.10678747
1,1,0.39621308784036746
1,1,-3.698907427
1,1,-2.448027356
0,1,0.8881162668109499
1,1,-0.538108786
0,1,0.070922082
0,1,-0.346152924
0,1,4.968173294223718
0,0,1.461994646383906
1,0,3.680563673915117
0,0,0.37837623443262636
1,1,2.9394756632407764
0,0,0.9756525342997399
0,0,-5.056321683
0,1,2.7757176944394004
1,1,2.604230505387451
0,1,5.855046035363985
1,1,0.706665508
0,1,4.259498047566542
0,0,-3.105533422
0,0,6.201027852404612
1,1,1.942871416798396
1,1,0.9650910386618797
0,0,3.083712570162666
1,1,-0.032667053
0,0,2.555722791671832
1,1,-3.088731523
1,1,3.9428800807527953
1,0,-3.635635494
1,0,0.8905170889143683
0,0,0.9078389058376451
0,1,3.7754134099085546
0,0,1.2508482150230835
1,1,2.0682807051816665
1,1,0.236184444
0,1,-1.879328197
0,1,0.24818211578708782
1,1,1.171405733192345
1,1,-0.132356203
1,1,1.771362309808547
0,1,0.7998760601619018
0,1,3.1959814719041146
1,0,4.392358189852302
0,0,3.1958275879927776
1,1,3.846907929245699
0,1,0.2535362553519369
1,1,0.534995285
0,0,-0.324177433
0,1,-1.503996558
1,1,0.22057268514157635
1,1,-0.968016424
0,1,1.8066009812648356
0,0,2.974439678354874
0,0,-1.853153773
0,0,-1.31781444
1,0,4.614530919600656
1,0,-2.459866421
0,0,1.9996456660408624
1,1,3.391655348151834
0,1,4.403826930122735
1,1,-1.470651331
0,1,4.670721687330017
0,0,1.8777300744590493
1,1,1.7971035406570133
1,0,1.0771327842401472
1,1,1.1721301102372021
1,1,3.2722712258698348
1,1,1.1985022061926958
0,1,1.388385914425375
1,0,0.7813571054262776
1,1,0.56329454
0,1,-1.000363299
1,1,1.2017433647862883
0,0,-3.120605984
1,1,2.066480322180234
0,1,-0.137753398
0,1,3.724223260592566
1,0,-0.127944639
1,1,0.47846686767994384
0,0,6.251454655
1,1,1.8228189580458034
1,1,0.17049023363935803
0,1,0.18557240272250375
0,1,2.7420275424841964
0,0,0.9482357830900732
0,1,2.4205510847212643
1,0,-0.666666824
1,1,1.0276366396152512
1,1,1.4326007172019897
0,1,-1.419042782
1,1,4.311238715002364
0,1,2.9913908855194182
0,0,2.263976362192646
0,0,0.7557636288394448
1,1,1.140213800831979
1,1,2.895016128
1,1,-2.177133736
1,0,0.014513288703075888
0,0,-1.559186328
0,1,1.4897434216674834
1,1,1.4474263986206042
1,1,0.017056819291152436
1,1,0.9565505239308352
0,0,-3.635865436
0,1,1.1575429991262172
0,1,0.44426467908307277
0,0,-0.504731368
1,0,-1.834680209
0,0,-0.059708593
0,0,-1.790399021
0,0,1.2529173892579732
0,1,1.5382377465903956
0,0,-1.174069384
0,1,5.495055233608751
1,1,4.252818259167388
0,0,-0.050106527
1,1,-3.598876262
0,0,-1.047973187
1,1,-2.419133606
0,0,2.0304133751846765
0,0,-0.428526743
1,1,-0.178648746
0,0,4.479142247585266
1,1,1.6191174509403918
1,1,3.3414452550657203
0,0,2.4472331783160595
0,0,-2.427258282
1,1,-2.193820864
1,1,2.7964317214757792
1,1,-1.588362894
1,1,-0.688850372
1,1,0.11056203871244064
0,0,-2.390973329
0,1,-1.277416759
1,0,2.977240208260578
1,0,5.442125710753069
1,1,5.252864965824009
1,0,-0.821125459
1,0,1.8739991738141866
0,1,3.478078176430527
0,1,-0.036369078
0,1,1.7432340182861614
0,0,1.247972610083242
1,1,-2.246877704
0,0,-1.865778546
0,1,0.5711263045315255
1,0,-3.156380665
0,1,3.5866146480402405
1,1,4.822693479384977
1,1,-1.470048216
1,1,0.9257425052391977
0,1,3.833536780353899
0,0,1.1572598033785364
0,0,1.2934778661889004
1,1,-0.5194589
1,1,2.710317494919842
0,1,-0.190458673
0,0,4.924602828584502
0,0,0.37838015006002546
1,1,0.6298329792001367
1,1,0.5020028224358393
1,1,-1.161739801
1,1,0.6966518582001106
1,1,0.033573236
1,1,3.4518030640061994
0,0,-3.171141208
0,1,0.24359865663055513
1,0,-2.245127676
1,1,3.3571816387153364
1,1,4.285393867548308
1,1,-1.722736115
0,1,-2.702880755
0,1,3.8299635271872186
0,0,-1.813764001
1,1,3.0555004351243293
1,1,0.7644719717403018
0,0,-1.035010274
1,1,0.19853965858189548
1,0,-2.433212103
0,0,-2.213577312
1,1,-0.851571233
0,1,-1.621054511
1,1,0.16932262601981218
0,1,-0.382059687
0,0,-0.388349331
0,0,1.6453043374971117
0,1,2.9679729412269316
0,0,5.566039235275046
0,0,2.502284501
1,1,-3.288897041
0,1,-3.500600518
1,1,4.105532756071412
1,1,-1.994318093
0,1,4.259620706930721
0,1,1.4815218829864982
1,1,0.5779579374512385
1,0,-0.606893494
1,1,-0.871848934
0,1,3.6882357228624447
0,0,4.7714827937907645
1,1,2.582078793692775
0,0,0.5085701510591482
0,1,1.0248231000233599
1,1,2.886181803679843
1,1,-5.150200242
0,1,-2.77366912
1,0,3.2650760663689598
0,1,0.06012914
0,1,3.0439287964786015
0,0,1.2548984333252218
1,1,2.9577264705330504
1,0,-1.297608775
0,0,2.3822089704908693
1,1,0.24251036508516097
1,0,-3.068899194
1,1,2.308991872
0,0,0.14680574678916203
1,0,-0.944877256
1,1,2.474088007
1,1,0.44693857861400665
1,0,-0.428142688
1,1,3.5600551861771286
0,0,0.8104914152556147
1,1,1.902744089850554
1,0,2.332352489350362
1,0,1.3142059583835628
0,1,3.234731617270632
1,1,0.5226294243867288
1,1,4.700822803846819
0,1,-0.103106819
0,0,2.731255602583217
0,1,2.3421317933540076
1,0,-0.156127344
0,1,0.5538976515705986
0,0,-2.106370749
1,0,2.4447809845888355
0,1,1.6011923421138998
0,0,-1.746635376
0,1,-0.424470872
0,1,-1.616246512
1,1,0.532135328
0,1,-2.364997605
0,1,0.082550501
0,0,1.9236894488995202
1,1,1.941307117222827
0,0,-0.302655831
0,1,1.0403202722640705
1,1,1.7446400291776387
1,1,3.289146141659655
0,1,-0.201212372
1,0,-0.293377075
1,1,3.045523640231278
1,1,4.681761230387564
1,1,-5.197644945
1,1,3.289273432002248
1,1,-0.881654061
1,1,2.205652580340331
0,1,-0.264330784
0,1,2.6072147399034247
0,1,-4.936283704
0,0,0.7439959768349322
1,1,2.2065454036227723
0,0,3.932092623276324
0,0,-1.580728502
1,1,-0.007131749
0,1,2.0655186689351597
0,0,-1.908418963
1,1,5.181885886583131
0,0,-0.874904445
0,1,2.5106255694226185
1,0,4.813945122591848
1,0,4.712649907353597
1,1,-1.381771915
1,1,1.3236002123981367
0,0,1.4465858568841146
0,1,-0.158832138
1,0,0.19357947789932356
1,0,-1.275987259
0,1,1.5924205413317951
1,0,-0.965131218
1,1,1.9782789029176497
1,0,1.3725036805326838
1,1,0.4902936204763293
1,0,-1.773571473
0,0,0.8511686013939843
0,1,0.051807661
1,0,2.1059382602287386
1,1,-2.752551286
1,0,-1.268487673
0,0,-0.408171262
1,1,3.0255592823465602
1,1,2.004784411132035
0,1,6.360623737357161
1,1,-2.151034209
0,1,1.0248545825808317
0,0,0.057818818816177564
0,1,2.5437195499248713
1,1,1.705422457312153
0,0,1.5971299745083654
1,1,2.011710881249153
1,1,4.617571216601149
0,0,-2.856526172
1,1,7.321266514435779
0,0,-0.09017461
1,1,0.15056129279934427
1,1,-5.957976837
1,1,-1.601198984
1,0,-0.919160022
1,1,-4.013287196
0,1,0.3705435369042557
0,0,-2.804476202
1,1,1.6991829282074056
0,1,-4.113251943
0,1,2.746669233196635
1,0,2.7816793225049685
0,0,-0.654530009
0,1,-2.132320914
0,1,3.318493747
0,0,-2.270236026
0,1,-2.804154131
1,1,1.5184028325675052
0,0,-1.910542061
0,1,0.5492374122286285
0,0,-1.989239844
0,1,4.474106819616992
0,0,-0.523716794
0,0,-0.550409651
1,1,1.5961246674741139
0,0,2.7847552608225836
1,1,1.7440902798932472
1,1,-3.95222537
0,1,4.6037182475793905
0,1,3.2794527389551247
0,1,0.7031750734553108
0,0,-3.839187644
0,0,-0.307672323
1,1,0.1724490761021552
1,1,0.39210017883604037
0,0,1.164180973663824
0,0,-2.346885476
0,0,-0.680104009
1,0,2.3876027190449602
0,0,2.7464402233549703
1,1,-2.417329336
0,1,2.2565692383578453
1,1,2.7278356609568717
1,1,0.4561770850546302
1,1,1.9640113385863625
1,1,1.7161786891590625
1,1,-0.082198103
1,1,-0.134195325
1,1,4.743157440666378
1,0,-3.505253001
0,1,-2.133725136
1,1,0.267707419
1,1,-0.296444525
0,1,1.425469769034034
1,1,-2.030025002
1,1,2.1564509505406573
1,0,4.302822086596809
0,1,-1.284614703
1,0,0.7765470052253385
1,1,-1.707360088
0,0,2.889945299465369
0,0,1.8595521997633246
1,1,2.168293867999645
0,0,-0.707436258
0,0,-2.552238068
0,1,1.4216703909287687
0,0,-0.675578203
1,1,0.48484654784181624
0,1,-1.084482844
0,0,2.196689498578926
1,0,5.497406227217347
0,0,3.2703853715308995
1,1,4.936367905818656
1,0,-0.847781179
1,0,0.5770432858175183
0,1,-0.435410181
0,1,0.586633104
0,0,-2.095489581
1,0,-0.470418912
1,1,-0.037349163
1,0,1.9120195347351165
1,0,-2.956044269
0,0,6.102512625026005
1,1,-1.532885289
0,1,1.402004658147105
0,1,-2.190611336
0,0,0.48002832704266185
0,1,0.6904688236691703
1,0,2.1894937129489183
1,1,1.5866112148407954
0,1,-2.207933367
0,0,1.0754109985210307
1,1,4.645560736396125
0,0,3.5477200815776926
1,1,0.7017059653690516
1,1,-0.520862188
0,1,-2.428372209
0,1,-0.4382043
1,0,3.804227490245546
0,1,3.920391301445697
1,1,5.676466181415891
1,1,0.993992109
0,1,-4.056025279
0,1,1.2025256653177974
0,1,0.3490609573963539
1,1,-1.045234647
0,0,3.869643267022452
0,1,-1.396493028
1,1,-2.6298366
1,0,1.7075970090539192
1,1,-0.420281398
1,1,3.0463725602636273
1,0,-1.004807307
0,0,1.6324760486524126
0,1,-4.861827342
0,1,3.9631857700550874
0,0,1.477729911653491
0,0,3.210426544
0,1,3.854151931426095
1,1,4.834929978626211
1,1,0.38374633489371546
1,1,0.3402858214872728
1,1,0.5105281930009953
0,1,1.3559402364385909
1,1,-1.760411636
1,0,1.5230647367537662
1,1,-1.699807708
0,0,1.3497925043001324
0,1,-0.076437137
1,0,-3.133308359
1,0,3.3385527017882928
1,1,-4.436047872
0,0,0.048906092
1,1,-0.133062271
0,1,0.7783135199044477
1,0,4.301834781141508
0,1,0.6236990984386535
1,1,1.1419109055944534
1,0,1.8259715347789778
1,1,-1.520773885
1,0,-0.099306258
1,0,1.5424214242408072
1,1,-0.606604708
1,0,1.7417454914426018
1,1,0.7025052484266222
1,1,2.5241474040110865
0,1,1.7088806463825499
1,1,1.2991986645574014
1,1,-1.518926446
1,0,2.0863699101842004
0,1,2.3316787387897633
1,1,4.094399263267426
0,1,-0.016926104
1,1,-3.168371262
1,0,1.2778467702923795
1,0,-4.268605
1,1,3.695785168487366
1,1,2.2167865988896844
1,1,5.342478171480886
1,1,-3.347792347
0,0,6.3719195053508555
1,1,-3.102374615
1,1,0.7507011967209315
0,1,4.270823100679788
1,0,4.156781058
0,1,-3.673427107
0,0,1.1766777368681547
0,1,-0.827551852
0,0,-0.086804719
1,0,-2.365951339
0,1,-0.577692646
0,1,-2.367205283
0,1,0.13413845697049565
0,0,-0.091823271
0,0,1.2828098896335742
1,1,-1.03964803
1,1,-2.599413782
0,1,-2.512845332
0,0,3.126949045647747
1,1,5.083528098816852
0,1,1.2315725570499232
0,0,0.3893074858981379
1,0,0.6582205916421238
1,1,-1.955930049
1,1,0.46880131789183926
1,1,0.010892789133237657
1,1,1.3365099521335684
0,1,0.781885406
1,1,3.1163403605658617
0,0,-0.531377437
0,0,1.055859275156879
1,1,2.613140088264554
0,1,1.0449987132668612
1,0,1.1711367073691248
1,1,-2.970066681
0,1,-2.007805821
0,0,3.578089509124832
1,0,1.416819846762856
1,0,-3.762092751
0,1,0.29118256448415525
0,0,-2.179053817
0,0,6.272305405326918
0,0,1.4659113501486445
0,0,-0.510954444
1,1,4.101630260729195
1,1,0.6519756373932353
0,1,1.5460066758601336
0,1,1.463373195
1,1,4.295995215629091
1,1,3.3307165592604178
0,1,0.4422412266353361
0,0,-1.544288504
0,0,1.987687394394401
1,0,-0.732166385
1,1,1.2261822915558962
0,1,2.876172956645742
0,1,-3.978670596
0,0,-3.196076122
0,1,1.329714482795197
0,1,-3.992033139
0,1,-0.907230859
0,1,-1.342499226
1,1,-1.256361056
1,1,-0.905418523
0,1,-1.613409519
0,1,1.7256183965873209
0,1,-1.091027195
1,1,3.6134799375867948
1,1,1.1024324605231448
1,1,0.25929018659970593
0,1,2.695730152538248
0,0,2.5573343380389986
1,0,-0.08900894
1,0,-0.39292996
0,1,1.9220342767630925
1,1,2.975721991862906
0,0,2.2911202595667444
0,0,-0.98952521
1,1,4.941007123704369
1,1,2.1201490561271834
0,0,-1.066623659
1,1,-1.719808302
1,0,2.398051826065868
0,0,-2.060833204
1,1,4.474873713
0,0,-2.713597819
0,0,3.948220141855453
0,0,0.49446993298120334
0,0,-2.356885671
0,0,-3.136937391
0,1,-2.088372444
0,1,1.4524045041483051
0,1,5.887932886
0,1,-0.034416025
0,1,0.3741677932607713
0,0,5.084483933056932
1,0,0.4264309469999976
0,1,1.0946686102056984
1,1,-0.961456105
1,1,-2.593086445
0,0,-0.721861939
0,1,3.484636144059358
1,1,-0.315263696
1,1,-0.228573304
0,0,0.7028235096582126
1,0,1.227429925770902
0,0,-0.94638213
1,1,0.3128296331931527
0,1,0.259222476
1,1,-3.554230983
0,1,0.9891170037345604
1,1,-0.458925212
0,1,0.9181599571122714
0,0,1.1240676604010378
0,1,2.3390464565701126
1,1,-0.485336713
0,1,-2.45832385
1,1,1.896890365205638
1,0,0.21812946602917604
1,1,-0.144852291
0,0,7.204973067509258
0,0,1.5937991733770671
1,1,1.9917543295624807
1,0,-2.806010385
0,0,1.776598416007921
0,0,2.9541632217759544
0,1,-3.000820193
0,0,-0.526071999
1,1,2.8237500096080863
1,1,0.6866873148397077
1,1,2.3342758416598084
1,0,0.6033709855298018
0,1,1.2812403472896212
0,1,2.724969984934812
1,0,3.531016938660087
0,0,0.8416266560073878
0,1,1.2152437345231033
0,0,-1.644091387
0,1,2.109523473070159
0,0,0.2543692593236567
1,1,4.5509427910294775
1,1,-2.57941008
0,0,-0.798439852
1,0,0.2680895542070644
1,1,-3.680490495
0,1,-1.134718293
0,0,-0.75360682
0,0,0.7345554807368817
0,1,1.8883891237497432
1,1,-0.063858462
1,1,1.9715038348786025
0,1,3.015162933860857
1,0,3.6047757376286507
0,0,2.7916318493797334
1,1,5.080204652944833
0,0,0.47456684671341604
1,0,2.451761066525296
1,1,-0.174399799
1,0,-0.369561984
0,0,-2.67727939
0,1,1.9953505364392483
0,0,-2.8709814
1,1,-0.07111221
1,1,0.053718644186186104
0,0,2.073730086108067
1,0,2.7426374407132914
1,1,2.558169511492346
1,0,3.851732637685802
1,1,0.13013739330907792
0,1,1.316433315271318
0,0,0.14090504471654364
0,0,0.5799564164802427
0,0,-1.181190954
1,1,4.837108917
0,1,1.1188621374783811
1,1,1.9019617044295147
1,0,3.576221453395244
0,0,1.9214514820657635
1,1,5.559720166718644
1,1,-2.78110053
1,0,2.0756976975228314
1,1,1.8839858312860474
0,0,1.2775694669128272
1,1,0.16603825885058543
1,0,2.864253786757041
1,1,3.2106344151765818
1,1,3.0120413978400475
0,1,-2.730075758
0,1,3.463583501588851
0,0,0.5810264308700384
0,1,0.6067673260101679
0,0,1.2070428544565954
0,0,0.569363666
0,1,1.5127098591848456
1,1,-2.665314014
1,0,2.2196417453217787
0,1,-3.560633067
1,1,2.680117746836557
0,1,-1.364942943
0,0,1.454261594653093
1,1,4.2744622628159386
0,0,0.36933023146142896
0,1,4.340837972108885
0,0,-0.748255725
0,1,0.3969858906998147
0,0,-1.43804878
0,0,-2.42913924
1,1,0.3946391972330748
1,1,-2.931671542
1,1,-1.118602311
1,1,1.4113820595681679
1,1,1.0263799632573498
1,1,-2.421445469
1,1,3.4968701381858276
1,1,-0.037805579
1,0,1.8911327568417635
0,1,-2.952021613
0,0,-4.39352587
1,0,-0.016212909
0,1,1.8974540433502627
1,1,0.9732852090656743
1,1,0.6015892968695447
0,1,1.0344922846197913
1,0,0.23680471981623963
0,1,-0.698195466
1,1,-3.247390019
0,0,0.11717804833266321
0,0,-1.336339877
0,0,0.9451383725607667
1,1,3.668144684591427
0,0,2.3118650493991058
0,0,2.083655793895565
0,0,1.8472455457295127
1,1,1.4585669431193269
1,0,4.582707943472645
0,1,-3.174281216
0,0,2.371808845446013
1,1,-0.656245653
1,1,-3.139533356
0,1,0.22181323580894863
0,0,-1.456387744
1,1,2.2814124377923015
1,0,-0.798512579
1,1,-2.912642661
0,0,5.892718923
0,0,4.728218738318518
0,1,-0.571153807
1,1,2.088538066
0,1,2.141917022124555
1,0,1.0446605535116362
0,1,-0.141880816
1,1,-0.002924945
0,0,1.600824811
1,1,-1.141123143
1,1,1.4887623519533557
0,0,0.8528613988368825
1,0,-1.202351441
0,0,-1.400029127
1,1,4.104043311497368
1,0,2.950743831196929
1,1,2.573176465460883
1,1,2.327106775229845
0,0,1.3229506143960512
0,0,0.8176461085130496
1,1,3.2661807858502465
0,0,1.8595983627849346
1,0,-0.774196689
0,0,2.556553257953803
1,1,5.653525190625243
1,1,0.19065291212602953
0,1,-0.510659824
1,0,3.4770458827125426
1,1,2.994114357870172
1,0,-2.745364449
0,1,1.3946627125325444
1,1,6.473570279839349
1,0,3.1779182170846663
1,1,1.3159072947902937
0,1,2.1849661366225432
1,1,-1.320190672
0,1,-0.738827157
0,1,-1.269925282
1,1,-4.859071482
0,1,4.993581120124436
1,1,0.5347794683188261
1,1,0.2601250331365126
0,1,7.2034775695144635
0,0,0.9666458284419045
1,1,-3.100577742
1,0,1.4405309328824925
0,1,1.888125792799618
1,0,0.7038988602964387
0,1,0.7231634230147843
1,0,0.40035043724092445
0,0,-2.297062479
0,1,1.739387425298939
0,0,1.7793330942246632
1,1,1.1202751474403134
1,0,-4.314634878
1,0,1.5289949729055456
0,1,1.3107353038673746
0,1,2.319717921226509
0,1,-3.080781684
1,0,0.3267337821030238
1,1,0.970303864
0,1,0.23380095681230473
1,0,-2.484866407
1,1,-3.519097004
0,0,0.4395648433206102
1,1,-0.563353168
0,0,0.7856707469048417
0,1,-3.982638615
1,1,-0.108533182
0,1,-0.05892726
0,0,1.746406538269874
0,1,2.921736664767544
0,1,1.8678705840299774
0,1,-4.652252192
0,1,0.8903246804306624
0,0,-0.326615132
1,1,-1.837967989
1,1,0.264749543
1,1,-1.506820569
0,1,-0.019064873
0,0,3.7293740499576185
0,0,3.7416474181420285
1,0,-1.653688761
1,0,2.1876701713638638
0,1,-0.052822391
0,1,-0.191762339
1,1,1.8673954363982286
1,1,2.9035518164563814
0,1,-0.004633816
1,1,0.6524440117676815
1,1,0.080575618
1,1,-1.088999736
1,1,2.013344390676899
1,1,0.6913763660561425
1,1,0.5794221681121505
0,1,-1.275459778
1,0,-0.625398293
0,1,-0.398800099
1,1,2.7371607111715837
1,0,-0.774745478
0,1,-1.840734919
1,1,1.3761444349948349
1,1,2.412909276292024
1,1,-2.895445105
0,1,2.169462679031807
1,0,1.339336104984673
0,0,0.868578102
1,0,1.0082323939680227
1,1,-1.074938828
0,0,2.1343692648055446
1,1,0.9902796390795304
1,1,0.4367905714721453
0,1,2.8742975172696297
1,1,2.3822684922033406
1,0,-1.164939266
1,0,-0.045444844
0,0,1.6542623403007117
1,1,1.3539651902825593
0,1,-1.411489138
1,1,1.9350456660731064
0,1,-1.265465339
0,0,0.1271649166986275
1,0,-1.874274956
1,1,0.84646731
1,1,0.026713571320601037
0,1,0.1426547088834602
1,0,3.896348607241171
0,1,5.766382368506468
1,1,1.599061020228215
1,0,3.9640421717017706
0,0,-0.413904531
0,1,0.8067946971044373
0,1,0.26635358457763647
1,0,2.1539863873237275
1,1,0.7021859092018716
0,1,-0.954913224
1,0,-1.717235694
0,1,0.8573509798358795
0,0,2.5731800643084095
1,1,0.7406344029874252
1,1,-0.218329491
1,1,-1.002620673
0,1,3.1345651074821426
0,1,4.142772996331208
1,1,3.316920829824607
0,0,-1.742183759
0,0,2.374856156
1,1,2.636500543013853
0,1,0.6997141739793433
0,0,0.6512737432593874
1,1,4.744303729998121
1,1,0.045927232
0,1,2.455531016768264
0,0,-0.91573706
1,0,0.5778398708345116
0,1,1.6131148921140888
0,1,4.4144102965748955
1,1,4.145988596601958
0,1,3.659905639410435
0,0,2.255578146208898
0,1,-1.758533493
0,1,-0.200332015
1,0,1.4200561626971409
0,1,0.9374766463335583
1,0,1.2012012900125506
1,1,-0.386600443
0,0,10.345295816372131
1,1,1.5874705503497968
1,1,-1.675006409
0,0,-1.249167713
0,1,3.972780789800261
1,1,2.139593963
0,1,4.527599621440953
1,1,-0.798173065
1,1,1.5598990801028372
1,1,0.9934288374260705
0,0,0.066409531
1,0,0.22153405
1,1,2.3534601125750707
0,0,-0.758996237
1,1,3.085320954677089
1,1,-4.854064519
1,1,1.3099388757888444
1,1,-2.636454061
1,0,-2.909327364
1,1,3.2490384783392767
1,1,2.621416333331707
0,1,4.634056304949381
0,0,-0.681905112
1,1,5.020516797566786
1,1,0.19587793744859905
1,1,3.4804782817345883
0,0,-1.885715433
0,0,-1.200453251
1,1,1.1573195063377542
0,0,2.744015937622112
0,0,-1.037001306
1,1,-0.964771298
1,1,0.49006811527081506
0,0,-1.41089118
0,0,-1.999976649
1,1,-1.476558794
1,1,3.860246475886138
1,0,-2.400528431
0,0,-0.141875721
0,1,-3.042330435
0,1,7.112108491992846
0,0,-0.778969117
0,0,-0.032363299
1,0,1.1373814236408886
1,0,3.603925913864748
0,0,-0.258188846
1,1,-1.957565007
1,1,0.7300563079336444
1,0,2.1375754228270063
1,0,5.337153894
0,0,0.8815899319434587
0,0,1.181096378423969
1,0,-1.722351835
1,1,-0.474174834
0,0,2.391540743125017
1,1,3.0997621900484598
0,1,-1.158850202
0,1,0.18677544645837552
1,1,0.4402576017230304
0,1,-0.18551135
0,1,0.685469264
1,0,0.27882939033088894
0,1,5.813249942642408
0,1,0.4510874255048456
1,1,3.296567276580828
0,1,0.2169912690049256
0,1,0.043085872
1,1,0.8892115095809545
0,0,-1.582676637
0,1,6.510917815
1,1,3.6118909491375275
0,1,4.496062462658015
0,1,-2.385428554
0,1,2.273988889616315
1,1,0.409218448
0,1,3.0270437328762108
0,0,-3.050080169
0,0,2.7388002060573653
0,0,1.3002711345347815
1,1,1.7372692550070217
1,1,5.515541737814457
1,1,1.8938957447393752
1,1,0.5129315251939752
0,1,2.724112687
1,1,-1.001198063
1,1,-2.080147351
1,0,2.192216973653614
0,1,3.2248716585868573
1,1,-0.919882106
1,1,-1.558699753
1,1,0.7056041722007496
1,0,0.175319306
0,0,0.5207583482634307
0,0,4.310568571126429
1,0,-2.36982115
0,1,-3.433653056
1,1,-0.693482273
0,1,5.803325911371889
1,1,0.3641354039079563
0,0,-0.902300961
0,0,-0.077481905
1,1,-0.899530322
1,1,2.168127220707202
0,0,-2.157498027
1,1,0.5574852319093297
1,1,0.656721536
1,1,0.7424347743249016
1,1,0.43885316161903165
0,1,2.8520810566817874
0,0,1.9639275691015154
1,1,4.360220951282172
1,1,-0.942324145
1,1,4.654140707470011
1,1,-0.624878904
1,1,1.653990435340847
1,1,-0.411507162
1,0,-0.367756454
0,1,-5.44110777
1,0,1.2667650304251141
0,1,4.678181128246298
0,1,2.190231119106421
1,1,3.2607755560673812
0,0,1.1804009954325958
1,0,-0.286433234
0,1,-4.719696404
0,0,-3.8780157
1,0,1.6614588800246715
0,1,1.6443877663477338
1,1,2.923920581309971
0,0,1.9435319055671112
0,1,-5.03571145
0,0,1.931450631892634
0,0,-1.182096264
0,0,1.6691111741935492
1,0,1.351570752016968
0,1,1.0676764764182167
1,1,3.1308854036928695
1,0,2.1351086621876316
1,1,2.136354072037882
1,1,-0.795202622
0,1,0.616232212
1,1,2.1187134496581574
0,0,1.0065292116969335
1,1,4.089193144
1,1,-1.230393962
1,1,1.9225456170760655
1,1,-1.103995634
1,0,2.5553574664898777
1,1,4.139802143979175
1,1,-3.472207993
0,1,4.201654299229304
1,1,-2.974863861
0,1,2.636919669834886
0,0,1.071249408631785
0,0,-4.682278657
1,0,-1.12947197
1,1,2.5367645685946996
0,1,4.621220791362444
0,1,-2.790129969
0,0,3.695610883222472
1,1,1.4015576335786533
0,0,-0.410527142
0,1,-1.77005972
0,0,-0.107424722
1,1,1.5046789875211086
1,1,-0.5369699
1,0,-0.670151291
1,1,4.672582011094581
1,1,1.7019593218147429
1,0,1.7047895025532327
0,0,0.064711209
0,0,-1.65274167
0,1,3.3317572218329587
0,0,-0.252388671
1,1,1.1723389951826801
0,0,5.915780439899123
1,0,-0.524161775
0,0,0.099011402
0,0,-2.31512429
0,1,0.10390124493605335
1,1,-1.528083974
0,1,0.090971399
1,1,-2.536858053
1,1,-2.40712254
0,1,-0.930930371
0,1,2.6296172982897197
1,1,2.1447291660030454
1,1,0.9016136253218827
0,0,-0.278159686
0,1,1.9677107821441555
0,1,0.3368905537980662
0,0,-0.292271447
0,0,-4.125351196
1,0,3.0796519849875605
1,0,0.71603141
1,1,-1.696718297
0,0,-3.489630492
0,0,3.334990228076136
0,0,1.0809541554307256
0,0,1.0594677401238277
1,1,1.2025930853848052
1,1,2.0695143255178166
0,0,-1.57117297
0,0,0.7759330521571486
1,1,1.2118309113956587
0,1,1.9292812634747976
1,1,-0.667580275
1,0,1.2357281135567295
0,1,3.2015742047119313
1,1,0.35152977407562014
1,1,-1.872995802
0,0,-1.084330037
1,1,0.20964971321262527
0,1,2.1052093017213633
0,0,-1.576047391
1,1,1.5120929008165698
1,1,3.546000070013849
0,1,5.221559002775964
0,1,-1.639181069
1,1,-2.490934651
1,1,3.642425312
0,1,0.12230063715916084
1,1,-4.045397894
0,0,-0.007600639
1,1,0.000887611
1,0,5.627530766100632
0,0,-2.350669778
1,0,-0.417677184
0,0,-1.25875286
0,1,3.7727643095130614
0,0,-2.276899835
1,0,-1.732189057
0,0,-1.880576403
1,1,2.6399258126971006
1,1,1.6283508936036744
1,1,-0.444463754
1,1,-1.714299121
0,1,3.891175405909256
1,0,-0.095513607
0,0,-2.015365783
1,0,-1.499926195
1,1,1.2742400108630743
1,0,0.8704813533309679
1,1,2.4597361892508127
0,0,-0.987261029
0,0,2.171078001741597
0,0,-0.569064154
0,1,-4.147976736
1,1,-2.765970352
1,1,2.1854537218651116
1,1,5.955319814990536
0,1,2.1130703850764085
1,1,-2.249867609
0,0,-1.15181405
0,1,4.926586514963343
1,0,0.6196393816922392
0,0,1.2196914384401625
0,0,-0.679693866
0,1,4.918352036020197
0,1,-1.122842437
0,1,3.0188993229502907
1,0,-4.351699171
1,1,2.4531215520930427
0,1,1.2897742540114665
1,0,1.131912083788001
1,1,0.038182468
1,1,0.48708498977213077
1,1,1.7479823344695724
1,1,3.025609053818251
1,0,-0.365704964
0,0,-2.543873309
1,1,2.9959999587907755
0,0,1.4649167222789683
1,1,1.1740935860199926
0,1,-1.460930559
1,0,0.701148785
0,0,-1.386824526
1,0,-1.314844198
0,0,-0.347984128
0,1,0.4923376743795789
1,0,-4.299276631
1,0,1.7597602208969552
0,0,-0.698967496
0,1,2.256939058039859
0,0,-1.287076992
1,1,1.6317894381535116
1,1,-2.547771572
1,1,1.3553968057434236
1,1,-1.201675722
0,1,1.493061572
1,1,-0.866447953
0,0,0.486154645
1,0,1.6102354806139738
0,1,3.8630893764973386
1,0,-0.788610582
1,0,-1.925404964
1,1,-0.12707969
1,0,-0.338675371
0,0,3.739904185290741
0,1,-2.513849133
0,1,2.0279945462414766
1,0,0.5915424072761288
0,0,-2.700384959
0,0,0.7342363746577053
1,1,2.2019578884375006
1,0,0.45407769213921645
1,1,0.29951288575240964
0,0,3.6873722216151137
1,1,-0.296296955
0,0,0.18921282180244692
0,1,4.234584663960028
0,1,-3.687942048
0,0,-2.063617015
1,1,-3.906958738
0,1,1.2740264690364451
1,1,-0.823304126
1,1,2.549479653770786
1,0,-0.061478642
1,0,-0.082712311
1,0,2.6613658802856857
0,1,-0.525112263
1,0,0.5967706340795376
0,0,0.9470752635971006
1,1,0.988009402
1,1,0.45418430012928757
0,0,-0.767166974
1,1,3.2964754418128592
0,1,1.692689308484396
0,1,1.7626344979081008
0,1,-0.204391103
1,1,1.5288734560166648
0,1,-0.46553775
1,1,5.363407244
1,1,2.857726449183209
0,0,2.1384133821585265
1,1,1.8228911583796408
1,1,-0.006134802
0,0,-1.929733943
0,0,4.080342416101374
1,1,-0.478043254
1,0,-3.99743865
0,0,-1.698487088
0,0,-0.961374161
0,0,2.7279553573550004
1,1,0.733542817
0,0,0.3431177509825669
1,0,-0.986501856
1,1,-1.444758265
0,1,3.2045448217181027
0,1,1.9133855615999165
0,0,0.38008149723495144
0,1,0.48166164090594843
0,0,-3.157136099
1,1,1.3118401534156825
0,1,-1.223860679
0,1,4.420139326875918
0,0,1.697835967489532
0,1,0.3058037029514383
0,0,-2.860754726
0,0,-1.837221663
0,1,1.4314090612104107
0,1,2.719063964861759
0,1,-1.177737733
1,1,-1.950540846
0,1,-0.40829489
0,1,1.2402557520530635
0,0,-0.840520806
1,1,0.5022967591943864
1,1,2.0479521968817034
0,0,1.6516328841064223
1,1,5.017402523
1,1,-0.610285842
1,1,0.7454430384840633
1,0,-3.164231384
1,1,-0.089131809
1,1,-2.586089018
1,1,0.093869417
1,0,2.1164348907321355
0,1,-0.89651821
0,1,1.8848366950424058
0,1,2.514967156946266
1,1,0.046455190234697685
0,1,3.395440198691408
0,0,0.11797323669610082
0,0,-1.166732777
1,1,-6.691436516
0,1,2.752635834551132
1,1,0.8173844385571093
0,1,0.6338731006605985
0,1,1.5336815792505083
0,1,2.205609955766757
1,1,3.064649672386539
1,1,2.442741664
1,1,-2.222114818
1,1,1.859103793731015
1,1,-2.22754787
1,1,2.651202289
1,1,4.9754024605007015
0,0,-0.57000423
1,1,0.11673225305398094
0,1,-1.416062748
1,1,4.124611899844516
0,0,4.117675401450407
0,0,1.1020097637492539
1,1,-0.826411026
0,0,2.0151619776407497
0,0,-0.049476179
0,0,-2.796518352
0,1,-0.092575382
1,1,-3.700896751
1,0,2.9853041320808216
0,1,3.1342881908825424
0,1,3.5140875688976205
1,1,2.137680929085808
0,0,-2.997245502
1,0,3.069681739
1,1,-2.657397255
0,0,0.9722011973334749
1,1,-0.456599476
1,1,-2.514756791
0,1,2.414201487674206
0,1,3.191351786621359
0,0,-1.678687088
1,1,2.1028678909268317
0,0,-5.214367455
1,1,1.8463355126097731
0,0,1.7217604510718705
0,1,-1.092833385
0,1,0.3093332758949553
0,1,-0.102787396
0,0,3.211948664072985
1,1,-2.797413403
1,0,4.457833676407875
1,0,3.4931797717566475
1,1,-0.081050833
1,1,3.876885047
1,0,0.1502914480652146
1,1,2.585869296934617
0,1,-1.349157143
0,1,3.548373147724353
1,0,0.152170538
0,1,-0.634544652
0,0,4.053733756110942
0,1,-4.039737497
1,1,-2.207225945
0,0,1.0393905259254779
1,1,-2.079712685
0,1,1.2745916531654768
1,0,1.4333502648333236
1,0,2.2967597827420128
1,1,-4.36743826
0,1,5.192013710938195
0,1,0.14630792100927006
1,1,2.001794025646463
1,1,0.8485220317484181
0,1,2.0683088367150657
0,1,2.539450993486487
0,1,5.391602514218595
0,0,-1.838636501
0,1,1.7104843477954632
0,1,-0.58396318
1,1,0.9187223422762284
1,1,2.3850573504096073
0,1,2.733151680983801
1,1,-2.179268008
0,0,-0.832848946
1,1,-0.822211958
0,0,0.6154032435568026
0,0,3.3104248034182087
1,1,0.9661339206702719
1,1,3.2891884754360996
1,0,2.145734283291583
1,1,-1.323716254
1,0,-2.112114437
0,1,-0.649690697
0,1,1.350375815118332
1,1,0.22702406417838394
0,1,0.5293660469265322
1,1,2.8028592143006823
1,1,4.656943328921772
1,1,2.9615246214887554
0,1,-0.069417039
0,1,2.7349806146612536
0,1,-0.651650149
0,1,0.403276819
1,1,0.760076517
1,1,1.1438368258192932
0,0,-0.902719938
0,1,-0.089323123
0,1,-2.052454658
0,1,0.4140099560258572
0,0,0.029572132
1,0,-3.52257734
1,1,-0.880640479
0,1,-1.655412644
0,0,2.1863194526140264
1,0,2.6183646300035597
1,1,-0.036428933
1,1,4.312548216372124
0,0,-1.771805723
1,1,-2.79429557
1,0,2.7776435106821586
1,1,-0.826829363
0,1,3.542788631583261
1,1,0.6730179402101112
0,0,2.4552203659941827
1,0,-4.845019017
0,0,0.9239997491578605
1,1,1.6334956811282058
0,1,4.072401434114422
1,1,-4.688954422
1,1,-3.986951674
0,1,-3.914760889
1,1,-0.876737579
1,1,1.4487691162125316
0,1,2.3449839906801797
0,0,-2.608363664
1,1,0.6379929985626718
0,1,2.8103885029085838
1,1,5.400014760246107
0,0,-1.213606392
0,0,-0.84063873
1,0,0.3116490569392405
1,1,-0.222607405
1,1,-0.34092375
0,1,-0.114811731
0,1,2.1970016579425873
0,0,1.2801711424402635
1,1,-2.512893276
0,1,2.387513878056118
0,0,-4.078912017
0,0,2.888726379437119
0,1,3.6697681016804697
1,1,-1.088103806
1,1,-0.379448224
1,0,5.346255813
0,1,0.8364707932617332
0,1,-0.66454141
1,1,-1.621993526
0,1,-0.865820713
1,1,3.561161446315133
0,1,1.7669693088111889
0,0,1.029507547761216
0,0,-0.768723531
1,1,-1.117136982
0,1,-0.721293633
1,0,-3.475680383
1,0,0.5160911723938648
1,1,1.937179422417363
0,0,0.42631162780470655
0,0,-0.950009818
1,0,-0.876394994
0,0,-1.817477201
1,1,0.5699818439259139
1,1,-1.881093173
1,0,1.4905570552484688
0,1,1.4954353090087729
0,1,2.228992441735482
0,0,-0.141414394
0,0,1.840467493653741
0,0,-1.465818108
1,1,1.1424710255649435
1,1,-1.597170764
1,1,0.44701973758403024
0,1,0.3287564001177361
0,0,1.5075835122042867
0,0,1.4922496233749107
0,1,3.9894002358863623
0,1,-3.199482748
0,1,1.6878607963091798
0,1,-1.92955998
1,1,-2.122954148
0,0,0.46349533125668585
1,0,-2.611939823
1,1,1.1118413747128035
1,0,0.9614776068829389
1,1,-2.622059447
1,0,1.4627716381507094
1,1,-0.254776296
0,0,2.7367567234938353
1,1,-1.305411722
0,0,-0.525659516
1,0,-3.73934942
1,0,-0.011610299
0,1,2.0950911185183307
1,0,0.5580765834930049
1,1,-2.341186329
0,0,-1.640379278
0,0,0.26186687726491853
1,1,-2.911815932
0,0,0.06292013
0,1,2.2641147064587184
0,0,1.7170208436893502
1,1,2.0575251115557203
0,1,3.980305351780573
1,1,4.533544632249431
0,0,4.015750923163718
0,1,-1.177356357
0,1,-0.674327228
1,0,3.060141329468163
0,1,1.7491193949460033
0,0,3.1629350975704797
1,1,0.888218514
0,0,-3.824199612
0,1,3.679525809149907
1,1,0.059989126
0,1,0.8931780502340457
0,0,-3.367378015
1,1,0.2611932558430833
0,0,-1.69031674
0,0,-1.690647443
1,1,0.7343501737663383
1,1,-0.822227835
0,1,-0.388909648
1,1,-5.928488015
1,0,-1.99956884
0,1,2.4796874024366042
1,1,-0.554487626
0,1,4.697216174224721
0,0,-1.225746882
1,1,-1.739616047
1,1,1.5956350386376459
1,1,-1.565313212
1,1,1.7681982088450248
0,0,-0.349288314
1,1,1.0193111611563004
0,1,2.166900125
0,1,-2.494797079
0,0,3.6579905356126066
1,1,0.575978389
1,1,-0.805636205
0,1,-2.840972572
0,0,0.024707272135793268
0,0,-1.760370113
1,1,-1.128714353
1,1,0.8335470311691662
0,0,0.3504404719928713
1,1,1.765836000805702
0,1,-0.666392047
0,1,-1.797034475
0,0,1.5026835431123304
0,0,3.1246079050900484
0,1,2.194501555535606
0,1,1.333543936031293
1,1,3.050026476356871
1,1,3.0752831280023063
0,0,-0.663073852
1,1,4.123651273874718
1,0,-2.525449842
1,1,-3.978462463
0,1,2.9950757639967387
1,1,1.9779897644113675
1,1,2.7725079972960636
1,0,0.29302905494530884
0,1,2.0334366875375247
0,0,0.5024308114325053
1,1,1.2013460515428027
1,1,0.5705115115659642
0,0,3.7761651993697463
0,0,4.690054125193207
0,0,-1.352706579
0,1,-2.115911169
0,1,1.687208296401863
0,0,-1.505295516
0,1,-1.112961361
1,1,0.25125095999670755
1,1,0.6695783323935843
1,1,3.5332131474699073
0,0,-1.527140964
0,1,1.3379627876167544
0,1,-7.869660657
0,0,-1.35748287
0,0,-3.442621674
0,1,2.535441370381351
0,0,1.0499873786200025
1,0,0.21521960822272823
0,1,0.016166733035857028
1,1,2.684845606917601
1,1,0.3487166220380262
0,1,-0.877260863
0,0,1.0426869842316062
0,0,-6.103903221
0,1,2.0489480659879025
1,0,1.4365527681677177
0,0,-1.5159789
1,1,3.009288396920085
1,1,2.0170452488371593
0,0,1.012566866042545
0,1,0.4019390728968468
1,1,0.48153532997401244
0,0,0.996151376
1,0,0.6787441013376877
1,1,2.5200591190346247
1,1,-0.703348824
1,1,-0.076333055
1,1,0.5328474018562959
0,0,0.3294874378063034
0,1,-0.362048313
0,0,0.26262899227795056
0,1,2.919993658393059
1,1,-1.687077322
0,1,3.2720762100686347
0,0,-2.427392149
0,0,3.9271349104581423
0,0,-4.791811929
1,1,6.303505803812651
1,1,2.6719848015732244
0,0,1.6040659642706556
1,0,-0.477110424
0,1,0.4982820558672304
1,1,4.298948235692244
0,0,2.3523796998441746
1,0,-2.663740706
1,1,2.6309826149762103
1,1,0.48231793025754366
1,1,-0.215207152
0,0,0.6395938337493736
1,1,4.972926481027749
0,1,1.988399420156496
0,1,1.9231010096710812
0,1,1.5753470081498477
1,1,-2.344459295
0,1,-1.006938111
0,1,1.9331361618628655
0,0,1.3571799182005426
0,0,-2.155508671
0,1,-0.884608151
1,0,5.230284906
1,1,4.525168882670609
1,0,-1.099215855
0,0,-1.226232383
0,1,2.113018049550028
1,1,-0.35200241
1,1,1.7063144481848773
1,1,-0.798010913
0,0,-0.589969002
1,0,1.2439444876046961
1,1,3.062079117780312
1,1,0.520034436
0,1,4.767112094566959
1,0,2.4681571084095046
0,1,2.547828538553995
1,1,5.3863667514280635
1,0,-0.475168698
0,1,-0.21430739
0,1,-1.592274992
1,1,2.810844218018421
0,0,3.327633509383631
0,1,4.821623382848167
1,1,2.5298175107240106
1,1,-1.298011201
0,1,0.8083624151481177
1,1,-1.949408548
1,0,2.0685818714338042
0,0,3.4791447398192634
1,1,-0.430663048
1,1,1.6514560348421754
1,1,1.2148099405405604
1,1,-1.681196349
0,0,1.7079676296111224
1,1,2.5391844854860697
0,1,2.894524156344576
0,0,-1.369846561
0,1,2.4403850165139325
0,1,-0.544746453
1,0,0.3581698874860686
1,1,-2.089890109
0,0,-1.207038543
1,1,1.3496850010656534
1,1,0.5574636828341073
0,1,-1.0521857
1,0,1.3331211191788341
1,0,0.5216887091761735
0,1,1.0443541046451732
1,0,-1.248101868
1,1,-2.293198613
1,1,-2.817251225
0,0,2.094937313
1,1,-1.577972533
1,1,1.1490190225284618
1,1,-1.693668249
0,0,0.18924586622663267
0,0,-0.186774784
0,0,3.4891391754986807
0,0,-2.102442274
1,1,1.1791818557855636
1,0,2.3505702433636753
0,1,0.7036781331133691
1,0,3.108563695776348
1,0,-2.814322824
0,0,-1.286841537
1,1,3.9486173605636727
1,1,2.2404996378716677
0,0,0.7581363201557911
0,0,-3.013102691
0,1,-0.589873501
0,1,4.321124012853942
0,0,2.3691198649078684
0,0,1.7750804301969936
1,1,-2.244329674
0,0,4.283511096019243
0,0,5.475705219797564
0,0,-0.286669412
1,0,3.159719613979969
1,0,-1.131568973
0,1,-3.98644832
1,1,2.5039852140023906
0,0,-0.868056206
1,1,0.9940362511472692
0,1,0.12173048350869736
1,1,2.7971084004941273
0,0,0.5133887882581687
0,1,-0.820941151
0,1,1.951941486
1,1,-2.538182482
0,1,6.94246586
0,0,1.810362695340411
1,1,-1.44228992
0,0,0.5186262818389616
1,1,2.933850277633118
1,1,1.0366467399533377
1,1,-1.394017033
1,0,-0.204840426
0,0,0.5864333137671631
0,0,0.9414560631116737
0,0,-0.853722309
1,1,-0.279003804
0,1,0.9467913007365725
1,1,1.5211941846550512
1,0,0.8133752818363879
0,0,2.1189285897457255
1,1,1.6391464081320732
0,1,0.9199739033466104
1,1,2.8102890904643423
1,0,5.537633513677443
1,1,2.7273408654894684
1,0,1.4144009009457204
0,1,3.8510250324705613
0,1,1.3835943661409902
0,0,2.939170721686461
1,1,0.448976535
1,1,-3.500424685
0,0,0.4804314812556767
1,1,1.174163290307495
0,1,1.4015027622864322
0,1,-0.474807496
0,0,1.6160144737525148
0,0,1.4340793515789931
0,1,1.7628242893412334
1,1,3.4615214941655954
1,1,2.569638846023715
0,0,-0.302771352
1,1,5.175311155401397
1,0,4.083279700601563
1,1,1.5761832500221624
0,1,1.7310844484027528
0,1,-0.042398997
1,1,0.9465315845977738
0,1,-1.703324545
0,1,2.0642290859537953
0,0,0.3329968458608987
1,1,4.381154686685147
0,1,2.4309630111521514
0,0,2.0531907911512417
0,0,2.1690980727647586
1,0,3.169747543065823
1,1,-1.533253868
0,1,1.4653583753817623
1,1,-0.365682942
1,0,0.5602311425718194
0,1,-3.290428813
1,0,-1.212581268
1,0,-4.275129464
0,0,1.8461494320807599
0,1,3.269298882084978
0,0,2.4200833125328955
1,0,-4.240800071
0,1,1.331185538
1,1,-3.805885889
0,0,-1.238044563
0,0,-2.352790681
1,1,0.9929504243885587
1,0,-2.115577051
0,0,0.43908579047967944
1,1,1.7423135874542166
1,1,1.3205080425328939
1,1,0.6587358243158773
0,0,0.9043118902631178
0,1,1.644674533694492
0,1,1.0161138379716372
0,0,2.4874294553025056
0,0,-1.342260061
0,1,1.7325702061403732
1,0,1.8273414427010986
1,0,4.505050983
0,1,-1.990778891
0,1,2.782552476270943
0,0,-0.221097699
1,0,-1.187091168
0,0,4.440455332759951
0,0,-4.734518474
1,0,2.185579471763112
0,1,-3.214157273
0,0,-1.562700729
0,1,4.536075016608767
0,1,0.8033342876013625
1,1,4.073483341346831
0,0,-0.909748833
1,1,-1.200820292
1,1,-1.958136399
1,1,-2.075546028
1,1,1.0576610533963013
1,0,-3.582221803
0,0,3.1628788421536456
0,0,3.578576557
0,0,-0.232447962
1,1,1.3017098607689408
1,1,0.5987791677233945
1,1,0.7657107483376636
0,0,1.9365278071958794
0,0,-0.143204332
0,1,0.9949132467987829
0,0,0.2310196604959307
0,1,-1.217031754
1,1,4.621536159233114
1,1,4.966183043
1,1,1.402066115359855
0,1,-1.657579339
0,1,4.674885860050397
0,1,2.127574420615618
1,0,1.1223228922723152
1,1,-1.171172873
1,1,0.8697682176384061
0,0,-1.580243967
1,1,-4.308375569
0,0,4.420737393453798
1,1,-0.191972687
1,0,-1.121746169
0,1,-1.242224775
0,0,0.8729071071676238
0,0,2.2482269005299784
0,1,1.573316067
0,0,-0.592677752
0,1,3.4115285882118958
0,1,0.9500849170937722
0,0,1.7495540307642101
1,1,2.5959820313968667
1,1,-1.877650642
0,0,-0.867752899
1,1,0.24009233920223683
1,1,-0.865668161
1,1,2.5327601164120592
0,0,4.643079666624094
1,1,-3.105361897
0,0,3.4690936158225982
1,1,2.3249000978289076
0,0,-2.86420448
1,1,0.9314543586168813
0,1,3.6686588059917247
0,1,-2.898941053
1,1,5.225368041379842
0,1,-0.762393821
0,1,0.6758960430103896
1,0,-0.19303536
1,1,-1.433965414
0,0,0.5998804135681884
1,1,0.8207773830302434
0,1,0.5738554017830118
1,1,2.2352799658039877
0,1,0.24201783013986483
1,0,1.6015397695869384
0,1,-2.596708105
1,1,-2.855933363
1,0,3.8636473845812134
0,0,1.5155088387988778
1,1,-0.703249508
1,1,4.014812707244383
1,1,0.49785359697860776
0,0,3.504461827295753
0,0,2.205984536
1,1,0.24783925709745014
0,0,-0.76915795
0,1,-0.248172229
1,1,-1.651737796
0,1,0.5455570003442199
1,1,0.26098073667735544
1,1,3.0644098822193127
0,1,6.655454220109057
1,1,1.421484403685047
1,0,-1.818964249
1,1,2.168559605373297
1,0,1.9316969534232806
1,1,0.35921202845138134
1,0,3.7371707329190214
1,0,2.381499206290196
0,0,3.701321590598867
0,1,-5.197222918
0,0,2.786943382057705
1,1,1.757050917973724
0,1,4.052791061620675
0,1,0.8590615449155168
0,1,0.9255462772923249
1,1,-0.397674446
1,1,1.2118662241320957
0,0,1.5913585943542663
1,1,0.093881084
0,1,3.4990678262032855
1,0,2.178581142
1,1,0.7503816629870436
0,0,0.403884302
0,0,-0.327215364
0,1,0.49966690490725485
0,0,0.26825396749012653
1,1,0.12363584392629079
1,1,4.086451326952665
0,1,-1.125849795
0,1,1.7401997703268162
1,1,-1.788630328
0,0,-3.030472961
0,0,1.8555608705023374
0,1,-1.257231443
1,1,2.242133754472695
1,0,-2.006929775
0,1,-1.223219034
1,1,0.4550476658093815
1,0,-3.315288383
1,1,-0.061226114
1,1,4.070745958016975
0,0,5.095940325782913
0,1,2.363130914244769
0,1,1.1946627730502077
0,0,-2.516819594
0,1,-1.326033081
0,0,-2.324034258
1,1,-3.624980687
1,1,-0.573406267
1,0,-3.671176711
0,1,3.624557441181161
1,1,3.3564539327905694
1,0,-0.197093107
0,1,-0.343023204
0,0,4.003479797843747
1,0,1.9600369635445132
0,0,-1.116863148
1,1,-0.280721366
0,0,-3.529833172
1,1,0.956140271
1,1,0.3626646221536485
0,0,-2.594859357
0,0,0.8061936303920318
0,0,1.1413815731692867
0,0,2.803977073391862
0,1,-1.606636829
0,0,-2.954180987
1,1,-3.228190464
0,1,0.6431204425152438
0,1,-1.490810073
0,0,-0.230949475
0,0,0.8919583978853531
0,0,-1.988098127
1,1,3.571132637478421
0,1,3.0334310903403265
0,1,-2.032468115
1,1,0.2546946075859069
1,1,2.8746488976307716
0,0,-1.874256841
1,1,4.230324031
0,1,0.7825959207460158
0,0,-3.094817032
1,0,2.5329070416992523
1,1,-1.780032809
0,0,1.2659472399703022
0,1,1.1289171313480244
0,1,3.0875864825626786
1,0,2.746127209305797
1,1,2.499737101734576
1,1,-1.988263211
1,1,-2.098870317
1,1,-1.516100343
1,1,2.649677539100751
0,1,0.7164018208084086
0,0,-1.914192238
0,0,1.6863436566609298
1,0,1.1614476988923779
0,0,0.7155197588362381
0,0,3.123557416746157
1,1,1.040449993121517
1,0,1.705351202591391
1,1,1.5821931964417124
0,0,3.333568836292663
1,1,0.6297331619411286
1,1,-2.144907656
0,0,1.254634188591161
1,1,3.1861951420650216
0,1,-4.483056004
0,1,3.0601121108625895
1,0,1.4238339014112995
1,1,-1.2092302
1,0,-0.923277347
1,1,-0.088025252
0,0,2.6036053075527383
0,0,3.0045387253847533
0,1,2.6699182662016554
0,0,0.7184856011199066
1,1,2.2158899071994163
1,0,0.484283612
0,1,4.150162023990784
0,0,3.372028457478959
1,1,-0.199405195
1,1,-4.039274748
0,0,2.6963301804045954
1,1,-3.123028765
1,1,2.6850398825891486
0,1,-1.112105235
1,0,1.8323549716905678
0,1,3.671338241407322
0,0,2.4525093342602626
1,1,0.8349824923616693
0,0,0.731072001
0,1,0.6709744474399777
1,1,-0.485434667
0,1,1.1613662949116705
0,1,2.252524523483402
0,0,0.8081536165807697
0,0,1.701519970768198
1,1,2.1067051219933735
1,0,2.0001384400484445
0,0,0.6559383139198793
0,1,-0.424989334
1,1,-0.218081203
0,1,4.259211574758983
1,1,-0.162674739
0,1,2.4235447137943957
0,0,1.8032716252305434
0,1,-1.012571131
0,0,1.1879581162902764
0,1,1.2052214436548483
0,0,0.18290093257220186
0,1,-2.475425092
0,0,2.8912345929752563
0,1,-0.161102241
1,0,0.8701218277433703
1,1,0.2937514989258073
0,1,-2.378240027
0,1,-2.949011209
0,0,2.4605451244895877
0,0,0.9604001794738102
0,1,1.908745796745435
0,0,-0.191608408
0,1,0.021652395541751246
1,1,6.543675083401606
1,0,-0.509777605
0,0,-0.614324422
1,1,5.130708202226421
0,0,1.2086018465459478
1,1,-3.367004518
1,0,1.4075105476978755
0,0,2.3576936466663563
0,0,-2.917652894
1,1,3.5612065594831437
1,0,0.6727787099802127
0,0,-1.704468178
1,0,0.5073141134315691
1,1,2.201211055803062
1,0,-0.294296489
0,0,-2.948028784
0,1,2.6168460281886965
1,1,0.03809304
0,0,-0.528231216
0,1,0.42407746895284176
0,0,3.1904871012915033
0,1,-0.407814212
0,1,1.558152710188723
0,0,-1.792457846
0,0,-0.238716401
0,0,1.5867606867600867
0,1,-0.927563865
0,1,-0.240638024
1,1,-1.517591293
1,1,1.3820214943143665
0,0,1.3937744509756458
0,1,1.8316978900650187
1,1,-0.229237206
1,1,2.6189157905955196
1,1,4.342237581910389
1,1,-0.403277965
1,1,-1.446700472
0,0,4.480142474607637
1,1,5.136932372859845
1,1,1.990505167045424
1,1,1.8578730153555125
1,1,3.824593144928951
0,0,-2.015988905
1,1,0.052209153
1,1,-2.543854065
1,1,0.6274797526340806
1,0,-1.504821693
1,1,5.6306245875890655
1,1,0.7694118694812596
0,1,-0.331730566
1,1,-0.357530885
1,1,-2.697088209
1,1,1.8490171165991467
0,0,0.13448476717777935
0,0,4.089521277
0,1,2.721027055
0,0,-4.077502845
0,0,5.951983987521287
1,1,2.9978286161022947
1,1,1.8733208468889693
1,1,-2.613899953
1,1,0.012626403029138034
0,0,2.3482589899036332
1,1,0.6725077321431636
1,1,-1.266079471
0,0,-0.399295581
1,1,6.878246144414866
0,0,3.223013431466462
0,0,3.551067618541755
1,1,-0.011387659
0,1,-1.064158022
0,0,1.9801196286110883
0,0,-1.211535995
1,0,3.2149570168625186
0,1,-1.133217275
1,0,-0.909609329
0,1,2.3325414762084566
0,1,6.655096901397348
0,0,0.5245612253496886
0,0,1.7499948309200029
1,0,1.7652561641275222
0,1,-2.060776315
1,1,5.460620967243338
1,1,0.2591648714744289
1,1,-0.200272154
1,1,-1.540814916
0,0,0.9737486932235446
0,0,2.4388367017434867
1,1,0.5607933789338971
0,0,-3.922746754
0,0,0.083960243
1,1,-1.476855829
0,1,5.264164215308715
1,0,0.5567156462143134
0,0,1.0946759744785437
0,0,0.2985757621356588
0,0,0.5517663311984615
1,0,-1.048876073
1,0,1.3335626822882545
1,1,-0.752300972
1,0,0.7463235062134173
0,0,5.4149089187703145
1,1,1.641495974589854
0,0,0.051567788
0,1,-2.090290992
0,1,-1.350121038
0,0,1.5899999447993516
0,0,2.6903969369752194
1,1,0.4172030716709678
0,1,2.8502547047497746
1,0,-2.451748379
1,0,2.5735618857352036
0,1,2.397171386750777
1,0,0.18932942842917222
0,0,4.913364640469428
0,1,1.574669186829473
1,0,-0.840616282
0,0,1.4124482690944276
0,1,4.022648154864811
1,1,-1.147245969
0,1,-0.904760373
0,1,3.1531038713142627
0,0,-0.427290705
1,0,0.04124286
1,1,3.336995597399901
1,1,2.479550847191354
1,1,-2.230611223
1,1,2.329668178484905
1,0,2.431867199353215
0,0,2.0790332361872554
1,1,-0.602979786
0,1,0.14822181431772885
0,0,-2.509486547
1,1,0.8778239283900069
0,0,2.9044010604612307
1,0,2.1318820614443874
1,0,6.100052008
0,0,2.0456118122249176
1,1,2.0449446240604283
1,1,-0.549251994
1,1,-2.576809756
1,1,0.34995627610540037
0,1,-0.610353757
0,0,6.147431646866186
0,1,0.2243020161615774
1,1,3.6427742313883362
1,0,-0.153494829
0,1,2.4191554427095125
1,1,-0.523075965
0,0,-0.961241625
0,1,-2.226092878
0,1,-1.700839673
1,1,0.23698928165101685
1,0,-0.992998341
0,0,-4.491101609
1,0,1.0685077688944205
0,1,0.5924343297033361
0,1,-1.198756897
1,1,1.8065937855012324
0,0,-2.407303436
0,0,-1.503918556
0,0,-1.721575825
1,1,2.6444606896865404
1,0,-1.915036578
1,1,2.6916524076304302
1,0,-2.103135138
1,0,0.1209052123901585
1,0,0.4416669929193014
1,1,0.046298429
0,0,-1.086918289
0,1,3.4225906987751653
0,1,0.7591086067440795
0,1,3.1748350723967316
0,0,0.019265252
1,1,1.6038750927349716
1,1,1.8300270822833413
1,0,-2.679395689
0,1,-0.876655317
0,1,7.053169311886403
1,1,1.4808587858235254
1,1,-5.992946348
0,1,1.3181506141316945
1,1,3.868003219
0,1,-2.13666749
1,1,-1.83598194
1,1,1.4896013121822904
0,0,-0.063445808
1,0,0.4433095816191579
1,1,-1.379191898
1,0,-0.962865186
0,0,-1.828784003
1,0,1.1524216003239538
1,1,1.5158079448239175
1,1,-0.343719493
1,1,-1.704560386
1,1,-1.172054629
0,0,1.1209946318857869
0,1,0.037123942
1,1,2.7634199107880955
0,1,6.319945693529245
1,1,2.1593756421866006
0,0,5.502972197863052
0,0,-0.636459962
1,1,0.074883638
1,0,-1.696804475
1,1,-0.847325003
0,0,1.1807020425071837
1,1,1.7581413735151825
0,0,2.1519880481176323
1,1,-1.968128422
0,0,-1.659735257
1,1,1.2417601592848386
0,1,2.5060630383027718
0,0,6.506218816889044
1,1,-3.021257667
0,0,-1.906529999
1,1,5.2207495773545185
0,1,2.500962887553422
1,1,1.144621366
0,0,1.5575163989501528
0,1,2.785386808122392
1,1,9.683711500134933
1,1,-4.735080491
1,1,-1.32589723
1,1,2.5639634296054985
1,1,-0.47129496
1,0,0.8931680425519063
0,0,2.0308800752232368
1,1,2.494569346040117
1,0,2.9265931686241693
0,1,4.4855521313105555
1,1,3.7253674073308622
0,0,0.41806776232016807
0,0,4.447033906
1,1,3.630665072605099
1,1,-2.399379136
1,0,-0.749621204
1,0,-1.562872351
0,1,-1.3187443
1,1,3.1983540163909696
1,1,0.029893203
0,0,-1.667179048
1,1,-1.897212435
0,0,-0.709373646
1,0,3.907203966352801
0,0,2.0405664010129705
0,0,0.8576374627429775
1,0,1.1172704481064983
0,1,4.098392800415387
0,0,0.8367595410856806
1,0,-3.642617926
1,0,5.594254528057391
0,1,0.8379904429322358
0,1,4.046215038034326
0,1,2.892782027101752
0,0,-0.407119816
1,0,4.1111258624004305
0,1,-2.656228583
1,1,-1.443786434
1,1,1.2960660188135416
0,0,-1.404588176
1,0,2.9499245865948263
1,1,0.728916731
0,1,0.6850827872859249
0,1,1.7738767214226394
1,1,-1.905587712
1,0,-2.792945304
1,1,-1.925086005
1,1,2.211036136726964
1,1,5.9694831466421965
0,0,-0.112955382
0,1,-0.26569576
1,1,-0.11302398
0,0,-2.056341404
0,1,-2.381102919
1,1,-1.101451677
0,0,-0.68300585
1,0,0.78849806
0,1,-0.90875813
1,1,4.749339458013337
0,0,-2.857408909
0,0,4.085773441697812
1,1,2.5370725722041527
1,1,-0.947253701
0,1,1.5224687218678086
0,1,5.108698192717091
0,1,-0.462927054
0,1,1.4949253730845724
0,1,0.1496726193670297
1,0,-0.081600219
1,1,1.7353681082004442
0,0,-3.516055881
1,1,3.2271275857148454
0,1,2.582261691659397
0,0,5.801859014638638
0,1,3.9736520328223985
1,1,5.385273502726853
0,0,-0.206093682
0,0,2.0305682556170987
1,1,2.845566742
0,1,0.5205423551566599
0,1,3.602729748080466
1,1,1.8249475960376018
0,0,0.036028759145264155
0,0,2.421966030699617
1,0,2.2470538193641247
0,1,4.108917813747476
0,0,-4.427970716
0,0,2.904979986749382
0,0,0.622240497
1,1,1.831183768024153
0,0,-0.329090463
0,0,0.9881976974544813
1,1,4.040068444762671
1,1,3.6887568454209148
0,1,5.264393133669477
0,1,1.4650454269555926
1,1,-1.22202938
0,1,-1.201725069
1,1,1.516852544093084
0,1,2.0625356272022435
1,1,-0.282703776
1,1,1.1107369567274497
1,0,0.38407729812274227
0,0,2.0377669859855683
0,0,0.350413213
1,1,-1.56863962
1,0,0.8096058079516586
0,0,1.610248958
0,1,-1.519626902
0,0,4.148278323498747
0,1,0.3862928242024162
0,1,1.753854259629778
1,0,-0.587106755
0,1,1.1571633518720439
1,1,-0.090816284
0,0,3.8005031337555457
0,0,1.9443506791168637
1,1,2.376684343321505
0,0,1.0995178473788627
1,1,1.3597292939741454
0,1,2.5299549550481437
1,0,0.1947449123319412
1,0,1.7138506216892795
1,1,0.080938743
1,0,1.2688111216404445
1,1,1.4062646702435049
1,1,3.1359910453448703
0,1,-1.406691208
1,0,3.0148713102657427
1,1,-1.166901607
0,1,1.8754538221909431
1,0,-2.586337062
1,1,3.289996730077993
0,0,0.9938689949464279
0,0,1.3351050120599948
0,1,-1.053067631
1,1,5.414583843
0,0,1.1841566149171816
0,1,1.0739893094591304
0,0,1.3804448024759126
1,1,0.5672274180137051
1,1,3.4032399750122053
0,0,1.0470988301043038
1,1,0.7186664268713934
0,1,5.012403345070849
0,1,0.37306931712895475
1,1,1.6748092448454193
1,1,-0.640952393
1,0,-1.347194035
1,1,1.7021681219251277
1,0,3.6137193686759383
0,1,1.3351015087815143
1,0,1.928043536046593
1,1,3.7621405065377522
1,0,1.1029849920914243
0,0,-0.358586959
1,1,1.715597622910807
1,1,2.0765008103730986
1,0,0.027302343488036968
0,1,-2.76909321
1,1,2.623228937033066
1,0,-1.841567902
1,0,0.079711516
0,1,2.174219112668668
1,1,3.5596099686922593
1,1,0.5081581018214932
0,1,3.100446993703565
0,0,-0.424411361
0,1,1.359962857112866
1,0,-1.365842352
0,0,3.957210942762103
0,1,2.253914540089525
0,0,1.9403608314771958
0,0,-1.440417722
1,1,1.111491781518042
0,0,0.7659671515288822
0,1,1.3174739696854822
1,0,-2.532881181
1,1,1.1321666461335993
0,1,-0.515771908
0,0,-5.44163858
1,0,2.2683578804880495
1,1,-0.607151993
1,1,0.096411343
1,0,-2.855761763
1,0,-4.43409148
1,1,1.365950812
1,0,-1.204497833
1,1,2.977082265340168
1,1,0.17030684170868327
1,1,1.030775469292397
0,0,2.151259603
1,1,-3.796508072
1,1,-1.143659152
1,0,0.7396868905505294
0,1,-0.360114255
0,1,-3.628549571
1,1,2.683272899191443
0,1,-2.644416855
0,1,-0.651396176
0,1,2.1630202495818622
0,0,2.1784485486044374
0,0,-0.60348865
0,1,1.1788847628889503
1,1,-3.269162892
0,1,2.168963486436091
1,0,-0.378915624
0,0,1.9084890413367612
1,1,-1.199786457
0,1,-0.261767221
1,1,4.447006097224895
1,1,0.6639499977742513
0,1,-2.384513637
1,1,-1.177747987
1,0,0.6276169287468715
0,0,-3.264240099
1,1,0.9622747470666142
1,1,-1.492781471
1,0,2.0298127853132613
0,0,1.6315404652513352
0,0,-0.798495998
0,0,-0.910464153
1,1,-1.964287618
1,0,4.032961434721055
1,1,-2.156690934
0,1,2.419660230813114
1,1,2.140590343835919
0,1,1.0594143905351634
0,0,-0.023100701
1,1,0.15421491738364201
0,0,0.019100532947858406
1,1,4.499825042
0,0,-0.873096407
1,1,0.3475177179051703
0,1,-2.803338568
0,1,-3.589326142
0,0,-2.323780223
1,1,-1.738234685
1,1,-0.117446274
0,0,3.849108376017794
1,1,1.9681913320148776
1,1,0.091732726
0,0,1.0895225251053766
0,1,-1.630103518
1,1,6.293659876556333
0,0,-0.342377348
1,1,0.13254535581843954
0,0,2.166693644095815
0,1,-1.210932357
1,1,0.21923650236338665
0,0,1.4332089837764181
0,0,1.3486851337371975
0,1,-0.238088582
0,1,-0.256059547
1,1,4.697255458518022
0,1,0.42812999097678783
0,1,-0.969981379
0,1,2.7102538484298853
1,1,4.9205706946332946
0,1,-0.170314458
1,1,6.150622968603322
0,0,0.6137259148799428
0,1,0.7339438
1,1,3.785430687299856
0,1,1.046485759344747
1,1,-3.910158514
0,1,0.3857859030398185
0,0,-3.520704601
0,0,0.30675279474238204
1,1,-1.399243486
1,1,3.5817275029430484
0,0,1.2412203600837834
1,0,2.1268988096966397
1,1,-2.383258058
1,1,3.057434607
0,0,0.2884926670856647
0,0,0.681993676
1,1,3.8750598051194185
0,1,1.471549879216018
0,1,1.627037043
1,1,1.161133406078374
0,0,-1.319928225
1,0,4.919569435772405
0,1,-1.233772749
1,1,1.0211873882393163
1,1,1.0415785842563747
1,1,-0.340077077
0,1,-5.246367954
0,1,-0.35776389
0,0,0.5073982249720292
0,1,7.690459856296091
1,1,3.3745485962437467
1,1,-0.098457621
1,0,0.6988556287750831
1,1,-1.23313404
0,1,2.761827339943422
0,1,-1.091807574
0,1,4.570419612089681
0,0,1.2203916225551361
0,0,2.4212308951865187
0,0,-2.854922134
1,1,-4.137760587
1,0,-0.952374488
1,0,0.28270492646076295
0,0,0.1429899097058952
1,0,-3.06665798
1,0,1.8143387584811843
1,1,1.5716263273413578
1,0,3.9025682027253024
0,0,-1.137040099
0,1,-2.824907128
0,1,4.218575733643091
1,1,1.996568638009068
1,0,-2.239595848
1,1,3.4753639061295227
1,1,4.336479919773759
1,0,-0.897874516
1,1,4.094874307481847
0,1,-0.527455098
0,1,-1.911360697
0,1,0.5738257169337508
1,1,5.012595267372646
1,1,3.7486515008118624
0,1,-0.055028977
0,0,3.1398250416768994
0,1,1.0506952252019914
0,1,-0.320704998
0,0,2.1609516747664834
0,0,2.0920563840028628
1,1,4.586117035532156
1,1,-0.460757438
0,0,3.3108897274659785
0,0,0.4334862115142896
1,1,-2.456849733
1,1,-0.35091047
1,0,-0.034743761
1,1,2.328314545
1,1,0.48317337287947515
0,1,-0.038411355
0,1,3.826258597699078
0,0,1.7651602079022177
1,1,-1.955522135
1,1,-1.711115429
1,1,2.0134355134802218
0,1,2.1291945870779383
0,0,3.2794499485130544
0,0,2.395410618810597
0,0,-0.485560152
1,0,5.359201065057274
1,0,2.2865332928164155
0,1,-0.712612105
0,0,4.460655795382587
1,1,1.6486803727993515
1,1,0.6481603116943908
0,1,0.8862291353928455
0,0,4.930265234787496
0,0,-1.913884515
1,1,9.702251620843736
1,1,-0.798382402
1,1,-2.922530553
1,1,-0.979870928
0,1,4.961812300799607
0,0,0.034559974950862715
1,1,1.0517765798251648
0,0,2.0754649198821853
0,1,-1.740843392
1,1,0.18674036052860413
0,0,1.3711914472395896
1,1,2.355528716965778
0,0,2.8156952436414557
0,0,1.408265879737557
1,1,-1.914286902
0,1,2.372504088782768
0,0,1.4510912011651529
1,1,1.0356494380009513
0,1,-0.879395851
1,0,0.11443751893711696
1,1,5.203875841
0,0,4.432676801787939
0,0,-1.92361977
1,1,-0.813082626
0,1,1.8269429665973083
0,1,4.924147121788533
0,1,5.856021629
1,1,1.9778717447136387
1,1,3.1098374125043895
1,1,1.480810657778007
0,0,-3.7771946
0,1,0.03581037
1,0,-3.417732774
1,1,-0.259771702
1,1,6.738122449
0,1,4.148944704959855
1,1,2.046513338073845
1,1,-1.53459821
1,1,1.4816700714774433
1,0,-0.039959386
1,1,-1.148341721
1,1,0.5493862447965365
1,0,1.3783502959630174
0,0,6.323564932058885
1,0,3.5866013337292637
0,1,0.21513436434638633
1,1,-0.763903709
1,1,5.323695873749713
1,1,-0.195316655
0,1,-1.435898883
0,1,-1.791574959
0,0,-2.459209869
0,1,3.339366406578014
0,1,1.575104288016276
0,1,3.8789731582417777
1,0,-0.464802676
1,1,-0.082644949
0,1,0.10370811527028767
0,0,-0.112915512
0,1,0.667214271
0,1,1.3908307538101634
1,1,-0.393798237
0,0,-0.098005395
0,1,2.4254785092247078
1,1,3.6113960280384565
0,0,2.289357683
1,1,-0.167949335
0,1,1.9314836971218206
1,0,-0.249172315
0,0,-0.503047966
0,0,4.163113024018803
0,1,1.1356962573120555
0,0,3.6250317029305537
1,1,0.6983333892908852
0,0,2.0173408645104614
0,1,0.25482026573186256
1,1,-3.137249614
1,1,-2.857378654
0,0,-1.571429027
0,0,-6.222703413
1,0,-1.247189113
0,1,-5.976307202
1,1,0.033808549994947534
0,1,2.4152863319963247
0,0,2.8860152109551693
0,0,0.24573865998455968
0,1,-0.72546357
1,0,0.8262584567858127
1,1,-0.767362983
1,1,-3.008960485
0,1,1.0091302283086998
1,1,-0.312568997
0,0,-1.273527801
1,1,3.3235567376442496
0,1,-0.134732192
1,1,0.2672651272243695
0,0,-3.959141894
1,1,3.275667712757829
1,0,-0.193703061
0,0,-0.969169647
1,1,-0.238388218
0,0,-0.865069609
1,1,1.5351434987804422
0,0,-2.839566285
1,1,1.1923842266495777
1,1,-0.36286423
1,1,2.1772834373431564
0,1,0.18804504084269325
0,1,-0.571734389
0,0,-0.955752998
1,1,-0.23832103
0,1,0.3695243374979358
0,0,0.4559611532056005
1,0,-0.50832649
1,1,0.7326858857970329
1,1,-1.250306227
1,1,-2.671482998
0,1,-1.783442232
1,1,1.0613049008104447
0,0,-3.137428195
1,1,0.3033456309019762
1,1,-1.283863137
1,1,-0.931587647
1,0,0.12855374681323428
1,1,3.223592818304132
1,1,2.125795798303235
0,1,4.023309432699271
0,1,-1.070263503
1,1,3.876371355260115
0,0,-0.440770348
0,1,-0.001525319
1,1,1.5389585049769157
1,0,3.075088650567656
0,0,0.2726449780713988
0,0,0.24330053637710192
1,1,2.034164422715601
0,0,-1.997086822
1,1,1.0217009243217627
1,1,-0.050493825
1,1,3.854247969645881
1,1,-4.020595279
0,1,2.0640732551994154
1,0,-1.579257719
0,0,0.6615303580269553
0,0,3.8260913142671855
1,1,1.828776302
1,1,4.663483258532312
0,1,1.1727196677324805
0,0,1.569084322050687
0,0,2.661070182
1,0,0.46047744770151977
1,0,0.25091060705048973
0,1,0.6304716695046175
0,1,-1.501809404
0,0,-0.017406033
0,1,1.9875413840190552
1,1,6.054832411
0,1,-0.393417505
0,0,1.9879553227623477
1,1,-1.137939744
0,1,0.2699893775455685
0,1,0.6417182320899542
0,0,3.255838244812776
1,1,0.11769299475769734
1,1,3.131493185146916
0,0,1.0152756642143381
1,1,4.178643212211165
0,1,3.404858843106794
1,1,-0.459071956
1,1,4.221607106953268
1,0,-1.791835818
1,1,-1.482376261
1,1,2.3817962544379148
1,1,-1.453973725
1,1,1.637443206940663
1,1,-1.511303585
1,1,-0.547903756
0,0,-1.506045542
0,0,3.63908214
0,0,-1.196192197
0,0,3.9130821273364766
0,0,1.428057784953522
1,1,1.3252162368816907
1,1,4.493819800759294
1,1,1.8730374178663505
1,1,-1.84566946
0,1,2.2342972631304105
0,0,0.9089865861562701
0,1,-0.569076644
1,0,0.21041971817311644
0,0,-3.768531776
0,0,-1.205319817
0,0,0.27559420944065827
1,0,-2.752745677
0,0,0.5486257297960296
0,0,-0.3258842
0,1,1.4828909120320195
1,1,1.7417329537635462
1,1,0.02758173
0,0,3.509560562631531
1,1,-2.092314385
0,1,1.214773277492409
1,0,2.0122338719847352
1,1,2.602696226913144
0,0,0.27537840819627313
1,1,0.19383628186800067
0,1,-0.726400441
1,1,-0.681335255
0,0,-4.567353992
1,0,3.6493016983111595
0,0,-0.601944051
0,0,-0.818676269
1,1,-2.008339978
1,0,0.11260807034636966
0,0,0.635568799
0,0,1.612927165291689
1,1,1.4886452482313914
0,1,2.309101908335885
0,1,0.5282830624330785
1,1,5.5013736760125305
0,0,2.5028045075886323
0,0,3.134124093917582
1,1,-0.073862882
0,0,-2.235065156
1,0,-2.846357098
1,1,0.6810348394640263
0,0,1.973906312242427
0,1,-0.106159463
1,1,1.8814070679827684
0,0,1.4446808784448741
0,1,1.038845129529103
0,1,-2.823305898
0,1,1.2261674834516383
1,1,-0.297955044
1,1,1.9148839734640766
1,1,-0.184473604
0,0,-1.697577714
1,1,1.3382059708602136
1,1,2.4868834808077436
0,0,1.733716093
0,0,-0.753741807
1,1,-1.090122432
0,0,1.4794938890138978
1,1,-0.619779837
0,1,1.9161692230442484
1,0,2.130855328836978
0,0,-2.512247101
0,1,0.6384623641592835
1,1,0.4387229714095022
1,1,-0.073054581
1,1,-1.880859693
0,0,-0.314833794
0,1,-0.086509209
0,0,0.29584095644194036
0,1,-0.443698864
1,1,0.6766639070897595
0,0,5.653777981796342
0,0,0.8065302681209312
1,0,0.8354370758005802
1,1,5.032522774957028
0,1,-0.147283497
0,1,1.4552304113312178
1,1,1.5322801708281852
1,0,-0.878652407
0,0,2.863848705
1,1,2.5366751210561946
0,0,0.7184059295921856
1,1,-1.105098389
0,1,-4.326418959
0,1,1.2661276129439725
0,1,1.377557278310222
1,1,0.069594751
1,1,1.0446461781225398
1,1,0.338506271
1,0,-2.574447574
1,1,-4.104249799
0,1,-2.029124095
1,0,4.122270029847422
0,1,6.162526089065364
1,1,1.3212483935426511
0,1,-0.27238425
0,0,-0.024068366
0,1,-4.301954872
0,0,1.732966588267021
0,1,0.7039255767978829
1,1,3.2609800720298514
1,0,1.095823281206924
1,1,-0.422860204
1,1,-0.68987165
0,0,-0.351115979
1,1,3.4638739721317666
0,0,1.1074118875696795
1,1,1.7805639903680441
1,1,-0.056008262
1,1,-2.160479801
1,0,2.8875720452246645
0,0,0.3720174056571841
1,0,1.9316384739346875
1,0,0.4805959786152769
0,1,-0.588255831
0,0,-0.749289564
1,1,2.1718508744694907
0,0,1.3118934411354455
1,1,-1.529391264
0,1,2.3852227325608704
0,0,1.2210025138141645
1,1,2.774842062836311
1,1,-4.763432563
1,1,3.192604322517803
1,1,3.489516071421619
0,0,-1.722170013
1,1,-1.262202126
0,1,0.43377608270993584
1,1,-1.098587877
0,1,0.36887425021237275
0,0,0.5176958049448763
0,1,4.980374499811194
0,0,-0.36479631
1,1,-0.279035017
1,0,-0.15789091
1,1,3.4583606677770615
1,1,2.925084823
0,1,1.6251367511939359
1,1,3.2015310815462943
0,0,-2.046961311
1,1,2.2513100302006515
1,0,0.49607834743256496
1,0,3.4372460562720866
1,1,0.5525430647734557
1,1,-0.802424676
1,1,3.413195290635035
1,0,2.2641769965381564
0,1,1.0295449707979745
1,1,1.2886111994706317
1,1,3.339584910509614
0,0,0.4654229286645943
1,0,2.494136481465537
0,1,-0.574770984
1,1,-2.424643428
0,0,-3.316709924
1,1,-3.002525045
0,0,0.8901406929759329
0,1,2.1546561843160297
1,0,4.814239058372662
1,0,-1.351040503
1,0,-1.405638324
1,1,3.575760116
1,1,-2.753947354
1,1,0.46322956932029724
0,1,1.9072333632250849
0,0,0.8085551263968653
1,1,3.6052147738214457
1,0,-0.102577419
1,1,-0.193252475
0,1,-1.222452435
0,1,-1.567183145
1,1,2.1673802461992686
1,1,5.672868654
1,0,1.477304573041749
1,1,-1.136484805
0,1,0.7632868215696945
0,0,-2.748919738
1,1,0.7804590941795122
1,0,-0.923097633
0,0,-0.680058044
0,1,0.4041899688379238
1,1,9.001794023
1,1,3.7470703148002795
1,0,-1.816840198
0,0,-4.295162892
1,0,1.7718694869994378
0,0,1.9519144579978125
1,1,0.5239465283760797
0,1,-2.621601192
0,1,-3.337613347
1,1,2.2309699134095773
0,1,2.1925794782204666
1,1,-0.794594923
1,0,0.3768904531187103
1,1,0.292731064
1,1,-0.067809363
0,1,1.844736411047663
1,0,-6.026773827
0,1,0.743714573
1,1,5.158517981
0,1,1.6382618765125538
0,0,0.22498527487096032
0,0,0.4326986526989741
1,1,-0.493535344
0,1,2.7750052492798742
1,1,1.9123637946104752
0,0,0.7964846639041085
0,1,0.16847193096201563
1,1,1.2946767793714002
0,1,0.078687625
1,1,-2.826921236
0,0,-2.340671978
0,1,-0.809843003
1,1,1.1302111607997534
1,1,-1.292295557
0,1,1.1320517252996318
0,1,0.48657087310170594
0,1,3.2449210161789614
0,1,5.4161714045023865
1,0,1.279602035118421
1,1,4.921619185685244
0,1,1.8684306072436156
0,1,0.39323335921713415
0,0,-1.835321635
1,1,-0.467615839
1,1,1.2944210404499208
0,0,-2.272813875
1,1,1.2961937380043362
1,1,1.2030252399792187
1,1,4.793836687850381
1,1,4.008090690814427
1,1,3.3500008238384855
1,1,1.2735218082647246
0,0,5.2117353604640275
0,0,-1.209370484
1,1,1.6177876293900721
0,1,-3.560731932
0,1,0.7039840964148658
0,0,-0.428917099
1,0,3.048138590542207
0,0,-2.101114322
1,0,-0.721771432
0,1,-0.769293745
0,0,-2.023010588
1,1,-2.241721046
0,0,1.4216124335733433
1,0,3.13371385
0,0,-2.247528639
1,0,-3.01737599
0,0,1.946577741458311
0,1,-0.797418435
1,1,3.2918301124051323
0,1,-0.265318839
0,0,-3.413068279
1,1,0.9323768668050146
1,1,-2.100395888
0,0,-3.31048166
1,1,-4.921467724
1,0,-2.389411618
0,1,0.48472515012458994
0,0,-2.50712013
1,1,2.7248333211410114
0,1,5.339494240355803
1,1,-1.310002882
0,1,-2.2257067
0,1,3.391627525913855
1,0,-0.458850466
0,0,-0.411215589
0,1,0.6008052974588276
0,0,-1.311625103
1,1,-3.630687298
0,0,1.462943077872988
0,0,-0.170418988
1,1,1.5046579363942734
0,1,-0.811810185
0,1,4.1149174887122335
1,1,-0.760218647
0,1,3.7476774409109948
0,0,1.2287828716791382
0,1,0.5554023193045445
1,1,2.606514310824714
1,1,3.029925563908572
1,1,2.2015991201677387
1,1,1.7427753019127112
0,0,0.069929846
0,0,-0.798625813
1,1,3.4814747853723285
1,1,7.221283177301109
0,0,4.319828808489315
0,0,1.7556963040768006
0,1,-1.193877596
1,0,-1.473419992
0,1,4.109700323467292
0,1,1.6403098306602555
0,1,2.4224359512106783
1,1,3.466407732
0,0,-0.191008052
1,1,0.14474373552026476
0,0,3.1073610126895956
1,1,0.068016213
1,1,-1.244039158
0,1,-0.231322844
0,1,-0.360328475
0,0,0.8718418692124759
0,0,1.5001727973182781
1,1,-0.68489156
0,0,-3.149637235
0,1,2.9563775418605216
0,1,1.862513516116259
0,1,-2.424990472
0,0,-5.209149807
0,0,-0.360476054
1,1,-1.096155926
1,0,0.442152808
0,1,-4.983140873
1,1,1.3048447973464832
1,1,2.3920845004613973
1,1,0.8142736768800589
0,1,4.620454897474426
0,1,-2.370666646
0,1,-0.218687476
0,1,1.2678794132441449
0,1,0.21982850742935972
0,1,0.750120642
1,0,-0.520145554
1,1,-3.120851766
0,1,-1.306891226
1,1,-0.868012827
0,0,3.970633544
1,1,0.063839744
1,1,2.7678227003743348
0,1,1.1535420957501323
1,1,-2.7434532
1,0,2.8843919022229727
0,1,2.670922632470193
1,0,-4.421990857
1,1,0.4867520011113191
1,0,-2.006293012
1,1,1.4814312344211231
0,1,5.298887047625437
0,1,3.1725338362841295
1,1,2.467444759371577
0,0,-0.78199831
0,0,2.3255436925148603
0,1,2.0549245823086246
0,1,5.325446823798909
0,0,1.1336284492562714
1,0,-2.534988629
1,1,2.2519649197551392
1,0,-2.153643002
1,1,3.3261054137410953
1,1,5.122532373465062
0,1,-0.474436174
0,1,2.9130506684761825
0,0,-0.758213772
0,1,6.247464381030113
1,1,1.2018727269744853
1,1,0.739135815
0,0,2.100387552088927
1,0,1.496892074356625
0,1,-1.021783165
0,1,-0.228605156
0,0,-3.435167041
0,1,-0.523514459
0,1,-0.059975464
1,0,2.8506496505648173
1,0,-0.205070257
1,0,0.1682228218899633
1,0,6.178428988
0,1,0.4985966219899517
0,1,-0.211704004
1,1,1.5611569240210788
1,1,1.8580804086890295
0,0,2.1764343304136484
1,1,-2.110578174
0,1,-4.652552136
0,0,0.3557970742771914
0,0,3.3081137127347127
0,0,-1.840282135
1,1,-2.445105146
0,1,-1.935631907
0,0,-1.171281177
0,0,0.9947362115610877
1,1,-0.486008455
0,1,3.3387669392650645
1,0,2.405560208326456
1,1,-0.415747399
0,0,1.3371313778437544
1,0,-2.787194094
0,1,2.8719095628768123
1,1,-1.882762066
0,1,-1.119923339
1,1,-0.604462772
0,0,1.9531318116226586
1,1,-4.725091057
1,1,-0.620846942
1,1,1.6785541193653102
1,1,-0.790163313
0,0,0.041477293
0,0,4.192672578360602
0,0,1.621014591732746
1,0,2.582921458921723
0,0,1.5111018651299861
0,1,2.4008282955194398
1,0,2.7202641534509793
0,0,0.9571996548494712
1,1,-0.155169938
0,1,-0.302499653
0,0,-2.575867
0,0,-2.162621028
1,1,0.30813196018624356
1,1,3.6646428501496997
0,0,0.4561828182687854
1,1,-1.607549338
0,0,0.9687775741912532
0,1,4.639073215117128
0,0,1.6947189504564468
1,1,-1.28960098
1,1,-2.142391342
1,1,-1.923316983
0,0,-1.337374687
1,1,1.4627246320499747
0,0,1.7609011902163454
0,1,2.0704315209558675
1,0,2.950513132858228
1,1,5.024472440320253
0,1,4.987363869
0,0,0.30089817638987526
1,1,-0.098202039
1,1,-0.908273675
0,0,-1.157961381
1,0,1.6321181184656008
0,1,2.0486101710855635
0,1,2.8246044600554017
0,0,4.395434474529337
1,0,1.5076830114609745
1,1,2.448155195246623
0,1,-1.103913768
0,1,1.0656777953888241
1,1,1.71257102
1,1,7.856607437732715
1,1,0.7002243048744116
1,1,0.086097793
1,1,-0.478452432
0,0,0.6091557516437073
1,0,0.1101365782917445
1,0,-0.094667935
1,1,-0.27796064
1,1,-1.211303733
1,0,0.8441051675456978
0,0,2.9157197684801166
0,0,-0.059641416
0,0,3.673009313770474
1,0,0.070478626
0,0,0.591924316
0,0,5.793406249783626
1,1,-2.79856417
0,1,-0.86916606
0,0,0.7992946867349482
1,1,-1.81935684
0,1,-1.614344026
1,1,1.157350277
1,0,-0.092785698
1,1,1.0073144802308929
0,0,1.590010298017861
1,1,0.1630373734326423
0,1,4.935248161223274
1,1,0.5756989226321969
1,0,1.2533634400829494
0,0,-3.706354541
0,1,-1.836706402
1,1,-1.55142606
0,0,3.0453926712067916
1,1,0.17740589953090002
1,0,1.364365262495227
1,1,1.6939520269168717
1,0,2.538761747162164
1,0,0.8126859675261423
0,1,0.8304184129686759
1,1,0.081451217
0,1,-1.818449095
1,1,0.7755276560071236
0,1,0.8711899723836409
1,0,0.39963920996956426
0,1,1.0973930838524968
0,1,2.3500981701186334
1,1,-1.7813024
1,1,0.8964703620386372
0,1,4.874745473329904
1,0,-0.871858599
1,1,-0.707018947
1,1,0.7875337131622315
1,0,0.005149184
0,1,-2.21866363
0,0,1.8382917305466004
1,1,0.42550126102402985
0,1,1.3198094383994943
1,1,2.7763810419022477
1,1,1.8368637197400854
0,0,-7.937643301
1,0,-0.568837834
0,1,-3.695217913
1,1,0.5070982692923691
0,0,-0.503288573
1,1,-0.435007077
1,1,3.0332788287503685
0,0,0.31702694043693147
0,1,0.5079161830779129
1,0,-0.209098417
0,0,-0.083329791
1,1,0.7618794748931843
0,0,-2.601152663
0,1,2.728821511
1,1,-0.571799291
0,0,2.7031266987789535
1,1,3.550473017582931
0,0,3.108751086663093
1,1,-0.685618962
1,1,0.6265672094599476
0,0,-1.811041046
0,1,0.26391553189850275
0,0,-1.487372645
0,1,6.348341925937813
0,1,2.127833067002336
0,0,4.362092221454109
0,1,3.126589538067334
1,1,-1.226890299
1,0,1.4037082950375899
0,0,2.1042214662922016
0,0,-1.070070727
1,1,-2.725895916
1,1,3.2752438911615025
0,0,0.19539730478370054
1,1,-4.180285646
0,1,-2.429920099
1,1,0.5359726023365521
0,0,-1.340098353
0,1,-0.671937988
1,1,0.34410390660036516
0,1,1.5027386008329928
1,1,1.6618502594501519
0,0,-0.223815947
1,1,1.6807627575227198
1,1,3.382859845197527
0,0,3.493884367580365
1,0,0.037793664
1,1,2.641048375049733
0,1,-2.449731545
1,1,2.286569504982398
1,1,4.7195985586538525
1,1,2.8844749354554153
0,1,-2.399438258
0,1,-0.736047636
0,0,4.662737301250805
1,0,-1.636068295
0,0,1.758611042218381
0,0,1.2337182331772147
0,0,-0.447737865
0,0,1.4811525454981644
1,1,1.6745540839306603
1,0,1.9233340967574055
0,1,2.5885287950175164
1,1,1.3960325671422564
0,0,-0.122738679
0,1,4.225711462284357
1,1,0.8073129825561507
0,1,-3.337524906
1,1,0.25512799002296305
0,0,0.7616535008572165
1,1,-0.730199583
0,1,-0.589029314
0,1,6.039580857528174
1,1,2.254854773292406
0,0,2.659351058
1,1,1.8406829113390506
0,1,-0.11769414
1,1,0.1237491810604554
0,1,2.0018604975973635
1,1,-2.389364596
1,1,-0.848126487
0,0,0.5909454519533565
1,0,-4.679292991
0,0,-1.708825697
1,1,1.865794345722565
1,1,2.7465664662539755
0,0,-1.141420942
1,1,2.5548372591460153
1,0,1.7283116788205117
1,0,0.2220167292394241
1,1,-0.096852217
0,1,-2.140877411
0,0,3.4618450689565288
1,1,-0.816935083
0,0,1.381239164877378
1,1,5.162290878289035
1,1,-0.507865239
0,1,0.32728695593698787
1,1,2.277675532837522
0,1,0.7492082554749735
0,0,0.018540088524874265
0,0,-1.630410293
0,1,1.3401452411104904
0,0,-1.683233857
1,0,-0.80994274
0,0,2.6588077531838943
0,0,3.8677442316725172
0,0,-2.468904779
1,0,1.6305916725647467
1,1,2.1469568983685656
1,1,-2.513361239
1,0,0.132161971
1,0,0.9125633580289336
0,0,0.6246286673773314
0,1,0.3303775356459576
1,1,1.916273987856179
1,1,2.9412423847857028
0,0,0.1448588588654458
1,1,-1.635290659
1,1,-2.616385704
0,1,0.067092649
1,1,0.18220674824282124
1,1,0.20386901119982248
1,1,-0.234770624
1,1,-0.212105754
1,1,-1.871142763
0,0,-1.315390405
1,1,0.16194378724289216
1,1,1.2685007064138494
1,1,2.435856098051968
1,0,2.724959009918166
0,1,0.432021902
1,1,3.0567663312870748
1,1,0.603747723
1,1,4.126875612252378
0,0,0.9407544339543168
0,1,-0.925623589
0,1,-0.822005413
1,1,-1.454770279
0,0,1.829188763113979
0,0,0.3806722856280218
0,1,-2.422226131
1,0,0.4629018639926041
1,1,5.179792080533769
1,1,1.2449903586653375
0,1,-3.380805064
0,0,-0.219324016
1,0,-1.400931829
0,0,0.086225225
1,1,-0.75177778
1,1,0.9486305890749611
1,0,2.516442314723578
0,0,0.9472043366949717
0,0,0.039007372
1,1,-2.576164794
1,1,3.2528291691241975
0,0,2.0638513728403582
0,1,-0.796895703
0,0,-0.251277615
0,1,-0.604093896
1,1,-0.814125271
1,0,4.113276759460072
0,0,0.25937153222366116
1,1,3.851763146573777
1,1,3.7241022578483705
1,1,2.9472078984580024
0,0,-1.717877539
0,0,-0.398010819
1,1,0.6450479941267215
0,1,-1.75943838
1,1,1.389628092834896
1,1,-0.403374799
1,1,1.7465529942118154
1,1,-0.751034218
0,0,1.570571418939993
1,0,-2.080661319
0,0,4.929896858963852
1,0,0.033861177
0,1,0.1495985539434329
1,1,4.042757040856278
1,0,0.8224220993752693
0,1,2.219148921609317
0,1,-2.073643193
0,1,-0.992054422
0,1,0.42930319757906255
1,1,0.5443094290623731
0,0,1.8585590058360315
0,0,0.8855638512551235
1,1,0.4577460581735946
1,1,0.6887934219156846
1,1,-1.004276409
0,0,0.38752380286700283
0,0,-1.139154155
1,1,-2.876483291
0,1,-3.485671289
0,1,4.027344969
0,0,-0.900538196
1,1,2.8509386553672686
0,0,-0.838703763
0,1,5.308966480359513
1,0,0.091780989
0,0,-1.565757979
1,1,-2.242344836
1,0,1.4233750991162506
1,1,1.2838164756232575
1,1,-0.9686462
1,0,0.016216987127697147
0,1,1.6656661451597397
0,1,3.636936392
1,1,-2.451001072
0,1,0.24486090358706192
0,1,-2.094796288
1,0,2.640102223589257
1,1,0.974389627
0,0,3.7926343123695117
0,1,0.020994477365143538
1,1,2.362636783923752
0,1,0.18747263861350927
0,0,1.2797783824079199
1,0,-1.997788925
0,1,4.6793632402614405
1,1,2.365589826995036
0,0,4.333857626323118
0,0,-2.71502533
1,0,-3.088181472
0,0,-1.720917416
0,1,-0.333228377
0,1,3.409675207445211
1,1,-0.818427053
1,1,1.5643957270607987
1,1,-2.438829829
0,0,1.1792195243395498
0,0,2.889761324382659
1,0,-1.284342213
0,0,-0.997236626
0,1,4.626193237176471
0,0,0.45064669957122183
1,1,5.957710473
0,1,-1.661046548
0,1,5.532138138473553
0,1,-1.514914588
1,1,4.8945267224187745
0,1,1.179106450257759
0,1,6.368049062537877
0,0,2.514933613149118
1,1,-0.87271548
0,1,0.628160641
0,1,-2.643502292
1,1,2.942005917527705
0,1,-4.224201703
1,1,0.6700300141810343
1,1,1.1790700625883332
0,1,2.3362249232664443
0,0,-3.568191394
0,0,3.8428821371315216
1,1,2.8349792012209427
0,0,2.666913946744513
1,1,1.6305189111189227
0,0,2.225339420604121
1,1,2.4709383592713214
0,1,1.9743115595934944
1,1,-4.068767821
1,1,1.0120907407806015
1,1,-0.488409179
1,1,-1.640739761
0,0,-0.887644877
0,1,2.5440796254989957
1,1,-0.102624524
0,0,0.083790584
1,1,-2.448627822
0,0,-2.269724568
0,1,0.3697971297542457
1,1,0.31006459171724554
1,1,1.2346662310141208
1,0,-1.417267793
0,1,3.539453857313108
1,1,-0.519482896
0,1,-2.513085833
0,0,-1.02418673
0,1,-1.155706081
0,1,-2.081767325
0,1,-1.955004791
1,1,0.085441017
0,1,-0.96804839
1,0,-1.558108686
0,1,3.2240325812848143
0,1,1.996073912896199
1,1,2.902835917
1,0,4.560390548947014
1,0,-2.319549642
1,1,-0.211072128
0,1,-0.27079434
1,1,2.5079751781558066
0,0,-0.769058962
1,1,-0.489959071
1,1,3.1092194591378517
0,1,-0.922038978
0,0,-3.588165478
0,0,3.039014531
0,1,-0.550265538
1,1,-4.891401357
0,1,-2.809096647
1,1,-2.30465493
0,0,0.7495082968433231
0,0,-3.115420854
1,1,4.021943135807482
0,1,-0.557754649
0,0,1.5115471471019593
1,1,1.2892383229961466
0,0,1.915218808417549
1,0,2.20640185
1,0,2.5623990099226477
0,0,0.6708940068876883
0,0,-2.057029537
0,0,3.363574888911675
1,1,-0.544096742
1,1,-1.015631759
0,1,-3.470994497
1,1,0.32626218022669473
0,0,0.7569665208237089
1,0,0.089190244
1,1,1.6432270558159119
1,1,2.893745547899064
1,0,-0.519401152
1,1,4.189520208061889
0,0,0.8121061598585144
1,0,-1.404281163
0,1,-1.571472097
0,0,1.5263930073905063
0,0,-0.268882048
0,0,-0.604705643
0,0,-2.555829998
1,0,0.34760907403124813
0,1,2.5222351611161082
0,1,1.3558101210691247
1,0,2.768559058544806
1,0,1.8156588165779568
0,0,2.7618298319427925
0,1,0.6764583863139757
1,0,-0.933072289
0,1,-0.955313639
0,1,-2.082025631
0,1,2.127075453743788
0,0,-3.741757734
0,1,-1.404053189
1,1,-1.753771574
1,1,4.831313091011072
1,1,-0.691738724
0,0,-1.268094061
1,1,2.003457918427185
1,1,-0.935347124
1,0,1.1007444596657052
0,1,3.384306875963892
0,1,3.352679859137488
0,0,5.856211022375689
0,0,1.1340961416074093
1,1,-3.023858191
0,1,4.637594298450042
0,1,4.240093893453118
0,1,1.3698247368765175
0,1,4.904767413625119
1,1,5.276983965880079
1,1,-0.1636279
0,0,0.8896717972381145
1,1,3.2807948664898205
0,1,-4.052674345
1,1,1.1798381108319669
0,1,3.184851836272946
0,0,-2.835419552
1,1,-0.626616758
0,1,-3.022115835
1,0,-1.253229441
1,1,1.4615337477620725
1,0,1.005113603805672
1,0,2.0936645999849537
0,1,0.098543504
0,1,-3.139183893
0,0,-0.393414886
0,0,3.8791298516118196
0,1,1.1762234255490485
1,1,0.31272595079979015
1,1,3.8636347469766097
1,1,1.7706294557965154
1,1,-0.81064882
0,1,3.641688655283541
0,0,-0.403380516
1,1,-1.135337044
1,1,1.794568378695152
0,0,0.6046474896885403
1,0,5.145461029395712
1,1,0.5778446594406016
0,1,0.672001695
1,1,4.266363354593393
1,1,-3.885867688
1,1,-0.51795076
0,0,0.887007299
0,0,-3.102346359
1,1,-0.672209095
1,0,0.089160352
1,1,4.834383513186085
1,1,2.459775459
0,0,2.106168770461328
0,0,4.374709916082827
0,1,4.999189794843026
1,1,3.461751496136574
0,0,5.257285661408989
0,0,3.196977342913155
1,1,-0.711167362
0,0,-4.8514154
0,1,-0.543239411
1,1,0.760430617
0,1,0.660581639
1,1,-3.310594885
1,1,1.214107101405472
0,1,-0.109615761
0,1,3.2080245182285427
1,0,-0.031053848
1,1,-0.497471838
0,0,3.1997705495652355
1,1,-0.606966517
0,1,4.572211771444147
1,0,-1.290729077
0,0,3.160896635750292
1,1,0.3720470227954264
1,1,-2.480738378
1,1,0.2896394231687658
1,1,1.4326068377495975
0,0,4.304190852891736
1,0,0.6035018192256374
0,1,-3.08482618
0,0,-3.41959548
1,1,2.5814537129853794
1,0,-1.218693952
0,1,1.6965218316879571
1,1,-0.576478741
0,0,2.8408353892359646
0,1,-0.281527628
0,0,-0.353503206
1,1,4.552058724
0,1,-1.06481442
0,0,-1.297082966
0,0,0.873773281
1,0,0.868038346
0,0,-0.910680183
1,0,-0.072286996
1,1,4.079045210423926
1,1,2.3667734274731775
0,0,-0.871088412
0,1,0.4478769786734602
0,0,-1.166751783
0,1,-1.830686053
0,1,-0.436636778
0,0,-0.820692596
1,0,-1.837932175
1,1,-0.630613339
1,1,4.543903759812199
0,0,-1.76750917
0,1,3.4666901874575906
0,0,4.692403971
1,0,1.4972281965853735
0,0,0.9201939245806187
1,1,2.6331109907541173
1,1,-0.514496779
1,0,-2.235011752
0,0,-3.925613801
0,1,0.9074058562113594
0,0,-2.546606141
1,1,0.9312035398391961
1,1,-0.415814958
0,1,0.2990303159213765
0,1,-2.333940058
0,1,-0.630062165
0,1,-1.575425525
0,1,0.2579867732685654
0,1,0.5541127079514798
1,1,-0.236626469
0,1,1.1108009457263297
1,1,1.3737236523675878
1,1,1.7642237878617226
1,1,-1.377274923
0,1,2.1999832644592394
0,1,0.36496853475687807
1,0,1.231730942812841
1,1,2.765398104589977
1,0,4.61325938
0,1,-3.662808909
1,0,-1.134534615
1,1,0.45423687333552465
1,1,-2.266940749
1,1,1.6906892469610193
1,1,0.22913293230670262
1,1,-2.000176201
0,1,5.661926951980967
1,1,-2.174028274
1,0,0.6065584480687396
0,1,-3.661109383
1,1,-1.793677862
0,0,-1.625778608
0,1,0.8437889238074048
1,0,2.6167267711524143
0,0,1.9416704025326554
1,1,-0.034565865
0,0,1.5825413854648285
0,0,-0.259898819
0,0,-1.678265546
0,1,1.1025707114008876
0,0,3.960551454490199
1,0,0.024801756562742194
1,1,-1.354533674
0,1,0.9090798571415626
0,0,-3.347463296
0,1,4.827464775
1,1,2.031368166198529
0,0,-1.113972973
0,0,-1.255237148
1,0,5.419267993
0,1,-1.049977202
1,0,-0.598147445
0,0,0.26411750785243493
0,1,0.3262239235013188
0,1,2.5237879978359157
1,1,5.519624960152155
1,0,-0.828905084
0,0,-1.597646209
1,0,3.5991109403769075
0,1,-4.859910422
0,0,1.7027567608400482
1,1,0.5038378631274616
0,0,-3.311864658
1,1,1.7091172179279122
0,1,-1.300186909
1,1,5.3253468361613745
0,0,2.4264223080215066
0,1,-2.001857573
0,0,1.7248301365199405
0,0,-0.423697881
1,0,-2.307881211
1,1,0.074526435
1,0,-4.934498633
0,1,1.2911076086553486
1,0,3.014359400219985
0,1,1.1676861279979025
0,0,3.6085869283422016
1,1,3.3008985189951354
1,0,4.358985376860516
1,1,0.9859165456379101
1,1,-0.491666786
0,1,0.021428905205577095
0,0,0.593955675
0,0,-0.596325244
0,0,-0.96843616
1,1,-2.918252662
1,1,0.3336779172606773
0,0,2.453241916140513
1,1,0.9192048185466029
1,1,-0.358789634
0,1,-1.051079308
1,0,-0.14523572
1,0,-3.232697285
0,1,5.115905702116274
1,1,1.9338580979119657
0,1,5.963762954620759
0,0,3.8530231130582338
0,1,3.9680123937817737
0,0,3.4484372554871596
1,1,0.8168420938202549
1,1,1.046544438573541
1,0,-1.280209247
1,1,1.819313043818997
0,0,-1.92229276
0,0,-1.089668855
1,0,1.3511350815069056
0,0,0.8818538308110271
0,0,2.4155451788630056
0,1,4.509632827699532
1,0,1.005043276
0,0,-0.656711171
1,1,0.6206641576815621
1,1,-2.33201352
1,1,1.3226665762749081
1,1,-1.063737001
1,0,1.5543955236150713
1,1,4.606637815178571
1,1,3.037072887925851
0,1,0.035314287
0,1,-0.631938787
1,0,-0.809522836
1,1,-1.434700592
1,0,-2.474625702
1,1,0.958942651
1,1,2.780088561419734
0,1,-1.261085699
1,1,4.684877885211199
0,0,5.420487847825162
0,1,0.6542371241054327
0,1,1.4171670676615016
1,1,-0.044474409
1,1,-3.184978682
1,0,5.613109651202709
1,1,1.465530663188087
0,0,2.4327626408953327
1,1,-1.515711172
1,1,2.136670723766596
0,1,1.2324464138628513
0,1,2.086599215459918
0,1,0.9365586690275148
1,1,2.8249501069369076
1,1,-2.793102934
1,1,-0.401819672
1,1,-1.150083469
1,0,-0.881309872
0,0,4.1417020009252905
0,0,0.609649608
1,1,0.2936820301258743
1,0,1.0600228349070278
0,1,1.5165578276881548
1,1,2.5828929830195575
1,1,-3.348605279
1,1,-0.158727869
1,0,1.1334494840550384
0,1,1.5074957620136238
0,0,-0.128574624
0,1,-0.41339991
0,1,-1.414276702
1,1,-2.475536958
0,0,1.555118674696757
0,0,1.5685303842832805
1,1,3.152377128442885
1,1,1.678268900691689
0,0,-0.653040337
0,1,2.6553850864693134
1,1,-0.7418392
0,1,-1.445226925
0,0,4.417469882170541
0,1,1.5837069680371811
0,0,-0.679020607
0,0,0.5060643308875179
0,0,-1.771858333
1,1,1.256794921056074
0,1,-2.152458201
1,1,0.38555558557394437
1,1,-0.566294398
0,1,-1.685371149
1,0,4.164574346238949
1,1,-3.264340601
1,1,2.0467892901053473
1,0,-0.288440726
1,1,0.9435279498504885
0,0,4.495375786
1,0,0.36978086106760766
0,0,-1.422555356
0,1,-2.83237859
0,0,-1.405190127
0,1,-3.648461469
0,0,2.4024204919411796
0,1,-0.683382946
1,1,3.2035436692678205
0,0,-0.457613008
0,0,3.135675835114828
0,0,-2.30047042
1,1,0.15136181667708604
0,1,3.682536348
0,1,-3.791107512
0,1,-1.05069938
0,1,0.4220792145359032
1,1,-2.446892934
1,1,-2.943002601
0,1,1.2028550757269278
0,1,1.7855421664480784
0,0,1.3923493101089184
0,0,-10.53450621
0,1,1.5537127230461392
1,1,0.5123899661860983
0,0,-0.486215593
0,0,-1.964767436
1,1,-1.148175374
1,1,3.885403551893512
1,0,0.4465328192522129
0,1,2.7912172660132057
0,1,3.5069771020737757
1,1,3.9214675042947365
0,1,0.816712127
0,1,-1.204432878
0,1,3.222303576109236
0,1,3.8014104532487574
0,1,-1.609282431
1,1,0.6454006321912155
1,1,2.365092416586347
0,0,0.20362118647905914
1,0,3.0766118225016905
1,1,-3.023497714
1,1,-2.63725357
0,1,1.2127907099041693
0,1,2.674818817
1,1,2.904475054293865
1,1,1.5650058734013768
0,0,2.100488397848123
0,0,0.157394427
0,0,1.3783632033081656
0,0,1.5163315848745356
0,0,0.9096492774198006
0,1,0.40178551128129103
0,1,-1.177352414
1,0,0.004248169
0,1,1.3766802863022471
1,1,1.565600609621383
0,0,-1.104303646
0,0,4.1199974358353515
0,1,-0.145487212
1,0,-3.091785711
1,1,-3.333576602
0,0,1.2029459892519885
1,1,1.994748711894045
0,1,-3.638372808
1,1,-1.263145841
0,0,0.3498585479884124
0,0,0.7053568660446612
1,0,-1.17922124
1,1,3.6853145235466123
1,1,0.10257481323473988
0,1,3.092775906459594
0,1,1.6902026107458907
0,1,2.2981983597498283
1,1,-1.286533628
0,0,-1.96279453
0,1,0.9118111563100847
1,0,4.069739258
0,1,1.1081128515254295
1,1,2.0147867218661437
1,1,-1.250722318
0,1,-0.126032278
0,0,-1.574184158
1,1,-1.839819856
0,1,1.4988969197038653
1,1,0.1346545965747928
1,0,-1.125788948
0,0,0.8495682396366395
0,1,2.724127171
0,0,2.2742807880263607
0,0,-2.806330791
0,0,3.083891344601233
0,1,-0.093940141
0,0,0.38659282295898373
1,1,1.9015416825665181
1,1,0.5866788145190757
1,0,-0.086515453
1,1,1.1297204967051862
0,0,2.5753880089631163
1,1,-0.847823619
0,1,3.1036523664097704
0,0,-1.46469585
1,1,-1.259734874
0,0,1.6645059492958527
0,1,-0.729324747
1,0,-2.537560638
0,1,3.1938622346716485
0,0,2.800277517072157
0,1,-1.552567105
1,0,1.2132622627087364
1,1,-2.932041677
1,0,-0.178458282
0,1,-3.870399678
1,1,0.28083376721914055
1,1,1.1421220247435921
0,0,3.3485304240556695
1,1,-1.036692386
0,0,1.1350856511173377
1,0,0.14242957333865613
1,0,2.302615632461495
0,0,-3.840307742
0,0,-0.262689764
0,0,-1.976447725
1,1,-0.759363676
1,1,2.4574572994182042
0,1,-3.33565281
0,1,-1.195704082
1,1,1.085799618756563
1,1,-0.859013458
0,0,2.3027122008626324
0,1,-2.009068456
1,1,1.1369414071933492
0,0,1.9049912220475207
1,1,1.9517469460465988
0,0,1.567277783
1,1,2.1701325258615394
0,1,-2.922938409
1,0,4.181284297096228
0,1,0.034930005
0,1,1.1749007579772832
0,0,3.0240944660641835
1,0,1.3915683926184972
1,1,1.400003047087083
0,0,1.0023160195792968
1,1,-0.059026316
1,1,1.187792617820895
1,1,-0.737244149
0,1,2.7603476592040845
1,1,3.1303846122893164
0,1,3.2875557510800855
0,0,-2.297423377
1,1,0.6536320512705898
0,0,-1.675251951
0,1,-0.052069236
1,0,3.854677235802435
1,1,-0.237692303
1,1,-0.630120739
0,1,1.163932098872451
0,0,2.607832214630433
1,0,0.22926921700754327
0,1,-0.435450747
0,0,2.1801000198796285
1,1,2.4576020607696085
0,1,-0.517339877
1,1,-2.139329382
0,1,-2.260185288
1,0,2.3584461341187923
0,0,-1.730696463
0,1,3.155502730917757
0,1,-2.365906902
1,0,1.2020726046923396
0,1,4.942126853892332
0,0,-0.142893714
1,1,1.088996911844505
0,1,-1.782375615
1,1,4.136922669428096
1,1,-3.070593473
0,0,1.8225653689767254
1,1,-0.961824583
1,0,3.4084326966348137
0,1,4.908593493231074
1,1,-0.407868188
1,1,-2.791145066
1,1,1.391534170238967
0,1,-3.535633969
1,0,-1.161885521
1,1,-0.413791859
1,1,-0.720282677
1,0,-2.400163795
1,1,2.9608363365749772
0,0,1.081440244904104
1,1,-1.345782048
1,1,0.25186546063993603
0,0,0.8986333820165686
0,0,-2.752070791
0,1,0.8781368257213612
1,1,-0.370739305
1,1,0.14339175781513297
1,1,-1.939834619
0,1,-1.618436514
0,0,2.917942414946178
1,0,1.0615992301915573
1,1,-0.088395805
1,1,4.435774956
1,1,-2.268755171
1,1,-5.550943631
1,1,1.860679204136747
1,1,-1.126118583
1,1,-2.783783656
1,0,2.6797801160744075
0,1,1.6793796710372493
0,1,0.24852010426488436
0,0,1.0182224414423993
0,1,-3.076810615
1,0,-1.527958591
0,1,2.128277348463733
0,0,-0.257886828
0,1,-0.480525022
0,1,-2.750683481
1,1,2.3016353816555863
1,1,0.8322010014391638
0,0,4.025752394984672
1,1,1.2651262174764133
0,1,2.1975054192820083
0,0,5.951391134
0,0,-4.632623943
0,1,1.241448932446947
0,0,-0.112453221
1,1,-0.408823924
1,1,1.6733312389201211
1,0,-2.86099447
1,1,3.6923831724254415
0,0,0.27072474
1,1,2.5175009702796887
0,0,1.0694626716858586
1,1,0.059363983576123935
0,0,-0.898687168
0,0,-0.114342509
0,0,0.3658075210612586
1,1,0.074550011
1,0,1.2075903095444065
1,1,0.323604245
1,1,-2.667935682
0,1,5.4923715697568065
1,0,-0.499267918
0,1,3.0833849957678536
1,0,2.231103174619129
0,1,2.209689252207635
1,1,1.7634271057537985
1,1,2.7094653583635027
1,1,0.4374698894937523
0,0,1.4874105470043548
1,0,1.287186717882014
0,0,-0.449317071
1,1,0.13481962715004958
0,0,0.6855982672182879
1,1,-0.120811351
1,1,0.7806457455210889
1,1,3.0102412016548152
1,1,-1.938144687
1,1,5.917022469110253
0,0,-1.323697342
1,1,-0.033258827
1,1,-2.23920347
0,1,1.4980819288774903
1,1,2.8397861846725565
1,1,2.6357997645120643
0,0,3.980731059451797
1,1,2.724534805600911
0,1,3.321119364105061
0,1,1.3265496175608262
0,1,-2.467973672
1,1,0.20762832641299478
0,0,-1.371877492
1,0,2.752575053611669
0,1,2.3721086463388374
0,0,-3.416904116
0,0,-5.036183273
0,1,-0.403860375
0,0,3.081776401671682
1,1,2.0778390132755247
0,1,-0.962826419
0,0,-2.947472121
1,1,4.720880620053309
1,1,4.038252022738192
0,1,1.0517420333475456
0,0,-0.448778719
0,0,3.101858548802194
1,0,1.8245652039706217
0,1,7.162624062150434
1,1,0.5487382763813367
0,1,-3.840296596
1,1,5.768139049795838
0,1,0.016019869853724167
0,1,-1.382682316
1,1,0.2520530774393932
1,0,1.0011163189336776
1,1,0.7194783141016241
1,1,-4.268178817
0,0,2.2046821221811044
1,1,1.9152406101985233
0,0,-2.280003757
0,0,-0.902529227
1,1,0.30792260352781264
0,1,3.4682346935765604
1,0,-0.140729449
0,1,0.9357509602985831
1,1,1.4755540233147584
1,1,-2.161055621
1,0,1.7938244473670364
1,1,1.5240618929046492
1,1,1.132327437243494
1,1,-0.312982885
0,0,0.256482374
1,1,1.1564970718976135
1,1,2.3712266749036406
0,1,2.3686132801109814
0,0,1.120368445968458
1,0,-0.385484191
0,0,4.058994631683736
0,0,1.895835020773356
1,0,0.5759532046291588
0,0,-0.503104095
1,1,0.5592485527064872
1,1,3.5930270648985507
0,1,-1.45287953
1,1,4.501956604116811
0,1,2.561277198
0,1,1.2575409454892943
1,1,1.8156759407757201
0,0,-1.372152494
1,0,1.1864244001607782
0,0,-0.066630174
1,0,1.1618824221966453
0,1,0.9253038890448225
0,0,0.4072422427295527
1,1,1.8606558215523297
1,1,0.9037530710664679
0,0,-0.445869381
0,1,1.081433978324169
0,0,-1.545639537
1,1,0.20832826719670217
1,1,2.9825452325291173
0,1,1.5706958847794943
1,1,3.134679515176174
0,0,1.0856565241325986
0,1,4.862030270357435
0,1,2.87366845
0,1,-0.106880278
0,0,2.440864449130748
0,1,1.577416405582879
1,1,-3.037428527
0,1,0.9928466306440791
1,0,-1.23686681
0,0,0.9558157505966255
1,1,-1.555011754
0,1,-1.910035472
0,1,1.0805319068930515
1,1,2.9116217940668325
0,1,2.6262986144168514
0,0,-0.804863367
0,0,-1.900440902
0,0,3.8762934731690617
1,1,1.3747572683094016
1,1,-2.14862565
1,1,2.3800854910783134
0,0,1.4398825737151268
0,0,-0.470649693
1,1,2.3144456645015588
1,0,-2.211770784
1,1,3.5140239344763513
1,1,-2.542359202
1,1,1.1634841663467252
0,0,-1.565995762
1,0,-1.54960621
0,1,0.16234298221204646
1,1,1.1625001128852817
1,0,5.038478367551954
1,0,1.0381216066226429
1,1,-0.959618101
1,1,1.5980984787436407
1,1,-0.781736942
1,1,-0.503543627
1,1,-0.417107015
1,0,-0.059183842
1,1,-2.875724574
1,1,0.974702989
0,1,2.193602086300193
1,1,5.219735493976974
0,1,-5.078209256
0,0,-2.02374856
0,1,0.9769348559971576
1,0,0.35775195915481683
1,1,-0.00745277
1,1,-1.108100529
1,1,-0.069835645
0,1,1.9286867787391577
1,1,3.074593215860078
0,0,-0.441902088
1,1,4.050841347921949
0,0,3.7921859486783105
1,0,0.6524385203981143
0,0,-3.519843308
0,1,2.7227659459669837
0,0,4.430938037
0,1,-0.043622811
1,1,1.0315097316581485
1,1,1.3124783402806965
0,0,-1.084022816
0,1,-0.346154384
0,0,3.7416526959946808
1,1,-3.271229397
1,1,2.368725813259838
1,0,1.8998699278367783
0,0,0.38004116353160494
1,1,2.996756313648011
1,1,5.010875733617695
1,1,1.0034964093979464
1,1,-0.264743275
0,1,1.1793091089402532
0,1,0.6670927794685265
0,0,-1.539858631
1,1,2.9953908905764313
1,1,4.408530921621274
1,0,1.1278942867497193
1,0,3.5883929346600754
0,1,-0.366664783
0,0,-0.344623737
0,1,3.730558987087485
1,1,0.626139246
0,0,-1.787402224
0,0,0.081549236
1,1,3.0280818226829664
1,0,-1.415052443
1,1,1.7814650617920695
0,1,5.564215687294957
1,0,3.1593155688115115
0,1,4.380761435533875
0,0,0.3828381661625182
1,1,-2.415054575
1,1,2.3988742311644966
1,1,-2.751096897
0,1,0.18417560687152895
1,1,1.1689003529935735
1,0,-0.024531324
0,0,0.1927155996109095
0,0,1.886678722423795
0,1,6.031281912628258
0,1,-0.891345732
0,0,0.3671241488828538
1,1,1.4223316211794823
1,1,1.1044570581032862
1,1,-0.778977586
0,1,1.0770419968633957
0,1,-0.77552684
1,1,-1.151861864
0,1,0.4364025403124041
0,1,-0.651973515
0,0,1.8294826456502993
0,0,3.828259482036358
1,0,-0.157858255
1,1,-1.628566243
1,1,2.013779391830519
0,1,-3.391478687
1,1,1.7643018759006368
1,1,2.0057367063427507
0,0,1.1016560569988998
1,0,1.4111070046165681
0,1,1.480149398204186
1,0,1.4613562299630247
0,1,0.9210347512044575
0,0,0.9089559459902079
0,1,-2.542283406
1,0,-5.070224446
1,1,1.9309083133688874
0,1,3.3725458677689866
0,0,-0.301304592
1,1,4.155355479
0,1,1.856798816969034
1,1,-1.546074836
0,0,0.3950526949997553
1,1,2.148636397413638
0,0,6.157611917585589
0,1,2.0637375447748663
0,0,-1.713037403
0,1,1.050264513215589
0,0,0.3381737035033481
0,0,-1.575648721
0,0,2.0851832406248545
1,0,-3.109297088
1,0,0.2961336990404736
1,1,1.5683921501325433
0,0,0.4401712408798706
0,0,-2.677235268
1,0,2.3155642192407107
0,0,0.9580387269333103
1,0,-0.310014317
1,1,3.1334919707575746
0,1,0.9321507625073939
0,0,0.6549670260421925
1,1,-4.726087952
0,0,-0.665939667
1,1,-2.400280071
1,1,2.2472114917498938
1,0,1.7457459542475344
0,0,0.16531384286501438
1,0,4.856450676164191
0,1,3.7585799933343456
0,0,4.4648053200995985
0,0,1.394006989792784
1,0,5.827725569473643
0,0,2.744137500297303
1,1,0.996002795
0,1,0.34868092357916214
1,0,0.4073296113593186
1,1,2.4833930553412458
1,1,0.4025103621955366
0,0,0.8569698870365396
0,1,2.889931073428794
0,0,1.317558606758197
1,1,-0.345069303
0,0,1.8250612788709542
1,0,-4.427628794
1,1,4.446733454516362
1,1,1.7254353896548864
0,0,2.130314270708212
1,1,3.755182704554661
0,1,0.843519839
1,0,-1.225707545
1,1,2.5615854039754993
0,1,2.078835682946612
0,0,1.2812224266219125
1,1,2.135383039333809
0,1,1.611357513073802
1,1,4.843693605969718
1,1,0.043770424
1,1,4.888570272316954
0,0,-0.762068308
0,1,0.4593457582809677
0,0,1.816084606489214
1,1,-1.555811651
0,1,0.8553263498266712
1,1,4.552915881174839
1,1,-0.509321112
0,0,0.34044549497550947
0,0,2.2341774495069995
1,1,2.985709605437023
1,1,4.883231224
1,1,-0.256393095
1,1,7.051330363363548
1,0,2.2588209007469975
1,0,-1.325700016
1,1,1.3812044770444682
0,0,-3.495485911
0,0,-0.381742903
0,1,1.6636557415441422
1,1,-1.740752354
1,1,3.1142790900085675
1,0,2.9204965402570506
1,1,1.7943171137464864
0,1,1.2412046835105741
0,1,-0.644599439
0,1,0.3673151690033176
1,1,0.5473372418356222
0,0,-0.715746676
0,0,-1.162410964
1,0,3.363331085092658
0,1,-0.370487116
0,1,-2.470854603
1,1,-3.419096114
1,1,-0.472343294
0,0,0.34822801424221594
0,1,-1.826792007
1,0,3.634937894043298
0,1,-2.635382924
0,0,-0.910209298
0,1,-2.323961203
1,1,4.588742394291142
1,0,-2.542378775
1,0,0.37518396202002147
1,1,0.7881598471163817
1,1,2.040951309887216
0,1,2.1140469335651395
1,1,-1.569083476
0,0,-1.765788545
0,1,-1.091428759
1,1,1.4000217937639468
0,1,-1.816120128
0,0,2.7504051087445474
0,0,-0.926089918
1,0,2.160362694745668
1,0,0.9829286426541723
0,1,0.8740531311321091
0,0,-1.337989732
1,1,3.1250034045181283
1,1,3.902052732204429
1,1,3.7190910871536014
0,0,3.1362490647331187
0,0,1.2031221945625925
0,1,-0.734701383
0,0,2.819705230780023
0,0,3.366836212266431
1,0,0.5953482793003874
0,1,1.5141744095798417
1,1,-2.688074053
0,0,0.7604365665767575
0,1,0.1836311308244099
0,1,-0.722546938
1,0,3.431002055864365
0,0,2.3806438886717487
0,1,1.217597204940232
0,1,6.604226685433108
1,1,1.644161476892724
0,1,-0.56228639
1,0,0.3445055970399854
1,0,4.445278051
0,0,-0.163327728
0,0,2.3390356443765343
1,1,3.7614593808450416
1,1,3.7228971219334155
0,0,-1.019073818
1,1,2.8923364974665184
1,0,-2.245204182
0,1,-2.793578882
1,1,-0.113970584
0,0,-0.115315342
0,0,2.4111077657696596
0,0,0.17433535090438423
1,1,-1.853030999
1,1,4.283806863876413
1,1,2.910628384812449
0,0,2.354598181279303
1,1,2.285638552
0,1,3.7685651312520947
0,0,3.0495169839018614
1,0,-1.193730927
1,1,-0.693176067
1,0,1.6410924010407224
0,1,-0.439232873
0,0,-0.177346235
0,1,-3.24005784
1,0,4.7809133995059465
1,1,-1.145815748
1,1,1.899445977864092
0,1,2.7909215160501772
0,1,-3.400752893
1,1,-3.552059288
0,1,-2.912262683
1,1,2.8771003571817904
1,1,-2.391542846
0,1,1.1950438907728032
1,1,-2.864219623
0,0,1.6273201525695018
1,1,-2.867817155
1,1,4.108725180645982
0,0,5.520470896
0,0,-3.393201064
0,1,2.053595101428713
1,0,-0.133468743
0,1,4.0062654249400325
1,0,-2.586428639
1,1,3.478293157730125
1,1,-1.294404526
0,0,-0.727757317
0,1,-1.591071014
0,0,1.8866675644739481
1,0,-1.348706096
0,1,0.13026209
0,1,1.0383675584664698
1,0,-3.592198367
0,1,4.061722330043862
1,1,2.7734609450103926
1,1,-2.393826128
1,1,0.26720929763894197
0,1,4.283794445079751
1,1,0.3069709695690743
0,1,2.1429168916058883
1,1,-3.698173827
1,0,-1.393207728
0,1,1.7388471434782888
0,0,-1.191253802
0,0,2.901958325078688
1,1,0.4852286407672624
0,1,1.6573504618885957
0,0,-0.911683058
0,0,-6.23896039
0,1,-2.80485053
0,1,-1.675097429
1,1,2.5424387068850733
1,1,-1.90297588
1,1,-5.786110919
0,1,-0.261731355
1,0,4.681330226819988
1,1,-0.739254464
0,1,2.0260348430327033
0,0,-1.533236841
1,0,-2.539204901
1,1,-0.606765141
1,1,2.4679076658875916
0,0,-1.812092663
0,1,4.129759578744622
0,1,-0.452325652
1,0,4.680583437189254
0,0,-0.22681335
0,1,1.3623051876857222
1,1,-5.143411684
1,1,-3.033556025
1,1,6.290054247628278
1,1,1.2581941997868697
1,0,-0.356947873
1,0,0.2864279344171732
1,1,1.4560451731210295
0,0,-3.117960881
1,1,-0.16630678
1,1,3.7671721123143227
1,1,0.054934584
1,1,-2.211912528
1,1,0.7880573665438014
0,1,2.572925583439096
0,1,3.6165223934544666
1,0,-0.824151297
1,1,-1.52936129
0,0,-1.314604492
1,0,-1.455624878
0,0,-1.445362598
1,1,1.1776387536124842
1,1,3.1879934268283545
0,1,1.2298058514139558
0,1,-1.155178768
0,1,2.699925387241112
0,0,-2.627573908
0,0,-0.481580957
0,0,-4.001686751
0,1,2.571976642930977
0,1,-0.093565779
1,0,0.9655085847938709
1,1,0.9655293975858178
0,1,-0.368734255
1,1,3.050161024060062
0,1,1.3482971637565908
0,0,-2.340873781
0,1,-1.190825272
1,0,-6.205597692
1,0,2.0559502934682143
0,1,4.429152009802277
0,1,0.3193491896804739
0,1,0.2570790115103715
0,1,1.1870706251040184
1,1,1.090777725
1,1,1.7186686239303184
0,0,3.014206825421983
0,0,1.4812837194259525
0,0,0.009593895
0,0,1.2382452960484942
1,0,-1.45004774
1,1,-0.465059397
1,0,6.374105001047207
0,1,0.7675433631776458
1,1,4.336274453403616
1,1,-0.70048181
0,0,5.437979261842233
0,0,-2.090042394
1,0,-0.773589995
1,1,-1.960058167
1,1,-0.879365074
0,1,-3.33949455
1,1,3.8127242534495553
0,0,6.341539041028453
0,0,1.455428209
0,1,0.2517149443150519
1,1,1.4720600350850326
1,1,1.494126439583595
1,0,0.5861580633292807
1,1,-1.252207624
0,0,-0.753440677
0,0,-4.370228269
0,0,2.6873669722080575
0,1,0.7532760962550129
0,0,0.7284306516981304
1,1,-1.411118782
1,0,1.612892492966198
1,0,3.7464598528694033
0,0,0.5877472659456099
0,1,1.1781218011922663
0,0,-0.251995329
0,0,3.625486853629924
0,0,4.992920315024317
1,1,0.5683806821316488
1,1,-0.18964051
1,0,6.096527100767199
1,1,-1.951012312
0,1,0.5747115546649855
0,0,-1.638770488
0,1,-1.086387474
1,1,2.991257198534732
0,0,2.097980100243317
0,0,4.610456076820957
1,0,-0.195364491
1,1,2.754708975523377
1,0,2.9172002391893135
0,1,1.7283790081941683
0,0,0.37713895590796853
0,1,5.751998291
1,0,1.2801640283594617
1,1,3.8253982698825717
0,0,-0.279136745
0,0,-1.327726115
0,1,0.2751372324001665
1,0,-0.775148392
1,1,-1.383332487
0,0,1.9553275944507904
1,1,-0.115881593
0,0,1.428013509573338
0,0,2.396493001141744
1,1,0.8304904828937185
0,0,4.8797637676954775
1,1,2.632831463179735
1,0,2.446701239
0,1,-2.667616729
1,0,0.6584515784510423
0,0,2.1066648762125144
0,0,-0.758179512
1,1,0.6770832284866284
1,1,-0.205052343
1,0,-1.234842605
0,1,1.152310298
1,1,7.342594523886953
0,0,3.9962614519842985
0,1,-3.633364039
0,1,4.649589096451054
1,0,1.3196985070752878
0,0,1.6066253911837949
1,1,4.837501826717059
0,1,1.465505872498051
0,0,2.087788502026818
0,0,-2.154363863
1,1,-0.993137147
1,1,-1.65359487
1,0,2.0136190151761366
0,1,-0.849324357
1,0,2.504495968427883
1,0,0.8105778293167403
1,1,2.5076487695935517
1,1,1.2689106311060372
0,1,2.9091509057089815
0,0,-1.686498245
1,1,1.943506391280219
0,0,2.0244523435057253
1,1,-1.851717777
1,1,5.225167563796888
0,0,2.061510544948904
1,0,2.5787596739809353
1,1,0.8609286432728325
0,1,0.9532295268568731
0,1,-0.510003357
0,1,3.169076739480691
1,1,0.583144592
1,1,1.6457410078956354
0,1,-0.054446407
1,1,-1.988889822
1,0,-1.741877083
0,0,-0.76256629
0,1,1.01729611
1,1,2.464476528797913
0,1,-2.921753782
1,0,1.5157295622199554
0,1,-1.652900814
0,1,4.690563545293275
1,0,-2.665644757
1,1,0.077361498
1,0,3.9282998150499138
0,1,-2.321135822
1,1,1.136023823297577
0,1,2.5840432541169926
1,1,-0.224284442
0,0,2.7247031993660054
0,1,3.6221397158991637
0,0,-0.650501391
1,0,-0.753454013
1,0,-2.768099252
1,1,1.448144701987573
0,1,1.4772747715449945
1,1,-1.437256479
1,1,1.7559885586876647
0,0,-0.255753078
0,1,-1.165314221
1,1,-2.15469885
0,0,3.6201682985365626
1,1,-1.954954188
0,0,-0.954861287
1,1,-0.386211772
0,0,-3.280817164
0,1,4.158398632331962
1,0,4.376597502547188
1,1,3.6134606278725396
0,0,2.0099779017317667
1,1,-3.752483827
1,1,4.692257919505056
0,1,0.9160999968624204
1,1,-1.702016495
0,1,1.3127942298159296
0,0,-1.95777871
0,0,-0.730664539
0,0,-1.195040204
1,0,-3.163588046
0,0,3.9186435927124994
0,0,-0.320453537
1,1,-0.858265163
0,1,-1.753907838
0,0,3.9051937186809536
1,1,1.949428205734374
0,1,3.994657219145258
0,1,3.038059755
0,0,-0.126392561
1,1,-4.660919429
1,1,-3.77052752
0,1,-3.952510821
1,1,1.3565268033344795
0,0,-1.816521464
0,1,2.3096162604606336
1,0,3.2320968833699593
1,1,1.158721047762514
1,1,2.413697901019939
0,0,-1.468744268
0,1,3.773384162227797
0,0,1.3703770085051565
0,1,-1.266343054
1,1,-0.078464029
0,0,1.7136186573646461
1,0,-5.945889353
1,1,0.5646317490372175
0,1,-0.142114057
0,1,-0.242433306
1,1,-2.00960509
1,1,0.6626455277393917
0,0,2.7542825541529123
1,1,-0.709239116
0,1,0.7021384940218508
0,0,6.377320284492313
1,1,3.6537362736070573
1,0,-2.038908218
0,1,1.9947424278551042
0,0,-2.590669367
0,1,1.1605510170475732
1,1,-0.669702302
1,1,0.2701722455471256
1,1,1.0957289138637685
0,1,1.6555122610872917
1,1,-2.392361681
0,1,0.6755186096638529
0,0,-2.372849285
0,1,1.1269626749341026
0,1,0.6687650969454562
0,0,2.1115624919505964
0,0,-1.920695946
0,0,1.1798299324077908
1,1,3.7409055288591953
1,1,0.5608648160913472
0,0,-0.947026945
0,0,0.099957533
0,1,1.6324460654229132
0,0,2.571999535640741
1,0,6.203146655
0,1,4.963369150785924
0,1,6.691581441177843
0,0,2.4721518433860306
0,1,0.1288203619814495
1,1,0.3556208362768972
0,1,3.5408105412042525
0,1,2.028972695115631
1,1,1.8499609528051248
1,1,3.045904900422959
0,1,1.694358234345088
0,0,1.4622352494848703
1,1,-2.238682965
0,1,3.7762394058253075
0,0,1.755134025
0,1,3.8694811319981137
0,1,3.578783144364097
1,1,2.1584540492021427
0,1,1.1120099261910086
0,1,4.435633802733934
1,0,-0.003801794
0,1,0.4708891903138775
0,1,2.8223440188962554
1,0,4.1034070547425285
0,0,0.009811213
0,0,3.3201987178997565
0,0,3.5692172300994147
0,0,0.9482828068818807
0,0,0.5791516127653205
1,0,-1.188896642
1,1,3.662353365
1,1,3.349156733092129
0,1,3.237654365582968
1,1,-0.159827278
1,1,-0.267781562
0,0,-1.695978732
0,1,4.311513907416591
1,1,1.080479664901412
1,1,1.3525432205009942
1,1,1.6406284117940326
1,1,0.6844453272046421
1,1,2.2877971401062935
1,0,-0.801814844
1,1,1.1656484554878923
0,1,-4.150822365
0,0,-1.551799953
1,0,1.5488148278171288
0,1,-0.852174428
0,0,-0.702833766
1,1,3.0335737708874793
0,1,2.356998315
1,0,1.5321944613222227
1,1,1.0173428373789724
1,1,0.40617622221711447
1,1,1.0540815109714643
1,0,3.058265275913409
1,0,-2.989210899
1,1,1.004689010864323
1,1,-3.059944464
0,1,-2.860958841
0,0,3.655281056
1,1,2.290815753230336
1,1,2.463936979099107
0,0,0.068320168
0,1,-0.846522094
0,0,-2.277451053
1,1,0.8446797370466573
0,1,0.5612434437138014
0,1,-2.102347361
1,1,-0.198853621
1,0,0.5844688027589323
0,0,-1.414797482
0,1,1.5949463335761471
1,0,0.48583564581342564
0,0,-0.983229361
1,0,2.754777150250692
0,0,3.8776301081412825
1,1,-0.143294789
1,0,-0.909292357
1,1,-2.133682273
1,0,-0.921792803
1,1,5.272821316123125
1,1,6.332300749533972
0,1,3.566698543032616
1,1,3.0088839752870347
1,1,-2.442001705
1,0,0.9425043139055206
0,1,0.5373671726098103
0,0,-2.376026448
1,0,-0.405224709
1,1,2.849810087436129
0,1,-0.996218299
0,1,0.990341914
0,1,4.487078790014063
1,1,3.0226709222306147
0,0,0.21747008475104845
0,0,1.0954210114410534
1,1,2.5468063538145174
0,0,-0.095609344
1,1,1.9499793673485997
0,1,2.594655834728017
0,1,3.459553610024336
1,0,2.3915484265159894
1,0,0.4443845861970033
1,1,1.9460688865955285
1,1,-2.281521719
1,1,-2.046229665
1,1,1.609331029
1,0,0.39599531088885864
0,1,2.379708081573106
0,0,1.692784336
1,1,-3.391219779
0,1,0.10342066087967416
1,1,2.1383429005244294
0,0,1.219021559362599
0,1,-1.408909047
0,0,0.5423555409913555
1,1,3.2151409907351707
0,0,2.3001456921685914
1,1,1.2170222815450384
1,0,-0.353270669
1,1,0.11060402906303551
0,1,-0.324508322
1,1,-0.751044992
1,1,1.7827510719088702
1,1,1.0101266612057629
1,1,2.3267326158584822
1,1,0.13222308928701498
1,1,-0.460278573
0,1,0.608528636
1,0,-0.842434555
0,0,3.653926394887785
1,1,2.449352478892041
1,0,1.2984639299961558
1,1,1.5997986412955216
0,1,4.8520618092553995
1,1,-2.190323957
1,1,-1.839561493
1,0,1.8788769790681528
1,1,3.8674917992305144
0,1,-1.528285897
1,1,-0.752750423
1,0,1.4229474870767014
1,1,0.025352746
0,1,3.1669043068316496
1,1,-0.681986518
0,0,2.6953945863732116
1,1,-2.94931254
0,0,1.1776906639167728
0,1,2.4344577652632315
0,0,-0.160734165
1,1,1.784578391830001
0,0,-0.093602605
1,1,0.7848853097766675
0,0,1.9576423496386965
0,1,-4.838600263
0,0,-3.274237113
1,1,1.0723656831671469
1,1,3.257508101
1,1,3.6573346630260772
1,0,-1.891961308
0,1,-0.323246777
0,1,3.092218808809007
1,1,3.8416165679615566
1,0,3.482472658
0,0,-0.094060712
0,1,-2.393337911
1,0,0.7605656106316555
0,1,4.483122565148181
0,1,-0.383418546
1,0,2.607710053134382
1,1,-1.516748704
1,1,-2.284431437
0,0,-1.866547099
0,1,-0.011976695
1,1,-0.057066075
1,1,4.123276490736941
0,1,-0.084751256
0,1,0.6170182371762973
0,1,-3.140324957
1,1,-3.61445246
1,1,4.422831716727429
0,0,-1.063283868
0,1,0.23840015267095904
0,0,-1.317509576
0,0,1.808861740287879
1,1,1.6075918256825932
1,1,-1.284013602
0,1,-2.013108864
0,0,1.7246072087515723
1,1,0.19265825802249914
0,1,0.36281371991831546
1,1,1.3208775943758382
1,0,1.747895942476747
0,0,-3.040532996
0,1,3.639165258450463
1,1,0.13124839570627955
1,1,2.5463558032530935
1,1,0.9657655092470232
0,0,3.710069578425772
1,1,-3.45620043
0,1,-2.936081022
1,0,-5.378670308
1,1,-0.966847004
0,0,-0.4932895
1,0,-1.272007619
0,0,2.244483944125031
0,1,1.4477197444598517
1,1,1.6718012287474737
1,1,1.5321515723934982
1,1,3.7969131010620227
0,1,-0.444812845
1,1,1.0071925378188586
1,1,0.7791486086075299
0,0,-0.249988702
1,1,2.6967318417159634
1,1,-1.08488591
0,0,5.800399497802114
0,1,1.8051550536545216
0,1,0.096468225
0,1,-0.230781936
1,1,1.8803942561086358
1,1,0.44331718336040976
1,1,1.952122588
0,0,0.20825941829148203
0,0,3.6392077610082336
0,1,-0.236704005
0,1,1.0686529925442354
1,1,4.579827390091042
1,1,5.778450717793173
1,1,4.278182680417196
0,1,3.2407946649868773
0,0,1.671517825125089
1,1,2.681138352478843
1,1,0.6999557193851829
0,1,1.6724306767555275
0,1,-1.307701928
0,1,2.7031674757857944
0,0,4.510273127320912
1,1,-1.112987012
0,1,-0.287062229
0,0,2.7149808150618857
0,0,0.5521500448325197
1,1,0.5936211679621868
1,1,4.037220619025719
0,1,-2.532143751
0,1,3.9700593664027353
0,0,-3.054711226
1,0,-0.93558752
0,0,-2.582421923
0,0,0.039779718
0,0,0.7203677162470649
0,1,1.322574787731654
0,0,-2.151097962
1,1,2.356350211616478
0,0,2.1264496716112085
1,0,0.20365602467098662
0,1,3.7405374661277895
1,1,0.13644445815932518
0,1,4.324423683890492
0,0,1.4657272325188833
0,0,-4.093973436
0,1,1.5845855889956615
0,0,2.902833061360944
0,0,0.9053920401256667
0,0,0.1612973804439337
0,0,6.673359429233457
0,1,0.9036709368260762
1,1,0.617501315
0,0,-3.146692472
0,0,3.6387855811566294
0,1,-2.700955524
0,0,3.9834851966290854
1,1,1.602845837578394
1,1,4.782930142229766
1,0,-1.610716738
0,1,-2.091859744
1,1,-2.251607418
0,0,1.3572517634925725
1,1,2.412425596597115
1,1,3.8220823615570207
1,0,2.072126010128099
0,0,2.427359039902902
0,1,-2.663032025
0,1,1.7700126477875067
1,1,0.9178702951453239
1,1,1.7715631545295776
0,0,0.054892977546243116
0,1,-1.409861348
1,0,2.5750974358621077
1,0,1.458713165777658
0,0,0.16214783061928095
0,0,-1.56289739
1,1,-0.569608018
0,1,-4.883505642
0,0,0.42653918463364104
1,1,-3.644143293
0,1,1.2955336456922693
0,0,-3.919031283
0,1,1.6856854990518835
1,1,-0.570108663
0,1,1.7532513184586556
1,1,1.4673799570140051
0,0,0.25025068946151374
1,1,4.334111222786976
1,1,4.749658700858054
1,1,2.859813650249726
0,1,-2.055696455
0,0,2.9813062845547655
1,1,3.087671978264989
1,0,-0.105488806
0,0,0.2547330392233489
0,0,1.8373372305235398
0,1,0.6594493523056375
0,1,0.6393673304025902
1,1,-2.429636747
1,0,0.8538682198566364
0,1,-0.407573158
0,0,3.750615142989272
0,0,4.604514094226044
1,1,-1.464418651
1,1,-0.674629174
1,1,1.6283185863838159
1,0,-0.160129922
0,1,1.1210726191628047
1,1,0.3205868900790345
1,1,0.6884753723943253
0,1,1.944485323193275
0,1,0.7086466121896801
1,0,0.9714515108837014
0,1,0.6136004597599688
0,0,-3.02450295
1,1,1.0000591491099433
1,0,4.025549611839264
0,0,-1.126736627
1,0,-3.939841343
0,0,-3.10960153
1,1,-0.528016245
1,1,4.6237362706390215
0,1,6.526231944002509
0,1,5.572028394335061
0,0,-0.161665932
1,1,-1.405308116
0,1,-0.803948383
0,0,-4.618846942
1,0,2.539629216391705
1,1,-3.963313171
1,1,-2.126507187
1,0,3.1571569297343687
0,0,3.1529895387956732
0,1,0.14879639960035834
0,1,2.852391354733412
1,0,1.6603684112598767
0,1,1.1860615880377996
0,0,-2.810479787
1,0,4.997802322444437
0,0,0.2522746592471672
0,0,1.3756134832634785
0,1,-0.408557529
0,0,-5.39140903
0,0,1.9079940343666424
1,1,0.6057431699735709
0,1,-1.69928778
1,1,1.780869487523222
0,0,3.7600182818473344
0,1,-3.827106854
0,1,2.250703662603851
1,0,-1.332981707
1,1,-1.544707016
1,1,-2.747009603
1,1,7.694765119216872
0,0,-2.844218556
0,1,-1.266327081
0,0,-1.958417687
1,0,0.38892503285569857
0,1,-0.493974713
0,1,3.559505350901233
1,1,3.9651460737161597
0,0,1.5346142771319207
1,1,6.011599632715978
0,1,2.386031854823133
0,1,-0.928632033
0,1,-4.452293208
1,1,-1.779495939
0,1,3.2607788612131463
0,1,0.15159595450059493
0,1,0.5349647767730284
0,0,1.275055497104286
1,1,1.2649239101870164
1,1,-4.117548958
1,1,0.4352118535640832
0,1,1.142212187819704
0,0,-0.364355525
0,0,-3.566699601
0,1,1.4081687521237547
1,1,1.934685089302312
1,1,-0.448689827
0,0,2.1292157831584437
1,1,-1.153111497
0,1,-0.981306865
1,0,-0.099331054
0,0,-0.576328156
0,1,-2.914539923
1,1,0.35025553394091136
0,1,-1.054740752
1,0,-0.338039604
1,0,0.083430995
1,1,-1.640125803
1,1,2.9647885836624375
0,0,0.18612826432460228
1,1,-1.129269771
0,0,0.20451968433714218
0,1,3.478698077636509
0,1,3.4723202914686664
1,1,6.146384017756815
1,1,1.3251942573882798
0,1,2.2919620131565086
1,1,-0.532647012
0,0,1.6915619908321653
1,1,1.0101691954949732
0,0,-0.608512676
0,1,-0.861900565
0,0,1.8273484825612354
1,1,3.5450804599330117
1,0,0.2437744211577686
1,1,6.4885569346095515
0,1,-0.440092857
1,1,-2.39712359
1,0,-2.572682249
1,0,3.9614578877149484
1,1,-2.124872617
0,1,-3.94219603
0,0,0.19157855142806784
0,1,3.840654661790848
1,1,3.431018083944238
0,0,-2.542649115
1,0,2.698493405
0,1,3.3682740678162113
0,1,0.26273932808970346
1,0,-1.544382455
0,1,5.129905029102096
1,1,-2.789551314
1,1,0.7453770572053707
0,1,1.736435940602668
1,1,0.21209261117999234
1,1,0.4718579386780348
0,0,-0.097531267
1,1,-0.341868353
1,1,-1.71683925
1,1,5.812431654970756
0,1,-0.76632179
0,0,-1.030827105
1,1,3.8243141453208147
1,1,-1.495191091
0,0,2.3789682451915564
0,0,-0.760127009
1,0,2.6920692351481934
0,1,1.6136043692672004
1,1,-1.740007642
0,1,4.978016478153555
1,0,1.5395439852211064
1,0,-0.410139551
0,1,2.144677287398351
1,1,1.7002016119120311
1,1,-0.193461865
1,1,3.511539701302585
1,1,-1.148595267
1,1,-1.347422607
0,1,-0.383072138
1,1,6.799258050963786
0,0,-0.192238926
0,0,3.8320239863212677
0,1,-0.33670701
0,1,-2.182599805
0,1,-1.577850269
1,1,1.0107633715163589
1,0,-0.676410029
0,0,-0.283979397
1,1,1.262504142377069
0,1,2.2969139329632955
1,1,-0.17491986
0,0,-3.363849874
0,1,1.1505786428045854
0,0,-1.842141535
0,0,2.841837838818792
1,1,-0.449126201
1,1,-4.587738292
0,0,5.013578296506797
1,1,-2.380394019
1,1,2.7352407977413304
0,1,0.7039428259201259
1,0,2.8948639509477587
1,0,2.7504110352021622
0,1,-1.381903306
0,0,-0.849420853
1,1,0.7760751807779103
0,1,4.754358966451811
0,0,-0.031276008
0,0,-3.259804591
0,1,0.040726093668964625
0,1,5.301844769853204
1,1,-0.264092905
1,1,2.361992273361796
1,0,-3.391135172
0,1,-0.541001682
0,1,-1.448023676
1,1,-0.90798045
0,0,-1.430751577
0,0,2.123693103594658
0,1,2.512632291857615
1,1,-1.764007203
1,1,-1.81125977
0,0,1.6745114870178972
1,0,-2.60782026
0,1,4.847009833639568
0,1,-1.160158906
0,1,-1.331400094
0,1,4.628094765275451
1,1,2.6514314133765606
1,1,-0.950417953
1,1,0.7604174599302769
0,0,-1.187034185
0,1,0.8095454830815144
0,1,0.001670746
1,1,3.7552926383384895
1,1,2.194963556438149
0,0,0.33057027149742346
0,1,-0.281361816
0,1,1.5809639480548812
0,1,2.1043217143604345
0,0,2.443305383735704
0,0,2.073981155399954
1,1,4.121289899494586
0,1,-0.749795211
0,1,1.7999121725830156
0,0,4.333945904035005
1,1,3.7080101022462504
0,0,-2.75832054
1,0,-1.784172009
0,0,0.39391863903972724
0,1,3.7242342230641934
0,0,-2.062910956
1,0,-1.926687503
0,1,-1.932948211
0,0,3.4882349762291143
0,1,0.42188840070287076
0,0,1.829890208365383
0,1,-0.133158845
1,0,-2.558562675
1,0,1.9268203042498904
0,1,-0.541346317
1,0,0.8601776262566527
1,1,4.1507568329923785
0,1,0.7924460285983187
0,1,-0.503229911
0,0,-1.270381124
0,0,7.042145421
0,1,1.722091667616953
1,1,2.3428238876569294
1,0,4.836079539176399
1,1,-0.243535147
0,1,0.48997895559037996
1,0,0.30695213620900963
1,1,-0.179993926
0,1,0.5295324886485225
0,1,-2.290214474
1,1,-0.307023008
0,0,-2.310835308
0,1,-0.083714117
0,1,1.7628710772053682
1,1,-1.14374822
0,0,0.9944489279881144
0,1,-3.538489186
0,1,4.174657678344784
1,1,2.2351305226330886
0,1,1.373007677871116
1,1,3.288792535883348
1,1,8.306579889422261
1,0,1.4311248146183269
0,0,0.9043701777995596
1,0,-0.465482016
0,0,-0.407068345
0,0,-2.388910376
0,0,-0.029729143
1,0,-3.124754593
0,0,-0.467788531
1,1,-2.887343597
1,1,2.108587273978475
0,0,-3.150859098
1,1,-0.134777002
1,1,0.8816149237905676
1,1,-1.743763749
1,0,-1.931932569
0,0,5.087967719954035
0,0,-1.210896248
1,1,1.520292206245825
1,1,4.809610631627605
1,1,0.717325842
0,1,1.8222491809589396
1,1,1.9914457769288427
1,1,-1.169912898
1,0,0.869409518
0,0,0.5353925628719854
1,1,-0.628602982
0,1,1.822176947944946
0,1,-2.004198444
0,0,1.1258082177134603
0,0,-1.061321037
1,1,-2.406735305
1,1,1.479084880500941
1,1,-0.403430469
1,1,2.020830689001028
0,1,3.279600539131346
1,1,0.18546003599020455
1,0,0.5085912665907821
1,0,3.1081013975911165
0,0,2.7622238396312024
0,1,-2.468831582
0,0,3.037665268282292
1,1,0.9228779929193667
1,0,-2.500243229
0,0,-1.454608581
1,1,-2.461648425
0,1,1.2737702296282019
1,1,2.9580765055931657
0,1,2.020143211787127
1,1,-0.187031761
0,1,-1.868115698
1,1,-0.012812814
1,1,-0.699059862
0,0,0.7059506197184033
0,0,-1.169742539
1,1,-3.027962094
0,0,0.3959815392611915
0,0,2.129469922496421
1,1,1.0809683556658842
0,1,0.6141040669081507
1,0,0.7265454601884214
0,0,0.22232833362310653
0,1,2.455482329859958
0,1,-2.127695614
1,0,-2.476747527
0,0,1.8788976805758526
1,1,-0.368174051
1,0,1.1899135944980048
1,1,1.4993071683765444
1,1,2.409150652912745
0,0,2.2782386651812665
0,0,-2.292762228
1,0,-3.104983347
0,1,0.9586555596470543
1,0,2.302752339717796
0,1,1.0860713976670364
0,1,-0.647088468
0,1,1.4180866126393998
1,1,-1.620969101
1,1,0.4086985301080257
0,1,-1.331546714
0,0,2.8305340664854572
0,0,2.0838411685980267
0,0,-6.40084503
0,1,0.7523775884829954
0,1,-2.182040031
0,1,2.4630230011005745
1,1,2.0933119177395145
1,1,1.9780877581499707
1,0,0.8477861965624929
1,1,2.971079469868937
0,0,3.945884800619456
1,1,0.042521199
1,0,-2.796992258
1,1,0.7670112228342625
0,1,-0.95026521
1,0,-0.538309134
0,1,2.389983595558884
0,1,-0.776178295
1,1,3.3266696474034982
1,1,1.0102953630245155
1,1,-1.203632628
0,0,2.125779701505281
0,1,-1.350399749
1,1,2.124390985210712
0,0,-2.149755119
0,0,2.3233405504054145
0,1,-0.303865411
1,0,7.423547334
0,1,2.832607232277882
0,1,2.1988031647478747
1,1,0.037485656259774014
1,1,-2.600620204
0,1,-3.50859024
1,1,-0.903185479
0,1,-2.881623341
1,0,1.4265189343993059
0,0,-0.567827847
0,1,2.7731852967027004
0,0,3.436078592
1,1,1.5959374139165556
0,1,-0.271878388
0,1,-0.523313593
0,0,1.1176235528193526
1,1,-2.087280179
1,1,1.1305234603836376
1,1,2.543229228525239
1,1,-0.431324867
0,1,1.781854439477836
0,0,2.282510676013596
0,0,-2.332198468
1,1,-1.791380299
0,0,-0.410757194
0,0,-1.865652357
1,1,2.6634129546521814
1,1,1.561323541671758
1,1,-3.154260332
1,0,2.7477069471598194
0,1,-0.662966932
0,0,-3.132724616
0,0,-3.733679966
1,1,2.694974417791469
1,1,0.7237531163866006
1,1,4.034863555557144
0,0,-3.28219588
0,1,0.5110282444609244
1,1,-1.064201742
1,1,3.1075546433993786
0,1,-2.38989839
1,1,-2.147492899
0,1,-1.624457382
1,0,1.9568801662386734
1,1,-1.482207054
0,1,0.3079776451242852
0,1,-0.287407518
1,0,4.443601063073375
0,0,-1.135932542
1,1,2.2373312616364096
0,1,-0.579769629
0,1,-2.110490232
1,1,1.0923749851608628
1,1,0.47160231783532347
1,1,1.2356877143910139
0,1,-1.650337219
0,1,-4.342708539
0,0,0.877690518
1,0,3.265125403507722
0,1,-0.620175515
1,1,4.455645900526245
1,1,-2.504687034
1,1,-1.208036649
0,1,4.177002403316908
0,1,4.560742320320665
1,1,2.3968865240554766
0,0,0.16957769443775617
1,1,1.5373194988345333
0,0,3.5962378674730497
0,1,0.7711446831171545
1,1,1.7094659024708427
0,0,2.4704544869746536
1,0,2.574739754472648
0,0,-1.927012405
0,1,-0.149299567
1,1,-4.607118426
1,1,0.11053634211433927
1,1,-1.12367364
0,0,2.0342932120643566
1,1,-0.113338807
1,1,0.6999404527810573
0,1,2.0459586236105336
0,1,3.270627338226083
0,1,0.1326944542892181
1,1,3.337297603128883
0,0,1.2505453592931894
0,1,-0.346842214
0,0,1.9902066354246566
1,0,3.279508157
1,1,-0.377021573
1,1,0.7550958890539524
1,1,0.4605093067828592
1,1,-1.554642256
1,1,-4.067758248
0,1,-1.691853381
1,1,-2.835320369
0,1,-0.260602526
0,0,2.3603113252203456
0,1,-1.149914307
1,1,3.4696977041337616
1,1,1.3213083046276657
1,1,-0.92272096
0,0,4.0897202259066505
1,1,0.38288891532789326
1,1,-0.970340823
1,0,2.3099356621855587
0,0,1.8749378218323403
0,0,3.0618188053835396
1,1,4.6239156579653296
0,1,-1.723038163
1,1,-4.660880084
1,0,-3.110634005
0,1,0.017000452690967727
0,1,4.127947216341041
0,1,0.044374507
0,0,1.4167159688500692
1,1,1.7790433240130739
0,0,0.17818211235718096
1,1,3.3522136613928843
1,1,2.633892377677002
0,0,-4.838714287
0,1,-2.143961039
1,1,6.476688294511029
0,1,3.301545947808057
0,0,5.731249426172837
1,0,-1.441100522
1,0,-0.672101547
1,0,1.6459207508008133
1,0,-1.705482546
0,1,-0.462231579
0,0,-1.798229039
0,1,-8.275502707
0,1,-0.591878546
0,1,4.705445040514486
1,1,0.9992627688909868
1,0,1.5904205590887308
1,1,-2.299949972
1,0,0.659603198
0,0,1.6095293458379027
1,1,-1.211392215
0,1,3.620580672266114
0,1,-1.249971913
1,0,-2.119884704
1,1,0.3967937807009385
1,1,3.228697054
1,1,-0.383306102
1,0,-0.83518768
1,1,0.006604229
0,0,-2.39297696
0,1,1.6918753455080593
1,1,-2.370079649
1,0,0.1469230689229567
1,1,-1.748458085
1,0,-2.138291323
0,0,1.0759521985137463
1,0,-1.743539125
0,0,-0.769381314
1,1,1.1471801793953615
1,1,-1.813454959
1,1,2.5233638977591535
1,1,3.0800747217401874
1,1,4.053470168197177
0,0,5.121982166924462
0,0,2.0180528233953003
0,1,-1.933680394
1,1,1.6143059176926167
1,1,0.669021547
1,1,1.4905959104836062
1,1,-0.79281921
0,1,1.2484393657874941
0,0,-1.639415108
1,1,1.739024532027687
0,0,-0.160073814
0,0,6.061622206441198
0,0,0.43458499333554645
0,1,1.3589258955604882
0,1,6.076047478
0,1,3.6111354752697338
1,0,-1.15238932
0,0,0.1418531891699899
1,1,1.2658264715820342
1,0,2.519040059693977
1,1,2.215574234783758
1,1,5.432826215252822
1,1,-0.952433102
0,0,-0.372282358
0,1,-0.69806896
1,1,-1.870260478
1,1,3.7490886134801626
0,0,3.3225257412702716
1,1,0.8512764921539784
1,1,2.531217195729669
0,0,1.286673019810979
0,1,-0.21819238
0,1,0.5767320040515769
0,0,-5.966384417
0,0,-0.790793274
1,1,-0.672346855
0,1,1.099901855
1,0,0.034095989018456674
1,1,-0.031264672
1,1,-2.472644516
1,0,1.1561992585419612
1,0,-0.703079932
0,0,4.332514106
1,1,2.080300820522898
0,1,3.999966609792339
0,1,1.0491596856144216
0,1,-0.230945041
0,0,-1.343542722
1,1,0.36996239509450074
1,1,0.7686173063700208
0,1,6.648010487699404
0,1,2.1802485550891744
1,1,3.040905290084156
1,0,1.6889687717748185
1,0,1.5384180414965143
0,0,-0.979685652
0,1,0.8188885386726443
0,1,0.4459455393461092
1,0,1.4067227100924788
1,1,3.8978405344088474
0,0,1.9440214086102894
1,0,1.785090034647744
0,1,4.141886894738676
0,1,4.878273603110262
1,1,4.363533982331417
1,1,-0.201101753
0,0,-1.538321846
0,0,3.4540730996637103
1,0,-0.333160457
0,1,1.5451987512410266
1,1,-3.333208486
1,1,0.28199687557244724
0,0,1.6179025873965465
1,0,2.0684993141787653
1,1,1.152892586639403
0,1,-0.501225342
0,1,-3.271707085
1,1,1.7002345508562071
0,1,0.6771385450753185
1,1,1.1841559398335382
0,0,1.4131553666653125
1,1,0.9949717599161667
1,1,1.484687883956674
1,1,2.5685649243760875
0,0,-0.114523027
1,1,4.789260812861848
1,1,-0.741747717
1,0,2.8571680887977613
1,1,-0.667544731
0,1,5.111079048734881
0,1,2.1187942685458756
1,1,-1.10369533
1,1,0.9453709533893737
1,1,-1.972156678
1,1,2.8127511601886876
0,0,0.25866019833509996
1,1,1.3381362929980016
0,0,-2.322378977
0,1,-0.465221512
0,0,-0.910218026
1,1,-1.151244643
0,0,-0.506006571
0,0,4.849796707401841
0,0,-3.39076684
1,1,2.833030217070833
0,1,1.3301866531180333
1,1,4.531351461301395
1,0,-0.380032728
0,0,-0.717464709
1,0,2.591658850354805
0,1,2.2817401829625683
1,0,1.5254684531636693
0,0,0.46844450576745167
1,1,0.41336634038633135
1,1,2.0396500261468753
0,0,1.7568569179536195
0,0,1.9971591656888632
1,1,0.13822570471279255
1,0,0.4663066415012989
0,1,0.8940800325645197
1,0,0.13277681393817498
0,1,0.20965349263680266
1,1,-0.035690488
1,1,1.8026066000493506
0,0,0.037884269
1,0,4.474065405161932
1,1,-1.87592593
0,1,-0.765919334
0,1,-1.961090319
1,1,-3.765498326
0,1,4.398746093508924
1,0,1.8241512336719699
1,1,2.5538008691155323
1,1,-2.248245557
0,1,-0.966249748
1,0,2.290173564504711
1,0,-2.482294028
1,1,0.019615351007812865
1,1,1.5793081258370578
0,1,-0.082699291
0,0,-0.425748165
0,1,0.45685757196204846
0,0,-1.260393101
0,0,2.550017456512787
0,1,-4.625215786
0,0,-1.034431202
1,1,3.702825809
1,0,-0.612445943
0,1,3.0156257770428994
0,1,5.076228731
0,0,0.292386637
1,0,1.4145427469079066
0,1,-3.969253607
0,1,-1.970243973
1,1,4.529537830824717
0,1,-1.320244481
1,1,2.7238861888602144
1,0,1.3698155815912136
1,1,2.3726497474214376
1,0,-1.12411881
1,0,-0.375224418
0,1,-0.985750712
0,0,-0.708500712
1,0,0.08188346
1,1,1.6071719195278726
0,1,1.9968189927921323
1,1,1.7229227838960584
0,1,2.7134979830733728
1,1,0.06407763
0,1,4.212849013604516
1,1,1.3810979047066536
1,1,-1.041820912
0,0,-1.351113234
0,0,3.2327439461997596
1,1,-2.059530132
1,1,-3.214430013
1,1,-1.213062458
1,0,-1.653136815
1,1,0.11515728602885342
0,1,6.818915469768682
0,1,2.1911279313713834
1,1,-1.036028111
1,1,1.9358902635082709
0,0,-0.291510171
0,1,-0.591220011
0,0,1.5276202058143542
0,1,2.9897851929154577
0,0,1.0560105903776273
1,1,2.125624018716686
1,1,2.3921420110685983
0,0,-2.813283971
1,1,1.024730566864122
0,1,3.7602970813556915
1,1,-3.104161777
0,0,-0.350298523
1,1,1.2202943038815033
0,1,1.0591146916499794
0,0,-0.194399237
0,0,-0.299742445
0,1,-5.168648161
1,0,0.42618467498284157
1,1,-0.735932035
1,1,0.085688859
1,1,1.3247064552023378
1,1,3.952670591067309
1,1,-0.926456403
1,1,-0.388637569
1,1,-1.830360411
1,1,2.166239771242396
0,1,0.6051291501796664
1,1,-1.964558454
1,1,-4.959824141
0,0,0.9108202050463006
1,0,0.22504407175606359
0,0,2.620449926207142
1,1,0.18670491203682438
0,1,-0.310105248
0,1,4.848309725976768
1,1,0.063834662
0,1,2.209927866961725
0,0,4.868668413478224
0,0,-4.223666692
0,0,-3.774787125
0,1,2.443430454262365
0,1,-2.969997669
1,1,1.2142804306089339
1,1,2.540972282696827
1,1,3.6260131560200324
1,1,3.603097572
0,0,4.721775759141048
0,0,1.7448717310483093
1,1,1.2244915556705673
0,1,4.336520500964671
1,1,-0.251132269
0,0,3.579745296480804
0,0,-0.843901922
1,0,-2.878919741
1,0,2.3825397244011346
0,0,-0.449840058
1,1,-0.79112798
1,0,0.5196351711800098
0,0,2.0312206383546263
0,0,-0.803238404
0,1,2.0534711475205967
0,1,1.8327805229937708
0,0,-0.091933499
1,1,0.11433999464903866
0,1,-1.612456527
1,1,2.772286728207349
0,1,1.7393904336229549
1,1,1.6402142350763944
1,1,4.2196829116021215
1,1,2.3045254569345284
1,1,4.074068997925428
1,1,-0.449194335
0,0,1.7578820751564632
1,1,2.4632254677766845
0,1,4.1559706154298395
1,1,0.13302224811195862
1,1,2.3242584192580846
0,1,0.16101434481913246
1,1,0.2327150719822175
0,0,3.596473382
1,0,0.6487553806573275
0,0,1.8194086439712607
0,1,2.064111376641302
0,0,5.541412149207403
1,1,-1.993405367
1,0,0.058513624
1,1,0.34501485192731685
0,1,-0.686884981
0,1,1.4772646984576485
1,1,1.317609755746054
1,1,-1.264376521
1,1,2.150625400045354
0,0,1.4932793556822077
0,0,-2.101362053
0,0,-0.642964131
0,1,-0.291889358
1,0,-2.406472904
1,0,-1.009478059
0,1,-2.981374455
1,1,-1.855638213
0,1,3.505962839578257
0,1,1.5246450874711304
1,1,2.5283295266473087
0,1,-0.719899562
1,1,-1.680373571
1,0,-1.508626932
1,1,-0.106493259
0,0,2.2290490393999014
1,1,-2.988001396
1,1,2.5931879639156334
0,0,-1.523029252
1,1,0.087723243
0,1,0.2965827236698302
1,1,3.2715314808618605
1,1,-0.812969164
0,0,1.218244373691837
1,1,-2.039201832
1,1,1.4228466132971835
0,1,3.1206271616310843
1,1,-3.22578856
0,0,2.8005967136574235
0,0,-1.33272671
1,1,-0.128973653
0,0,2.877707538900242
0,0,-1.845566297
1,1,0.6279035092652213
1,1,3.9475349824084036
1,0,-0.248904732
0,1,1.7853461006311375
1,0,-1.49239728
0,0,3.252162678072043
0,1,4.540243931870049
1,1,3.03510384
0,1,2.6328109166521663
1,1,5.491205653721928
0,0,2.0091628166294617
0,1,-1.357066576
0,0,2.907880719340377
1,0,-1.365557561
0,0,5.450335371903384
1,1,2.415769134630023
0,1,0.816541075
0,0,0.9912558091243024
1,1,-0.656031716
0,0,0.8381120124706888
0,1,-1.375563446
1,1,-0.980797799
0,0,0.074730943
0,1,-2.664834378
1,1,-0.196956169
1,1,0.5478804065907263
0,0,-0.551076977
0,1,0.053052189
0,1,2.9695088219398516
1,1,0.4083832678267293
0,1,3.724144493325162
0,1,0.2759411768910159
1,0,3.916923993983631
0,1,0.9646394343796638
1,1,-2.491815336
0,0,-0.145516697
0,1,2.8240222299672233
0,1,3.2230717810951246
0,1,1.9057490724829427
0,1,0.19480820343224436
1,1,0.8141359755782516
0,0,6.293773350014446
0,0,0.4865899105295509
0,0,0.4588378116913222
0,0,-2.418211472
0,1,-2.23325136
1,1,0.8911203830668294
1,0,5.290186959094707
0,0,0.064452602
0,1,1.7578390489313116
0,0,-2.67925574
0,0,0.36062492713318517
0,0,3.1633859280427568
0,0,3.339436761631691
1,1,-2.217923593
0,0,2.7276668072304346
0,1,1.542118305623354
0,1,-1.910010232
1,1,1.3564862235285788
0,1,3.207245757255709
1,1,0.9937663428344732
0,0,-2.896984758
1,0,-0.406351334
0,0,1.4332921034473647
1,1,-0.512877786
0,0,-3.693585684
0,1,3.6661490971558828
0,0,2.815132369219971
0,1,1.3489890463763918
1,1,-1.877666181
0,0,-1.552655864
1,1,0.2615034982450708
0,1,-0.035844355
0,0,-0.899134384
1,0,1.9320226017170574
0,0,6.190140554452032
0,1,-2.522083245
0,1,1.5553693874908419
1,1,-2.440718472
1,0,4.514447181403791
1,1,2.2288860807840116
1,1,5.051619942191412
0,0,0.7214967281461214
0,0,0.2606396238372567
0,0,-0.102550087
0,1,4.405273966150267
1,1,3.5278285535553806
1,0,0.8204984803068619
1,1,2.235790523440689
1,1,-0.950254562
1,1,3.168531601294493
0,0,1.7763004165270349
1,1,3.544460521136976
0,0,5.087450131
1,1,-1.287344701
0,0,-1.386869829
1,1,1.346060520093829
0,0,1.0034170380529197
0,1,1.6172136769362169
1,1,-0.476661111
0,0,3.545510241082816
0,0,0.8303054015340272
1,1,-0.032761116
0,1,0.37521845244911883
0,1,-1.635883126
1,1,2.4189297530716134
1,0,4.6937301763338395
0,0,3.4677461971921417
1,1,2.5914864125603763
0,0,-0.004608616
1,1,3.750126079
1,1,0.5177528445838648
1,0,3.4394476007703596
1,1,-1.475951735
0,0,-1.642896998
0,0,-1.176811459
1,1,-1.892381874
0,0,3.740437221512911
1,1,0.9490974456530479
0,0,0.8506808708661926
1,1,0.7725268021398615
0,0,2.095253508320052
0,1,2.505101900759701
0,1,3.449479486990346
1,1,-3.150719104
1,1,0.946483809
1,1,3.4011581361701553
1,1,-3.118791488
0,1,2.5695868198562035
0,0,-1.817476123
0,1,0.9402144060940874
0,1,0.894633447
1,1,-2.101421866
0,1,0.7659112900947684
1,0,2.3661353933669234
1,0,1.3185199427341363
0,0,-0.402203609
1,0,0.15117545
1,1,2.188653051273465
1,1,0.9678932736473744
1,1,2.3592584755347508
1,1,-0.160588344
0,0,-1.205268971
1,1,-2.067987761
0,0,6.077248843064831
0,1,0.1495322214478504
0,1,-0.71564138
0,0,-2.005507357
0,0,-0.539750833
1,1,4.7075154791670775
0,0,0.047533237
1,1,-0.277327882
1,1,2.143448028345136
0,1,1.6995013777686752
1,1,0.42206921345732173
1,1,0.4819020208344156
0,1,4.735544637246834
0,0,-0.061231637
0,0,0.8935559260968479
0,0,1.7862834223721737
1,1,-2.31197917
0,1,4.011525057362322
0,0,-2.074792484
0,1,-4.47206816
0,0,2.253740436
0,1,-0.425027073
1,0,-1.798777225
0,0,0.5936984930927921
0,0,0.34459755204541914
1,1,1.4118696365091434
1,1,-0.391057545
1,1,1.4207868647837967
0,1,1.503493489525495
0,0,1.8080734966187746
1,0,3.6069829682467436
1,1,3.6105253380150915
0,0,0.5603652517047499
1,1,2.081847226342491
0,0,1.3410077596554235
1,1,2.778546052862625
0,0,-3.985376966
0,0,-3.699778233
1,1,1.4397235438896705
1,1,5.998050920763717
1,1,5.392795741813051
0,0,-2.414415471
1,1,2.0339338629479404
1,1,-4.200310606
1,0,2.3906589345841267
1,1,0.6943292086938944
1,0,4.647353541360168
1,1,3.0329479661457603
1,1,0.1598207581806239
0,1,1.6660889086822486
1,0,-0.014112393
0,1,-1.462344367
1,1,0.4803644229796787
0,0,0.8629319052108951
0,0,0.47511098
0,1,2.4756520205526886
0,0,0.9156771602100022
1,0,1.9054732526030782
1,1,-5.295022397
1,1,0.8291847786081361
0,1,-3.487344339
0,1,0.5160369048057294
1,1,-3.301247102
1,1,1.495040960820574
1,1,-5.926451788
1,1,2.857415908429938
1,1,3.675454574060884
1,1,2.3798362348623017
0,0,3.4984507469195254
0,1,-0.192663802
0,1,2.233957997350359
1,1,2.7015051032145756
0,0,0.8776747866846115
1,1,1.0247535789583768
1,0,-0.088640152
1,0,-0.625935787
0,0,2.4926939977284253
1,1,-0.241525804
1,1,-2.302002137
0,0,2.1866089056879283
0,1,4.197603932269256
0,1,-0.926317304
0,0,-1.088040783
1,1,-1.617396952
0,1,3.4097365497711705
1,1,1.7188046274621176
0,1,0.4681223491151063
1,0,-1.984503944
1,1,-0.792671676
1,1,3.9653324176054126
0,1,2.3790675934590477
0,0,-0.410596853
0,1,2.098276517065165
0,0,-0.231435444
0,0,2.3167211810372867
1,1,0.6149767762105496
1,1,-0.804678966
0,1,2.839462304348261
1,1,5.918898543
0,0,-1.600324065
0,1,-0.639751242
0,0,3.4354420646590755
0,0,2.831026916020358
0,0,2.8942036803267905
0,1,1.3202729302536635
0,1,-2.844783497
1,1,1.4096039288674163
1,1,0.8545738060648442
0,1,3.6879170128978456
0,1,0.42870903579373987
1,1,-1.625632411
0,1,3.5981113024972453
0,0,0.35250320274165575
0,1,3.5981494990260536
1,1,2.259914187013877
0,0,3.287210251069147
1,1,0.2932823590045919
0,1,0.059516987
0,0,1.5689485948485795
0,0,0.30358130991349186
1,1,-3.214480829
0,0,2.4534997233188363
1,0,0.18786332280219753
1,0,0.8315345287766664
1,0,0.7449291766471411
1,0,1.1537737198028208
0,0,0.7383832861878342
0,0,2.2974277108590204
0,0,6.2472221929908756
1,0,2.718649213373978
1,0,-0.177264412
1,1,-2.296623659
0,0,4.055889667721005
0,1,2.404508075500818
0,1,5.983923684710557
1,1,-0.307330482
1,1,2.2099356714154395
1,1,-3.387814778
1,0,1.9702937716179707
0,1,-1.892706001
0,0,1.7481248805189769
1,1,-0.735386172
0,1,2.0360215905302548
1,1,1.2863825145358132
0,1,-2.755438652
0,1,1.9928909539243005
1,1,0.4403094720165358
0,1,-0.507111408
1,0,0.3629645199361765
0,1,1.0302160607393474
0,0,3.099028131695358
0,1,5.995408899955894
0,1,2.5456841164971533
1,1,-0.91948756
1,1,-1.29301192
0,0,0.6091008597120872
1,1,-1.0016055
1,1,1.2395785186350614
0,1,2.6178046033100206
1,1,1.1168491111059966
0,0,-3.446689489
0,0,2.3599467452122354
0,0,-0.357716323
0,1,-1.945984312
1,0,5.320168828834499
1,1,0.7669494311006226
1,1,4.283589548487312
1,0,-1.78992431
1,1,0.6203037719434485
1,1,-0.672254424
1,0,2.903838962094751
1,1,1.1339956683250132
1,1,1.0299815093961033
0,0,1.9217036430777394
1,0,1.409866281305206
1,1,3.0052867952702607
0,0,-3.66817186
1,1,-0.799206575
1,1,4.515475622308853
1,0,3.2487478941150076
0,0,2.030708126552882
1,1,2.406364914477704
0,0,0.728743842
1,0,-0.330328114
0,1,5.550250923239807
0,1,-1.626503858
1,0,-2.594314798
0,1,0.46163381220078176
1,0,-0.408959765
0,0,-0.215407872
1,1,3.529775512896724
0,1,0.061124170513485065
0,0,-0.56636914
0,0,2.555684107522981
1,0,-0.891208941
1,1,-3.121245228
1,1,2.969170859382933
1,1,1.6467267228154867
1,0,-2.366715158
1,1,-4.13774346
1,1,-5.634340624
1,1,0.3669671577868139
0,0,3.584872425186251
1,1,2.9182753872400498
1,0,6.292995902402239
1,1,0.48544532165178966
0,0,-5.560790554
1,1,2.8617770627033505
0,1,6.163828494492993
0,1,2.8163324835841363
1,1,0.2101822746218922
1,1,2.0561961930679775
0,0,-0.744108641
1,1,0.8889347725115287
0,0,-0.159231505
1,0,4.066257467857547
0,1,-1.508067378
0,1,2.0005141264129844
0,0,0.8157083837097252
0,1,-4.684582634
1,1,2.6937751205500224
0,0,0.1419418241278545
0,1,-4.462306656
1,1,1.3075042457131203
1,1,0.3888439795440297
0,1,2.299001003761297
0,1,2.7979486907999367
0,0,1.6720122498699728
0,0,0.85240359
1,0,0.48234182146537763
1,1,-0.322612502
0,1,2.8511773137485195
0,1,3.8837976922528217
0,0,-3.115953235
0,1,-0.744131372
0,1,1.2944306209701404
1,1,0.3639673417969589
1,1,2.4649375084022638
0,1,-2.504312507
0,1,0.055898623
1,1,0.37527118880386706
1,1,1.9374415693477884
0,1,1.5488917923954455
0,0,1.2951797014635429
1,0,-1.487330348
1,1,-3.954639319
1,1,3.1116192608770987
0,0,1.2196833919248964
1,1,1.797644333256725
0,1,1.8603046682533684
0,1,6.989117539658339
1,1,2.5460347401690298
0,1,4.320513152135581
1,0,3.7395853895912774
0,0,-3.115414413
0,0,-1.145361773
1,1,0.2256248920917323
1,0,0.1649877623611678
1,1,0.2466329932708069
0,1,5.643440850210075
0,1,-1.883973784
1,1,1.6205299055147269
1,1,3.293863490056044
0,1,-0.492047369
0,1,-0.381031999
0,1,-1.759866875
1,1,0.04802398
0,0,1.3015398276940817
1,1,-3.726491406
0,1,1.1507596226147787
1,1,2.792802206198242
0,1,2.886786515915707
1,1,1.225807884313412
0,1,2.551384667548232
1,0,-0.348493936
1,0,-3.180332608
0,1,1.7791108503553295
1,1,-0.379508726
1,1,-0.622271913
1,0,-3.52929266
1,1,2.1674232338889508
1,0,-2.549670446
0,1,-0.623880758
1,1,-0.512251858
1,0,0.19131462377590525
1,1,2.5209453833572386
0,1,-3.272654397
0,1,-0.195293282
1,0,3.0460376653490924
0,1,-0.201017656
1,0,-0.506709964
0,0,-0.66436644
1,0,0.9947268162006169
0,1,0.8427831420642934
0,1,0.17946094271951052
1,1,-4.35540195
0,0,-2.049336716
1,1,3.004149792
0,1,-0.357408319
1,0,-2.266290132
0,1,1.7127229987429462
0,0,0.11122146395023946
0,1,4.556180443632684
0,0,1.7207786843285295
0,0,0.1421147336669779
1,1,1.8867199137879571
1,1,3.9275275405351704
1,1,2.854185236
0,0,-3.091819928
1,1,0.433809283
0,0,-1.640221366
1,1,2.450585154787243
0,0,1.1928898329343927
0,0,-1.7401006
0,0,-1.830752248
0,1,2.0747839533117793
1,1,2.024363904825774
0,1,1.2519728495726126
1,1,-1.971227036
0,0,-2.017097584
1,1,1.6711779299840632
1,0,1.9231290320900571
0,0,3.4494840196239807
1,1,1.0758492207208772
1,1,0.57782344
0,1,1.9614456135360918
1,1,2.0066981405375697
0,1,4.461282264
0,1,0.42885042028114606
0,0,-2.101996242
1,0,1.5582833839272188
0,1,-1.376405611
0,0,1.196511220186619
0,1,2.7189961800238764
1,0,3.3448304658372328
1,0,0.008429813
0,0,0.6754054113431476
1,1,-1.412423218
1,1,-1.057234258
0,0,1.6280292303016184
0,0,5.133025056047577
1,0,6.510616650445966
0,0,0.2234494386596299
1,0,0.24227214695508814
0,0,-3.076435208
0,0,0.714017476
0,1,1.8471455651637545
0,1,2.924291241026374
1,0,-0.299780753
1,1,1.2736683673830416
1,1,1.6320113406739356
1,0,-0.065831111
0,0,-4.645209243
1,0,1.4104236965651178
0,1,-0.419176209
0,0,-0.876325045
0,1,-2.19629929
1,1,-1.359811112
1,1,0.8351255481880715
1,1,0.26779029650348807
0,1,-1.39380021
1,1,2.011763598214188
1,0,6.239211398537442
1,0,-0.177124211
1,1,0.8738923421002253
1,1,0.6522609262418096
0,1,1.5620395222873564
1,1,4.7691854180944935
0,1,3.3185399894621677
0,0,1.524254969549541
0,0,1.463129728537016
1,0,0.8997184670284988
1,1,3.1203315537628704
1,0,4.586372722
1,0,3.4495383564860496
0,1,-4.21239332
0,1,-2.469122572
1,1,-1.757105406
0,1,1.4839295087104072
0,0,2.3627629679682216
0,0,0.26193202078049527
1,1,0.8987603350426812
1,1,3.8123975481291246
0,0,-1.63398643
0,1,2.255908067571996
0,1,1.0098605652446249
1,1,1.6958425729514301
0,0,-3.235285688
1,1,3.9920888930156493
0,1,-6.291762223
1,1,3.741960834
1,0,0.4324548589691492
0,1,2.0579309651963977
0,1,2.015184025996561
0,0,-1.89658609
1,0,3.069114140600769
0,1,0.2509915732385115
1,1,2.100177302073684
1,0,1.0456027734066764
1,1,-0.730519992
0,0,2.448664674212047
1,0,-3.468730962
1,1,-0.5001171
1,0,3.5403838795958413
0,0,2.159489106175226
0,0,3.0960109641918123
0,0,0.5672558754112773
0,0,2.153645182560429
1,0,5.608765076829794
0,1,-0.46066951
0,1,4.230840307124004
0,1,-0.726758857
1,1,1.1788574774489666
1,1,0.044884478
0,0,1.1433477033953858
0,0,0.1500788319285663
1,0,3.7637052300307765
1,1,-0.161805413
0,1,0.7166825596040199
0,0,-3.163991601
1,1,-0.721822337
1,1,-3.791974026
1,1,1.0138940403634606
1,1,2.1990284480734563
1,1,1.8509931406529734
0,0,-2.437294669
1,1,-0.006851143
0,0,-0.180884879
0,0,1.0730649029211852
0,0,2.718420593948633
1,1,-2.420859157
0,0,1.181086217198715
0,0,-2.205774923
1,1,4.511139135242755
1,1,-2.231331444
0,0,-2.796473742
0,0,0.5149235738616771
1,1,-0.635151537
1,0,-0.370964661
0,0,-0.610329354
1,1,-2.610852325
0,1,-2.448238385
0,0,3.095121235122308
0,0,3.322760054601838
1,0,-3.571963723
1,0,2.666644925787852
1,1,1.6461305996197337
0,1,-0.435456876
1,0,2.9236346903825305
0,1,0.8617071811536189
1,1,-0.882995625
0,0,-2.311867383
1,0,3.5559842500940446
1,1,0.4734631189949394
0,0,-0.804809645
1,1,-2.653570282
0,0,-2.873756152
1,1,1.3737444189881391
1,1,-0.296934519
0,0,-0.953979745
1,1,3.3744096406122233
1,0,3.11356491
0,0,1.9829060100846148
1,1,3.9424412630597843
1,0,-1.043008776
0,0,2.7503835165664254
0,1,5.374511728884782
1,1,3.265770182
0,0,1.2353577084981409
1,1,4.258709181157768
1,1,0.5560337790118896
1,0,-0.299283812
0,0,-1.81724539
0,0,0.035620314
1,1,-0.685024762
0,1,0.9020649533677538
1,1,-1.128677063
1,1,0.3936545061094431
0,0,1.2169501252970152
1,1,1.791729816180068
0,1,-0.358466266
0,1,-1.230734259
0,1,-0.936058349
0,0,0.017116516
0,0,1.668482644
0,1,0.4282361491033764
0,0,2.0245276640280094
1,1,-0.227401325
1,1,2.325960082924273
0,1,-0.67879095
0,1,2.0938807189513344
1,1,-0.334088699
1,0,-2.244597551
0,0,-2.154063213
1,1,2.6952707851542366
1,1,3.868520829024692
0,0,4.220833668597017
1,1,0.8045035140790271
1,1,1.486599183
1,0,-3.009708147
0,1,-3.131307928
0,1,-1.161655416
0,1,5.310241633467227
1,1,-0.176748172
1,1,-0.976425039
1,1,-2.559970364
0,0,1.5302410843538299
0,0,-4.967781271
0,1,0.4536533311439142
1,1,1.1066056877049273
0,1,5.582802413768656
0,1,-4.894786852
0,0,1.1697360697473673
1,0,-3.101804378
1,1,5.248904129226998
0,1,0.7986273293622563
1,1,2.4436024566894483
1,0,1.4476875789843127
1,0,-0.191464568
0,0,-1.725055936
1,1,-2.294138991
0,0,-0.700616416
0,0,3.6457423780902167
0,1,-1.40557582
0,1,1.8417369429195978
1,1,2.7153550433579214
1,1,-2.807113007
1,0,-4.347330537
1,1,-0.890407735
1,1,0.5014483205148123
0,1,1.6958960158563512
0,0,0.4033771728814244
1,0,-1.242667885
0,0,1.6471837296541272
0,0,-1.825339602
1,1,0.05879033
1,1,0.8201217499654108
0,1,-1.907545149
1,1,-1.756676533
0,0,1.2387863645728803
1,1,1.1509964502238557
0,1,-0.364448781
0,0,-0.270057751
1,1,0.8191572030320274
1,0,-4.372654411
0,1,2.108635359117955
1,1,-1.426170741
0,0,2.9432879079403738
0,1,-2.8252463
1,1,3.9232857168308923
0,1,2.7029343766733653
0,0,1.5330324483219462
1,1,1.444284921
1,1,1.3771251467631709
0,0,2.9954955270094388
1,1,-3.3166319
1,1,3.275096986954847
0,0,-2.222039643
1,1,0.9768335320824443
0,1,1.0376581941129115
0,0,3.5600858043258405
0,1,-0.210790233
0,1,1.2340498002474618
0,1,2.6965323310318094
1,1,0.3441919555035944
1,1,-1.071256321
1,1,3.2287455559283718
0,0,-0.520142297
0,0,-0.790062617
1,0,0.6435787988833661
0,1,2.5357383774343907
1,1,2.095754964
1,1,-3.566378792
1,0,-0.043961704
1,1,0.8492184061242738
0,0,2.1790402860433087
1,0,1.6876656169011683
1,1,5.192241551121723
1,1,0.5041943867294252
1,1,1.7637413821664552
0,0,1.357447193445199
1,1,-0.579942234
0,1,-0.748460922
0,0,0.28733894360526485
1,1,-1.075120343
1,0,4.840984875940798
1,0,-0.338835605
1,1,2.982717371
0,1,1.446245301400638
1,1,1.3345767069246894
1,1,-1.70202228
0,1,2.7950911609718165
0,0,-4.044674033
1,0,-0.875381916
0,1,0.9639197064210698
0,1,0.7424338354159847
0,0,0.3890679595637829
1,1,-0.335521963
1,0,-2.414788912
1,1,-1.632083334
1,1,-0.88421337
0,0,3.4166430968925403
1,1,0.063662839
0,1,-0.468690048
1,1,3.010064640583144
1,1,0.5206332256475174
1,0,1.0907255144703316
0,0,-1.840704006
1,0,-4.564750692
0,0,-0.248413728
1,1,-0.666715707
1,1,3.0819467199088892
0,1,2.3379701365538974
1,1,0.892784318
1,0,2.413200741671016
0,1,-0.71058486
0,1,3.744749423813751
1,1,-0.095772833
0,1,2.0553097709325403
0,1,-2.122100865
0,1,3.247430771669207
0,0,-0.471556672
0,1,0.15519395040901734
1,1,0.851579342
1,0,0.8340433846334288
0,0,-0.220172688
1,1,3.6348766441384965
0,0,0.6260081989869699
1,1,-2.723850197
1,1,4.016090171317465
1,1,-0.196375868
1,1,-2.95651525
1,0,2.8395261598581256
1,0,2.689945110761011
1,0,2.9713258446255093
1,1,-3.218947052
1,1,1.5393676593202608
1,1,3.4773521001306547
0,0,0.073115788
1,1,1.3015666093061995
0,1,-2.409764088
0,0,-3.019631466
0,1,-1.262143896
0,0,-1.29505464
1,0,4.501562492778778
1,1,-2.043034724
1,1,-1.127161814
1,0,2.755517801042813
0,1,-2.17646111
1,0,3.356781510881304
1,0,0.4350812446463923
0,1,-0.723199256
0,0,0.5292815307149799
0,0,-1.95247532
0,0,2.014558043932527
0,0,3.2345192791794886
0,1,1.4129630395400536
1,1,2.941747532036149
1,1,4.834097820284653
1,1,0.1513752368382655
0,0,1.3578328943562772
1,1,-2.47967175
0,0,-2.393783204
1,0,-1.477868105
1,1,2.7302611117781974
1,0,6.661483371
1,0,2.621442654
1,0,-0.123600852
0,1,1.2031128483205467
1,0,-0.066350192
1,0,0.5265696236183632
1,1,1.145134500548968
0,0,0.18968577399631803
0,0,-0.607364859
0,1,0.5072018681469734
0,0,-1.408850711
0,0,4.210652523755718
1,1,2.1895908514800433
0,0,0.032652728478974824
0,0,-1.595869179
0,1,-0.585142187
0,0,0.558160272
0,0,2.7403492536895087
1,0,0.7345318331835379
1,1,2.527626434
0,0,-2.097445512
1,1,-2.686107584
1,1,1.0513411089227833
1,1,0.296088613
1,1,-0.14795495
1,1,-0.701229142
0,1,2.1346246952751766
1,1,7.120409022903742
0,0,2.6971851224828614
1,1,1.2627265683481697
1,1,-0.318159714
0,0,-0.049460543
0,0,-2.438368774
1,1,0.9719308733933218
0,0,2.562613483
1,1,0.2144214092738704
1,0,-3.713117789
1,1,4.852050391018914
0,0,1.3247420515214476
1,1,3.0463756918604323
0,0,3.511059004585719
1,1,-0.141093747
1,0,-3.514469924
0,1,-0.35241143
1,1,4.0481313106980945
0,0,-0.166614625
0,0,-1.073590621
1,1,4.296880784751934
0,0,0.60371141
1,0,-6.348586375
0,1,2.2803830576192836
1,1,1.3524074859945376
1,1,1.8030785260648907
1,1,0.092834971
0,0,3.9379382992229317
1,1,4.153970475587903
0,1,2.9872787949600283
1,0,1.4325854459020972
1,0,1.6629123356405053
0,0,0.581876882
1,1,2.190971065298641
1,1,2.1037460514512047
1,1,1.606626077051219
0,0,1.762189883313352
0,1,-0.289249683
1,1,-0.003349241
0,1,-0.14233325
0,1,-1.325433032
0,0,-4.286640806
1,1,-0.932378013
1,1,0.8652608982829539
1,0,0.9006500688657718
1,1,-1.509151254
1,1,1.1881115788244192
0,0,0.7469175112378793
0,1,-0.612342065
1,1,1.2422914519810528
1,1,5.036065831004805
0,0,0.9497954845263518
0,0,-3.741986487
0,0,0.9155956780996918
0,1,-0.781203161
0,1,3.322252792730619
0,0,2.942197483470185
1,0,3.325976338632695
0,1,-4.062178399
1,1,2.4555177074262753
1,0,3.2911739245735907
1,1,-0.147490073
1,0,-2.86927592
0,0,-3.596665849
1,1,3.481743249721727
0,1,-1.895832116
1,1,1.8274952969839162
1,0,0.292929194
1,1,-0.960625767
0,1,2.448919980078704
0,1,1.3208991849968355
1,1,-0.950389229
0,0,3.5513531419240656
0,1,-0.440058204
0,1,-1.303731422
1,1,5.104665238194669
1,0,0.8244950555288472
1,0,-0.654486414
1,1,-3.704127434
0,0,0.5009748582229974
0,0,-2.159345871
1,1,1.3422974855488252
1,0,2.586026843088008
1,1,-2.299981759
1,1,1.0819129729460013
1,1,-0.045920863
0,1,0.6038132843455315
1,1,-1.18401293
1,1,1.8001067507828252
0,1,3.9007231855496363
1,1,-1.251220035
1,1,0.7424421478532864
1,1,-1.840375235
1,1,-0.120104341
0,0,-0.501671633
1,1,-4.426162263
1,1,-0.102618738
1,0,2.2167011518160584
0,1,-0.791676378
0,0,2.880680379
0,0,-2.160031947
0,0,1.3072315542350905
0,0,2.4877100877873035
0,0,-0.418789677
1,0,1.1747113879712106
0,1,-0.946608614
1,1,2.051496506116289
0,0,2.3302569926350363
0,1,1.2805479128398984
0,1,0.1115799178502973
1,0,4.528870313809476
0,1,-0.155106252
1,0,1.2222586949972178
0,0,-3.842033361
0,1,-3.781108398
1,0,3.076181547248643
1,1,0.10357135377451954
1,1,1.1469380082288445
0,0,-3.015020374
0,0,2.202277263344091
0,0,-0.677995579
0,1,2.3824936418315907
0,1,2.8174959099416554
1,1,-1.793086604
0,1,1.019656413352537
0,0,1.312779419564397
0,1,5.193609065780519
1,1,1.134033408316005
1,1,1.826758054385012
0,0,0.10300718487074659
1,1,-0.769386649
1,0,1.0029879640955417
1,1,-0.060515596
0,0,3.5208001109414306
0,1,-1.996182216
1,1,3.2365179212623594
0,0,0.025731292163905573
0,1,0.18140294460407486
0,1,1.2935829743152587
0,1,-1.53873046
1,0,-2.393866518
1,1,1.7200916742335635
0,0,1.169033896421399
1,1,-0.01480222
1,0,4.396750035657579
0,0,-2.965904804
1,1,-0.338748247
1,1,-0.894486703
1,1,-1.138433368
0,0,1.1751095589854046
0,1,4.918969396591237
0,1,3.4162713231007507
1,1,1.8881797187876783
1,0,-4.206009295
1,1,4.003627963066748
0,0,1.8037541876479128
0,1,-0.535431539
1,0,0.7528222681110535
1,1,-0.518636787
0,0,-0.480998211
0,1,-1.397649358
0,1,0.43590233575191717
0,1,-1.599770881
0,1,0.7824741864472303
1,1,-2.2315733
0,0,2.219220263498938
1,1,-1.844530184
0,1,0.4924543154135144
1,1,-1.965935623
0,1,-1.479234606
0,1,0.9381662800425934
0,0,-0.693231484
0,1,1.1218371410065813
1,1,1.215269937210569
0,1,1.1565955893614541
1,0,-0.494375831
0,0,1.3181076682180526
0,1,1.161979294352502
0,1,-3.395756418
0,1,-0.550615464
0,0,-0.981627635
0,0,0.9262666406746569
0,0,0.32046004119456667
0,0,1.9892283508536703
1,1,-1.804415202
1,1,0.6645092649229649
0,1,1.4316907703228074
0,1,3.3338680614064757
0,0,1.8726486536850886
1,0,0.23202519193103577
0,0,-2.50903412
1,0,1.4643052006457582
1,1,1.9147858079421902
1,1,0.17621622294704745
0,0,-2.112513554
1,1,0.840958197
1,1,0.9061458375672422
1,1,1.6742969726123662
0,0,-0.566425292
0,0,3.1253409436905097
1,1,3.068647324011882
0,1,-1.300719119
1,0,-1.103018484
1,1,2.4209160419476135
0,1,4.356243871467441
1,1,2.4985117525496987
1,1,1.830305602233452
1,1,1.2087038538857213
1,1,-3.008200684
1,1,-0.821173782
1,0,0.9003656019618984
1,0,-1.205348282
1,0,2.8897550486679346
0,1,-2.455924294
1,0,-1.891717511
1,1,1.3894066980550246
0,1,-1.712231067
0,1,0.2410494216545519
1,0,-1.997649275
1,1,-0.559930383
0,0,2.4843232396972437
1,1,0.45415903299274485
1,0,-0.913088278
1,1,-3.345206752
1,0,-0.327754512
0,0,3.1842931757356876
1,1,-0.028333803
0,0,3.448006924794746
1,1,1.685395617825331
1,1,-1.675293568
0,1,-0.571296487
1,1,-0.329831098
1,1,-1.487794518
0,1,0.23547971042121807
1,1,-0.890334533
1,0,3.3267164277953496
1,1,3.3462474308314403
0,1,1.821077534388702
1,1,2.653642419
0,0,0.40047460791251355
1,1,3.1594368411050544
1,1,-0.819373662
1,1,-0.576138219
0,1,-0.16584244
1,0,3.2346541284403436
1,1,-0.897917158
0,0,3.9579438148256516
0,0,-0.348731731
1,1,5.040305041655766
1,1,2.2458329129144206
0,0,2.443510194
1,0,-3.910144604
0,0,0.6109618531534695
0,1,2.0108446158351168
1,1,-1.711765876
0,1,2.453282263052203
1,0,-1.530707292
0,0,2.2051948943955253
1,1,-1.520198333
0,1,-1.281564448
1,0,3.13172863
1,1,0.38630419020796225
0,0,-0.846168029
1,1,1.8433752607656944
1,1,-5.371278208
1,1,-2.616761383
0,0,1.2431016374772457
0,0,-1.303175741
0,1,-0.322713914
1,0,1.3215076128117398
0,0,-1.430662454
0,1,1.6832677587219045
0,1,4.612118177093837
1,0,2.020993246794374
0,1,0.7325830788038892
0,0,-0.845581746
0,0,1.4972170603090535
1,1,1.4267692827246101
1,1,-1.391945169
0,0,-2.943196202
0,1,1.4049120932643322
0,1,1.303349044973309
0,1,-1.797795337
1,1,1.3262573189380025
1,1,2.4778746846981017
0,0,-2.358267782
0,1,0.6972817912041798
1,1,2.9929895247672635
0,0,-0.700741425
0,1,2.0805975403491495
1,0,1.9963868935889892
0,1,1.8654702381251935
0,1,0.5421138027101366
1,1,2.7938662225415003
1,0,2.1620705031922896
1,1,5.573009963
1,1,-0.171425881
1,1,3.4397776234920086
0,1,2.960286775717996
0,0,-2.984045274
0,1,4.558187005372779
1,1,0.5545467040872493
0,0,1.237511001
0,1,1.8328878061201572
1,0,-2.255271785
1,1,-1.919760292
0,0,2.5518040894759584
0,0,3.195498541555365
1,0,-0.879266197
1,1,-0.579255684
1,1,-1.168727936
1,1,3.660613091260258
1,1,-0.32187002
0,0,-0.679246547
0,1,2.9312623568258873
0,1,0.5686771676781757
1,0,-1.089476925
1,0,-2.937155884
1,0,1.8254629567462821
0,0,0.6671313827840764
0,1,-0.767785129
1,1,-0.867459632
1,0,-1.147908113
1,1,0.7319571266893979
0,0,2.6869680515184204
1,1,1.3848971113450823
0,0,3.1952764365580366
1,1,-2.496469893
1,1,0.14049814559871943
1,0,0.08237106
0,0,3.572112540375177
0,1,-1.824282814
0,0,3.985138080576876
0,1,-2.272194218
1,0,2.523725141948425
0,1,-1.802807057
1,1,-0.212567595
0,0,-0.093222264
1,1,-2.23915323
1,0,2.9036489216899533
0,1,3.160586829025294
1,1,2.503161829774541
1,0,0.30164686021027565
0,1,1.1273607586751433
0,0,-0.256695413
0,1,2.075331597141861
1,1,-0.253219365
1,0,0.035338778
0,1,1.9973654700940193
0,1,4.418855251898878
1,1,4.197307914230358
0,1,4.9839909254038215
0,0,1.1157920045895398
1,1,-3.485050344
1,1,1.3511009951730026
0,0,0.1814977152407211
0,0,0.23031119504019731
1,1,-0.730965297
0,1,0.35195446570027467
0,0,-1.371020509
0,0,-1.485150146
0,1,-2.489570911
0,1,0.637185504
0,1,1.782178669945253
0,0,0.4614057879376834
1,0,1.3112049933791199
1,1,1.1728863379221508
1,1,0.7180597163409955
0,0,-0.408808894
0,1,0.7250123731837451
0,1,0.42729283674476504
0,0,-2.044648674
0,1,1.718940780403106
0,0,3.223428794084014
1,1,0.5820624582882751
0,0,3.4544238555195053
0,0,4.075905559868891
1,0,-1.550440371
1,1,-0.937422864
0,1,5.850083666045528
0,0,2.495041496
1,1,-0.951085046
0,1,-0.550461444
0,0,-2.43449045
1,1,3.374679692763279
1,0,0.9738626925799795
1,1,-0.15023455
0,1,1.1496212250771651
0,1,-2.535978896
0,1,-0.303045885
0,0,0.2426483508005352
1,0,-3.142070117
0,1,-5.801522174
1,0,3.4822195746231954
1,1,-0.651638159
1,1,1.9867259631143863
1,1,0.5601900236140295
0,0,-0.799280023
1,1,0.413580599
0,0,-2.054489656
0,1,0.057799245022765566
1,1,3.0826214860769943
1,1,-1.546561902
0,0,1.0088290808941978
1,1,-0.850514757
0,1,-0.437716236
1,0,1.9769899242348161
0,0,-0.371247613
1,1,-3.489252336
0,0,1.6553389654287558
0,1,-3.026337246
0,1,-3.2307041
1,1,3.185077571310026
1,1,-0.955518643
1,1,1.4944605968135327
0,1,-0.226171831
0,0,2.5187041569187967
1,1,0.5266478895179207
0,0,-1.030464396
0,1,-1.453075583
0,1,3.459703374644409
0,0,1.7993755400761786
1,1,1.025322075713257
1,1,2.5154963813130933
0,1,1.0546207914376131
0,0,0.47468417703656995
1,1,1.2958034558988947
1,0,1.2098136274089604
0,1,3.6852643664163502
1,1,2.9282760434588364
0,0,-0.53002848
0,1,-2.600654013
1,0,0.8888713121780663
0,1,3.111676105962058
1,1,1.2772012658846452
0,0,-0.685749604
1,1,-0.777758676
1,1,-0.209259629
0,0,-1.925403059
1,1,1.089268498651576
1,1,-2.850402235
1,1,3.0612659625932896
1,1,-1.674933307
0,0,-0.642668053
1,1,3.0886926318288648
1,0,-1.064116767
0,1,3.3186299849723415
1,1,3.028635699253774
1,0,2.8752550660469045
0,1,-0.576590936
0,0,-2.159933248
1,1,1.683157172423076
1,1,2.433876634336398
1,1,1.747323256058724
0,0,0.30089657232098466
0,1,2.593618234204608
1,0,-3.598622315
1,1,0.6210965182030641
0,1,4.028680230946838
1,1,2.469571677707096
0,0,-0.204673956
1,1,-1.01761191
0,1,4.785696655087111
1,1,0.074049164
0,0,2.0577311592708103
1,1,-4.868261593
0,0,-0.825777302
0,1,0.4447577589583696
1,1,-0.835519823
0,1,1.1083776098511526
1,1,0.28318985834936616
0,1,-1.001777103
1,1,1.503618091
1,1,3.669574832
0,0,1.415140715
1,1,4.712327141018172
0,1,1.826707643255771
1,1,4.646581333029261
0,1,-3.158252369
1,0,-1.152126021
0,1,-1.234790557
0,0,-0.622560999
0,0,-2.707590568
1,1,0.704801749
0,0,0.34602425062025405
1,1,-0.050895045
0,1,-1.176506361
1,1,2.8876013055848833
0,1,-2.220696169
0,1,-4.855484673
0,0,3.372994417461669
1,1,-1.570984969
1,1,0.5817228471150051
1,1,2.5505304435708305
0,1,-0.042920595
0,1,-0.951024992
1,1,-0.223944013
0,1,3.976274251401449
0,1,0.3806595872302863
0,0,0.002710128
1,1,-3.071572057
0,1,0.22780448
1,1,3.2850025949269135
0,0,4.003002025579464
1,1,-0.513507004
1,0,2.348533160488413
1,1,1.7482861546857729
0,1,3.3517511752016045
0,0,-3.141970688
1,0,-3.367300255
1,1,2.601658847815294
0,0,-3.878969174
0,1,-1.755367272
0,1,-0.285272112
1,1,-3.22020966
0,1,2.2638051468136258
0,1,1.9551871629039448
0,1,0.33240441482932837
1,1,2.490071144
1,0,2.3792586279721815
0,0,-2.987188002
1,1,1.6659836937191308
1,1,-3.350986971
1,1,1.2505936552025654
0,1,0.4652229765901077
0,1,-1.301364103
1,1,1.0399281364349298
1,0,3.3630044186219084
0,1,0.7995612650248185
1,1,0.6472350952373088
1,1,0.30676110156279024
0,1,4.01693241
1,1,2.272306766773711
0,0,3.964079159838991
1,1,2.2565829160539566
1,1,1.8104056238899777
1,1,-0.352733241
1,1,0.027718775186243327
0,1,-1.048549001
1,1,3.137823498851265
1,1,0.081145788
0,1,0.7922340372047273
0,1,1.5120079873544936
1,1,-1.777107446
1,0,1.3056897672957326
0,1,4.964210299410793
0,1,3.7709465356746694
0,0,1.5639706179437811
0,1,-4.422619855
0,0,0.04389631
1,0,-0.520900403
1,1,0.463054776
0,0,-1.742446354
1,0,4.179553622909685
0,0,1.7210510001812145
0,1,0.5519284627514962
1,0,-0.891333833
0,1,1.4164126265417032
1,1,1.237846741
0,0,0.2724939010364742
0,0,-0.388272571
0,1,2.1386082272154696
0,0,-1.073761315
0,1,1.6801890439776355
1,1,-1.682955342
1,1,-0.631000536
0,1,-1.879155377
0,0,4.543776495183701
0,0,2.284955118189319
0,0,4.429050124305696
0,1,1.874575797160218
0,0,2.0356923990283438
0,0,1.7293320113151571
0,0,0.2533176873906982
0,1,1.8677376230814455
1,1,3.796735800102029
0,1,1.6363691900913644
0,0,-2.231706502
1,0,-0.407561194
0,1,-0.674841372
0,1,-2.564032651
1,1,-1.504024289
1,1,0.4743175821695742
1,0,-0.182301228
1,1,1.367077343870527
1,1,-2.127408794
0,1,-6.751406424
1,1,0.7588914967646176
0,0,-2.26916594
1,0,3.031825848643573
1,1,0.085615197
1,1,1.5614407183298669
1,1,0.400700781
1,1,0.9772997027792021
0,1,-4.323308797
0,1,3.529879778
1,0,-3.184760497
0,1,0.33700112689184997
0,1,0.538487377
0,1,-1.368375479
1,1,-1.841126889
0,0,-3.442291245
0,0,0.48112828937638175
0,0,1.5087327550522294
1,0,-5.026484014
1,0,2.515417143954715
0,0,-4.092052587
1,1,3.2202449655268857
0,1,-1.963976012
1,1,0.14532838552465704
0,1,2.730264176540854
0,0,6.119391279586428
0,0,1.7365942375973424
1,0,1.4717689832717888
0,0,-2.477367646
0,1,2.3371214979396857
1,0,-4.367494618
1,1,-1.337061495
1,1,-0.808228327
0,1,-0.640157786
1,1,1.7018395922734781
1,1,0.529320136
0,0,-4.142056782
0,1,3.986704717967255
0,0,-0.125717377
0,1,0.8622603365725328
1,1,-0.121690961
1,1,-1.55847503
1,1,1.4797875282430408
1,1,3.1098966526106016
0,1,0.48201061715670573
0,0,1.9254488005319506
1,0,0.9443564783217464
0,0,1.5901384547046011
1,1,-2.500938066
0,0,2.8859789063869776
0,0,-4.229769669
0,1,0.5536005082796085
0,1,1.6819452363502543
0,1,-0.550927197
1,1,1.7737516691695672
0,1,5.722593658385414
0,0,1.3958641800737221
1,0,0.21737505368638965
0,1,2.794744254
0,0,-1.926270368
1,1,4.853700523973314
1,0,-0.981272322
0,1,2.3775198662187345
0,1,2.188945016699753
0,1,-0.959378836
1,1,2.546137447867171
0,0,-1.402258632
0,1,1.053162874451759
1,1,-0.5341029
1,1,1.3556206454421875
1,1,1.5083502459804028
1,0,-3.641316352
0,1,0.6797772439804528
0,0,3.61904137
0,1,1.190536839992409
1,1,0.7649981972188437
0,0,0.390250194
1,1,2.1247931114843897
0,0,0.35239679628796783
0,1,1.959458514
1,1,-3.016166066
0,1,1.6044181050051052
1,1,-1.495774684
1,0,5.548347741
0,0,3.6942968143238772
0,0,1.2420365411544205
0,0,-1.689438782
0,0,1.967615376996324
1,1,1.902348630814486
1,1,2.3225036805091075
0,1,-1.534777706
1,0,2.769466912412118
1,1,0.04348493
0,1,4.045533263697386
1,1,-1.055448725
1,1,-4.368447202
1,0,0.8732538058581587
0,0,1.3950070444251528
1,0,-2.601371323
1,1,-2.111078976
0,0,3.570636281480243
0,1,-1.0211673
1,1,1.934070421150042
0,0,6.007793489426911
1,1,2.592844334111299
0,1,-3.530761606
0,0,1.5607668887174198
1,0,2.9054436960803454
1,1,3.5221140161075595
1,1,-2.731725718
0,1,0.8942510530341814
0,0,2.242095762769096
0,0,1.7618501159160191
1,1,2.225750087363891
1,1,-0.358561313
0,1,0.7328354693060126
0,1,-1.434796623
1,1,2.241010909826561
1,0,0.48368850160121646
0,1,-0.203411781
0,0,1.1397166460007084
1,0,1.3075800451863007
1,1,0.5786665854151312
1,1,3.685343325123492
1,1,-1.132295938
0,0,-0.175908291
0,0,1.5358290561808303
1,0,-1.992005416
0,0,2.6394087079757673
0,0,-0.069663701
0,1,-2.120859561
0,0,-2.330240202
1,1,-2.329495948
0,1,4.922588687155358
1,0,0.5669887170124399
1,1,-1.442309034
1,1,3.2387759931726356
0,1,1.2914026839324755
1,0,-0.758541998
1,0,-2.63907487
0,1,0.42352403006503153
0,0,-0.622388431
0,0,1.9061428055907133
1,1,8.232251482
0,0,3.1067712118836455
0,0,0.4949698671175968
1,1,-0.23052981
0,1,-0.276450055
0,1,3.1950004474485243
0,1,-1.172396967
0,0,0.49577985993447626
1,1,1.9329923873304922
0,0,4.190519727753454
0,1,1.3550142600225294
1,1,2.313802069731792
0,0,4.011401913510387
0,0,0.9410163982559345
1,0,1.5867707866687781
0,1,2.051116616
0,1,-0.543871815
0,0,0.8211498583877505
0,1,-3.207566043
1,1,-1.38228008
1,1,0.8972704479517541
1,1,2.7707420983369686
0,1,1.2381192060176036
0,0,3.082071853
0,0,1.0064592628730245
0,1,-0.728359166
0,1,-0.360829841
1,1,0.5358163973363381
1,1,-0.746742783
0,0,-0.474130077
0,1,-3.324294051
0,0,3.101762197047196
1,1,3.576086100367533
0,0,0.6778959900134969
0,0,0.10226354239415203
0,1,-0.853928655
0,0,0.3591908456080025
1,1,1.4067126469954907
0,1,4.3370405144529585
1,1,3.963794998254083
1,0,-0.384104871
0,0,1.5453087922424231
1,1,-2.416730804
0,0,-0.649166796
1,0,0.8509660119943225
0,0,2.255749879889177
0,1,-0.759883152
0,1,-3.201829366
1,1,0.979027701
1,1,0.18494886103700037
1,1,2.2155277925086487
0,0,3.6068002326351443
0,0,2.2188198438539892
0,1,-3.297589602
0,1,-0.437071519
1,1,-0.110673262
0,0,4.1889556740462695
1,1,0.9507188158284314
1,1,-0.662049135
0,1,-1.111384084
1,1,0.22892417296934048
1,0,5.759192089784225
1,0,1.9741605573666132
1,0,1.305135113
1,0,1.8236771233161808
0,0,5.329100688661578
0,0,-1.268411784
1,0,-1.410136174
1,0,0.089848815
0,1,-1.875872419
0,0,5.4550955390180595
0,0,-1.280007453
0,0,2.9709321753497155
0,0,-0.920079036
1,1,-2.226654306
1,1,-1.426411202
0,1,3.1500439067796586
1,0,2.1473853657985886
0,0,-0.694016288
1,0,-2.353793479
1,1,0.37329342081507655
1,1,-3.234799093
1,1,0.4233960515734358
0,0,1.0585194435182679
1,0,3.2131042398426892
0,0,0.18604335469050737
1,1,1.0601193019496318
1,1,-3.743837125
1,1,4.001759296
0,0,-1.301079795
1,1,1.199347989104836
0,1,-0.069746363
1,1,-2.779363789
0,1,4.606429995308509
0,1,-5.87924533
0,0,-1.807584941
1,1,-2.523409059
0,1,1.6430563241898128
0,0,0.579230118
1,1,0.32204924327054885
0,1,-2.24488253
1,1,-1.336485636
0,1,-1.200556579
1,1,1.1500864292659918
0,0,-1.841422436
1,1,4.995116703608062
0,0,-1.280662077
1,1,-7.093447607
0,0,0.1366744834824749
1,0,1.1500919796631988
1,0,-5.01140345
0,0,0.6932988409802516
1,1,2.8540414148944104
1,1,-3.329656534
0,1,2.0520755019670993
1,0,2.4910565752805125
0,0,3.290645073078437
0,1,0.47469961230620017
1,1,2.439666643150006
1,1,1.6474321783207388
1,1,-0.727835795
0,1,2.9776394901552052
1,1,-4.422857942
0,0,1.3243267799122604
1,1,0.37537878454278395
0,0,-0.5891564
0,0,-0.704811165
1,1,4.2291810130181995
0,0,-2.805312478
0,0,2.6924167792159546
0,1,-2.040090711
0,1,2.0464369706062584
1,1,-1.112705206
1,1,0.9599125965516953
1,0,2.5276407173783304
0,0,1.2482910414968922
1,0,0.005865714
1,1,0.5303413062768795
0,1,-1.209270998
0,1,1.3696500262495224
1,0,-1.084200043
0,1,1.9286026992415166
0,0,0.23731218511654661
0,1,-1.058412651
0,0,-1.505354853
0,1,0.9460998256609121
1,1,-0.462221548
1,0,-0.028774993
0,1,2.353098678
1,0,2.091188409
0,0,-1.935231888
1,1,0.9258116309409918
0,1,0.7289344721378896
0,1,1.403247882090647
1,0,-1.889062154
0,1,-0.402507042
0,1,2.0238664819847623
0,0,0.39584138299833854
1,1,1.2621745315491104
0,0,2.7228731664548826
1,1,2.186949540991986
1,1,3.1218489286803486
1,0,0.6539999743097586
0,0,1.236156580294927
1,1,-0.065004933
0,1,0.7060921259865245
0,0,0.9393554094397631
1,1,-1.413808292
1,1,3.026216801
0,0,5.908058480439649
0,0,-0.653740623
0,0,4.232754811212603
1,1,-3.140268682
0,1,0.5999138823631784
1,1,1.8412948293123406
1,1,2.0741132165054768
0,0,-2.127168651
0,0,4.5635260615973126
1,1,1.2392975545407194
0,1,-0.63691318
1,0,-0.918040148
1,1,2.6693711069468433
0,0,3.1374103774958977
0,1,1.9192007528824062
0,0,-0.337377972
0,0,2.493442607911525
1,1,3.630048436350386
0,0,-0.409021634
1,0,0.10725431042349698
1,1,3.6219587641482507
0,1,2.4611750186009456
0,0,-2.063633165
1,1,-0.577338548
0,0,3.302610916141271
1,0,1.8050445022782533
1,1,2.0564001049144034
0,1,-0.28102167
1,0,2.930096363276541
1,1,1.5781842080456008
0,1,1.0023105293090078
1,0,1.3030918581164521
0,1,-2.177864145
0,1,-1.05213309
0,0,4.010937003475351
0,1,3.5893000769533687
1,1,3.169222552179664
0,0,0.659653911
0,0,-2.604005618
0,0,0.19241737828413097
0,1,0.6066008408991199
0,0,0.8064693769114482
0,1,0.8277898023675601
1,1,-1.32303435
1,1,3.5455599946028817
1,1,-0.099871299
0,0,0.9953831867307942
0,0,2.8934078722236523
1,1,3.1570375256116443
1,1,5.062273480156224
0,1,2.344565755953125
1,1,6.138648247531441
0,1,7.026983154189508
1,1,0.8615673668570842
1,1,2.1465567504846574
1,1,4.453507892569984
0,1,-1.156174384
0,0,-1.147714209
1,1,2.732340677988038
1,1,0.019389771558828706
0,0,4.368627365837331
0,0,3.483507663599977
0,1,1.4440893142604476
1,1,3.202726231386149
1,1,-0.337018561
0,1,2.8766406704349796
0,0,0.4620357898990135
0,1,1.334701635170288
0,0,-1.294973824
1,1,-2.828210878
0,1,0.22957222272922329
1,1,0.26700924841876217
1,1,1.255280843671068
0,1,1.0695072478419188
1,1,3.5038592661007404
1,1,-0.104720034
1,1,2.448325208364631
1,1,1.3087414324705429
1,1,1.8430819012054274
0,0,0.1732772578150359
1,1,2.2505890033799925
0,0,-2.700853116
0,1,0.9497869802985233
0,1,0.7445030141613533
0,1,2.500057316450949
0,0,7.792215194229483
1,0,2.015707432393147
0,0,2.212645130359649
0,0,2.7576060002079243
1,1,1.0191125262508232
0,1,-1.925868168
0,0,1.8509189415818543
0,0,-1.799478037
1,1,-1.087128671
1,1,3.4715085660616634
0,1,2.714437450107982
0,0,-0.856388713
0,0,1.1396761884256776
0,0,2.546157394919701
1,1,-0.839556292
0,0,-1.483253307
0,1,0.7931858009907578
1,0,-0.627253221
0,1,3.1382085241856195
1,1,-0.370312471
0,1,2.370647888180691
1,1,-0.103216898
0,0,0.8253827729258827
0,0,-1.179951589
0,0,0.8460031269540776
0,1,3.617601905633573
1,0,3.5579226145368334
1,1,0.9724497671865696
0,0,-3.404173983
1,1,-2.247459001
1,1,2.1950654057315657
1,1,1.0801549469635063
0,1,1.793478091309468
0,0,0.308723863
1,1,-1.633646849
0,0,2.2007203385031713
0,1,3.7358423495349236
1,1,2.409599597645464
1,1,1.0424668143860696
0,1,2.9228772097663436
1,1,2.634006611944287
0,1,0.925931086
0,0,0.8537130250032764
1,1,-0.449777177
1,1,-5.959677514
0,1,1.4525923875863838
1,0,-2.500750717
0,0,3.1048675135783927
0,0,-1.749745411
0,0,-1.092656742
1,1,1.7395022934095816
1,1,1.4458570781924935
1,0,-1.206637661
0,1,-1.452812422
1,0,2.0783060953223504
0,0,4.3493660658530615
0,1,1.5832912960084264
0,0,-3.89729596
1,1,1.6639793959535205
0,1,-1.840024633
0,1,-0.445653711
0,0,3.9675493273691984
1,1,-0.639331945
1,1,-0.855773333
0,1,1.9449968064145624
0,1,2.0428760247591886
0,1,-0.527632365
0,0,-3.708300332
0,1,-2.102424796
0,0,4.332355935972359
0,0,-0.496781638
1,0,-0.875530279
1,1,3.0544936490305714
1,0,1.2594351530608865
1,1,6.993091533681039
1,1,-0.560661601
0,1,-0.238699679
1,0,1.0160571476501665
1,1,1.013477869383663
1,1,0.6547433496859594
1,1,-1.090817895
0,0,-1.541460243
0,0,1.0647854543414783
0,1,-0.682272602
0,1,1.5141962461101346
1,1,-2.039460253
0,1,-2.131033828
1,0,-0.582499042
0,1,2.3962510653983804
1,1,0.4616210139493585
1,1,-2.542741527
1,1,-5.761845732
0,1,1.599131786863462
0,1,5.073569083
1,1,1.7568568239550566
1,1,2.342924428266499
1,1,6.009618033298704
0,0,2.5944630678744653
0,0,0.518053882
0,1,0.9803619691841998
1,1,-1.236850172
0,1,2.655358212384548
1,1,3.5999959273266295
0,1,5.936298751294331
1,0,1.2388171369766656
1,1,1.195479053403966
0,1,-0.636048195
0,0,1.3542283097182066
1,1,0.659861796
1,0,-1.044613475
0,0,3.681902817287556
1,0,-3.464900525
1,1,0.32115752955479926
1,1,3.0778131328865297
0,0,-1.324487223
1,1,-1.787114425
1,1,2.9784707093467806
1,1,-1.089929585
0,0,-1.129094054
1,1,-2.964745864
1,1,-4.249389774
1,0,-0.051626598
0,1,1.3028913503829824
0,0,-2.073863822
0,0,0.7907368618182238
1,1,-3.542807979
0,0,0.9419617649359604
0,1,2.2909436918378585
0,1,2.458769366638244
0,0,3.471022001271433
0,0,0.6384379763173729
1,1,1.5554802447572305
1,1,1.0654963690721155
0,1,3.4880774692505594
1,1,-2.074232542
1,1,1.5597446381605657
1,0,0.4645919513391961
0,0,-0.521985995
0,1,2.2910789019443434
1,1,2.6606914450893075
1,0,-1.871554457
1,1,-1.522297695
1,1,-0.722995891
0,0,0.2864623781999841
0,0,1.4361624347611701
1,0,-0.568461453
0,0,-1.657827504
1,1,1.7675225336645974
1,1,2.7151312595917165
1,0,1.074311709825737
1,0,0.21794101804066593
0,1,0.27086313885088953
0,1,2.3925802379811465
0,1,3.3937924024221844
1,1,0.2089507673614236
0,1,2.914964267
1,1,1.0288947894613636
0,0,5.9147689787344495
1,1,-1.131894484
0,1,-0.238365337
0,1,2.976491322922215
1,0,-0.082360895
1,1,-0.841751759
1,1,-1.838421452
0,1,-2.488438959
1,1,-0.542830759
1,1,5.469186181992619
0,0,1.027629599776502
0,0,-1.423254711
0,1,4.052088413
0,1,2.410212357508415
1,1,-3.149152504
0,1,-3.359301382
0,1,1.7552122189019537
0,1,2.540138803502818
0,1,2.949685899333582
1,1,-1.705931381
0,0,-1.773850555
0,1,1.1499750620257025
0,1,-1.645978933
0,0,2.852590693
1,1,-0.264291709
1,1,0.3289149478121821
0,0,5.024098690419875
0,1,3.8448050299800505
0,1,4.691209721755012
1,1,0.8544827069448375
1,1,4.892840894
1,0,0.9494217011202175
0,0,2.515540842095093
0,1,1.3408088089498769
1,0,-2.642228658
0,0,-0.675790548
1,1,-0.580781855
1,1,2.009062727826757
1,0,-0.140181863
0,0,0.9202622253365963
1,1,2.497476076800516
1,0,0.7105924702969753
0,0,1.5449181773152316
1,1,2.7676457402397765
1,1,-1.893692798
1,0,1.7542584325654276
0,1,1.6291526660354467
1,1,0.22970203312762633
1,0,4.244418069141318
1,1,1.7177779475856525
0,0,-2.14172695
1,1,3.084187645515511
0,1,0.9652281340430676
0,1,0.4158608674415692
1,1,-0.39402064
1,1,0.4917625821945244
0,1,2.1265496951067813
0,1,2.1885049486624384
0,0,-0.980565702
1,1,2.462627003226224
1,1,-1.169899451
0,1,-0.144842632
0,1,2.254786927067593
1,1,8.601474640868515
0,0,-0.962341435
1,1,5.945860802329808
0,0,-2.904929314
1,0,-2.619554465
0,0,0.5994543756000114
0,1,1.2109565689117547
0,0,2.2529973039497104
1,0,-1.836004827
1,1,-2.013927727
0,0,2.922340476171666
0,1,0.9474043224752244
1,1,1.925889140955071
0,1,-2.121323137
1,1,1.5702460433813648
0,1,0.7895170106571409
0,0,2.4972438104629107
0,1,3.667315800087963
1,1,2.8314027966706368
1,1,3.3713600641462884
0,0,-0.906237522
0,0,2.1391686487902937
1,1,-0.297164441
1,0,3.878503726834881
1,0,1.164577258
0,0,1.4681887577061965
0,0,-0.624791545
1,0,1.966492995
1,1,-1.073506304
1,1,1.4794328977464444
1,0,1.0005875759367728
1,1,2.257633937
1,1,7.4389323229097695
1,1,2.6114412559777502
0,1,-0.434880656
0,0,-0.901187417
0,1,-0.28154234
0,1,1.313150907982048
0,1,0.5159123076219903
1,1,-0.250135767
0,1,1.7127706404778724
1,1,4.017224883884282
0,0,0.17245413758632966
1,1,0.9096882589105322
1,1,0.8262740360424484
1,1,4.061770702292918
0,1,0.6694015839972961
0,0,-0.627488243
1,1,0.15918076616790655
1,0,-2.763308484
0,0,-0.680378745
1,1,0.14378907332444846
0,0,0.14384411591230714
0,0,2.4952807201174183
1,1,2.8933875455641993
1,1,-0.042481791
0,0,-2.480353843
0,0,-0.8019444
0,0,4.408933989314826
1,1,0.63053871
1,1,2.5936477196910124
0,0,-0.206699421
0,1,2.629207863717315
1,0,3.3761698861736917
0,1,0.5408446874076838
0,0,-2.877438255
1,1,1.5989954697347706
1,1,1.2038933238868712
1,1,0.6787239075894289
1,1,0.8146311812207412
0,0,3.168637811410237
1,0,1.2239686176162656
0,1,-0.015192872
1,0,-1.079030392
0,0,6.096162799911218
0,1,-0.29895771
1,1,0.2651142337815934
1,1,2.8057106244057124
1,1,6.966164207932991
1,1,1.9843890666032853
1,1,-0.133309336
0,1,2.4269555063491715
1,1,0.3303931063282888
1,1,-1.584855109
0,1,2.205186446260814
1,0,-0.388848766
1,1,-3.54865623
0,1,0.6280615902285991
1,1,-0.227636266
0,0,3.3178896620887808
1,0,-1.543314841
1,1,0.4483662008727004
1,0,-1.247590925
0,1,3.1141355912812294
1,1,-0.418365347
1,1,4.405334246303135
0,0,1.386842461349307
1,1,1.1542924273689545
1,1,-0.487028476
1,1,-1.189083792
1,1,-1.025100254
1,0,1.6248506164355727
1,0,5.923461984056447
0,0,0.6082992937869736
0,1,-3.664122403
0,0,0.7168865879068331
1,1,-0.543743036
0,0,5.329977509024995
0,1,-0.485323562
0,0,3.966281869449228
1,1,0.4019106087750126
1,0,-2.110826821
0,0,5.488942219600873
0,0,1.5905291545205587
1,1,2.2872767557462144
0,0,1.5833889694608274
0,1,2.213800073029342
0,0,2.4128767062115757
1,1,0.5325734531792192
0,0,-0.801836822
1,1,-1.855685562
1,0,5.847441446116176
1,0,-0.898337924
0,0,-4.165629438
0,0,1.9980753279784713
0,1,-0.26347982
1,1,-0.443637433
1,1,4.312014037252894
1,1,-0.536686006
1,0,2.790439022438493
1,1,0.37855354106064043
1,1,-0.766394721
1,0,0.3275242135840203
1,1,0.018731401176703855
1,1,1.8078784775854544
1,0,0.9163652285494779
0,0,0.29848141017875185
1,1,0.6895729280103231
1,0,-0.354498232
1,1,0.7282744136821848
0,1,-2.236697881
0,1,-1.881038046
1,0,-0.559186462
0,0,1.6100461646546278
1,0,-1.427951427
0,1,2.584401910739231
1,0,0.11083095386675612
1,1,2.086267423218672
0,1,2.8881379778651723
0,0,-0.706842763
0,0,-0.142493516
1,1,-0.352231962
1,0,5.358366795776018
1,1,-1.084829022
0,1,3.5005847491946236
1,1,3.888020941273067
0,1,1.5851821735565408
0,1,-1.348580979
0,1,-1.199617859
1,1,2.763094376589282
0,1,-3.755410333
0,0,0.13764455265082853
0,0,-0.942560884
0,1,1.5621494177866169
0,0,2.634755942123173
1,1,0.066720224
0,0,1.5138970000274579
1,1,-1.571709324
1,0,-0.821328313
1,0,-0.597500952
0,1,5.150151939318108
0,1,2.0366553484256396
1,1,2.6560435677891574
0,1,-1.198592333
1,1,1.5438714191633092
1,0,0.9692541461395601
1,1,0.6230286003535029
1,0,1.7267493455605947
1,0,3.113990975681855
0,0,2.4811371744605464
1,1,2.1359915
1,0,0.25449840716427286
0,1,-3.587828833
0,1,4.678551539909431
0,1,0.9409629918158675
0,1,-0.029173541
1,0,2.198683155
1,0,3.243244039
1,0,-0.122348594
1,1,-0.293081669
1,1,-2.912390119
1,1,-1.474886374
0,1,-1.507131714
1,1,-0.977093878
1,0,-1.635409594
0,1,1.2136323033253094
0,0,3.5547610566745225
0,1,0.24631038256902427
0,1,0.9679661382505674
0,0,1.5238663587532166
0,1,1.4762919258634193
1,0,-0.260944471
1,0,-0.805101812
1,1,3.8995982790588215
0,1,-0.122333139
1,0,3.404903058397621
0,1,0.9185001056973816
0,0,-3.533193455
1,1,2.695585971581056
0,1,3.310543418915258
0,1,-2.182004838
0,0,1.8882689090940386
0,1,-0.21639863
0,0,1.752635654062607
0,0,1.003892284311171
1,0,-0.656529273
0,0,3.3540599963231794
1,1,1.1113718787137215
1,1,1.1756063924305684
0,0,3.9747097350239433
1,0,-0.556117562
1,1,2.53368519
0,0,-1.616513948
0,1,2.3387506979390253
1,0,3.8105855987095385
1,1,-3.748772799
1,1,2.8382545702004203
0,0,-0.201870128
0,0,-1.267023886
0,1,1.7851268040963224
1,1,0.28608406657119856
1,1,-2.33212402
0,1,1.0039785818143458
0,1,5.418552848
1,1,-0.995393591
1,1,1.2728707442046587
1,1,2.394614331027838
1,1,0.5417458052584869
0,1,2.0308636587586646
1,0,0.9272694006416122
0,0,2.6692510847987343
1,0,2.5510513701966624
1,1,1.7918121002291238
0,0,2.1371697938375487
0,0,1.9167434908062415
0,0,2.2216584369834536
0,0,-0.853279171
1,0,1.5555218239762572
1,1,1.1254858513776964
0,0,0.15776583059107413
0,0,0.35125110388906133
1,1,-1.484693181
1,1,-2.123048977
0,1,0.48605397633104663
0,0,-1.797787817
0,0,2.7263485643923477
0,0,-1.534092786
1,1,-1.142504269
0,1,2.1868472534447454
1,1,-1.563022822
0,0,1.2810132630865805
1,1,1.467418714473804
1,0,0.47828353561539494
0,0,1.2550046557377947
0,0,4.690125814517588
1,1,5.793172964610373
0,0,-3.625919271
0,0,-1.142018394
0,1,3.4808633008080507
1,1,-1.579018479
0,0,-2.666280886
0,0,1.2647489355733381
0,0,2.8022726187281704
0,1,0.9331315299661833
0,0,-3.106085469
0,1,0.643137296
0,0,-0.304978893
0,1,3.395984421501261
0,1,1.0765970978472228
0,1,0.9208415011254336
1,1,-1.65954452
1,0,1.583506312474503
1,1,3.8448208348840938
0,0,1.1006052032243936
0,0,-5.124126788
0,0,0.5649594781341898
0,0,2.0211032825664024
0,0,-5.078951084
1,0,-1.166770329
1,0,3.421093605164489
0,1,4.276800222
1,1,3.2246372225717717
0,0,-0.202148195
0,0,-2.639730776
0,1,-0.572429975
1,1,-0.860081801
1,1,1.506142604723578
0,1,3.9518637537006915
0,1,0.159633043
0,0,2.3823276087306224
0,0,4.456165640748245
0,0,2.886752924997967
1,1,1.9074998172528703
1,1,-2.517513886
1,0,-2.029342003
1,1,0.5715784881422108
1,1,2.876771023432951
1,1,-0.604234491
1,1,-1.135005162
0,1,1.5331029250814805
1,1,0.6177251859437973
1,1,-1.063539609
0,0,-1.108467401
1,1,-1.969130832
1,1,3.795694010819208
1,1,3.187427083912141
0,0,-2.242969632
1,0,-0.100036502
0,0,4.923354079281832
1,1,0.37080517852475314
1,1,1.1789759947475449
1,1,1.8266007188921867
0,0,-2.51790388
0,0,1.8341155512771876
0,0,-5.725195886
1,1,-1.792369701
0,0,0.18893866514404778
0,0,-3.098984046
0,0,6.854702076817681
0,0,1.2648046983067318
0,0,4.284595935950609
1,1,1.1116315502810676
1,1,1.7172719830152785
1,0,-2.403442719
1,1,-0.39543193
0,0,6.526573652603279
1,1,0.6576673302877201
1,0,3.4158380482847064
0,0,1.651897202833355
0,1,1.1833506928774975
0,0,1.3973012931168838
0,0,-3.848080942
1,1,7.551879528553067
0,0,4.5355434632074365
1,1,0.7288849452739045
1,1,-0.492849774
0,0,0.9089297590008212
0,1,0.15309701250868696
0,0,2.7720096057445103
0,0,0.6205907667785542
0,1,0.035950343
1,1,2.824381616050886
1,1,1.345290074656433
0,1,0.8010312650225542
1,0,-3.748129833
0,1,2.6952834731342263
0,0,-0.494025771
0,0,3.508915827077467
0,1,3.427676106799806
0,1,0.8068067398558589
0,1,5.563565817816362
0,0,1.532678804453307
0,0,2.7095486996406617
0,1,1.6646715264725127
1,1,-0.802651774
1,0,1.935514829494099
0,1,1.751384954758629
0,0,-0.164569638
1,0,-1.54915633
1,1,-0.146326994
0,1,1.3830767875178618
1,0,0.8163247645732891
0,0,-2.540724154
1,0,4.4429113306509915
0,1,2.261157454689116
0,0,0.8598332405107074
1,1,0.562819487
1,1,-2.450134998
1,1,1.562418455855294
0,1,2.0528544905837602
1,1,0.3201984320630884
1,0,-0.331043248
