Z2,X2,Y2
0.21510703922104707,-2.069048456,3.3045592580961767
0.4598035038446527,0.6471289465005052,-1.122529727
-1.015782395,-0.167446267,-1.270339971
0.8496496697598922,0.42403732794838167,-1.835686661
0.157479389,0.2248634018757628,-1.105032971
-0.530153408,0.3674395026805243,-1.048668135
0.6423232640299661,-1.185502534,-2.49194082
-0.659381839,-0.489265243,0.5829949584519716
0.038300496,1.0570513379061697,-0.789831558
-1.33516881,-0.43486044,3.499159253209911
0.19111021565328676,-1.395591411,1.637821820171807
0.517641829,0.45692300062754243,-1.063173454
1.529703215038096,1.7937452177155653,-7.231492283
0.8275871683823194,1.5288724675672742,-3.0629356
1.3852593168445693,0.49430403340660023,-0.534507931
-0.521910662,-1.394337374,7.205549554552883
0.7206209366631414,0.4630251970129806,-4.049502745
-0.292004082,-0.841140549,0.7938463402806926
-0.911994574,0.6262165619115985,-0.332742534
0.11005418086686578,1.1640250918149144,-3.441836188
1.0879905706116924,1.6113837711710526,-3.668735158
0.8342871777580183,0.476541475,-4.686049461
0.9544728184072981,2.039980864055442,-5.050771222
0.9185788219453209,0.7209643751450213,0.46895385692557146
-0.608461402,-0.714479632,0.7542954468300097
-0.156432308,1.2820749922935994,-3.550667206
1.430079239874108,-1.283773923,-1.210167246
1.3115993087919078,-0.128894107,-2.198846508
1.4981956162290528,0.4231127156278338,-1.021662456
-0.870759425,-2.056424474,6.43904661
0.18415888357524254,2.0402296621479783,-3.436919737
0.6077316148798664,1.505620878764419,-2.768800996
-1.430022543,-0.014831439,3.0339650270883256
-0.646452184,-0.40857614,4.403973337
-0.041899862,1.134085843984123,-0.513548807
-0.172531177,-1.912767294,3.0126899090242287
0.1237723927819754,-0.584412789,4.072111258257785
-0.756978702,-3.010553901,3.7857926172794523
0.2984528638129568,-0.184036253,-1.64191412
1.064363426162453,0.084664186,1.7153367270745192
-1.325573967,-0.653102174,5.122770313
-1.069165704,-1.918194193,2.414018880192091
0.5564729672003006,2.263290892651499,-2.547690613
-1.032131881,0.016016335291392236,-1.249413089
1.0198214519754907,3.033229581732332,-4.873539026
0.49190434028821123,-0.126184362,-2.369106118
0.8557631287294394,0.3848234658519508,-2.181957931
0.14345910263219197,0.5024344101598347,0.1510134244107263
1.756716831054851,4.1335226786678545,-7.681483092
-2.441660322,-1.142366509,4.670380800391371
-1.016670092,0.082205576,3.2433638675379584
1.6559422301113462,1.9866393119821302,-3.11743052
2.263987501401686,1.4315324530943678,-4.174274621
-0.03381734,-2.22E-05,-2.08962152
-0.797850966,0.3229525740850596,-0.32771759
0.7686689110132588,1.3461403199703947,-2.568980728
0.6158696370404587,-0.757165053,4.975569081481819
-0.410595658,-2.112822523,2.6097721737351627
0.4052621791690106,0.044830512,-2.969853462
0.7157558180775876,-1.623887169,2.786225401981353
-1.385369318,0.9773924845610644,-2.349301126
-0.15229669,-0.622518692,2.313388000433352
2.450345711189419,1.7444627657375886,-4.700700438
0.1659362622549245,0.46453005952386583,0.081257104
-0.494443992,0.910723326,-2.17529698
-1.3658626,-2.019583953,5.590370338431121
-0.319435813,-0.431585859,2.686207285702054
0.16763466748751582,1.794807294,-3.665607319
-0.309286743,0.7452924394671698,0.11564692653191186
0.17128293012822118,-1.327053903,3.3020015902144992
-0.670763846,-1.956228412,2.428266982091388
0.5695692090330549,-0.484456262,1.8447888517967677
1.5809543077806343,1.386344319179329,-5.992056631
-1.001025407,-0.869753661,3.346221860462986
0.27295422869579544,0.9866064530230052,-0.845861518
-0.276033952,0.23508382445473258,-0.205651827
-0.429244606,1.1591789830667345,3.9727866068214097
-2.51234245,-2.111569752,9.292721175091417
-0.404297836,0.11092381061045808,1.6037588235848848
0.41861609175077974,1.2532886579059073,-5.386423181
-3.008495397,-1.753001675,5.841053639049082
0.09773039,1.3648192040173441,-0.12969443
0.16396372406418958,-1.463574233,3.433280825577161
-1.692298942,-0.529892715,2.4377407363066625
-1.454445065,0.8277240645370725,2.6956360667865673
-0.125010493,-0.491136618,0.083886415
1.7121910579088075,1.3888629052493582,-4.015427366
0.12910249717140287,-0.259388766,-0.831158229
-0.263697912,1.3608950985714792,-2.280204022
0.4728430452504303,0.9944824258036974,-0.388557287
1.4279128877220708,1.3688366334174344,1.347518007913107
0.018795344597294848,0.6886253641921027,-2.355150351
-1.062239616,-1.136008375,2.930478114
0.6729028441436984,3.2205369282017937,-8.045932703
0.19034303580780035,1.5201219685808764,-0.641287612
-0.016935583,-2.001845317,6.107165247662538
0.7330084381475311,-0.230943045,-3.510725859
0.9945977188625813,-0.159118862,-0.904265957
-0.45643442,0.9755288602750938,-0.782457581
-1.846447206,-2.248969865,5.305099337771949
-0.267536229,1.204540554989829,-1.096531155
0.3594712758065338,-0.180045395,0.9054128212129482
0.8371424907071938,0.7525101702537637,-3.181720943
0.23086973257861085,-0.183058465,-1.227545183
-0.704732623,-0.929481537,2.2486491509356386
0.22868179075882314,-0.37229703,-0.711993863
-1.756194122,-1.728111818,4.039942194013177
-1.504290988,-0.897227611,3.4979696676688934
0.016206424699370815,-1.864946543,4.395016794384505
-0.030123861,-0.920870377,4.060691077185348
1.3875934387471174,-0.511972344,1.687133422104516
-0.714389751,-0.208710581,-2.134601776
1.4839316938222769,1.4698818392929405,-1.741464029
0.48673963161625594,-0.834787535,0.5131155655607585
0.000374058,-0.543453643,5.380720473561645
2.0462159017043415,0.630027699,-2.001620356
-1.892142918,0.015727089120610827,4.0629355294394935
-1.071778337,-2.801558836,1.513361508321605
-0.19381305,-0.976806103,2.7960326968611477
-1.407995867,-2.586264747,6.5186313078195814
0.056880493,0.30895547525565625,2.036942899195915
-0.079809016,-1.243370162,2.695846862738366
0.317917747,-0.089186815,1.310448240138545
-0.510391408,-1.511519475,2.8507086006288995
0.9299268975302688,-1.043001556,-0.789685733
-0.101945312,1.6057698269290885,-3.030638622
0.7994499682959281,1.9559177897320759,-5.291690358
0.8121376433233429,0.095791679,-1.164617805
-1.289721697,-2.345733295,3.429037048280061
0.089958183,3.677425965558341,-4.338288334
0.815451354,3.617635258253644,-6.101380526
-0.750058297,-1.518809676,1.5101164864664525
0.094060725,1.1379027187369004,-2.970754125
-0.357092288,-0.007063102,-2.245792297
-1.15021808,-3.459455072,7.457810044388898
0.7782896879556784,0.6143718678823766,-4.498217924
-1.650163528,-2.08241289,4.0213019044779665
0.7902556198424604,1.0207830100042883,-5.040060029
0.961358838,1.1636203001187302,-2.431843165
0.6485969286554601,-2.309199895,4.298895853777483
-2.368456845,-2.978310815,8.300819519260214
0.1959800433615356,1.237775046146686,-1.907876743
0.23443996549102164,2.141929615,-5.361849382
-0.62805757,0.3217486585015025,-1.773919034
-0.54074213,0.062978108,-1.482599033
1.5107928202614664,0.9136645054900234,-3.435288816
0.2550906036205597,-0.47639943,0.3996745776086315
0.1717692230139756,0.8660232514769648,-1.323731417
-0.333037567,0.9150107833945602,1.6510665830131654
-0.170344426,1.0276201767174717,-3.712306594
-0.161402224,-0.591124648,3.316809735642586
-0.720311558,1.5559595836243802,-2.47767075
-0.863283223,-1.609123842,5.3184039625575545
-0.937011281,-0.180293058,2.6719090136738624
-1.452801032,-0.716063568,0.24624756904823836
1.0773781613835527,-1.005724954,0.6441522192583992
-0.010266255,1.7529841033530715,-1.236347601
-0.500118691,-0.235020823,-1.858628923
0.25126051425282014,-1.179438606,3.0048098010516515
-0.143739607,0.31195937474631497,0.39761019422322375
1.6373970355611134,1.9009716722252323,-4.766054228
-1.928007973,-4.332744748,12.371168336351765
-0.004929076,0.10688674366870554,4.912704263908915
1.6318100552578014,3.1547371005026843,-7.511272806
1.4163523567777947,1.9151452349701297,-3.606414259
-1.096550204,-2.552498021,3.274165806558212
-0.96558958,-2.122048034,3.133518212998987
-1.007197657,-0.107598673,2.1715348800707663
0.21803420588714847,0.5360447656200628,0.24432948393992338
-0.913954311,1.232994639260643,-3.377817114
-2.426795908,-1.844564267,6.199417543685628
0.3863513525220455,-2.323496044,3.3906289940376033
-0.087509089,0.3238890929193141,-0.470609477
-0.085693826,0.9982768551574341,2.0394752039151895
-0.911648211,-2.106184854,4.3769164305473245
-0.832415851,-0.148364819,-0.827773788
-0.982694234,0.630875807,-0.470543334
1.7727070452084943,1.2313397006228617,-0.509798436
-1.017598973,-1.934907661,6.438727905344253
-0.300660968,-1.990971002,2.2527835957087405
-0.916565796,1.1184313419232779,0.48367944579980215
-0.533408529,0.5817218911945429,1.560660755031545
-0.534794462,0.2921113037105204,-2.810481215
1.1447915457939686,-0.79091019,2.359717865964063
-1.797578035,-1.171722819,-0.312740972
2.5198570797559325,1.8340616564230068,-3.923202539
1.0317672951278432,1.4414872803299823,0.8638932365285497
0.8499586126578285,1.3760391793589504,0.11014630954796167
0.6994020179481962,-0.178545374,-0.275802106
-0.206503944,-0.929773654,-0.712628015
-0.05446136,0.9406546831274232,-1.60013505
-1.241261506,-0.754473264,0.6589245481860209
-0.72602648,-3.910860835,5.433835677527209
-0.987376503,0.7198898604023151,1.1320615583203857
1.7480854597384514,1.0755790639265008,-6.219902422
-0.661302273,-1.309883303,4.671916995395914
-0.021565286,0.43227842884531653,-1.236796572
1.0480408011338154,-2.005214947,-1.373337545
1.9065314557930815,1.7252196426699957,-5.459458226
-1.845676777,-2.578406194,5.098562779877464
-0.444983137,-1.706266774,4.2736476450740035
-1.104343746,-0.223700273,2.1899604857232293
-0.201452433,-0.530938708,-2.838533015
-1.664091966,0.05907251,1.6338347058481915
3.105372678919879,1.4874195336270117,-5.14899271
-0.445291593,0.5824201310311847,-0.347269794
-0.752107831,0.5537532488750698,2.4295073634266213
1.8006089840455952,0.914783871,-3.78292372
-0.47965912,-0.831691036,1.226456594665183
1.1665140639501959,0.1689264920417991,-0.449048161
-1.922063997,-1.377800011,4.350758354136484
-0.671638179,-2.31159699,3.1040976622594503
1.4690908149215662,3.187811787538159,-7.863199264
0.16839234227126504,0.5119833235834479,0.6959559645098629
-0.580458783,0.9295280063715334,-1.016525297
-0.785593769,-0.605556816,2.866008987556824
1.3078394913418532,1.4093427807050387,-3.215731997
-0.204453821,0.576062583,-1.567601423
1.0924032515568178,2.349661806,-7.515651912
-0.495124845,-2.071274545,2.443853243724498
0.8023526405048188,1.4117839468956144,-1.046306239
0.30438967358394786,0.8686707725406377,-0.297718782
0.6498581534562601,2.7448143211714466,-5.943948446
1.4828259996697728,2.8652494639850516,-5.513835958
0.26016140055069803,1.6427181731732123,-4.917279471
-1.591627608,0.5047498231473493,-1.786862323
-0.294279798,-0.740227659,2.3261785973036413
-0.338179689,0.524201229,-0.358027206
1.0982984694239717,1.6154560749218705,-0.601065537
0.19646447381499701,1.485914593304496,-5.816728993
1.9086079812448795,2.427183934,-7.543446078
-0.864265664,0.7181394628617708,-3.552568679
0.035546041846765845,2.1482749374690404,-0.289611651
-0.276974051,-0.126058892,0.21188238875476817
-0.457844143,-0.7489947,-0.372037322
-0.541861307,-3.616507009,7.463327277867603
-0.577328215,-2.378296761,4.598425170043785
0.3089351896246237,-0.507820685,-0.055004646
1.2674354016141656,1.4294811895959003,-1.788128579
-1.087350469,-0.086261666,-1.616532766
0.19390488612320775,2.721557684520211,-4.162233058
0.1192806129637455,-0.198989007,-0.181761197
1.1607289069718816,0.3420506081876683,-2.413081889
-1.391802036,0.44689840623866917,-3.215266681
-0.682568444,-0.04726681,1.9865873267489758
2.2108356559070392,2.8374977801741945,-6.180124263
-1.250418032,-0.342049459,0.061679182
0.4544877245038946,0.06772867,-0.979843684
-0.627807237,-0.628854646,1.2675476423129033
-0.345072888,0.23640740393068813,2.1777819898692763
-0.851439274,-0.187781941,2.447469578900189
1.2623943625581169,0.5443687225764823,-4.627535818
0.2245401655606936,-0.971961237,2.9593934208476935
0.754228703,1.0132595667244415,-1.899107514
1.7193572830065504,2.0944292291850863,-5.680375753
2.1897473303315564,2.8620865272577047,-2.37113209
-0.481836696,-1.082409018,1.9615690076742367
-0.34461691,-1.774569586,1.5793503437402605
-1.24822768,-0.687694097,3.0997212046020266
-1.068229737,-1.981181516,1.978404281407922
-1.164729966,-2.375955952,7.9597456023945234
-0.285426694,1.2189422424453777,-0.436699523
-0.218359439,-1.291692594,2.969763869384878
-1.546439473,0.14942312280877323,-0.261875672
0.32252919625283094,0.5708991521085841,-0.436954352
0.32879016884160334,-1.77735648,1.2889186328879592
-0.437987588,-0.367596238,2.113277820699598
1.6144657799608433,1.238664309941314,-4.042873844
-1.134138226,-0.699733309,-0.900224039
1.070173607024767,1.3874113716106833,-2.437827012
-0.335621177,-0.716694921,1.8195847261698037
-2.483195986,-2.869406747,11.73618274455029
-0.980496222,1.136057364701663,-1.168853193
0.9583838080517918,0.044638142,-2.660786112
-0.85462556,1.7779619677112763,-1.243851423
0.129601737,1.6935672340269625,0.23592553972813535
-0.807850701,-0.580131814,3.0594506146290334
-1.431013023,-1.083027939,7.147794928
-0.102323424,-0.009381768,0.8434511362498371
1.0836629573118657,1.3514358171222374,-2.847231325
0.20073012403822987,0.8592231192020385,-0.12361154
-0.519568488,-0.659514226,1.1214752406966828
0.6487262991075924,0.9669700386064233,-2.405186018
1.0583353356268217,0.002477761,0.46595630321683734
0.013476393461327526,1.3561739110006352,-2.334347457
-1.764475571,-0.255702873,-0.292439589
-0.582549353,-0.989027737,0.5421199255647993
-0.161968163,1.4038546563224799,0.629479532
-0.300590391,2.1040725515228997,-5.072747155
0.11676239200980035,-0.946845776,3.5451719334729606
-0.615652181,-0.098438083,1.745364950130353
-1.270160552,-1.621271247,3.1199357925188833
-0.77340686,-2.417669012,4.586999478062559
0.39557778931995197,3.214967362643726,-5.414460265
-0.964874368,-1.875297518,6.587880093878685
0.8510843402483814,-0.895348897,0.7331479900799673
-0.489537516,-1.973227593,2.770770150326367
-0.454326462,2.2030273147031627,-5.113512364
-0.578029966,-0.025030694,2.3446019873147748
-0.469971134,0.9232493714924677,2.1202143215753297
-0.23156188,-0.573024187,-1.113534191
-1.11916898,1.0269866483368313,-4.678190706
-0.951404835,-2.946828737,6.706731915769958
-0.785300708,-2.178541265,-0.145276502
-1.305370898,-1.587933758,4.567396950773259
0.46654608323841773,-1.453201015,2.8664645328855665
-0.304363202,-0.267815513,-1.179337697
1.5100240897758246,2.5345428943800496,-5.785100307
0.34296744880589924,0.310205521,0.7484905725815294
0.9326175944296465,1.7230927272003824,-2.603466669
1.0198991132069564,-0.359545655,1.2656960256689473
0.30023874629788566,1.079885683784316,-0.847879118
1.0828740573161995,1.7826681375669193,-4.380080078
1.4960531921135347,3.8026553776551717,-6.99411304
-0.054248962,0.058745234,-1.087849575
1.352817597361803,1.7109346451862624,-3.912963071
-0.771955859,-1.040390485,-0.231064112
1.9554554469355963,1.3229059268892214,-5.410344497
1.1894166238322603,3.061908569706496,-6.78660162
-0.69373916,-0.569427217,2.1082391238289517
0.4929731262137476,1.5334494401593923,-3.562840627
-0.695592211,-0.035000834,3.23984723
0.29892137120744217,2.0196450371160024,-0.31414551
1.2744949645299501,2.674664837657369,-8.23495092
0.46219314260527183,0.454435945,0.4226108987232733
1.3688226851798957,2.4351127753790904,-6.86172432
1.306623704614003,3.096085921810595,-6.828677047
-0.066278667,1.2103574122019864,-1.286271911
-0.187261509,-0.785588596,0.3890893282550346
0.21576712922164715,0.23381995559786328,1.0590857450981042
0.48197790329496765,0.36781889208721447,-3.754231089
-1.045640017,-0.723981623,0.063368674
-0.078898064,1.4042903550653554,0.7069052973482504
0.6920981328051292,2.181558756353452,-3.567009817
-0.300132211,0.26637015817826554,-0.052003027
-0.521494626,-1.091178501,-3.488134246
-1.49650604,0.8033590942762486,1.5649424889264483
0.024821962562897537,4.915966528,-7.9979623
-0.58567684,1.1089801753806259,0.15361549924236628
-1.632669306,0.14257997945995282,2.849383607474123
1.3337583731068894,2.5922105055177083,-6.553969802
-0.874488537,-0.310712358,0.6829060051214005
-1.87441561,-3.63803204,8.077941812900095
1.0821388714348295,-0.557025376,1.981893585868585
0.48958638760507783,4.123155271277331,-6.167531161
1.314254475795555,1.5278096511386545,-3.342016725
-2.054261737,-2.936198608,7.326585728008543
1.2473918600111715,1.5984447642794628,-2.727650384
-0.308968929,0.4739488429031282,-3.875221288
1.2771127762505319,3.2747782743826646,-5.495519975
-1.313545949,-1.558466622,2.643248504720345
1.198561821,1.0939989045632266,-5.523363552
-1.196871454,-2.937563084,7.707194400630108
-1.231705021,-0.163219883,3.6457749532061285
1.511820285067123,4.206382928814776,-6.792251472
-0.276149488,1.113071700293405,-0.022621683
-0.516353819,-1.702845766,6.013521138772081
0.7397672738630585,2.4758193197848932,-3.792299201
1.0863869569850682,-1.608130448,3.4774610171448206
-0.276962999,0.3009558717242753,0.7228430246797932
0.10855587853972515,1.8175093650089549,-1.627063567
0.8807075574927563,-0.948485086,3.4516506867515053
0.17731104293686864,2.4683842752902083,-6.052219934
-0.001347352,0.19995306597142712,-0.234337229
-1.48847031,0.071246835,1.6061885267024074
0.5652512180677925,2.6810967985078493,-5.678159685
-0.419954139,-1.886751059,5.727290044057472
0.42989727270834954,0.5164760687203479,-4.066201561
0.9652665059262271,0.5556302164123628,-2.518038121
-0.341431425,0.19652624182152933,-0.613197143
0.754389832,1.6419871608719596,-3.426624515
0.3533137922411785,0.025572528990162602,0.43790442013912256
-1.238267962,-2.01088092,4.876407478001167
-1.043009204,-0.142177395,3.0133820106197593
0.26339604627284463,0.8850727504074515,-0.285848624
0.813713265,0.8891471573014712,-2.768753763
-0.41429172,0.6180610894550327,-1.330432193
-0.746457885,0.8609802663276269,0.005577433
1.5790222677050967,1.700963987973688,-5.581037328
-1.843389223,-0.855809229,0.3048706599576395
0.43396449817664673,2.4559200331314104,-4.658305207
1.0716158389175447,0.9270587220010265,-1.936996135
-0.424959509,-1.809896728,4.870640780989369
1.1888330660326247,4.345828508039687,-4.273655309
0.6115849382628574,1.5555482979199433,-3.729564526
-0.091245986,-1.556748493,3.440403855343125
-1.094900275,-0.606134072,2.477837981797549
-0.581978282,1.615831578985628,-3.415974089
-0.099014231,0.41283707569652756,-1.398231593
1.2101453598352911,0.8924271007804565,3.4077664638623046
0.030075182861721412,-0.816717551,0.2107855006039676
0.20762774648782104,2.635969605361196,-5.985121834
-0.890462564,-1.29179677,5.120325653712021
0.032761431179040776,-0.098796618,0.6145091878642721
0.18977117612422073,-0.666173912,-0.910728754
0.9708562386729556,2.6725462361333343,-4.447278908
1.6583647696856088,2.153753428888629,-2.24675222
0.14415037124494068,0.11778185232939731,-1.841391608
1.5871059246536683,0.3710507952001001,-0.992916812
0.4622794418093444,-1.113879836,2.129270504510052
2.322347766,0.15544602994092394,-0.311700256
-0.498667046,-0.657974322,4.485343191311404
0.5449381793509821,0.8494420661409364,-5.269096106
-1.918434307,-1.537526545,1.6627457495850106
0.18849385744720304,0.722313217,-3.156123653
-0.530790191,-1.04404225,3.6319787644340087
0.090541427,2.663144537033505,-2.608660529
0.33317485135296665,1.5879266194469515,0.683507909
-0.290894671,1.8744570485087508,-0.887918939
0.9286350807283852,1.703206166,-1.886809723
-1.684047628,-3.567299398,5.947331192438178
-0.376637374,-2.662924431,4.495750318555844
-0.360794866,-2.173952139,5.663219373177194
-0.392707541,0.3125402009526611,-0.619069131
0.550065706,0.9454177875329473,0.9945731759174662
0.8098281800032087,0.8197268660669959,-0.563975303
0.6787780534095909,-1.279943305,-2.169154128
0.3001398971319303,0.081298124,3.2201688640573316
1.3550112040864002,-0.418106926,0.5820330234214003
-0.127391203,1.3295109734031703,-0.706755362
-0.647121624,-2.467239068,4.265825034811152
-0.326715629,-2.011913595,3.775748721
0.8424919049291884,-0.542581529,1.022260725040232
-1.504393057,-1.657343592,5.034246780613477
0.9979640475426994,1.0408859355412186,-4.578744332
1.0344592783696822,1.4010289746898843,-1.20484207
0.9344408953988378,1.8684088063474034,-3.518394661
-2.980842493,-1.248646048,4.581401626992086
0.4754240656176035,0.49070118047933114,-2.594604874
-1.327525536,0.4407578922633386,0.5376072148354876
0.996525432,-0.425089497,-1.289788944
-0.149234725,2.1294216507315165,-4.507626977
0.5893847580303471,1.3465900481678659,-3.406066642
1.6149861868772555,0.6171946346444186,-1.842482472
1.2917635825532967,0.9477308094123853,-4.91426731
1.4078242740513591,0.033925509,-4.408406206
-0.868436481,-0.608244719,0.7311529037135127
-0.137575149,-1.1403301,2.6642353229087554
0.3351601955908737,-0.204248395,2.3989970874588487
1.949401361680143,2.792565099612907,-7.16533277
0.6396287245986721,-0.765011246,1.1163331149666147
0.535552147,1.3972039239951746,-1.63552535
-0.516342652,0.4317487025441702,-0.470194918
0.19474491399353375,-0.287252202,0.4160720412342993
0.056059185329129374,1.2847326191237298,0.15542655427487684
0.5583701226201964,0.10835232383647997,0.2111393685775922
-1.852771074,-0.686043082,3.789233536347095
-0.021020937,-1.51605918,2.7508346806470145
0.5176476757007021,1.3442407706074129,-3.039826834
0.038074411,0.24378403280064032,1.0394913874689236
1.8403504124615038,-0.395996219,0.337051668
-1.082939296,-1.468433922,4.443133172515994
1.4409813778735836,1.3961318269791676,-4.077626279
0.6717361370625864,-1.100042251,2.9542898230690526
1.492787184326343,2.4249269723159785,-2.900922409
1.1186276717998376,1.7013691281441095,-1.712301178
-0.531114235,0.13415939550424938,-0.681444806
0.16338343899062432,0.5812884477307609,-3.356274438
0.9064795746329107,0.020411895443029626,-1.233467074
0.16357578220999527,0.5356487280636084,-4.729407612
0.1375081782982585,-0.339553546,3.697570722656756
-0.125950858,0.4121973818322626,0.4516033016258999
0.587441601,0.6932188753473051,-3.745513407
0.8384118018630358,-0.826164492,0.5161401596312548
-0.101917441,-1.159328824,-0.072294679
0.015985902247305752,0.551420915,-0.199753574
0.3475517063120035,-2.32692998,4.485219185231671
1.409910674555468,3.0292405390341486,-3.092583363
-1.562734423,-3.047789449,4.573941428089918
-1.672490261,-3.517323204,5.901003148325666
0.6278904779727834,2.7322714104211645,-1.273325792
-0.525316077,-0.628589019,-0.813463933
-1.735793815,-2.342012876,7.321988457203158
0.005393366,-1.532385059,6.296190202223318
1.3535878497157616,2.196833304030363,-2.216107255
-0.28607838,-2.328080723,4.468139944451785
-0.882839332,-1.005769955,1.571629341463054
0.12208424510269598,0.6653983971846161,-3.033413076
-0.996975546,-2.22539772,0.16445271247569349
0.963276407,1.8654022023875614,-4.14877619
-0.420190665,-0.020944821,-1.20248444
0.3028839873672856,0.27587173656591146,-1.768295485
0.6527981812235472,1.976399005715892,-6.00075741
-0.499726408,-1.220039958,0.48984625148140465
-0.228903132,-1.762612144,1.0690127760582175
-0.721804724,-0.747388126,1.9971312558920287
-1.857033841,-1.350915985,4.682618810771071
0.7920400818492992,-2.676409845,4.450686029860674
1.1760816150489792,1.690988052100046,-7.222099193
-0.775170011,-0.674362513,2.3279661561526326
-1.132384782,0.47784160284492205,3.1802476918904548
0.9778516351199557,-0.771311381,-1.851169528
-0.126661791,-1.645135823,1.587553326577797
-0.351150062,0.28993564486677936,-0.514231577
0.36242072653894014,-0.810868459,4.6047223646977145
-1.401570356,-2.488918035,4.837598522047854
-0.971544888,-3.437609309,5.846132008
-0.161882057,-0.18261626,3.151443552781929
-0.098132736,2.2014368845731953,-4.687472948
2.018914412100416,0.693023093,-0.280313227
0.6482649907795854,1.0101090937894144,-0.994397549
-0.842405346,-0.695405189,2.2701733311249503
-0.637328799,-0.468191138,2.9946462974998695
-0.828970415,-1.206913669,1.9065351301616071
2.878038777651304,2.4802019745177413,-6.577026637
-0.759706014,-0.293214051,-1.841247312
-0.594199145,-0.430606959,2.1440257286532627
-0.947719718,-0.453867364,3.5596676290268774
0.542163968,-0.766269723,2.7102839343226095
-0.665627955,-3.004507305,9.117436109006437
1.4400252133654305,2.112479719367236,-5.285866715
1.8365025270167594,1.3345327099332525,-1.856803589
0.4367461509887837,-2.293423311,5.6212265350265715
-0.10601713,-0.36638598,0.47611318271005276
-1.888932738,-2.0821311,6.490515288165925
-1.508698724,-1.439959411,2.598550263464737
0.6055444992646127,0.3900277520202409,-3.431566728
-0.476827405,-0.49971808,3.2056321367375737
0.4275818740383793,0.1975057789929029,1.3088494307010856
0.6310493230350475,1.3727143043314654,-0.368082979
1.4467055983572241,-1.547118583,-1.745927026
0.10550997985502854,0.15902962867763495,-0.203095844
-0.473690746,1.5125649921234294,0.080085203
0.20635975326543785,1.051009319065202,-5.087486356
-0.726426052,-0.713338883,2.8907944381399897
-1.098543987,-1.69275577,6.659545900508962
-0.870295849,-0.458585384,1.292659598748064
0.19268604,1.1880778845135285,-2.915258885
-0.42839908,-0.070626428,0.059828942
-1.619431145,-3.806195117,6.576201716733466
0.037753583012504144,-1.323086055,3.2077329135568653
0.3936189378716253,0.6512018635419334,-2.46774308
-0.489302013,0.4989963526167955,-0.208797196
0.8961880271115565,-1.304946892,0.9110981085536562
0.45517936564631784,-1.515094307,3.5981469871578433
0.8516379278175413,0.8737085013097203,-4.443060402
-0.752129176,-1.707622084,1.544254030847092
-1.752649225,-2.152287616,5.890881503291293
1.3860852664299794,-0.072791975,0.6885777408282439
0.043516485,1.3350827501764466,-3.162676521
0.5796721305969439,0.9400798163130948,-0.28817883
-1.428463842,-0.942457732,4.979361668207187
-0.530262082,1.469193485,-1.581109644
0.1850619568463148,-1.216089615,2.3780475476501315
-0.058907389,-0.241330294,-2.768872944
0.048056217,0.841739155,-2.300219124
-0.122582772,-3.286080509,6.328822111707494
1.729082333185245,3.5862526951238545,-9.669152735
-0.255538747,-0.900984832,2.7464649787020563
0.30026809922150277,0.054808209508210526,-2.59894619
0.31464552895086517,2.4527030021294127,-5.891976018
0.8577240870645184,0.6291506589319473,-4.35327566
0.29555045760002446,0.559610558,-3.951483302
0.5936452453937207,1.4443246787072044,-3.214406924
1.121494891210007,3.6031355665731577,-8.410555655
-0.952184442,-2.933035364,4.230585168737764
0.057407268,-1.395198587,4.436540442533188
1.6291884711659221,1.2881117000770392,-1.083723903
-0.29375617,-1.035441183,0.1710581942319489
-0.403065964,-2.22507744,2.716891650517059
-1.254665991,-5.183267757,9.082845146018943
-0.002395888,-0.777436274,4.859455118282882
0.067752923,-0.961575968,-0.394649859
1.1450699075857906,0.10358088652533268,-1.773576555
0.11979191173418995,1.1203980522064287,-5.035799609
0.5598212644028916,0.5413021402934365,-2.215178127
-0.151721647,0.1745652441882486,2.608657440426418
1.5460574666771325,0.531924912,-3.680181011
-0.145566133,-0.138018238,-0.554487818
-0.264676143,2.3880969353492234,-2.167091362
-1.109266058,-1.800005599,2.803598281382997
-1.792450728,-2.71030392,7.047101809358789
-0.285444633,-0.841453925,3.9601587835854226
-0.560004337,0.8608255756353815,-2.021192582
-0.334162308,0.18039429054481115,-0.651465263
0.47443292834674594,0.2660089879488259,-0.357323024
-0.954834288,-1.282853421,4.579504216065436
-0.174061784,-0.970286802,0.45331290289175674
0.3607721336768272,0.07025113,1.6088205501337205
0.031951267315622846,0.9300776379877672,1.6385447542528468
0.20421860948611922,-1.397457958,0.7171540781131075
-0.236914438,1.6610539486114844,-4.056554665
-0.735230898,-1.173658481,3.4156867476170234
1.8381139470023238,2.805029665622165,-3.912723619
0.8656192641089294,0.3130281264862804,-0.725783618
0.021953215,0.5730945384537519,0.4839148088907357
1.077272159366617,1.6565653377858585,-4.501954531
0.310754112,0.13040788916688684,-0.910680397
-0.676856963,-1.641305624,3.7270504787233243
-0.157987931,-0.173386555,-1.60572802
-0.322108652,0.17334845684469313,1.180004120425397
0.4731291492668583,0.4546265977570919,-0.309816371
-1.709292515,0.024803648003969836,3.7829847786870925
0.37445298986734704,0.629649175,-0.788985778
-0.008259613,-0.503874234,1.0752118082436388
-1.179374089,0.851466826,-3.163989004
-0.004877965,1.0850429814083578,-4.199734739
0.36479037726911673,1.7149482165431291,-2.744067081
-0.460084578,-2.326554664,1.7347390839584977
-0.647444288,-3.302237467,3.1665679523037134
1.6653982998650783,2.664430542085136,-2.596472498
-0.061957395,0.42931672764604867,0.2402372132977003
1.8488928392327724,3.4344440877796125,-4.391684802
-0.068307247,-2.19073804,3.9407663448979817
0.3547244715706341,0.8072447235442879,-1.596591062
-1.378644043,-0.64298284,2.4877100176689773
-0.853673822,-0.805475861,3.123805460313225
-0.325742188,-1.139997098,5.9922886680988725
0.7447285501313652,2.098823115313154,-0.607985022
0.051620672,0.4252824485075932,-4.401128918
-1.206092564,0.8262977908046806,-0.837373701
2.3903074502015937,2.719631356584949,-6.483691145
0.063372455,0.091337605,-5.674824516
-0.341384586,0.7539305236690395,-2.334078309
0.13954778516100022,0.28091637469164243,0.9658451358945371
-1.063570875,-0.46820658,1.5047340586214242
-0.864198432,0.8449495904047306,-0.230692226
-1.690897404,-0.653281865,2.3411064948623848
0.40472424911643384,2.6158911435746575,-4.276768174
-0.1793824,-1.160901233,-0.531752375
2.695749554012849,1.1312454449659364,-3.095913238
-0.109288221,0.018696551,1.7488141934363706
1.043627508429055,-0.841464059,1.5991886307297662
-0.420740155,-2.602278329,6.054033645158393
-2.554676,-2.004663872,6.2510668120866395
0.14452595634047066,-1.340361369,1.8136528674563177
0.7759940624315966,-0.550024209,-0.00156511
0.2827023723208116,0.8717540794603573,-5.269281676
-0.00966493,1.8197631582652178,-1.821224605
-0.880719289,0.47004610047774636,1.411372895804249
1.295981913382234,-1.188604272,0.942010501
1.3380794341436353,0.36675513783507846,-1.597824086
0.080421223,-0.547242,-1.432257157
-1.132019479,-2.44987697,6.671512857883031
1.3597546091155366,0.564430662,-3.301997484
1.3102989107725211,0.9457417494972729,-3.890296123
0.38125552689163483,-0.325929753,3.057701356954443
-0.320271715,-0.888617259,3.439244998380894
0.8017698472021217,3.115369403807402,-9.096444308
2.508042345,3.7042083728928534,-9.489993566
-0.300347552,-0.323349384,2.589823129535807
1.1468647579491507,-0.434075819,-2.80202752
0.46774026447972594,2.1682700168625355,-6.00429943
-0.156256424,-0.203601839,0.058317346
-1.587288738,-1.868479699,3.3072078408800643
1.6403111441161162,0.67918073,-1.687193956
-1.339984335,-1.51490822,4.659630794851498
-0.363611891,-1.482594449,-1.625973691
0.083549038,-1.017400536,3.667693146772729
-1.304002626,-0.526313765,2.8459349716895925
0.19191200256205249,4.016633152067617,-5.288568072
-0.820828342,0.5923062603867845,0.7083074631886184
-0.399507756,-1.960749862,4.135568582838273
0.065468579,1.1243392390138307,-2.012035977
1.7412391382960943,1.2721378814333097,-3.946242544
0.49976916246463887,3.072618223862337,-3.801140951
0.007109819,-0.629429797,0.9840906987185929
-0.63384018,-0.902608858,1.8695070467886516
0.6749454027412257,-0.330913822,-3.044071642
-0.168008654,-4.083942969,6.766482681517432
-0.629227971,-1.993150165,2.879756262294677
0.20652713064493944,-0.052098181,0.49153379
1.686144997641421,2.552725282280848,-4.82254464
-1.220881965,-2.147288892,4.288428872901247
1.4651343694545016,-0.345918133,-3.196384065
0.5238259245940732,0.3506714465548456,0.6105047113939177
-2.06710291,-1.755395654,2.2665359166275985
-0.247796578,0.10760175393866697,0.2983042694307898
-3.134151383,-3.68141514,10.23213439
-0.159856859,0.2240569295565411,2.5792915237346796
-1.2827349,-0.579203745,3.828580809393622
0.058830391,-1.820336273,0.062117007584962886
0.3651126206229401,-0.498328019,-2.631333132
-1.396363905,-1.200267864,5.930683153743262
1.1162944553687169,-0.559098967,-1.534584493
0.938936578,1.1688661180802913,-3.355433724
-0.529954547,-0.741466266,-1.524673818
1.3482640292341117,0.8552334275348665,-0.430384605
-0.330805538,0.517682942,0.8814454794777759
-0.489736393,0.24985391362582576,-2.020890402
0.085923593,0.16049811245003132,-0.549714134
-0.299300472,-1.900523917,1.2818738168298207
0.1577700711730672,0.8657877071553025,-0.678301026
1.6303022107276828,3.0278936376775962,-4.99675516
0.13753476351004737,1.1204164069136802,-1.122236947
1.4887081808460987,2.6133672538023083,-7.420872104
0.4959974860898609,0.079151036,1.062840919737563
0.086999726,0.8667879997413577,-1.865848972
-0.403530933,0.6180253942773747,-0.077360693
0.23777071161803248,0.5754708779958918,0.846250217
0.3585297085135643,-0.213203462,0.8110280642114351
-1.434132129,-0.099422011,2.615140575211696
1.4185009769536518,3.306704451501822,-4.519746215
-1.697479977,-3.079963718,5.129384836834754
-0.185299553,-0.596629919,-0.436128916
0.533435752,-1.639300876,1.8918581683066311
0.5131648445578263,1.8416274611364551,-3.702124751
-0.017663504,0.3405728059617568,1.1571030857618538
-0.179585345,1.2259195622644588,0.6801561791249637
-0.52632426,-2.657836541,5.997962346169784
1.0116746939646648,-0.450313965,0.5154701243295571
1.3833459208981604,5.136151535,-8.521431045
-0.189902358,-1.263923944,2.349820994678656
2.465509094585419,1.6698479370976789,-2.469512653
0.6310206546363665,-2.453307889,4.266319972
-0.890465624,-1.486381752,1.2179884210318055
0.029530633562956935,1.823515637330046,-3.304372523
0.7526568794336906,0.49715944128848943,-0.864487121
1.3323177816919172,3.5714690508468383,-6.878804564
1.3836763563518322,0.992492128,0.3262827166178736
0.8337569076156208,-0.029432007,-3.493598537
-1.745178078,-0.061411193,-0.393207114
0.6846242266949591,1.298043327322627,-0.678779712
0.5361440519375044,0.3766119623986337,1.9182182864499846
0.6692047047734458,3.0013368839929155,-6.430866229
-0.552767609,-1.980401165,1.4937407831676235
1.2255298332034734,4.114520439794888,-7.203478191
0.1351854461187992,0.5352661421123052,-1.200330466
0.982387533,-1.17756724,-0.231064765
-0.260103719,-0.550424614,0.9118441928586882
-1.831859028,-0.633454006,1.9557797716323375
-0.20619238,2.6506996657785673,-3.069998951
-0.359532183,-0.887690507,5.803169084955764
0.3595929732945649,0.042555299675086755,1.056993537977492
0.4250125294574428,-0.93405882,-1.113767572
1.5942016882086623,-1.065312619,2.3661757770330336
-0.110918042,-0.810834481,0.5836989548309515
-0.991632555,-0.227731192,0.8142314416918466
0.41025830631260396,-0.777541658,-1.198193614
-2.022002502,-3.7962713,8.957323698366872
1.2387043805099172,2.9202189978510944,-6.572671683
0.048467157353932665,1.010910541277272,-2.462567219
-2.110884599,-4.720511863,6.68630046
0.2655049180801136,1.1601818965512565,0.095234302
0.6705908419962044,-1.917620455,5.804715838731755
1.8895683141855872,3.779936088621511,-6.307002856
-1.021144246,-1.876217708,1.6622555319368184
0.01612945,0.2774747016034631,-1.902195943
-1.251946532,0.9866207248123042,-3.038247807
-1.076611856,0.8677797002339033,0.7490582150756065
-2.035556383,-1.714535723,4.5736678344572805
1.8216555725301606,1.2343655493150414,-4.563189911
-0.652113596,-2.952358004,3.5461201622162744
0.035687528850579534,-0.932740647,-1.041503812
0.5823575719262748,2.3239214240727435,-2.838940807
-1.83322912,-2.623606466,4.456098207046815
1.1678688784388611,2.747707152869019,-7.335897517
-0.910045494,-1.034013374,5.952023995958539
-1.664253352,-1.264516775,3.415649819252381
0.9868322021984532,4.022994403386023,-7.000673307
0.252057044,2.653604725476998,-3.079889987
0.3374227761556276,0.8012954923725444,-4.485068306
-0.845051982,-0.293828036,-0.780415493
1.0336648762577259,1.815578627124811,-7.075345283
1.1635414669974975,0.11719134262868858,0.25871147629064684
0.7979400554393034,0.6671888772308355,-0.782030393
-0.657970645,-0.293281937,1.4260720889698104
-0.431181988,-3.518460128,3.2432622037071828
-0.332268173,0.047613498,0.46483377186132635
0.8977707666141245,2.263928032669347,-6.650023072
0.087721994,-0.116694081,3.370100912209231
-0.036568498,1.8987604988686055,-1.613177077
-1.03600106,-3.145808157,4.646979956564869
-0.974905323,-3.317668271,7.046622560766312
0.2530339114723058,-1.917669784,0.936779909
-1.486059698,0.2275285285901456,-0.408769178
0.4668150244800527,0.2060561147750568,-2.353650094
-0.725769036,-1.393968435,6.055468074716178
0.092167389,0.9739220970994371,-2.019976807
1.559872558077935,-0.43897246,1.0793966733425966
-0.305754788,2.5265639262301125,-1.905346807
1.1861226898280925,1.2412627157239267,-0.460595891
0.069655709,-1.88097772,4.549401792082472
1.9258484130423772,1.2943516672584527,-4.22966382
-0.441677876,-1.977024854,2.374468332009148
1.8832969081680644,2.4217896833656827,-6.003336447
0.3259581402396587,-0.702817697,-1.721666062
0.087695028,0.13781058459334472,-1.890588148
0.081750943,-1.086125274,5.628425228343086
0.8390872234008836,0.6830512680584861,-2.991585104
1.3133082461662167,2.2115596347474242,-0.989500929
-0.837453314,-0.863151136,1.0346695510838684
1.038613959177253,2.704317828831579,-6.56961686
0.065171414,-0.008873986,-0.644904189
-1.505094971,0.3982620897086854,-0.386938966
-0.249673282,-1.451708162,-0.621602244
-1.130458091,-0.903764051,1.2620931975091443
0.18869426524879346,1.7279646703817089,-4.80337285
-0.694932503,-0.860004722,0.19662548677727998
-1.178388958,1.4535332891183426,-1.075722063
1.530890810746021,2.6478982167122536,-3.93589615
-0.392888753,0.705468431,-2.075281695
-1.472803514,-1.18905495,3.5216414405386214
-0.884380729,-1.626377034,4.829830943967224
1.8931990771594331,2.0120808326605126,-4.059474479
1.549061384381736,0.24910067998714847,-0.589286776
0.6465378471855436,-0.261472933,0.8090622664341407
0.067460412,-0.281369066,4.875399197218395
-0.325794707,0.6166796817267914,-1.532229132
-2.04091786,-1.669423601,4.758699729301716
-0.332890023,-0.804718069,2.1034908127692056
0.9601094999979959,1.2658569043592331,-2.313944571
-0.356645349,0.888478157,-0.248833234
-1.556687376,-1.634963761,4.1487276673147555
0.8454788735705889,2.6208862616146864,-4.756524827
-1.513635153,-2.128484177,6.4646725346095995
0.11100675333698858,-0.548956959,3.879750565243927
-0.87814459,-2.909362044,5.134330479936354
-1.372898546,-2.970926766,4.8030984550628375
0.6616326405357025,-1.791092537,3.059549344082501
0.026566019,-1.46036024,1.5122926259355685
-0.542845617,-0.486156559,0.05873824
1.330018463124438,0.8440251959857584,-0.071158984
-1.842614928,-3.284170789,6.571201068000106
-1.674697417,0.5805747739900261,1.7654936250499316
-2.009704186,2.6505991055511204,-3.605731315
0.6205459311457857,4.435257801685854,-5.303689012
-0.569114385,-2.13111141,1.9879447028525903
-0.772147301,-0.381913771,2.329083271185782
0.5896340423015727,-0.79884885,1.3016023862116852
0.8747163761181638,1.4148309288060992,-2.702217188
0.7985609047095744,0.8521185618420166,-3.180304441
-0.78296269,-0.432436986,3.082857074131605
2.9327838239104542,3.1670711387982613,-5.667000184
-0.643108046,0.463290847,-0.417081009
-2.668753798,-3.32384987,6.252460293392934
-0.246906611,-2.357458744,7.028955108025603
-0.141490254,-2.585103554,5.147614218098606
-2.725449603,-4.88155676,9.823420564127625
0.39227088258003995,1.2083752641568652,2.1697676393591405
1.0720839722819704,0.7026989320288266,-0.673467326
-0.183077995,-0.860771974,0.5495965917943296
-0.721422068,-0.486222497,0.2920782218591815
0.6649701266166431,3.6476551575808704,-6.439134793
-0.313833156,-0.600835976,-0.531850579
-0.491744559,0.3375829246629854,1.2621221284432276
-0.27026413,1.0315283732246745,-1.831784997
0.920765116,-0.232343473,-0.794939358
-0.502283818,-2.50701803,6.680016380246661
1.3402850795415127,2.0203041152467716,-6.721300045
-1.024884918,-0.502791147,0.1756170035235195
0.5539147372982687,-2.387163066,0.4581013483525569
-1.322039268,-0.7709589,2.1322910071810757
-0.53323365,-1.256281863,4.778789549524343
-0.196759486,-1.461546672,4.235360902253758
-1.327465865,-0.948671439,4.330536126329653
0.42706075099105584,-0.564633057,1.6197513909801677
-2.490882886,-4.078645787,10.373143119122629
-0.349463348,-2.814182776,5.489628717479024
-2.171591393,-1.330949356,1.3477367667597737
0.4504728514680725,-1.400745715,1.6023195532172874
-0.171790337,2.024028631218701,-5.203725186
-0.441784939,-0.098959048,-0.318606367
-0.887680722,0.11951049094756105,1.1799235298281916
-0.837204254,0.682480266,-2.015338444
2.329006307364261,3.3911441208549977,-7.000824149
-0.990696553,-1.038064778,1.414171454
0.42868520718258024,1.438059001021744,-3.772118734
0.5364524331421845,-2.224084645,0.6316812721310423
-1.23676413,0.17314510204664812,0.7209176145657165
0.45802222988073266,3.778908315569114,-6.195999446
-0.104826168,1.5217181143506375,-3.182988755
-0.224448578,1.078676861538962,-2.088750812
-0.218371331,-0.515674662,0.23238168030337158
0.7731898101212257,-2.484126373,5.514444607387404
0.698678627,-1.207293728,1.585301588944003
-0.577545433,-2.566248286,6.620366886526024
0.3672317599017273,0.6280475083090651,2.1825045376593986
0.21055125150275605,-0.296704737,0.4516221214072313
1.0367667944104788,1.001895539937604,-1.102323974
-0.765785335,-2.60791472,4.709885241250299
0.8150244227108083,3.8296730089778346,-10.58560906
-0.612854391,-0.043608173,4.104676061302882
-0.313855895,1.2914992465748305,-3.838948748
-1.322627866,-0.206635469,2.5703191376651837
-0.565349044,-0.388578421,-0.295284329
1.2932424294286249,0.2343531287819629,-3.665629116
0.7062543803427757,-0.176333167,0.877570116
-0.220767069,-1.373136066,2.503227869216542
1.173057304778519,2.425986353633184,-3.826687478
-1.558053012,1.2660940539635943,1.333908890774271
-1.877647049,-2.820662947,6.492430967868276
-0.542080519,-0.682762781,1.8198104081951705
0.068296078,-1.720425465,1.8136732292948732
-0.253320192,-0.342037889,0.020581557
1.4148077372998284,0.8674626405393334,-0.757131213
-1.26819518,-2.706204391,7.564364276700778
0.1563858785942269,0.6653372156782711,-0.935482817
0.4053163298551309,-0.797302412,-1.229648859
-2.377746226,-2.305264745,4.782859818411398
0.7012633021869207,0.5069856704596045,-0.205859137
-0.669051975,-0.350546286,-1.326684997
1.362833071245359,1.0768210641780582,-5.049308561
0.7537767599895744,2.544383592541951,-7.930731423
-0.846781317,-0.771444388,3.7638981567361647
-0.385266997,-1.06832246,0.6092508194503412
0.3896331306730276,0.06796589,2.0208568995131406
1.5099500542192892,4.203032886665781,-7.62115926
-0.255385715,1.1915586179397462,-5.511108742
-0.069143447,0.28623284419911965,-1.584652385
0.32717227760787077,0.6602941502660449,-2.730634818
1.5386181708570683,-0.288822389,-2.182182521
0.1849033262059869,3.332476117596132,-4.804879446
-0.115097336,1.8746175688416777,-3.393957052
0.31063437322205967,-0.596881845,0.42838708047415275
0.7499367466349752,1.4041624215112094,0.5124894496546271
-1.72070128,-1.730025794,7.374194964163819
0.2617861497719479,1.1984128222820385,-1.75039906
-0.574138435,0.5215649042498258,-1.060567726
0.7214197081690026,0.2542239709041515,-0.065540361
-0.576053856,-0.848241767,2.577559599857911
0.9685856242282704,-0.194829743,-4.600184212
0.034348479,0.35133033923592794,0.537970172
-0.650321701,-2.13200419,5.366995212548388
-1.903767754,-1.071993267,-1.084195391
-1.407249496,-0.941506013,1.952612180537305
0.6554302935016829,-0.298837003,1.9702701295158094
0.3391834703008387,2.2950196699077052,-3.697611226
0.32754360168560526,0.31433248586534906,-0.837641927
-0.163813148,-1.503164787,-0.323842785
-1.170680855,-1.409598693,2.3615335632330527
0.7692453176384313,-0.26081313,-1.406066949
-0.480594798,-1.578182717,2.0923337343760267
0.1372084026743662,2.3986626395444373,-3.456573974
-1.682613166,-1.064610137,1.169029326280936
0.547454054,-0.381918083,0.9409076257445037
0.0411766,0.29320199511016193,-1.501277069
1.0782518282024418,2.8422950160732587,-2.516131678
0.6645799728414608,0.29760305348358695,-1.720976803
0.7086921158274417,1.2456040211880492,-2.963350686
-0.531158428,-0.460844369,2.0917380831514882
-0.214053426,1.1992074560766632,-0.774004592
-0.650589377,-2.407615392,5.984933988109026
0.045003202,-2.436157447,-0.489661576
-1.626287329,-2.848997166,6.274436073376156
-0.153619212,-0.20407354,-0.215991629
2.804411968417716,2.5881299847137296,-7.172955404
-0.988512967,-2.31612261,4.768569132146763
-0.281333268,-1.533711942,2.689797809431549
-0.770186543,-2.164857891,5.404745953229755
-1.25631823,-0.299001036,-0.623970798
0.2090358442776557,-1.852046778,0.4930964118530492
-0.599612981,0.8655179223619311,-4.167203114
-1.631457458,-1.739946845,3.1756304336067505
1.0367236728256612,1.7564093492996484,-5.304859391
1.7346902590998072,0.1349297125655815,-1.39970101
0.39370559316853687,-1.745969395,1.4679836824540495
-0.483061531,1.5744581354521436,-1.045525585
-0.331778365,-1.855187944,0.43036855472064417
-0.550514204,-4.021435997,6.779470519845854
-0.900332192,-0.259737678,2.0624706615571684
-1.614183697,-3.697307292,4.621324293364676
-1.025242566,-2.50317712,7.0863382730063265
0.1778605919746474,-0.941083334,0.9434621503461794
0.085717194,0.2078237011484367,0.7516429131848694
-0.882118288,-0.157368145,1.757518152501306
0.40885978275571305,0.7440735055955596,-3.839443421
1.075211134949254,4.306548275468902,-6.524262701
-0.003422388,0.562906192,-0.969893295
-0.343168737,-0.284365116,0.1950102165332246
-1.931276208,-1.186274617,6.258517816624407
-0.102983389,0.8753906957272674,-3.046050009
-0.324533792,-1.544174701,3.5242153036224377
0.9575283843885221,0.7781151159197874,-3.760957987
-1.267934785,-1.641476904,2.4161604278436646
-1.938406434,-2.712130098,6.929146691315521
-0.790047367,-3.153917651,3.6490929220037214
-0.130911607,-2.354267511,6.161267217366505
0.26606454596474594,2.0391415422628416,-3.102713355
0.3484918802398077,-1.148460367,-0.26863584
0.2175457717258197,-0.318691476,1.466523800082494
-0.135563688,-1.150173703,-2.12716092
-0.116316321,0.9623908755088884,-5.446274669
1.073567231602933,2.8395078687351645,-7.014067218
0.18363541528631833,-0.622862856,2.165796280690938
1.1202265572793566,3.384078843,-8.406511824
-0.408704963,2.3696319411217868,-6.195570684
0.12736905204012505,0.666937279,0.372575349
-0.136906806,-1.707526384,0.1978192829465695
1.1068526562877026,0.28910255938982843,-0.596452199
1.2686471408184197,-0.318160991,-2.044186273
1.3951286348582324,3.896366388492971,-6.252882719
-1.642782796,-3.409457549,6.669338272152705
-1.009399962,-0.95697598,2.3215882724344747
-0.685917427,-0.040293996,0.8414820373213769
-1.41095171,-2.074431441,1.206859857443828
1.3202175871575654,1.6633390948815066,-2.035102377
-1.801093606,-1.57659168,2.5729807913652656
0.029071577237579208,-2.742787871,1.3976293947772247
-0.718586721,0.5490497087452444,0.7268787202151236
-1.485952348,0.16038939215532189,3.6997953826865073
-0.655378563,-1.165210175,5.581088791
-2.616781082,2.002817787773104,-1.119011407
1.2517916305152645,1.3286817915277336,-6.253484719
-0.954856539,-1.89350121,1.0079475130743814
0.009671256,-2.291151368,2.274322779170217
1.4071173713008138,1.102265109605209,-4.401703884
-0.06663221,0.038924732,1.450108315975784
-0.437481203,0.40790504008735295,-3.846361024
1.2998390840588632,0.7833333057596409,-2.225590906
1.1540023082611393,1.926944868390874,-6.008067144
1.5615432740003923,1.2933166221146941,-2.631326689
2.7890883759455547,3.1850289137764713,-7.687097149
-0.134369505,-1.678469356,5.967886395983495
1.386808870201866,-0.05823818,0.082981967
1.0461160343605527,1.6903770273480097,-3.779152253
0.8554228761243815,2.061729820794614,-4.250357097
0.7172323719630793,-2.022103338,4.829812413656226
-0.348111732,-0.809235708,2.695506959039008
0.002448924,0.6022159299097509,-0.745510787
0.36561361777939483,0.043915453,0.7583343436070509
0.3663990722707672,-1.784674729,1.6554813516959825
-0.301038078,-1.013924508,2.824781938107077
0.5179951321239609,0.9938134224069726,-0.015318887
-0.331755523,2.0908944688421807,0.019301718000784618
0.4366260317251295,1.5179007408979892,-5.771781879
-0.407671797,0.8442477072693506,-0.924804182
-0.459873323,-2.092183097,4.797156377134177
-0.669875324,1.6625940316024468,-2.054802478
2.1251144257577663,2.1763163438795767,-3.401887913
-1.185998324,-3.272159173,8.072998008382871
1.1199991572343144,1.6183136529112498,-5.295583134
-0.17086595,-1.719623364,-1.901732342
0.1040420822140703,0.7188190229130724,0.8154728412617485
0.4353688033115115,2.8609563462592735,-3.095729749
-0.138569784,-1.717838364,4.1618968396218605
0.6192534019559558,2.385605694080947,-6.570934451
0.078291964,3.0650928594123634,-2.192553664
0.044210559,1.4797008319505296,-2.307377324
-0.447760303,0.16575350486737983,-1.437612298
-0.937297156,-0.761244552,3.448564263441648
0.1481885424130963,-1.173983704,2.7554908372577076
0.40591326174374714,-0.437914185,1.6783686748688575
-0.41551148,1.309287886,0.46023590405215553
0.057684248,-0.051302454,0.5064700004927547
-0.146680923,-0.626490804,-0.397002647
0.6579037592907099,1.0684756081988125,-2.370296391
0.3796916826887852,1.0978451044876363,-0.643445225
1.316809605690433,-1.205890092,2.846060924138719
-0.622319398,-1.574378344,2.0776992066778144
-1.50462513,-2.182526578,6.760415358387602
0.8752736151858727,2.888257125996441,-4.084941011
-1.796007772,-1.191966109,2.628828125268752
-1.623888332,-2.782377639,3.9257489281346016
-1.040631177,1.0161979438036077,0.20225943731807156
0.12146510200628179,2.079203680133044,-2.697896485
1.4043976481653164,-0.105631902,-1.109699066
-0.419535533,-0.649479325,-1.930765354
-0.505318696,-1.252942438,1.0910757780574594
1.4203268049484696,1.2813309492160727,-2.980641179
0.5075834714854481,4.276602736629585,-7.116021111
0.5656410055333881,-0.11740769,3.345867401408508
-1.729943565,-1.706308007,7.315872256595398
-0.311048915,-0.657060924,3.526056745093859
1.026973486857424,3.9725977891525455,-5.682291142
-0.697910669,-1.056332446,-2.208994922
0.4706371023979727,3.156208874708846,-2.435669756
-0.132622491,-1.78304832,4.677019761171259
-0.724860021,0.24656944435494166,2.0669322717987226
0.519159779,3.212162612704362,-4.014805333
0.10960762507528828,1.1021006752077631,-0.190787955
0.076080661,-0.688193108,3.465400417784002
-0.631348548,-0.145864473,0.037832374
-0.142145997,-2.713961166,6.583506329414694
-0.705219166,1.5184829183761994,-1.010362915
-0.466793779,-1.871628543,3.5294488537195083
-0.767333136,-1.465721641,1.1284124331201026
0.2762897816584947,0.4673624769520801,-3.534815347
0.28602274587046517,-1.018177184,3.232292668305666
-1.902794663,-1.557361026,1.7357783299422298
1.277326955032232,-0.185309833,-3.690288248
0.45744122490251277,1.6823749696941106,-2.628296955
2.0277972493206033,1.0101408743816658,-1.991184582
-1.018160424,-2.309867613,4.223796830548117
0.4488823695615685,2.1141902322534603,-2.055337205
1.239355278703747,2.1945313492366596,-4.519488272
1.454981728090722,2.420852711036503,-5.532560098
-0.849688158,0.5678297298451238,2.323880426666731
-0.590631805,-1.56496658,3.674322291103719
-0.380255477,-2.127785309,1.048350384756584
1.293573407149721,-0.059689592,0.7933473973718717
-0.021410267,0.7030367519814256,-2.467400067
-0.960767212,1.3481175027868946,-2.155263006
-0.635127688,0.29089799131406846,-0.41018536
-0.98839258,-2.348160954,4.081807924666354
-0.551811345,0.45269043692587624,1.2837524754598437
-1.187373171,1.2589909614509982,-3.646408615
-0.360701794,-0.785406942,-0.203200636
0.7315702877367227,1.8125195933590592,-2.631118721
0.8693250636308439,-1.014640248,0.006671006
-0.824897899,-1.807605865,4.146129156733178
0.7206749974273717,1.4913657894850825,-1.316674038
-1.319436958,-4.34345457,7.7787482367676715
1.510510337,3.00266846,-4.652634735
2.8706540258883586,1.8745488674133226,-7.385522777
-0.722538112,-1.02387161,3.9840570704603873
1.1798903191628465,1.129527530161161,-3.466144188
1.1078346846545708,2.5415473157263033,-4.55889734
0.4340272266279674,-0.157208753,-0.543676259
0.1925736391223809,-1.439149224,2.7648019837468065
-0.009224674,1.0661741530188045,-2.519102166
0.5824428497189226,1.9714005523113447,-4.345095104
1.8545553440454352,2.251198494625554,-3.846329371
-1.618062025,0.45048079442514366,-0.76922865
-0.148617648,-2.257455761,4.518671477
0.11498828390018945,0.9635972283057819,-1.345732176
-0.13826461,0.7874746054482411,0.1401649495110202
-0.691934304,0.24237718722801221,2.427054004289354
-0.06037916,1.3073164787767686,-1.301353573
-0.720269118,1.6380897255051259,-0.997932327
-0.877348341,-1.689841614,3.073518896524729
-1.054386743,1.0322523551841785,-0.171888332
0.7582957156639457,-1.006084589,1.7023142938331661
-0.396487471,1.1735152966620843,-1.410083298
-2.683634732,-2.986599035,9.774381538247098
-1.024635193,-1.817460151,5.592395951857834
-1.42105672,-4.3462212,7.080155963035227
1.7429905246421775,2.283758521792937,-1.915228556
0.16807513621138742,0.8281835023475661,-2.528328698
0.7689199722139084,-0.812949486,2.2029307618972114
-0.041670525,-2.497280811,4.651174395919786
-0.702546907,-1.720969238,4.849184102280678
0.057234492,0.8217675349551601,-6.023715312
1.2312729920360632,1.7727005628254502,-5.775827005
-0.296475377,-0.266393465,-1.258202353
-0.001308794,1.0997841384772002,0.4069519157016398
-1.298128995,-1.955824361,3.391837441863875
0.2839974750464419,3.2403370547319836,-4.096682589
0.4193424382473792,0.6062447296788842,-5.064976881
-0.381755088,-1.428194065,1.4626514390105256
0.37630382150378433,2.2982453698889875,-5.100608122
0.525908711,-0.482945062,-1.117060942
0.19697150247978365,-1.09857611,2.313785291296492
-0.486096447,-0.367860701,0.729245234
0.5685219215980034,0.25254522613869435,-0.095701305
0.35257193107313495,1.1094506326304279,-1.408442922
0.9467342133503355,0.8750232784200301,-1.817743526
-0.173728705,-0.433451491,3.8828918537128265
-0.57011691,-0.067451543,1.3385394454939248
0.6399252013836171,1.0758866636455613,-3.733774163
-0.040171568,-1.225369377,0.035747079855974806
0.46617215739884704,-0.684604459,2.2643216989876067
-0.73953147,-0.744551345,-0.785620611
0.9545944819278299,1.435716570583115,-3.110510687
-0.44696605,-1.218599749,0.47557402635249146
-0.618147754,1.1825609381887903,-2.767933291
-1.552001521,-2.996960523,5.912343116648256
0.4561651867851606,0.5798379916181866,0.7810344410239933
1.4071037534441537,0.675976089,-1.313443345
-0.300552076,0.9612331418838926,-1.839624894
-0.616630338,-0.842528135,0.45058840489369834
-0.871176601,0.31949570246267955,3.4104814815261255
0.6910018071149604,1.0428572382258443,-2.594552708
-1.002064841,-0.633205942,1.0607029284511824
-1.577998455,-2.515289702,8.537004664413917
-0.220599319,1.1349176680052595,-0.475254965
-1.666208838,0.026070250740294565,-0.044767899
0.5418187657582312,0.9227440973407693,-4.255561302
2.1512784542997823,0.4113880074375661,-5.579896802
1.126274854,0.21940019016250079,-3.723028347
-0.774451672,-0.556969837,0.8190847756666488
0.000131678,-1.169720241,1.3440555131498653
1.1982763499931965,-1.623095581,-1.781618574
-0.478769614,-0.968104993,2.227153937238213
0.5838426734592325,1.9672285036474848,-4.15357499
0.10989239165934993,0.6222111144217805,-2.776956664
-0.846460388,-0.132636003,-1.958400073
-0.427402975,-1.303424714,2.1659341470204954
0.7681087255526309,-0.42918762,-2.021454571
-0.62015256,0.920949848,-1.466538175
0.6834915232554754,0.4088736241031703,-1.00777285
0.33261218637743684,-0.471664386,-0.410261311
0.9252182361051492,0.30981210277165705,0.13164045909026606
0.22401857910760445,1.8750768109143052,-2.704468167
0.8836833833178768,0.7630060275976946,-5.49013177
0.6174481232421652,-1.160173639,1.3184112354173403
-1.009434529,-2.134305943,3.7418068611704074
-1.412244063,-2.011866735,3.2043064225809244
0.067223447,2.090667756067356,-0.586973832
-0.341489978,1.3978939703665592,-3.76107153
0.2670371789892278,-1.905607867,5.2403099105427815
-0.803973133,1.4418589291871564,2.632320362
0.716067417,2.2233624454374366,-7.057968862
0.46255028252001035,0.028389293696737816,-5.05168333
-0.481680776,-1.294296664,-1.179857442
-0.663290251,0.1303779169596414,-0.814641628
-0.875595737,-0.0974185,-0.718838501
-1.256557268,0.1151916905413134,2.997675257887913
2.0421799161756473,2.1444384368741964,-5.362378431
0.22714079358430977,1.8471813239543167,-1.427730441
0.7345612073372024,2.149981198007312,-4.128175992
-0.055972175,-2.133430664,1.5958100908831194
-0.688657189,0.879880691,-0.702396039
-1.083992336,-0.674193188,1.3306827776026116
-0.420478446,0.10460263094795186,-0.003742145
1.414186575317556,1.719521450767822,-4.557475019
-1.135190274,1.724656745076588,-4.318342319
-1.12396646,-2.390108825,2.5069001975888594
0.3643585917094655,1.608004652,-1.993944332
1.1113898943930363,2.4934476009707467,-1.670120858
-0.198055804,-1.230927869,4.254939403542428
0.501063727,0.9675486750084495,-4.491202326
-0.604416366,-0.006090464,-3.008951768
0.060716849,-2.535885468,2.696505364
0.5801214973391952,0.3441736438957673,-0.195323518
0.14493164039202297,1.004814277365718,-0.546706151
-0.06279675,-3.103256003,3.816102745404078
1.1780907452481586,1.872730034160421,-1.952752243
-1.12893751,-1.406340143,1.1165344385456328
-0.210444759,-2.119204326,2.2628247248105726
0.37723302215645804,-1.756961043,2.088395982937371
-0.236671016,2.670187965193768,-2.025492177
-2.650665408,-5.017163514,12.327398218409444
2.8175283575380425,2.617634477705523,-6.464947074
-1.244499547,-1.039205385,3.7152894879304976
-0.298620848,0.8425325462971089,-1.460482808
-0.553846301,0.3849874150589177,1.1996744895265414
-0.679596807,-0.427845569,-1.496391325
0.22708516492521177,0.7387019093046939,-2.71863094
-0.313527909,0.3440950564357507,2.740769976138959
0.626043809,1.7433918394830261,-1.27523142
0.7466999518800506,0.39064830037339127,-0.542198736
-0.206303663,-0.469703531,0.7873631706155555
-0.697205205,-0.344681733,0.39634627116008314
-1.770731717,-0.571448038,2.350554040626476
-1.543998296,-3.030413822,5.698132844941856
-1.000667077,-0.377539176,2.171450489235836
1.0192705224737948,-0.12708086,-1.655425144
2.0064386124050886,2.0287637985214433,-4.781688055
-0.560798258,0.18004161978328248,-1.631336557
0.569031126,-0.315448929,-1.864998495
0.040925746887298935,-1.130372243,1.2749810452869512
0.8102777359315703,-0.389297758,0.28211701154091856
0.5083765104670017,0.29586331107101227,-4.721644804
-0.282847316,0.26793744426702104,-3.652145904
-0.054022774,-1.689225864,5.1743385477644654
-0.011728965,-0.236227469,-1.165163515
0.3237091625132116,1.0678381470612879,-2.341874303
-0.07591659,-2.567895163,4.1557739840971974
0.032837961,0.7329722547668248,-0.285894019
0.3360477824505914,0.479843842,-2.127141413
-0.023499279,0.18609648458571004,-0.684385399
-1.207156561,1.226136003,-2.891864953
0.8681259639371518,1.7577816428447046,-3.401387216
1.3231604135221542,0.4362018834167077,-4.323556493
0.3812249782878161,1.2495398879887976,-0.338511683
-1.265037038,-3.065718619,6.007357999316625
0.4547382278618052,0.9646832059806374,-2.592559375
0.15068241375544825,0.8442346382930963,-0.911730844
1.529154292727635,1.5087148325124216,-4.817548789
0.9289760432120426,0.9295130443759698,-1.958047256
1.7631120488550667,0.31879615152175766,-2.84416636
0.6413036416351393,3.144622977459098,-3.711205192
-1.856367652,-2.475461204,6.151939154454664
0.3632823674153003,-0.614973828,1.2738042753729966
0.7403522961727638,0.5073538060235834,0.39883432157690285
-1.735252985,-2.326870728,3.692602387
-0.474494303,0.8683339873929917,0.5103291846655718
-1.292698934,-1.627810532,4.670215413
-1.151646491,-3.180314292,3.8329382526621925
1.2054142416262508,-1.469424266,2.238891182758222
0.486496815,1.0052863993095011,1.3246496636908351
1.9004517406167265,0.46042286633341123,-2.309404407
-0.494364389,-2.656582122,6.386118534742369
0.2646543680661584,0.854479482,-5.034601917
-0.171919865,0.5418259891873287,-2.566685047
0.10265255770751404,0.9169020740072729,-1.146622492
0.44045473587170997,0.8189169505936009,-5.155271806
-0.94353549,-1.562989197,2.967300268634503
-0.130440461,1.9962955619962517,-8.104275602
0.9362302278304588,1.2344330881333836,-2.739011134
1.6148544860987488,1.9206413750138809,-6.757840989
0.8469342681337306,0.8010958760641478,-0.561781222
1.0034937039160396,1.3859093401147862,-0.981360019
-0.577828439,0.8163877293615138,0.24586921270474327
-0.177857347,-1.789099109,1.5360050277655466
-1.247989379,-2.633967554,6.069334767596668
0.12457123904241263,1.6085025067441108,-0.247771861
0.4772453804511805,2.021816420178391,-0.378211898
-0.95768624,0.3309751779444702,-1.444158977
-2.189667893,-2.9230559,5.638650504114315
-0.291048912,0.27315745422641446,2.4162166480471856
0.159478384,1.119789061354571,0.068248015
0.6383699767308805,2.8776302722232594,-6.067711969
0.4926697112663505,1.8987300895043318,-1.761725511
-1.223202862,-1.327283868,2.2627674242612144
1.0551184229509865,-0.292866995,-1.839277038
-1.518999792,-1.192122199,2.6001298718750347
0.4135119824412802,1.286288297417592,-0.108279412
0.2641811883897357,1.3061237212109673,-4.109848991
2.0179973243639306,2.6033672685515796,-7.797769543
-0.297569672,-1.971521186,2.209119783748333
-1.943407027,0.6299591670740701,0.4183675568480707
-0.510691996,-1.51007288,3.8433583788222307
2.4891372568714343,2.8639451116105996,-5.775937322
-0.807332346,-1.022603498,2.1208759319184356
-0.253936678,-2.337366812,4.755411896274269
1.6634796584078666,1.5353304293095458,-4.935426157
-1.495430759,-0.633320452,2.023313501796615
0.028202425450893867,-0.544512417,0.7379836030597526
1.2200876435367034,2.2099970128788753,-5.180717458
-0.592122177,-0.88545444,0.40033837937316785
0.4534802681491024,2.572124391685775,-2.635181165
-0.698763176,-1.565953869,1.828341103037622
0.6275978243559703,1.672065738986503,-0.170038582
-1.92726651,-3.731907006,6.527881696930268
0.7264232971971346,1.3698095415149183,-3.363197449
-0.088253276,-0.257892089,2.331352926459531
-1.049762954,-1.329509808,0.5211266389751789
0.064222185,-0.360074835,0.5198610169123041
1.0921812226106489,1.143057399478535,-0.838360116
-0.048940927,1.1341722505463734,-2.711576565
-0.553743688,-3.269111799,6.419820939538932
0.7304995925021937,0.31744301971239475,-1.67955603
1.4892371710044203,-0.766465471,-1.380072008
-0.509850462,0.19991849563568942,-0.771121522
0.9090049038967946,0.25151629610902604,0.6677537544649693
-1.041320378,-0.889799829,0.070270137
0.21806964253855915,-0.293298014,-0.72585465
2.1244786274299416,3.1365492942612305,-6.022061001
-0.477495161,-1.706430834,4.714331266
-0.097784015,0.023333069,2.2932725276073254
-0.129744455,-0.466846671,0.27530468565529465
-3.147676308,-3.294729566,10.811302292797961
-0.468279203,-1.385581961,1.974748690266382
1.0600304173284822,-0.456083422,-0.130063236
-0.420793277,-0.626295933,3.0059362182637543
-0.046263104,0.8922054679440918,0.5150267902847532
-0.057453051,-0.848151718,2.3291817099189815
0.4903255567830083,1.5122523446271083,-5.208619263
-0.305857328,-0.95285782,4.575533595298035
0.11500524660612886,-1.52790244,2.384810577521186
1.263481804618113,2.3663830509589645,-2.409660206
-0.633174558,-1.565034314,2.2345443637387805
-0.976991657,-1.946048832,1.4292596974061231
-0.2396947,-1.266815687,0.47074753834124267
2.635523523156851,2.053127492381053,-6.423933729
-2.683307421,-1.657625456,5.884163232967791
-3.914853066,-4.796379475,10.963526504444728
0.9017399544413522,0.8377885422089851,-1.81984819
0.1540866546294461,1.207685741957019,-0.041722485
-0.050364908,-0.096882637,-0.959383216
0.1123767588596245,0.48259769390626284,-2.085758533
-1.926689258,-1.160584702,2.556780579430473
1.193606696533559,0.8652754437044184,-0.999299578
1.0819163967486616,0.44096583002901907,-1.50702687
0.5764189641210995,3.9771508487766605,-5.135438402
-0.657180871,-0.804457658,0.4582769136205296
0.6216932243594695,0.34207025229591737,0.37261511263392133
-0.764719039,-1.616207798,4.799833280603746
0.2279229718633926,0.5565434852921691,-3.375336849
-3.536157326,-2.32237104,5.549783174417443
0.8977147469257418,2.3133273098800133,-5.407609867
0.2571692409044444,0.4314996820377349,-2.813281841
0.19684223272847323,0.34086036464397385,2.1463430862426334
-1.182233829,0.8878338267561969,-3.133690226
-1.975366848,-0.697873865,2.6209338209433626
1.6990236474495517,3.1429575797901865,-4.500046228
-1.875017261,-1.143598392,4.803632272464096
-0.704047097,0.5281764815240599,0.37713713365124796
0.5328406326588392,-2.39962912,0.4288777996946216
0.26688416776148355,0.2417036974857103,2.0171371726786904
0.2175397197223697,1.2127433941518373,1.1748838619447746
-0.693413046,-1.882737338,5.391139852047637
1.1878540194306368,0.9143997147498111,-3.559105018
-0.793922827,0.12483963596482661,-0.892460172
-0.459528736,-0.572881668,2.980137707984471
0.10885068899289352,1.5204367911509276,-2.723085698
-0.958111917,-3.912597452,6.937895689097806
-1.97141773,-1.27753518,2.6925320512529254
-0.508766519,-0.212414805,3.1591004906850904
-1.620827592,-3.328345169,6.428086294674064
0.062455254,2.2432141300663875,-1.95239391
1.0391720978811005,-0.438530741,-1.646885636
0.099928464,-2.889453231,5.4628130836931925
1.5236589861865284,-1.715059871,1.8723122402508743
-0.839001792,0.14221611194197892,0.21561843116628987
1.8286449674386667,2.384923920490849,-3.834019681
-1.001242424,0.5284677886979537,-0.960299331
-0.105530723,-1.985613424,3.0561781589515897
0.517130894,1.6435067351311967,-3.840214022
0.7935103505669977,1.5245139084639003,-3.279690991
-1.241684557,-1.386045705,4.725481755131069
-2.17440496,-1.852777524,3.645559164135996
1.0953235078599672,1.5131558896471662,-2.369923534
-0.147881199,-1.003248553,-0.23833569
-1.403533666,-0.725182621,4.984966140593983
0.19258472299168314,-1.430319118,4.638221905953712
-2.140853461,-3.252415869,8.544323505515072
-0.131859006,-0.149349282,0.8187732081704631
-1.45362091,-4.920396644,8.011026439215538
-0.836115683,0.17082854457131813,0.021692187674824767
0.8885207306046476,0.5194704454191319,4.653159782640925
1.379209674823458,0.6064020349359335,-3.474965999
-0.456811364,-1.694808931,2.000776617084583
-0.717288976,-1.931673032,5.754622211433539
-0.643299485,-1.623242591,3.5881464873842077
-0.65893199,-1.521685593,4.945368634633144
0.5764750818635431,-0.512980231,-0.990360902
-0.091311832,-0.31229669,0.9247966938513154
0.15276582517006648,-1.630050843,0.8883818132176251
-0.050453731,1.555951559882977,-1.027401487
2.8314111367314694,3.5828961866241404,-8.457381752
0.832188094,-1.42006477,1.3272686224200076
0.8451551004372934,1.7101596553248353,-4.392576755
-2.108690661,-1.029400679,5.784662036
-0.447316755,-1.91962374,3.333167916665716
0.20497662887322246,1.0489153738663632,-1.295388884
-0.819985854,-2.471665398,3.2191606912458552
-0.352704108,-0.695716286,4.320424975795583
-0.122678822,-0.709240107,1.1948629193314044
0.6909251968441373,0.5252415877797673,-1.090210556
1.4647060623133903,0.2319057188895423,-3.303419711
-0.737702666,-1.569853542,2.6276388117695717
0.9059861145858686,-0.289356548,1.2461438215439926
1.1356880646983167,1.0823150293923882,-2.802381458
-1.818036778,-3.423567794,6.362713328257526
-0.021264491,1.7138764957537007,-3.960753675
0.2862065129061197,0.9017948839804721,-3.741765018
-0.455345839,0.15119969017275234,1.4691279307703358
-0.059843729,2.9361918368134763,-2.575236061
-0.923956531,-0.681583875,1.210061582662076
-0.079558842,1.4755835581828525,-1.981583561
0.055355287,1.615575993873178,-1.950608452
0.503991068,-1.560018507,1.2924586548717418
-1.915973312,-1.464956123,1.3206412775865535
0.9742696403496877,-0.410956878,-3.095291773
-2.433470154,-0.582816137,2.2974215035614245
-1.013995176,-0.446804461,2.6561427643646143
-0.582163148,-1.063535242,3.7141563250261593
0.12966343746700074,-0.303507602,-0.778100045
0.2278519959170739,-0.622414082,0.7945526806798825
-0.029675916,1.9532052035008094,-3.401374437
0.10177344524989881,-1.271488113,1.1304435580193435
0.15264962060385112,-3.889596864,4.586294061939634
-0.327967749,0.35044199153767486,2.2085660587975964
1.016149083544741,3.0935966234283705,-8.68485756
2.6529053776627385,1.7937369158352774,-2.039544685
0.007222253,0.096368467,-1.51698201
1.508341951983552,2.7019640777154033,-5.5157722
1.252818653996556,1.116130562550119,-1.129104362
-1.867015209,-2.411595249,4.295491787971572
-0.800218022,0.7368688704000501,0.2926191187685725
0.5445357820951107,1.4365395006710249,-3.570917108
0.5682927651498453,1.8855895034998529,-3.095239316
-1.556110867,-2.135995043,6.4961678198572725
-0.222730028,-2.878292255,2.526770591647508
-0.128426939,1.7408855325294559,-5.082726841
-0.807895186,-3.122384214,6.471235211483631
0.034646602819236615,-1.036580031,3.706415895883216
1.034896885812439,0.28861037616073093,-2.364467054
0.9707098739390712,-0.01581986,0.465095944
-0.619097921,1.1183902622928144,-0.621043106
-0.607814996,-0.055183799,-1.048979077
-0.443566798,-1.257235426,1.4332463483113351
0.22873956221568623,1.3459049852760032,-2.416610262
-0.95236023,-2.589843228,7.26768162
0.2511774985006186,0.7625701198371793,0.19146530311271032
-0.825642279,-0.330707758,1.1516310769668612
-2.19013324,-0.776264422,2.114385399114056
-0.546379391,0.37985716275095704,3.602400227496817
-1.847372317,-0.762745819,1.0931505141963769
-1.318496627,-0.929883589,0.21101405416892693
-1.341214314,0.010710907,3.205259563830077
1.609652999608732,0.126940175,-4.265176967
-1.37228248,-0.018336364,2.134862536245665
0.3943878202827567,1.7096695235934185,-2.66982605
0.41945749030930873,-0.964682062,2.274097330695197
-2.750514297,-3.57953523,8.301133698
0.3627942848930984,-1.176117327,-1.833272503
0.064040483,0.8246442649381986,-2.79075932
-0.660203552,-1.032601773,1.3662526353991076
-0.079092123,-2.828928001,2.214564048086686
-0.805970391,-2.807568368,2.7692112039800416
0.16554395416897488,1.6001404244974147,-3.95198645
-0.813505948,-1.281439495,5.829103627062169
1.4761655997568948,2.088502451138573,-7.75135631
0.11754923216961159,-0.150219953,-0.142094278
0.3257711877141323,1.6745563197216686,-3.767376001
0.1666337277965514,-0.649876848,3.3675785474545217
-0.018842324,-0.90563019,0.29565440800257603
1.2085993627210625,2.4235545996461356,-5.462308659
1.352559154900603,3.0314292007936907,-5.051000408
0.1653728731942829,2.0481436844575494,-5.306440065
1.0149846147450627,1.5661534759538274,-3.331730063
0.20712848988375251,2.254130808391536,-2.542250668
-0.033967942,2.133402916621363,-0.361879265
0.22434535965046912,-2.001233818,0.9198255722907147
0.372394466,2.9667875190589896,-4.663046997
0.6924166653940097,0.36491050571599787,-1.616890829
0.844425361,2.626429965537156,-6.402255677
-0.219337804,2.7156340237335845,-5.334744475
0.6428969539123014,-0.87924729,-0.032731784
0.8765255327448043,0.434429005,-0.442482868
-1.116478647,-0.394615879,-1.386568069
-2.618802019,-2.555492317,4.940117597306223
1.8643380081710825,2.290954410370904,-4.520406465
0.8153661496005452,-0.433878079,-1.549428159
0.22287893402980857,0.7499818367830713,-1.078258327
0.804150511,0.48906361145817323,-2.636475333
-0.234805446,-0.738539574,0.4281602914301162
0.3418626242955526,-0.637884248,1.4708654697528287
1.295561944423712,0.8149313152018245,-1.961828142
0.4937908902131628,0.6114815261235561,-2.485900112
0.6213574872107672,1.4290701345662007,-3.782984684
0.549776207,-0.284537167,-1.617790891
-0.968011943,-3.441033779,4.914757157028965
-0.627658562,1.383255399,0.7636346303031201
-0.536498733,-4.537896351,7.080152386624358
-1.910487502,-1.955527499,4.075753850389959
-0.551377653,-0.998391796,0.6994411812528522
1.5093339436003281,1.401709271226961,-2.830573687
0.029655098569840662,1.614961474331379,-0.749525287
-1.024584494,-1.654339257,3.634670797865922
0.43296650240443907,2.8983632856265826,-3.377392904
-0.169897601,-0.271467826,2.9612803537108396
-0.543505298,-2.819063204,5.931733449127532
-0.546639821,-0.665534602,2.116561381228249
0.17666843930643059,0.079429502,0.7872146613342048
-0.985718028,-2.444452839,4.672879012855116
-0.810630229,1.2049214156040202,1.2231420830679296
0.3778468234581047,0.29822841464864414,1.9290349593156015
-0.975311204,-1.201021096,3.062121844829705
-1.427899653,-2.003626597,5.842855770781539
-0.304028162,-1.238069238,2.842234417487126
-1.024385172,-0.663598941,1.6006571187955423
-0.445594861,-1.533296125,3.948739751251893
0.9275539847678086,2.8137700563355224,-4.538296779
-0.90585839,-0.408943198,-0.011416013
-0.115575673,3.123221125391928,-6.451979038
-0.462033355,1.3159996406218413,0.028242397017716248
-0.53126325,0.7261589764642129,-4.060434006
-0.213232406,-0.218846248,1.3123265515878408
0.010242807152049893,-0.554331742,-2.428905255
-1.842744879,-1.212317286,6.982587508878367
0.10295514244844917,1.230917873395397,-1.013396962
-0.024591117,0.8849346970556293,-1.370694666
-0.251411213,0.48427445051310436,-1.058240088
0.3046082133261111,0.019263225038191792,0.081594781
0.1520772356625049,-1.740876132,5.354370642439822
-1.190870459,-1.165514858,6.266998247425303
1.1818233905509323,1.6883428333700286,-2.560565581
-0.032890466,-0.929278508,0.8262511470709204
-0.945751911,-2.274978442,5.694848517306464
0.9969832271195823,-0.212110401,-0.162524831
-0.423089432,0.9198407621845524,0.3116172458788685
0.31850491563830263,2.976338051514286,-6.429649624
0.14960531847860453,-1.245265563,0.7412849634516521
-0.579382869,-2.220770019,6.631180012322491
-1.199795176,-0.60771461,1.239932040498201
0.1618843104558421,-0.477076451,-0.424515065
0.5676657687116408,1.451203634398664,-2.357974488
1.519451824310772,1.770459844497267,-3.418370352
-1.439918929,-0.770566057,1.4909350774779313
0.48297139,-1.930586781,4.255508292521615
-0.124760776,1.6567362365519456,-3.087532383
-0.197406066,-0.913493505,3.016201109614318
-0.152527588,0.3157789573387968,0.7712850944996408
0.3757214788151232,0.54361206,0.6193101910217446
0.3369859764891642,-0.087266356,-0.097154491
1.4011919389254346,-0.208410104,-1.692677401
-0.729193479,-2.138287693,3.2489164019701833
0.021968706,-1.406145916,0.14891466838969591
0.7542501213212982,1.3058474723879816,-5.954343263
0.8371762820941904,3.393304996114411,-3.655152323
0.4016767187009067,2.2378868152588804,-0.716216711
0.29149743088215513,-0.2155846,-2.712650572
-0.374876894,0.4402567379016809,1.896037296633118
-0.20164941,-0.166506033,-1.076165333
0.051909136,-1.392439757,-0.935230662
-2.350078709,-5.762224751,14.89704094442878
-0.611774357,-0.443257441,-0.459931159
1.2419764688591133,3.0540073818195115,-7.005564365
-0.071387947,-0.42198434,-0.986895458
-0.499790858,-0.291836779,0.6461681390182337
0.7166792152940605,1.4573645809746756,-2.370686538
-0.583944778,-0.869888693,3.801783834962437
0.8754832885284304,2.5668743628510757,-4.674373452
0.5998838453468681,-0.520563259,-0.493499204
-1.521831523,1.2951836721934882,-1.041639938
0.1590814250319829,0.9263575485988849,-0.824677206
0.2840260977211798,0.7514917106955178,0.5840822246514938
-1.790499094,-1.70100117,6.537473966544998
0.13208479684103003,1.6081255851582617,-3.493244993
-1.327325688,-1.5455444,6.738444458418157
0.027627153279837332,2.1709927007009413,0.06306756
0.269441103,1.4562989667224884,-2.029456995
-0.109923607,-1.435110014,0.6462748011524884
0.23074478519927924,-1.680719674,4.4890090434222465
0.069404181,-0.337284638,-1.863455346
0.6931763837922874,2.892372677830993,-6.921148294
0.3512961081953436,0.1518817887910655,0.00093687
0.43262807303709605,1.8023349920416987,0.42460092922562764
-1.016970182,-0.582187685,-0.585770448
1.8480821338457654,0.034253508454897136,-2.653048973
0.4787540996185449,1.399902270289671,0.13032791547404227
-0.538714799,-1.346925955,3.7267263737266703
-1.244900076,-2.814350383,3.839619212725487
1.0106704867786247,1.3428780566517409,0.000215078
-0.031220035,-3.505407184,6.40399873
1.3240489386352725,0.7969001444264714,-0.356082266
-0.410173862,-1.820281269,0.8872396490136383
-0.161120242,-0.583062916,2.6330431964938743
0.32646139602454205,0.807068737,-4.32132023
-1.199253443,-1.73609313,4.408782246586608
-1.375519885,-0.329011063,3.559974854184167
-0.747627703,1.3054692634848433,-3.769829319
0.779964619,-0.166062729,-2.412284377
1.3015609846087794,1.0513646678356916,-1.443206298
-0.447479388,-0.449564583,0.15621219796011618
0.090003941,0.35345822603692867,-1.008550172
0.17062607370319108,-0.130422533,-1.55760849
0.5992697829391109,0.736649335,-1.69477471
-0.816687693,-0.379060713,-1.459935401
-0.376733627,-0.159976598,-1.114567098
1.7816097673208873,2.778497850978412,-10.45098148
-0.500986816,0.30410752937512897,-2.385723855
-0.364217109,-0.204581761,-1.615002905
1.4514399136643497,1.3264756194589646,-2.752832654
-0.272883864,0.4106329427859539,0.21075995103018663
-0.478862988,-0.890169594,2.4164134828790216
0.706553138,0.30838636171272826,-2.923426575
-0.145777837,-1.626403912,1.2214696495708037
0.770899772,-1.031225237,2.2546926654416497
-2.301720431,-3.199228495,5.713578552
0.6897757700896501,1.7636039114658701,-3.705326953
1.0017267839991053,2.6731962832130005,-1.880320893
-1.833373137,-2.13359005,7.787744089358488
1.0914440414221795,-3.048315203,4.856162554492146
2.0161952080156893,2.033461190758931,-3.155754132
0.7008750017025789,-1.960388543,-1.595824135
0.5260978651907384,-0.260070818,2.308605616073738
-1.088276154,0.12698660972435777,1.4485733649294574
-0.737005089,1.9833617608517162,-2.253446765
1.6433519320407788,4.091714988353405,-9.427666602
0.050301028584246385,-2.118642975,2.829348979154339
0.6361748187960199,1.8407675798919056,-3.780983089
0.34653024995280485,3.0966777450495186,-4.186466258
-1.093390394,-0.997281553,4.237515945144737
0.7581202422052281,0.2025888275205241,0.8325962087275861
0.15059783571040863,-2.734148467,1.6222320159865773
0.6930725953058717,1.002700349170559,-4.176200631
1.2412666531695213,0.7825894875324154,-0.850894404
0.6949351867230179,-0.323557339,0.5935619286465125
1.0842219702225517,3.137783712,-7.560279132
0.8781295906222504,3.0526823055206735,-1.416760065
0.014156640647313246,0.04769566,0.21199965380357044
-1.013184266,-2.244653661,3.347750774292334
0.8302022652268543,0.11066588880556993,-2.092221955
-0.079017118,1.2615298123201304,-1.213654029
0.9926850946157608,0.6944511508880482,-0.703589953
0.083564962,-1.162813608,-3.489028587
-0.269014937,-0.006059036,0.5498700250311843
-1.249210043,-0.280332193,5.468834736096446
-0.205101523,-1.931030462,3.987655176155498
1.2625082481114656,-1.35854186,3.0037388923513926
-2.194769772,-3.282364317,5.014408198998211
2.151460298452979,1.2463987357909745,-3.966902853
1.2085291325348906,2.6647234738330323,-3.982976691
-1.455585805,-3.399381873,7.300813726974382
-0.356924633,-0.033231029,-1.614097806
1.637599845072123,3.6367790618133116,-7.87980625
-0.120088267,-0.140690637,-3.632309446
0.9775171898108442,4.291580367219105,-8.747433068
-0.299683431,-1.035871934,2.7441283775564385
-0.851243658,-2.304173168,4.406708737348706
0.348752108,-0.467060667,0.6880217471094917
-0.395853748,-0.759378174,0.4814104886470236
-2.072658505,-5.399801486,4.012701773172389
1.109084629055192,0.8060646964851158,-3.677620709
1.7149289723868826,0.38720180755197564,-1.620537964
-0.39652797,-3.227728304,5.202736575205957
0.16619276317666357,1.8455701908318027,-1.793463766
0.3621134224074091,1.1508008892581891,-2.784577599
0.5199086426064036,0.4971202946240213,0.8781037951237789
1.9340743199482784,1.7881274854112617,-3.952425195
-1.940621618,-4.286339821,9.983506508598092
0.44092003036300076,-0.424650627,0.50205089
-1.685558879,-1.973162432,3.472101822243224
0.099025326,0.051817593277381266,-0.316392631
-0.011294391,-0.517600783,2.809738555851121
-0.700071619,-1.298931815,1.2635647612003356
0.8538840270365049,4.201933456254993,-7.656485502
0.2041743902422881,0.7222436109887181,-3.066483117
0.6411223352619884,-0.062109301,1.0523762902513891
0.2789426502922177,-1.039431193,0.7334099791660897
-0.089050035,-0.512156303,0.7835440420600324
-1.031228137,-2.239900246,6.5071705972236655
-0.50775006,0.6284637509723978,0.5901785021432535
0.13584512634280585,1.3625665370566682,-2.886782949
-0.054103046,1.0758496758461735,-0.845763598
-0.080959441,0.6343563680167869,-0.61310036
0.8722052706353458,1.8860537379294844,-3.669485772
-0.17833775,0.4020677452844189,0.7873945031710989
0.32642106062177056,0.9330515542993217,-4.511050667
-0.784831782,-2.019325543,2.3534174675989505
-1.076114825,-1.801112583,3.6535750178240027
0.3684394065383478,-0.136839443,-0.456712111
-1.402793418,-0.79725404,3.1905923621837022
-0.122702856,0.24026886745941067,-0.973985363
-0.764334475,-1.94959193,6.743948297394129
1.3321802400643978,1.5741041997132026,-7.376347351
0.027530258631509583,1.1353807927093906,-0.785988232
-0.014888366,-1.012709554,0.7918961346430897
0.39709015401623965,0.698445813,-0.564540169
-0.053043851,-1.785490827,2.682241332170468
0.9660202335007443,-1.768899501,2.5761143368473443
1.774579038426631,1.3222721572199772,-2.615201072
-0.409047832,3.482621911746781,-3.483684922
-0.312908739,-1.097397897,3.2699888293200434
-1.950901684,-1.026609546,3.462792185920742
1.177084652134895,-1.787329492,5.664863431534739
-0.687088573,-0.772491673,5.700482556525291
-0.665518428,-1.426016826,3.0949590556591255
0.5212334490419173,1.4256398477485765,-0.475769367
0.289843904,1.5148434552784997,-1.721097896
-0.148839939,-0.77772582,4.463988013622699
0.3917961987543237,-0.423757629,-3.067625263
-0.862572815,0.5354423360482612,0.9047147786959555
-0.028048812,-0.800087533,0.7060988165845316
-0.678868753,-2.16983351,4.726315328
-0.565183351,-2.165219004,2.492274274640338
0.5454395511148316,0.8866222877673215,-1.821348468
0.022423187438917806,-1.51141656,1.6937828747752774
-1.109098381,-2.374781959,3.836778988439235
-1.162365016,0.5749995008224721,0.6916839139314435
-0.523220745,-3.071496346,4.624039842549917
-1.129461716,-1.486030805,2.328971763989414
0.015031276214920404,-1.404000847,2.6474476509887586
-0.370501704,-0.078826382,1.0515551272384198
-0.340447496,-1.754978133,0.12574010655840473
-0.336451335,-0.263933231,-1.621455624
0.049960992,0.6203032720185411,-3.474113845
-0.885493307,-1.033134473,-0.347718835
0.5344376140308437,3.8292884127331765,-4.046312571
-0.13003479,-0.653255463,0.5920367662723107
1.0577122975875868,1.7568489489891543,-3.649326927
0.35704922998495037,2.0314313884167925,-1.364518956
0.23533875661921488,-0.895962641,1.9216123661193705
0.7918861074248151,0.9328221037327328,-1.192017793
-0.324616742,2.322834315392548,-4.15535722
0.377759498,-0.302692863,2.422959434192943
0.8716953412368619,-1.004410642,-1.457049393
-0.733993631,-0.376825096,0.40423248802931977
0.12279304830162241,1.537070402703495,-4.792080363
-0.073425389,-0.812012152,1.1282553834896558
-0.935849998,-1.220724139,2.1661551492386786
-1.256031591,-1.592984036,3.2298449724137046
0.46705229881233773,1.3176301726238306,-2.953160996
0.25741702606261607,0.878281991,-5.132280227
0.4874358826880192,1.800085093523792,-3.893163034
0.8916508147254395,1.365028126940503,-2.083575229
1.2082171647346447,2.579674857689413,-5.012419539
-0.698234228,-1.320741879,1.2204560051119222
1.3192246493449147,0.32622721288063805,-1.223418388
1.111621646,0.5511787239218322,-2.821746958
1.970676501231373,2.019247616942813,-4.636846157
-0.829304079,-0.200628766,-0.806287245
-0.892356661,0.1967056760516216,-1.555686051
1.5561564982979803,1.2493778149277015,-4.225803968
-0.932786798,-1.064161125,0.9203200694355169
1.6788886647159587,3.075304172,-6.892313435
-1.418907097,-0.928596344,3.3563298780397144
0.3619170328606475,1.0207773953756825,-0.741502739
0.8686801703396817,0.6252423522650556,-2.111233414
0.5105467541093881,-0.014524103,2.859731805753193
-0.528061093,-1.113245328,4.8291693079898295
0.7983514647172225,0.3124068149597764,-3.451547183
-0.287875412,-2.119178173,3.948061594
-2.027088547,1.0264802677342741,-0.877809463
-0.135778652,-0.789781914,2.203573399092587
1.2442092444342423,3.8935338982716914,-9.656110417
0.11347889280320868,-1.149460854,2.360373195550876
0.6338145217139168,-0.800810526,0.7155935006897879
-1.301339405,-0.858296267,1.7694348803477042
0.7107950496745546,-1.465475463,1.5669472456655973
-0.047233189,-1.247376577,1.952850470140098
-0.2970771,1.8504519144785112,-0.74811407
0.5548106185442023,0.011688948293684276,-0.359742524
1.2024914687530661,1.0981826437927904,-3.657456984
0.28434339762312927,0.32039438955253946,-2.352274177
0.016737757503640534,1.221463607500178,-3.4933683
1.0890736292529368,-0.382650432,-2.069464092
-0.409676417,0.7420999219006505,0.9915065631144415
-1.013981524,-0.139888067,2.350390598
0.2227279998390044,1.223842391,-1.013915026
0.6523367179992178,0.47075126125367783,-0.961757978
0.6038817961149128,2.423947011590503,-5.166239825
-1.186282872,-3.047426045,5.954349684677243
0.46163744129847145,-0.773615997,-0.736187778
1.6436172116275694,0.5416118682504121,-2.004198942
0.6517265952228214,1.165399025848077,-4.308140056
-0.326176347,-0.051118903,2.299576264473175
-0.802273801,1.1047058406794523,2.125621534949939
0.3810926148854827,1.9815054965770915,-3.287908195
0.15261157735432612,-0.321433332,1.6209630611287524
-0.339751781,2.1115402814083026,-5.351741103
0.6622933490815162,0.43678074598556477,-0.060658125
1.0033681537846122,-0.394012487,-0.666165205
-0.664491737,-0.551986288,0.42195093632784275
0.5976680518030587,1.5852893234207908,-4.233237818
0.3359532403774895,-0.269845925,-1.609832456
-0.952263464,-4.039037761,5.922171631399759
-0.864318594,0.044792313419180996,1.2969545007725987
-0.106799836,-0.223633711,1.2496724752935704
0.4408942691727629,2.27375907,-2.413810213
1.757434826777486,0.4635336369491557,-0.966076952
-0.039685512,-0.231853754,1.6847306263169026
-1.308445208,-0.342957238,1.1246271606811817
0.31667218043609796,0.5037071555268929,-2.463247505
0.58382127,-0.769890112,-0.213661754
0.4510281224959341,-0.490170008,-0.527251359
1.3771805592309938,1.8976092445367272,-1.959381863
0.6457820908072309,0.47866322857848637,-1.281105617
-1.086790843,-1.900177511,4.984757410470701
-0.583147896,1.9221380536740007,-2.035378775
0.47919614314234776,1.3998008290208932,-1.676666438
0.32814958536025535,-1.38493005,-1.919259493
-0.349456776,0.387600248,-0.161379775
0.4686522865352593,-1.246268061,4.047404491889187
-0.963925437,-0.324921587,-1.006923317
1.0433944557436652,3.061026213575116,-7.933104628
0.36490993982115716,-0.544017528,0.342210673
-0.02400444,-0.636060021,1.8217827879394863
0.067936749,2.0766679285185665,-2.840558589
-1.894129789,-0.644435134,3.842830355505537
1.3724752199003705,1.6714048202298564,-6.684361072
1.876759990202863,3.8259535774895506,-8.263027578
1.4390948372523718,2.575513635135973,-4.179698895
0.3827495570466039,-1.442295418,0.5657716339267211
-0.309128006,-1.126026403,1.9868218479614674
-0.571897377,-0.114547364,0.7962691716188643
0.9913916584526706,2.548804060999456,-5.132229785
1.0499436035144223,1.9302588108046161,-4.837082774
0.4054688941403775,0.6576051180640023,-0.987829183
1.6483591830682058,1.104429547757373,-5.8149526
1.7690143433609593,1.3666420032921245,-3.245641899
-0.301167758,-0.890884135,1.100166012073813
-1.469866378,-2.321721293,2.7249835656661876
0.45783199428232985,3.180075576417436,-6.36074355
-0.441818792,0.7590120992425675,-0.206641015
-0.706126607,1.553388908758481,-2.043849321
-1.213077258,-0.488307141,-0.863573676
0.29629982556399526,-0.675853486,0.5721060539421975
0.6915519139731741,1.2623546503919172,1.297033398876942
1.4423306841488421,2.462194655590671,-4.682028546
0.32822041303401145,-0.640564634,-3.771678833
2.204411250334902e-05,1.3470657539945652,-0.557772812
0.00497952,1.2994954797064255,-4.100282279
0.25156463706149496,0.3601491399326975,-1.7440711
-1.448895949,-2.733412469,5.7318587804154495
-1.9061845,-2.255296796,4.572694326370822
-1.26310728,-2.09614254,4.608430294814529
-0.291565439,-0.628422791,2.416796199130076
-0.576774464,-0.824207944,1.513016613
1.9372315287067323,2.1526411443675757,-6.260366434
0.44930160680828357,-1.378955969,3.151772214634373
-0.208045802,-0.620903526,-0.350756572
-1.194066883,0.3895770321105124,1.4808595277355865
1.3379027949704552,1.124952420163448,-6.376957134
0.5753100736644127,1.488819868160559,-5.277812831
-1.545479492,-0.249090513,4.382352019633261
1.056187101123914,-2.12983258,-1.357462381
0.6920070367833469,3.1874565644704864,-4.412277824
-0.996985529,0.3254062698624425,0.7894786154767317
0.5818473629793477,0.4696617675182161,0.7139441417847635
0.7215160836983668,2.0424646359728964,-4.6335454
0.1090159619860765,2.182359353985106,-5.952621574
-1.983326558,-1.904196006,2.8277953610765594
-0.964629057,2.627297603489459,-4.930097292
1.6875230980325568,3.162890391845136,-5.613855232
-0.54117014,-0.778664495,4.431912899661703
1.1814892301972846,2.8938242343895055,-7.49724049
-0.647979056,-1.065613532,-0.303165277
-0.361711643,1.480108673,2.287463324465251
-0.221045948,0.5611491449561636,-1.230599037
-0.686486827,0.17248453861375415,0.092218834
0.41238457170216825,-2.762821502,4.717933131080604
-0.165510798,1.5934216678823918,-3.121059046
0.054585409824676495,-2.516241059,5.575123396906783
0.5776084791005889,-0.784362846,0.7676509198343686
1.6210366625386174,2.0539441739133335,-4.213865656
2.6052680739048895,1.556221777186273,-4.251989637
0.087617117,-0.482892682,1.2357557603667895
0.086853222,-1.339715529,1.440336383469143
2.274587745783402,3.507562068041958,-7.756712843
0.9710140189428668,0.4618164722062048,0.8759368865143198
-0.529630164,2.844944234725961,-3.339754226
0.4682941662982249,0.4203733236555862,0.8800353165187677
-0.341214647,-2.957943909,4.856525072
-0.005419228,-1.249542236,3.8994079342534884
0.3649154591200603,-1.510966956,1.0615508473413051
-0.347109388,1.5729525032694271,-3.11339204
-2.121650544,-1.363536806,3.765015438353904
-1.219889168,-1.70699828,2.7612082459052596
0.783142021,3.1662561291318356,-2.673993722
2.271250207988846,2.777125070566853,-8.037448353
-0.174312032,-0.042361038,-0.529225995
0.5988855373804197,1.0102556036980073,-1.995923355
-2.111042733,-4.101339608,7.166307293744694
0.5875880322327265,0.9877058420912371,-3.763393841
0.9875296970939932,-1.85465296,2.912450447809631
1.653634426946802,-0.641720339,1.4378877725370358
1.3888348708640414,1.8106363004613089,-6.001840101
0.8191577703990914,1.6773983223097333,-2.676982313
-1.633328072,-1.141961055,3.0423583286129414
-1.226513412,-1.165030476,3.970274425932149
0.147529298,4.047058422464684,-5.946436558
-1.217753858,-1.708906086,6.053753486526904
-0.383618428,-2.207439305,3.8908195374614305
0.020308271251010073,1.7969036434926553,-1.142251595
-0.041212949,1.594644798080969,-3.024306779
1.914334815920051,0.44194355399247565,-4.07898022
-0.066136944,-3.217013002,5.305630181723052
-0.682907529,-0.346537124,0.38778963341662687
0.5003892232149756,-1.355199119,1.8505914424197452
-0.247728324,-1.31631951,3.7796288828579954
-1.62648214,-2.106008163,3.9607455799286235
1.2200020701830991,0.8865308406067405,-1.286199223
-0.403463714,-2.565191445,4.564069252076362
-1.07656704,-4.443613925,6.409549579776334
0.18945421901650747,1.6307395689721975,-5.73826131
-1.836367845,-2.60238409,5.355141157
0.5644362431529143,-0.721045433,1.787488762223044
-0.253267548,-1.449910108,2.162799767454153
0.36165310449298727,1.721453651979668,-2.872109908
0.3267607212402219,-0.827167364,-0.404301002
0.68918329,-0.100731456,-1.944879145
1.6737130397226507,2.0679166777674762,-4.055080914
0.267507979,0.832944103,0.4978041410810316
-0.384629691,-3.421241752,4.986983067520425
0.087701581,1.5636849529649095,-2.595088835
-0.094736865,-1.576160076,0.867854617
1.1545812361273549,1.7610415406281412,-2.38402576
0.8411454755536752,0.9593859948634301,0.062150963
0.24768260565495365,1.2955042660720515,0.054388802
1.6276533522813978,3.227349959808948,-9.489535839
2.211701706518608,3.968131968421096,-4.686721461
-1.246732474,-0.174769285,1.7700081442199602
-0.891875129,0.3977454265480185,-2.842936742
0.5858882006365081,0.5475562916965888,-1.103676918
0.017706684701170372,0.13737041537972777,0.6885263020203949
1.381411224084257,1.7463515365379805,-1.715409929
-0.99931236,-1.870546295,3.838936502574153
-1.565415833,-2.76695452,5.344725901126634
-0.548231054,-0.114399134,-0.229928334
0.041073773,-0.652042097,-1.142605158
-1.495739573,-2.660190772,8.067657148482699
-0.678143166,-0.730540136,2.201219539766246
0.10721843866076043,4.697373396436802,-3.978970931
0.5613506277069349,0.3746867625551129,-4.154523849
-0.704019166,-0.805790726,2.012802331217866
-0.523601274,0.6373986864614327,-0.69442187
-2.571909849,-2.531054394,8.952638166845212
-0.116276589,-1.676699344,3.5518769868855955
-1.146059989,-1.659789713,1.1858773464038845
1.3308575322210636,3.0318253128292603,-8.6776298
-1.057682614,1.6047798790367367,-0.899835329
-0.344447925,-0.692653912,1.1991924461831467
0.1502249859394712,0.16287902207176919,-2.660691066
1.772522044203996,2.8849838486447066,-8.614768985
1.0325543389422025,0.9459807633586883,-4.247463027
-0.628533108,-1.453045453,3.4459136996896342
-1.000098646,-2.077578986,3.003728340552242
1.1306805147894436,2.148959575795323,-5.001226956
1.4306600959004647,0.3846341183605062,-2.725224146
1.327032412336534,-0.106002032,-1.881197299
1.1641020475990382,0.20546110216512314,-1.001822578
0.2528750680172224,0.5172446173680353,1.6735824383379132
-1.850796633,-0.638636414,2.763124032513142
-0.149688217,-0.49942986,0.8149868505758877
2.0832175406280085,1.276084906919344,-3.803874118
1.2918533612803935,1.1711276010982707,0.4870370020721295
-0.128676918,-1.339516875,5.706943109222299
-0.250241728,0.073897005,2.586980112596777
0.4168855946556024,0.7852873694363559,-3.289806221
0.7145303637866091,0.8152051806897276,-2.874002109
-0.558512634,-1.808674285,3.1549973238236455
-2.573618941,-3.99969176,7.913018866526765
-1.431270667,-2.676930774,7.019236459186214
-1.66006429,-2.334742225,6.701731311
-2.197654381,-2.745503915,7.786049445411097
0.8332858089183797,-1.531127703,2.095089855984352
-0.297203784,0.35634347200462224,0.7047904867886763
-0.216338407,0.5849519157473958,-0.625395781
-0.077648182,-0.041415747,-0.41028518
0.24596632520923636,0.4020140288252808,-0.793651881
-0.474053448,-1.83459939,3.279400839187215
0.653085161,0.1594280733911032,-3.009818773
-1.439139932,-2.648029192,5.062760760849131
-0.445964954,-0.224316555,1.899312241855709
-0.32653014,2.337559631324946,-1.933578961
0.7497226057659991,0.12087603398453811,-1.284566947
-0.240273181,-2.499024859,3.0510213892609714
-1.335864836,-1.990063172,3.558564129596461
-2.274025298,-1.014572003,3.7396939324642338
0.5543126844573589,1.137514132133668,-4.42768568
-1.830923425,-0.911307844,5.403542972168427
-1.225665743,1.8590708088152994,0.8603840377237046
-0.239903434,0.2250337624195538,1.2170682143534999
0.2242704141722823,-0.414674603,0.7823185934247026
0.14411546458824934,2.011555127396834,-4.36817054
-0.447286891,-1.383272698,4.104102631456113
-0.033224759,1.9614779021112516,-5.014078727
-0.6026548,0.7291473505688257,-1.979754862
1.8144506760407138,2.0618783337158653,-5.821828112
1.1233695758579585,0.1702536769651648,1.0358453556806442
0.33421407701152817,-0.619792198,-3.787506172
0.366711785,-0.787712748,0.5377064900371432
0.6693192992905816,0.373866708,0.31557304720003765
-0.633162473,-0.527505896,1.692198547145352
0.5542291461227015,-0.484973902,1.087732087145074
2.266450719486205,0.49978597788729884,-1.549830912
0.18346286554050098,-1.4464151,2.8310926948495996
-0.478175124,-2.250181579,2.693147898268901
0.24427444694104275,0.7310485143474804,-2.114423933
-0.609578733,-1.458871095,2.623092373522184
0.086388535,-0.256537961,-2.679643996
1.364062624844952,0.7665926146174897,-1.308167866
-0.631257635,-0.872874876,2.606177767764149
0.089887225,0.8081092585867247,-0.147126385
0.7898825438732703,1.3971208322048567,-3.220093669
1.472678827077785,3.629526589071308,-4.190214121
-0.834850594,0.9162176671767592,-4.118078651
0.3520648153957207,0.1008539042250054,0.8337251392727132
1.0023098809841775,2.744469188,-2.69276943
0.5722092939065809,-0.078914232,0.4844343403912237
1.6838118449194899,1.5536252840883749,-3.362620038
2.3512169199762636,0.8700391265541316,-6.937569572
-0.690360533,-1.617767625,2.6381675452337294
2.304004126164896,1.2543790705881814,-2.827325925
-0.924691983,0.8737849137621431,-0.255810977
0.37361627732468927,-0.235443443,0.9853057434755226
1.5879283957690982,2.597696360064656,-6.473245646
-0.467117005,-0.137276219,1.457024615347038
-0.717773498,-2.742743237,6.174595134231021
0.071401179,-0.164374997,-1.075905455
-0.403534508,1.9517438629622657,-1.635971763
-0.256040757,-0.11524296,1.4164834626136822
-0.386144044,-0.986294952,2.432721635
0.6079850659916299,1.476404237532684,-2.84843639
-0.386094913,-2.068646721,3.5144805212639776
1.0744771350101412,2.467767182511813,-2.571991682
-1.074153878,-1.583584029,4.868571827439841
-0.527669616,-1.766688892,1.882420953377193
-0.334447439,0.7960175813658422,-1.367127194
0.3392426994563631,0.19375660723537408,8.557912697693126e-05
0.38177752877806775,2.2866003077242065,-3.984901356
-0.439931516,-2.84822815,7.017736196
-0.203817657,0.8801004223490283,-1.414424876
0.6307064537432683,-1.84190654,4.2007175009520825
0.7418452867946943,0.6525495585248099,-2.553337362
-1.35889205,0.7089880636352776,-1.086545629
0.5625777446156315,0.4574543437186936,-1.829554268
-0.538411415,-2.239175983,3.6516533309895705
0.7440080092561547,0.8143992417459134,-0.492270112
-0.215008707,-0.13787627,-2.174900451
-0.199863934,0.2521874449433047,0.18138719307948403
-0.768596845,-0.569796837,0.009683363
-0.161620081,-0.736757224,-0.197860905
-0.044468488,1.0150948220460356,1.2986411559278244
-2.554007841,-2.548511704,5.739977813715323
0.9490728282171591,0.067736163,-1.964571509
0.5164984343543347,-2.214299433,2.2340973418571415
0.9484189190096467,-0.319765981,3.4507344987921513
1.2544677788411567,-0.901956812,-1.821788095
-1.816968821,-2.1974779,4.212646457151706
0.4449410552588445,1.6481916284348581,-2.880842499
-0.782043238,-1.84280192,1.6042954882634275
0.092659694,1.468608575609252,-1.428698111
-0.973768728,-1.015414926,-2.239911354
-1.707294433,-0.704545964,2.8275204806045524
-0.279435449,-0.114026383,-0.484360208
0.45796299476431823,2.065731863293559,-2.40955016
-0.815309543,-3.292436762,3.289273989303386
0.5992263279629422,3.3989569788957583,-7.31965521
0.9481864164024782,2.492057947107754,-5.249620961
-1.454087857,-1.984244235,3.964409878779893
-0.915906605,0.38060065864580633,2.5119799146656208
0.808370163,0.49960800578711884,-4.325922804
0.098836554,-0.459356166,3.3661144864264942
-0.404746258,-0.18048126,3.1724073766396197
-0.637880042,1.510240120000602,-3.228013602
0.15870391936291292,0.1736361262125261,-0.453717454
-0.221298244,1.1640638597547792,-0.732239965
-0.815706474,-1.243752602,1.7696577344077644
-0.915263788,-1.021469219,2.315660984186199
0.8359655295493102,1.0940170180434623,-1.556753158
-0.890073514,1.0614552577078584,0.7620117704882721
1.4390825911532752,2.006326356909172,-0.974991636
-1.021447898,-0.160799098,0.8673629284044959
0.065855627,-1.691434986,4.817678387498285
-0.482256993,-2.550231185,8.1854738
-0.189236307,-1.441873455,1.065662569246816
0.6768762919888801,0.6175531432681697,-2.374422988
1.5248988325609554,2.633462207,-7.161363873
-1.015004287,-3.309020612,3.714167015842021
0.061994247,-0.035567706,-0.951515597
-0.281153946,0.41294889146814795,0.9202320503473683
-0.329343062,1.355771218756896,-3.69392105
0.915262123,2.006190343080663,-2.316356076
-0.317387777,0.7031917969297589,-1.405832776
-0.345778751,-1.920215492,4.486335403677149
0.2508083644320482,2.508198382286756,-3.463193523
-0.097813095,-1.12261771,2.2368769727789335
0.7406814863748806,0.7942500812962059,-0.888088387
0.4089168616790256,0.12159194847156507,1.7661035370928566
-1.163298029,-2.370358019,3.318199100788128
0.6103806696874302,1.1748707501142168,-1.601984165
-1.657637241,-0.551405008,2.617270121426153
-0.01829402,-0.129279312,0.9277314331777429
0.833921076,1.5686534504824192,-2.639629564
-0.012724325,3.3484328017745026,-4.099176639
-0.62608586,0.49053781558441467,-2.815978716
-0.385654946,-0.163620536,0.42292010350536374
-0.892467935,1.9877008587426177,-2.226621265
-0.334388238,0.8409587420048261,-2.119241635
0.11942890236159805,-1.344148968,3.0272460069716063
-0.267648567,0.281830215,2.7225257485765413
-0.5925803,-0.429689553,1.032044478767344
1.3917661311990488,3.7008424306729832,-6.296814872
-0.325769629,-1.103993759,-0.107087274
-0.126883847,-1.242830345,0.8389088937418403
-1.309676202,-3.613897187,9.495095050982323
0.41358411722085725,0.5474599654877268,-1.821589377
1.8239028471912035,2.674612678595198,-5.106217617
-0.509309385,-0.699625931,-0.15915416
-0.899069712,-5.65756261,10.308784637559809
-1.826474094,-3.062359087,5.5367324069297466
0.33968746293626956,-1.138633203,1.0819066246947577
-0.791894887,-2.343319644,5.000085443906042
-0.278037274,-1.747567091,5.946448091
0.9349283831318238,1.3116350914155979,-2.380561099
-0.483064392,0.3080704233409708,1.6143554296369338
-1.221185811,-1.541118903,5.346485754279254
2.2041552021016177,2.104105719987665,-5.975372477
0.21513260139890575,2.3334053920197104,-1.738050466
1.1410645316104566,1.7929234608245581,-6.303828779
-0.448382112,-0.442902884,3.1039256433906677
1.5981381597703765,2.1707097591039446,-6.212705318
0.32241559748685117,-0.865139233,2.1859278347194233
-0.099329778,2.530934301684897,-3.921592657
-0.843659351,-1.580486934,1.0868332892257841
-0.299178581,-2.316009308,3.461384626572433
0.47369174420458937,2.031265959325813,-6.749053876
-1.261835911,0.1041549700472118,1.5253566466476007
0.30124920562976576,1.9848311756472574,-3.900058218
0.7270865389436896,1.0355227092492054,-0.106084852
-0.281848803,-0.876683817,1.6669231427458955
-0.028043579,0.4478324067127091,-1.407491974
-2.618291736,-0.810779267,6.380481338514472
0.9266461533567515,-2.464300189,1.9329343117958295
-1.388871495,-1.396470255,4.659077901290591
-0.502927793,-1.688596878,2.885261250216442
0.12305517803102249,0.3714470894193064,0.7202589544001639
1.1092750329868508,2.888223644909698,-8.835127267
-0.234417227,-0.267633035,2.0859979676407328
0.14199294555454636,-2.351963999,3.6587216882958553
0.5906871369186457,0.9386373508145354,-2.835652147
-1.957524833,-1.06566614,2.2795098173656463
-0.00993854,-0.58912725,4.060566030776584
0.40885019543421347,-0.068428019,-0.334365155
-0.961314754,0.050271778,2.161273896272064
-0.083484074,2.7404234730529007,-2.149235053
-0.888292437,-2.658126476,4.735518179924637
-0.253056585,1.5265755389401532,-0.41062615
0.5940111700391774,-0.101263064,0.11559984677466872
1.8876773286730057,1.490944855052803,-3.635354604
1.8191696681710403,-0.372961844,0.9618809164719326
0.9381458764783768,1.7919093687233072,-3.493324127
-0.085949593,0.29412557378611814,0.9372986263509511
-0.610289964,-0.018953843,1.9993073885615436
0.074388631,0.9701018928041647,-1.824984995
-0.565577964,-2.053951945,5.427124590496418
0.9280915768893835,1.0401677545013452,-1.925664518
-2.832192595,-4.356379834,6.7072730436960395
-0.508567501,-0.69995603,1.5917932978811253
1.0089022772143648,-1.096049899,-3.346528404
-1.139083748,-2.714671811,6.307949463172014
0.15510477106444112,-0.900489332,2.5550505592328077
1.0344603028599089,-0.475438826,-0.003376895
-1.011939391,-2.485474185,4.962495478502802
0.386430619,-0.434905359,2.9821278159028597
-0.863020427,-1.543120561,3.1701883237025963
0.5128278706176577,0.6628713184320201,-2.200869248
0.29190490921285034,-2.402276398,1.863308729587306
1.9402661741329859,3.089716652241024,-11.29159029
1.6010063009896776,2.075167751651442,-2.328303162
0.2753232546422583,0.32370643525932863,-2.040505505
0.10394432697458017,-1.535275266,0.041972903
-1.414904689,0.059501221,2.3037740004500256
0.11477023344840681,0.5735451083613118,-0.199803831
-0.452650507,0.013674003209713903,1.6395989002585982
-0.59523653,-0.677615089,2.0330378922856154
0.11805860305175286,0.3913872859165824,-2.056020442
0.37434895556034053,-1.600561418,2.457750432772489
-2.451862911,-2.836283288,6.038872440700249
-0.329473902,0.6357668971381939,0.7084806793621139
0.12838082821091848,1.017673013207364,-2.529695539
-0.161884579,-0.547156163,2.399775647109676
0.5336159949196773,-0.306771477,-0.877712851
2.8331315371284336,2.3015668255746506,-5.895747328
1.1312131715858549,3.8887134255958187,-5.642895039
0.327099616,1.2181591474745526,-2.306020495
0.089025718,0.8668706331228719,-4.506405305
-0.488527269,-2.212817721,3.8874478438004147
0.8256940435194423,1.3932891549033943,-3.589860154
-1.054796528,-0.533865169,-0.918564452
-0.67121241,0.6480095898790578,1.0825081548114897
-0.440122387,0.45898368478750856,-0.409476205
1.4356893184714785,2.488324821220616,-4.233121255
-0.28372742,0.6440291819198862,-0.289575829
-3.090854341,0.7749271711723404,1.1223883571355062
1.927095474,2.635490872952592,-5.164553771
-0.446916173,-1.44447867,-0.393778798
-0.467995929,-0.61827572,4.238149639639393
0.48413110878086224,0.3997031531275192,-2.052530137
-0.630682601,-0.440329776,1.0697501055488106
0.7653434240861186,1.4655142157984828,-2.196698668
-0.968652556,0.3010747083346046,3.0654188639185103
-0.714459633,1.7846952230590274,-3.847824052
-0.354046301,-1.636794911,-2.163264288
0.072972125,1.1728290239085881,-3.830836336
0.11420089221858662,1.0456850697116482,0.8250333757364012
0.3477504179910952,-1.230455177,-1.257270625
0.079825246,-1.649530271,5.116943560893089
1.2183175715010186,-1.337867645,1.6354132279574771
-0.33347274,0.7829320689318569,1.3278662757470532
1.0077361576063073,0.15138076632282405,-1.135108476
-0.171226771,-0.971841267,1.0525277220987352
-0.143140927,2.543510319034083,-2.02800788
-1.059442419,-0.089464476,0.2753370802053354
-0.1101759,1.3165362452525122,-3.226444475
1.6828242492650605,2.782595301318316,-3.416320607
1.2912019789476494,-2.129771424,3.6838218800960765
-0.350116737,2.4074858465760576,-2.627789034
-0.10399099,0.46075631411663753,1.034011698786101
-0.18506913,1.404783796267561,-3.511118943
-0.017361627,0.24078482300492388,-0.077514539
1.3871503953176387,2.3916971390705375,-2.009073641
0.10822162750757436,0.034946140768298425,0.18680914755560135
-1.684817414,1.4257889918613842,-1.42639717
-1.662402822,-5.838372896,7.507148491627662
1.016676250088715,-0.003139569,2.2984139228597447
-0.079616523,1.485100365175446,-1.807691572
-0.436063581,-1.654304032,4.527498070465276
-0.058058815,-1.529939204,0.6816875886155568
-0.442508661,-2.332627493,5.340287117600106
0.7188771366301997,0.8029072956224954,-3.206260486
-0.834324581,-0.603280152,1.7942227023897388
-0.522820039,-2.53620702,5.201999158800504
0.4825592285345208,1.6460060374457877,-2.790801979
2.101634609382163,0.6095028353787426,-1.976793725
0.3482013950551979,-1.198184728,2.794071704291052
0.06673197,-0.817969436,0.48023204354426924
-0.066189143,-1.045597342,2.9516880874690368
-0.677306642,1.6702793739480404,0.5929238968485138
-0.791722988,2.2207491122827463,-3.664833677
0.9904126463290918,3.0030676407395305,-8.3339305
-2.49195339,-5.467901118,13.960543866798501
-0.025787084,0.46447499679898563,1.1780948754871194
0.9303860158826832,1.1127934845608436,1.188908024
0.3485357002178074,-0.559001661,4.263801712
-0.494499697,0.5701503084036932,-1.19066296
-0.697390079,-0.944014133,2.3000740897447627
-0.528155022,1.2998785944712337,-2.133317517
-1.068887298,-3.400020021,9.055368572
0.8899312144184595,1.532649672908788,-5.19670023
1.5534752657640514,0.3469625134253309,-1.247707298
-0.538022786,-0.234666301,1.1302974269051358
0.1436488935223494,0.935266867,-1.550881529
-0.681814523,-0.646490943,-0.144787463
1.1154895478407945,0.31184394771714974,-2.246215885
-0.99662555,-0.351953704,2.5310664767156017
0.41396004030213923,1.9770144862455923,-4.459967351
0.7706220840501595,2.2605205621737903,-3.061853859
2.26136187,1.6012252359219046,-6.044189563
-1.852309645,-2.961374605,5.110804153747639
-0.625344575,-0.683347257,-0.701357557
-0.008523034,0.7128732137100439,-3.575233712
0.28045581309182815,0.45684294746451404,-0.001042327
-0.759677242,-1.277365591,4.063228141357917
0.3195205067747315,0.36455015014900827,3.3972773844336155
0.3836785404568468,-1.827625147,2.035920963887328
1.257181610107613,0.7686038718125419,0.19244938824544133
-1.119870217,-2.852215618,3.486743281383157
0.6383079598867594,0.658572254,-0.961637429
-1.534590978,-3.365319462,8.495428908892498
-0.165521769,-0.213506066,-0.490714431
-0.327649911,-2.58510164,2.815724598663097
0.009781671,1.0680130307215039,-0.356356809
-0.726860997,-2.833303583,1.856339775411106
1.3939842834646328,0.6942999289543114,-2.566339992
0.16376698221011798,-1.031858119,1.7184274207841503
0.9945863061647229,-0.249367408,-1.672729356
-0.626537903,-3.905706113,5.127333647099333
-0.3099751,-2.5230281,3.0999544689031118
-0.371861538,-2.107401123,5.179091153441939
1.1174642878159373,0.7108293019454913,-1.163683015
0.2945239588975971,-2.145800863,0.670045882
-0.007723534,-2.857618218,4.923947837667337
-0.330871244,-1.790820048,3.3970342510118092
0.5676536853755075,0.7062907719427016,-0.802575473
0.5233774337829024,-0.167224177,0.9023051072576348
-1.370418008,0.42389935348547914,1.3131125348275385
1.5963155069601629,1.6033550092404294,-1.982264465
0.8493948380353566,1.2770483937334598,-4.825349219
1.540445448523534,0.042607865788952926,-0.804214397
0.076095759,1.6290911679282685,-0.229294591
1.0453728445944228,1.145398965643081,-5.466340016
-0.449143739,-1.37922172,3.974528033359548
0.4539523239921293,0.04383116,-0.383777617
-0.153843086,-0.232879921,2.385147986
2.0176228539633625,2.758588373,-9.545522394
-0.672073085,-3.427616378,4.456926821
1.6548667355198157,2.653370350022895,-4.022678206
-0.300413072,1.2962815806051737,-0.511241293
-1.187101448,-0.891769407,3.5721224097453588
-0.068784043,-1.138347766,2.7931756836539954
-0.930143237,-0.540053955,4.345829639851248
0.060213751523141484,0.6947205645990366,-3.099299721
0.06378047,-0.943919121,3.3364023161306076
-0.797178852,-1.41651138,4.689975482681188
2.104475156904599,-0.229969411,-2.698436343
-0.144063455,0.052815425,-1.798077952
0.22631940613917959,1.0057351685071911,-3.502945628
0.033673608,0.45661767895108174,-2.43985259
1.514768593,2.1392989172454966,-4.81914238
-0.08108299,-1.577845076,4.982386422768104
-1.247750283,-3.722069921,6.7034080601768915
-1.457641494,-4.255468573,6.104617037891195
-1.241776838,-4.967586738,11.617937933687472
0.11591579611998738,-0.374425044,-1.122967329
0.9747148277836307,0.9489480184468094,-4.352307753
0.070247378,-0.10094161,4.669896345
-0.080179343,0.6829985430928139,-3.899838007
0.8647062903315823,-1.066194011,-0.277404197
-1.036405267,0.3305508800536654,2.888329287791575
-0.630112555,1.290241508387349,-1.690569262
0.16083774469304493,-2.011659671,4.241636195967578
0.2568811175234228,-0.482453335,-0.438254488
-0.394732825,0.7064582713378705,-1.129177277
-0.400076175,0.6303235420967095,-0.786992166
-0.773643186,-2.211380254,3.3748828333146923
-0.15047664,-0.555677125,2.3517841079592996
0.5822029285213869,0.12227102049304306,1.2693323029719084
0.48760719179384826,0.3743781793906334,-1.392621813
-0.169239277,0.31095159996041977,-1.36235956
1.9473808472467986,3.5858611890226517,-5.404244231
1.4067540398303504,1.5269984614531138,-3.045533866
0.24393931320187162,-1.083905206,2.8582352499979224
1.3332320328268081,2.554515018718767,-3.023101889
-0.213014908,2.899771845440815,-3.644733198
-1.950858343,-0.545642867,1.7577366579812945
0.43262365412219184,-2.873233588,4.658238818
0.35107214218961513,0.28016613859130707,-0.098491318
-1.375959811,-1.40888729,5.255688433395001
0.20402884015937345,1.3220318276304128,-1.029436725
-0.536835378,-0.240881992,5.298521940854965
-0.106927095,1.9485374695848585,-3.15814716
-1.092877337,-2.211827588,5.722317414537418
-0.226447749,-1.244767187,3.6066231446453765
1.1820332821373973,-2.579752428,5.154269105433204
2.242078890033247,1.5755353464506003,-2.64991817
0.29818493406312285,-1.218305814,4.316120290110638
0.9724102934893427,1.9172692376903129,-5.043637516
-1.2095515,-1.120827155,1.858498879934629
0.9139835038229182,-1.874792044,4.166645767621451
-1.109805966,1.8630200695566448,-1.578901712
0.5494083518250334,1.1072018190008348,-3.813528465
0.42255206009832097,0.44235313031572926,-3.051616762
1.8995063026323895,1.1698026915643607,-3.449061721
-0.565150061,-2.248523256,3.1061684825730587
0.36357982791894755,0.6172843473543201,-4.299422348
0.9677227257619305,-1.441308183,-0.594330827
1.2545733792275722,1.0607652267355696,-0.060438325
-1.045258778,-1.95351055,5.859069126828688
-1.584947827,-2.675976051,4.485742505203432
2.1423280857745906,1.1148801987999986,-3.295184717
0.6921397033305177,1.1555800654021153,1.1181288056162941
-0.836264234,-1.139299461,4.075452758983879
-0.240249345,-0.324575112,-0.187718058
-1.131042234,-1.040339293,0.7239866272854694
-1.663461087,2.2551432762012533,-2.88886912
0.092172713,0.1382362147362477,-2.992437282
0.47712588957964064,-1.497274781,4.416806452219149
-1.66617499,-1.365835248,4.533213754616985
2.7477353033282417,3.3323465020002594,-7.542789201
0.6027351500141772,0.008873759,-3.177166761
-1.928107214,-1.599034436,3.3124286657339925
1.6779769012995005,3.3244081123713363,-9.598023882
-1.370987166,-2.551610337,6.060159672960598
1.4582445260700707,0.8275499846238108,-1.479769733
0.8289021578561961,1.9253359559664829,-3.868973116
0.24484454062109753,-1.057239265,3.589375387689409
-0.721840414,-0.11644376,-0.335662097
-1.417510471,-1.807560342,4.132772736582261
-0.141329028,-2.016970485,5.2403273284194976
-0.525291151,-0.49267393,2.6632041482316158
0.5088062349060083,-0.775292583,1.5532513009701963
1.4006001283824614,-1.060880847,-0.342874544
0.685569163,-1.422402064,-0.652241242
-0.370346814,-1.445647418,0.675583793
-0.139204117,0.46290077221656156,-0.718419129
1.9934216308934678,3.4846440971078314,-7.334414211
0.14989855618031517,-0.476194961,-0.657536554
0.10727521198191015,-0.777295825,-0.034676849
0.32588935874563285,2.2493766070446166,-4.650863974
0.42538460207556056,0.9010489570898258,-1.274383118
0.31290981706511833,-0.090787629,-0.689409704
-0.715218197,-1.956765909,1.9397447418926743
1.0822047827106769,0.36890542058716635,-2.715891948
-0.706628648,-0.611808983,2.4437645295776163
0.8884684405810512,1.6391050857592822,-2.570667871
-2.263243988,-0.536507367,5.387597637327913
-0.004254468,0.025290011732580053,0.40964153162273553
0.575774805,2.4398851425932424,-2.81688033
-1.031758043,-2.463214232,4.556627229157201
0.7648821730797332,0.9407072017797934,-0.952945319
0.6270308225709998,1.2817453708129776,-3.175190631
1.2445038691100503,3.7839879310583298,-7.457986708
-0.195017857,0.089666435,1.2519537389407651
0.3722762540340842,0.28657373788001916,-1.755199913
-0.90649153,2.5466349142044113,-1.563112145
0.4923874794575799,0.6162391343707857,-2.534145522
0.31275768975143303,-1.121318162,-0.864462337
-0.150309283,0.4666698667004297,0.45049159012741047
0.5290257352975221,-1.607593126,3.9300927460115607
1.8557657518942792,1.2991347569253109,-5.634092521
-1.118821832,-3.800385532,6.284933393800344
0.003304513,-0.456490524,-1.111476653
1.0227085593840537,0.6992190214521199,-1.531781339
-1.344140979,-3.471365952,6.434462274224218
2.365885091493427,0.00824884,-0.234245172
0.48488906404592014,2.066910464019696,-3.210429179
1.0769599506354188,2.5370834451027173,-8.492906978
-1.09924091,3.9008997501424556,-4.105153176
-0.033384592,0.9470236198024786,-3.165906358
-0.134036901,-0.064416315,0.6563260675896142
-0.073354954,-0.362841426,2.0919712213030337
-1.245139095,-3.203825949,4.854076092469289
-0.348059111,-0.534574316,-2.399817934
1.6722331931012628,3.0983797358276797,-4.901520185
1.456563027536602,0.022853441,-0.282380616
-0.693818935,1.367645512127694,1.1983409038972042
-0.648762972,0.523110097,-0.958267497
1.7172673067560271,0.34016800918580414,0.146065072
-0.999678848,-1.253299774,4.536225375859747
0.018559124977111454,-1.2920473,-0.090317013
0.4525514008182787,0.6216706726304464,-0.405342827
1.2786841237355149,4.384403937489905,-11.33447225
0.034955854135827996,1.1734951034320114,-1.590548211
-1.232868291,-0.219689868,2.947026203
0.6580894044159037,0.046247979,-1.238476534
2.0014732539775464,2.9255773448575635,-4.900857488
0.11216851587875226,2.1935266144467342,-3.488502266
0.6705149362094005,0.7086556047695837,-2.479559223
-0.569901666,-1.06255892,2.490933546579884
1.7108315519259363,1.7023306525041952,-5.000233708
-0.222804189,0.3665193002263307,2.9477730612119943
0.10773824566919303,1.7821650636395145,-3.703682064
-1.15672578,-2.771349875,4.240986871538328
-0.418855625,-1.917989464,1.682999589394499
-0.251482289,-0.990734834,-0.252247902
-0.989214635,-2.875649959,5.561893929489192
-2.077484928,-3.553409718,7.493262565532296
0.8372738148669963,0.8416026785822863,-1.405642463
-0.431447602,1.5244700617055187,-2.409882816
-0.431625287,0.020151258494290503,-0.113895098
1.314131587932403,-0.172786031,-0.441591457
-0.420387054,-1.742722863,2.0509438790461925
-1.153398708,-2.500639021,3.923449524
0.2752349497592452,4.168146965508459,-4.815375233
1.3686210686565266,4.175905942909542,-9.944288278
-0.307452832,1.4908040817904724,-0.133713596
0.7588943996109265,-0.757475427,-0.922176088
0.8987133577218851,0.2276392619171248,-3.756093363
0.002156936,-1.067333691,1.1992521586906637
-0.813037923,-1.319678364,2.376201194840715
-0.855943041,-0.167031653,1.6910395210333324
-2.302899682,-0.358491283,2.5166428760186523
3.0874219981309343,4.490856879806125,-10.51812488
-0.177979418,1.5332684949204158,0.061854224
0.4561378438393876,0.9924992376318804,-0.368417725
0.6311387011517023,0.6979809675350624,-1.651106195
-2.20314717,-1.892586725,3.5723951952202717
-0.186103388,0.9550169690880417,-1.386606928
1.7848658252619372,1.6791643186425849,-3.083799454
-0.773684956,2.1689259836815324,-0.393942239
1.3485809308953935,-0.11938616,-3.046443504
-1.251921785,-0.825154569,2.082281218077461
0.8493875937102443,1.4866731793780004,-5.573281456
-0.281760842,-1.521483097,3.157787185595351
-0.36882517,0.7175981329414702,-2.93854587
-0.121632281,1.8463352108765894,0.4881811945683723
-0.814963288,0.45757746364334106,-0.8969392
1.0883122981774849,2.452954046848021,-4.715563354
-0.620989235,1.1319105144186492,-1.986182942
-1.275804787,-0.411258346,4.047271633185788
-0.331445435,0.5408290711097149,-0.044750514
-1.285983525,-1.399262402,5.209986483141957
0.2438263207119432,-0.406725537,2.008579386747965
0.9428628879796761,0.7213336152210068,-3.261697291
0.7788610401975675,-0.406201616,3.1927784774806045
-0.255954736,-1.705044976,2.8052095685162453
0.051746496978136866,0.30777949726376264,1.727756323
-1.019296543,-2.381676428,5.238043608949985
0.1217610411413874,-1.215707917,4.0252747217960465
-0.659381707,-1.656989917,4.507073756513927
-0.601794346,2.974637587086698,-4.478119825
-0.236767657,-1.109348602,0.6382707519743653
-0.195499877,-1.778963957,5.9881111084533885
-0.28771013,-1.688009507,1.1020480237399224
0.5491641548261323,-0.004996695,-1.345890027
0.5113296447535892,-0.170789027,-2.682643729
0.9234792387950714,1.151077813256995,-3.213563661
-0.387554539,-0.657862875,1.438787485
0.4356952365121532,2.650451765194525,-6.611277731
1.1281146101101749,-1.796679633,-1.975733161
0.20982485060729014,2.963439185536479,-4.831310146
1.0873019176897583,1.6486991926802874,-3.298586223
-0.499252002,0.47903843988249106,1.6579729523611233
-0.415119007,-0.905410291,3.464938449956308
0.4444948833964983,2.0943547808730743,-2.273817995
1.2372899251275606,1.062741184399648,-3.364108033
1.0006423393083885,2.1665367672840024,-2.787243103
0.820273181,-0.116685836,-0.3171213
-0.348570777,0.20061485056339068,-2.914241821
0.26023956307599166,-0.838117474,4.665686279946406
0.021871362,0.8267042113032821,-0.22909343
0.5210258894836759,-0.1403459,2.672688251710481
-1.517228253,-2.65212139,4.854906993861853
-0.109626949,-0.605776718,1.8411266755329843
0.9694577389490181,1.7420120049808507,-1.777916972
0.5460843947083406,0.4717187758687814,-0.892970241
-0.962129033,-6.240582973,11.290548394424842
-1.115599932,-1.793555204,4.400171215020577
0.011592065002037818,-0.07795945,0.633042902
-2.042711271,-2.988238568,7.759635939925058
0.6714457464317077,2.256911685279128,-3.946170061
-1.071038499,-2.210654151,6.252584374371822
0.29529457032300477,-1.200163755,4.240966316
0.033881673,1.5013949305463221,-4.896460753
-1.470521509,-2.036799315,5.471038882865822
1.3112868941360134,2.5293305881770936,-11.14928831
-0.073094462,-1.614789069,2.8020167883066924
-0.404289752,-1.075394727,3.933193898574336
-0.219828974,1.7949535678822643,-3.866990099
0.6438089376741094,1.4441911334454534,-5.374855794
-1.554123062,-0.856398475,3.0311670877579022
-2.319516537,-4.346559846,8.962826661052421
0.46085346363695096,0.7051780817020156,-1.594019591
-0.602291763,-0.379174833,-0.610676242
-0.507217696,-0.165977409,0.7847455741120865
-0.493410256,-0.232123538,0.23240356179967642
0.31460739469608906,-0.215316077,1.4496556449446238
-1.624709143,-1.744422898,4.873286852963723
-0.860194656,-1.331603061,2.5502351281214404
0.7733865930159479,2.6693876387840736,-5.129272248
-0.411029808,-0.678475657,-0.109811031
-0.532622487,0.8661285627977376,1.298993206569771
0.598806489,-0.215977949,-0.560026735
-1.5848541,-2.456815574,3.3504616995793755
-0.55087801,0.7605967205553983,-0.071416368
-1.406156934,-1.533610837,5.7146304365816665
0.4975502630473554,4.061790641853771,-5.408121669
-0.070865964,3.501312068033205,-4.212555502
0.081343999,-1.85159538,2.808849387837553
1.6570494746671047,2.2843250470611074,-5.183761263
-0.254142091,-1.676442117,2.2148532900003444
0.14716442965008322,1.7727817776079666,-3.302222844
0.5279504988898492,1.6406337487643454,-0.761621126
0.2333587802259605,1.9036911035660589,1.1615735445977302
-0.381256084,-0.456955696,0.4528734133391915
0.13436200629769118,0.7035147127096697,-2.291805775
-1.043325161,0.088482508,0.5502969149633592
-0.422860367,-0.970462167,4.1176849685881125
-2.676228377,-2.303144249,7.990403869203333
0.5671553225327257,2.614714713775907,-7.602090034
1.1084249661064371,1.9111204399340505,-4.84689136
-1.550506623,-2.838059869,5.2687986586599465
0.8569620497260346,-1.021398722,0.9213151128654988
0.6528302283029453,0.7039303889665807,-1.442649937
0.9120636443200065,1.5664191608985572,-1.250497122
1.1307050470658058,2.923478735235678,-2.255790972
-0.806510967,-2.709393101,6.060771838903433
0.6420797334666638,1.110556133735375,-6.481469578
-0.645933653,-0.676677305,2.800814149329898
-1.38843258,0.8049896800247577,0.38368542359940555
-0.682338936,-0.872467856,3.770700894198779
1.0042671939519017,1.2462777207948583,-2.731487987
-0.437292898,-3.264200207,5.440403860528515
2.812849091730056,3.1526094528973476,-9.806501548
-0.165526358,-0.677735988,1.8317477748851925
1.2609943398595957,2.5171036717509967,-5.525835838
1.303709039149127,3.1683721731181427,-6.975517268
-2.368898768,-5.822115187,12.688759312432834
0.7584354824979639,-0.13941399,-0.934553808
-0.584921496,0.2794258752512444,-0.876897487
-0.706129083,-4.292298655,7.1785966021488585
0.21706152751403116,-1.530861889,4.274396990757245
-0.447848663,-1.838121288,2.204630226514717
-0.731633153,-2.661322322,5.9953622674310605
-1.368070379,-2.598462212,5.441553177680985
0.32589049532951064,0.21812665006357676,-0.610506552
-1.914416218,-4.42539179,5.871021462795094
-1.497564912,-3.028619319,8.851250451300626
1.7439049605741173,1.888905035827633,-2.319929691
-0.30782586,0.361556254,2.266770227864977
0.8489904662622059,3.7216813572367373,-8.110454669
1.471165954978133,0.3625050581774114,-1.377051329
1.1348101993093938,1.4393812283816314,-3.038027448
-0.919806179,-3.57923952,4.998773930054916
-0.102494211,-1.73606802,0.3130016267586121
-2.462237926,-3.371446842,7.943285859940295
-0.044775177,0.07901495,3.9886822821117454
-0.576252055,-1.789815861,6.066570978605756
0.21527249339298127,4.204882328844305,-7.1332341
-1.285738575,-2.255548939,5.320082171534752
1.3377715366046425,0.042578523713873606,-1.620680234
1.1873613246175634,0.4577249318360822,-3.412455881
-0.808464531,0.5599404241813248,-1.032567671
1.395774165,-0.264210972,-1.983450787
0.14851027548996967,-0.113473091,0.2734909627224626
0.8359119464888881,1.5014021535550222,-2.502874076
-0.764479382,-0.891942916,2.131415933503693
-0.635396068,-1.083313382,2.7595143172528287
0.6146873917719996,0.8013461368719776,-0.881892771
-0.187175412,-0.437895016,3.7430016290401786
-0.088863543,1.9107203912777608,-3.89417697
1.4474845412087685,2.239488949,-3.979600007
0.6894295103646102,2.1247127375802504,-1.137601076
-0.057380259,-1.492525674,1.7066368997737804
-0.559865597,-2.255780738,5.701573838544708
-0.780355128,-3.305497901,3.9325710293852962
-0.696489888,0.025082659046472944,0.8298091946278012
-0.593624799,1.956259979502703,0.065317496
0.4605571261340765,0.047575687,-0.445837891
-0.310204753,-0.611909329,0.23394487841076295
1.3999812389715915,0.29487054718297895,-2.582550004
-0.912452904,-2.173415962,5.212165607322238
0.7179997042408073,2.008372669096973,-5.794815109
0.5375230620874708,1.551211657110044,-0.409321126
-0.747277243,0.31863105159208827,-0.660087499
-0.396031985,-0.063035783,3.6619534259198896
-0.722739935,0.26952346489148127,0.7944643333824708
1.8670930625783568,1.4469578163213026,-6.933743414
0.9650680344674188,-0.174573986,-1.80139554
1.1839448628410136,1.7850788181422756,-3.012375221
0.47105246567598735,0.7889906075470038,-3.277839663
-0.820332302,2.5042193478788803,-5.405864295
-0.429135738,0.46840584075724584,0.16126215944078232
-1.193365185,-0.356933993,-1.539856193
-0.070586262,0.6280988561914664,-0.630331983
0.062304376541383266,-0.495378607,0.41786810911155226
1.7334135693934598,1.4184974711378262,-4.043630112
1.6415175638719968,0.8488365325108957,-6.065644832
0.46857041794678783,0.4002152860218824,-0.154523737
0.26178854571791876,3.3749753065814687,-7.236620386
1.120512392651029,2.533930671453417,-4.909661605
0.2211765629519028,0.4891007554177107,3.899669192530997
-0.63941343,-1.979332568,2.645332727550229
-0.5942935,-3.281951425,4.293466944615196
0.6848909465419122,-0.216931755,-2.327339437
0.19240455729075723,-0.003384264,-0.911902131
1.0024790712642349,1.928253845328977,-1.483918928
0.2982753929831551,-1.074579002,0.356881693
1.2357346356201189,-0.563685583,-0.129415568
-1.674335607,-1.076209607,5.356920868875368
-0.545141269,1.1461769091509033,-1.116882274
-1.164942416,-0.715612513,1.3342033038534635
-1.298860379,-4.529411429,7.576671822207003
-1.458858678,-2.414903013,7.999090256926638
1.5038723176916369,0.2644913421662891,-0.972548576
-0.750555443,-0.951022148,5.0792683599804285
0.9399934477637828,-1.464805315,3.4038375307607875
-1.320939802,-0.388043827,4.005561958537048
-0.173041297,0.785441341,-4.30628577
0.5740171687639414,3.005345276292243,-3.885127925
0.6030803016457413,2.108001673066782,-1.272724412
1.3064570121686447,2.0295861371558788,-6.880005158
0.29273460275112495,-0.697949524,1.0214523643431153
-0.894346385,-0.153234376,1.8099996203715103
0.18382510075369418,0.22717615337880304,0.24846879589771914
-1.324235862,-0.218364727,2.6451576002726807
1.0923478006899907,3.8002709923509936,-6.528351134
0.7768289550335786,2.0741812446719576,-2.565017203
-0.845387412,-1.334042511,4.0326351216657335
1.0854686230114816,1.4281963827523876,-4.078563778
-0.533771374,0.16692234095364467,-0.698059468
-0.041808057,-1.470272856,-0.11338858
-2.654994748,0.4083974105100998,0.10459532587640474
0.934019415,2.7991899257402135,-4.198749332
-0.457093089,-0.435738983,-0.905176407
-0.330308606,0.14720234180725517,0.9383215386127393
0.8219194226640975,0.7734501636772463,-2.637563455
0.9073654870067016,1.3330191156521698,-0.720877438
1.721733654493259,3.5728860749769744,-7.176413577
-1.158559261,-4.158995099,5.298193337330632
-0.089505367,-0.389289943,3.2022307357915474
-1.681250997,0.44227669212389364,-1.335150118
0.6936167959922745,-0.008694139,-1.981728455
0.6854529309766655,0.884851028,-3.231268934
1.114703238163025,1.950471918845588,-5.955071695
1.826465979743936,3.3740942523188995,-8.088623692
-1.648121805,-0.788386753,2.3554055636930133
-1.45707806,-0.4904218,0.7283333374668151
-0.216839769,1.230117444283247,-2.746758208
0.10736670425629731,1.7081527098586662,-3.501670246
0.6351535977778298,3.7281743618765706,-8.577945558
1.1451484804706915,3.928735999140568,-3.898098315
-0.543572349,-1.787348203,2.4943039793602013
-0.012259578,-2.437398746,3.6010388851766866
-1.062309029,-1.02758583,1.5946247448024962
0.7599899070980002,1.9611845263363858,-5.417602634
0.9854649372611356,0.7919366564409676,-3.674767501
0.16026626330993599,1.2869635257746745,-1.991207506
-1.640411612,-0.78521618,1.9308444056396465
1.209034002620253,1.992259333620082,-3.489565464
0.2847430103160266,0.9586997252349065,1.042516144048791
-0.118331364,-0.944942248,2.7153359543594164
2.557644131914462,3.4704193695756254,-7.422952067
-0.261627051,1.9917949346854176,-3.388596861
-2.007680405,-0.067635999,0.7791067004939687
-0.187465789,0.010435422084040913,2.232699830359146
0.27873842520462083,-1.783240707,4.278017128042267
0.8396079799167097,0.090949975,-2.144732216
-0.381509652,-1.10757268,4.101876853235163
-2.239086713,-2.364846298,7.208650295344266
-1.640338109,-3.631599912,4.057601984809349
-1.082750678,-2.729637787,5.394370786357197
0.4338460485194776,-2.657108631,4.648963397303356
-1.096465677,-0.131064281,2.798154059074713
-0.797999609,-0.766612545,-0.980050532
-2.219148721,-2.563601575,4.069122517259029
-1.299332853,2.586310824588815,-6.000512898
-0.788181944,0.26370295247253195,1.4466140715994544
-0.159468832,1.7045322846058804,-2.756785225
0.7256101502409288,-0.557262111,0.639849662
-0.235077775,-2.285638902,4.908288974300923
-0.497406111,0.24599652872826935,0.2551235526247034
0.14120140530976755,-1.200299141,-0.580188048
0.7587299215479187,0.9833904956895444,-0.753041103
0.055541248231424055,-0.122817658,1.912917542580914
-1.353116225,-0.912846795,4.552846431754844
-0.490438621,-3.368036322,4.485943167784258
0.2284236204835866,-0.551013335,-2.450366414
-0.872482831,-2.135563278,3.395248522233344
-1.465287099,-0.405897676,0.8946165722713636
-0.144134,0.5254399655326428,-0.05055608
-1.794102501,-2.945535526,6.8914209659649295
-0.816308731,-1.843144508,5.278597308547511
0.27914493564772913,-0.292033671,1.6396689272207086
-0.899447809,-3.507491438,4.161808478
-0.040858322,-0.814287319,1.6385206904956626
1.5549198176098586,-0.675192327,1.0443252932557527
-0.983976776,-3.228746465,5.582802118704782
-0.5512048,1.6036919699322891,-0.090405913
-0.733822526,-3.340864483,4.905160528122358
0.876304378,1.542644392503231,-1.491966801
-0.039234936,-0.220783499,-1.141151577
1.3556875064595333,2.9516297012605417,-5.25964019
0.44645351743288486,-1.086933133,2.113732944085894
1.249549750039278,0.7573216268245989,-1.380315125
1.3491115150755941,0.46456359599508174,-3.737453669
-0.15897246,-3.758186296,5.1559124414344115
0.740986419,-2.578879111,1.1986959369115568
0.7212312853467026,3.5857544620837802,-8.570719898
0.6208473595191075,0.5354053161587367,-2.528687579
-0.624103217,1.1936265838859508,2.3404617034512984
1.5007881479462803,1.562293821767771,-3.479906527
-0.523543492,-1.066807807,1.2290460922655562
-0.960518048,-1.328940643,3.9820830191789227
0.042942179,1.8734658202066596,-3.960423334
-1.622065468,-1.915770798,-0.280695216
-0.361348233,-2.235695573,3.464739449011215
0.19479600339636102,-0.446222218,0.8966397642270557
-1.117820081,-1.35084325,2.569810991
0.7208113772355038,0.9731892405469567,-4.622753141
0.5526608436297497,-0.886705976,2.4772118417441398
0.14057465543880568,1.2509265406470877,-2.671115245
1.0154935135230292,1.7044892947346981,-3.637420331
2.7278164052048774,1.5816785134579017,-2.360119588
0.46902006327883644,0.47684528211170907,1.581437952852792
-2.021500848,-2.564962686,8.054525813124096
1.2493266654985555,-2.465200051,2.660475962649926
-0.810360852,-3.277588016,7.160069774696321
1.1859728658551598,1.4921465488268169,-3.048566099
-0.549367861,-1.800527088,1.6721007352295347
-0.260872879,0.5312228376951594,-0.284787823
-0.117527713,2.5594236658994993,-5.380488591
1.0575838155177835,1.1112671568099688,-4.184341017
0.4089987685362698,-0.110822598,2.2126721565035767
0.5769810656143646,2.408248574437535,-5.515926523
-0.267147347,-0.801532267,3.689407016678007
-0.712554103,-0.583253486,2.316971810470958
-0.12437768,-0.054040337,-0.88128075
1.0526872709247335,1.4086464077804723,-0.387771518
0.28262785394542744,-1.886481965,1.1128574642850637
1.444136373821277,-0.438492575,0.17871735944421752
1.0652394425767064,1.1078200390190505,-4.195421378
0.001203471,1.3632895756799281,-2.748412074
-1.44780691,-0.550954203,1.4998679668513604
1.8491795718382533,4.237578712776057,-3.324307351
1.5508299002615615,1.855459633363111,-2.198050604
0.9123822330776703,0.8264315157759381,-2.370755245
-0.86732451,-3.088700617,4.468851702439438
0.8591427705396143,1.4122521975975226,-5.587826105
0.41153147032391113,-0.908563081,0.9452111520320787
-1.361407254,-1.085812294,2.6601543472312947
-0.848337309,-0.036709432,3.0439156072094935
-1.735538729,-0.371452285,1.9489772618875536
0.47165351427248725,1.0661250038189936,-3.565252165
0.1690460866851364,-0.122846344,-3.841374176
0.5784376302572678,0.5987220228787569,-0.077374611
0.5909865144941479,0.37059873386987163,-3.408477444
1.5173920933412601,0.3793811487095515,-1.297744505
0.46722807745433237,1.2386378447968882,-5.906348337
-0.024756292,-0.863297772,1.8334755335060788
0.8669535133439623,-0.305779011,-0.050846239
-0.214320484,-1.037430232,5.021130261319481
-0.093188908,-0.827357503,3.0306260934935194
-0.936906616,1.4009352171449279,-3.5930269
0.6302969131129248,-0.033509357,0.043852352844949705
0.9461978639649622,-0.136249246,-3.283328075
1.0551469747102373,-0.757585583,2.1631483305376635
-0.842313079,1.861075593862575,1.008937400519361
-1.431857085,-1.206884453,2.956107059986865
0.9553935121941424,2.0562436162660824,-4.345356336
-1.192213102,-0.231363359,-0.015465839
-1.007579757,-0.619438348,2.426577479649748
0.6071826871315261,-0.058507083,-0.631052812
-0.050326529,2.8041454141159567,-4.813674936
-0.547474132,-0.75006273,0.11806743934353126
-0.384506198,0.23333809715250908,-0.998977872
-0.233115055,-0.446568712,-0.465289775
-1.449717746,-0.890751332,3.2756751486084243
-0.592580649,-0.149106287,0.7175818949025792
-0.175617438,0.20481196653845557,-2.223647763
0.810622317,-1.78861147,1.7684077978776767
0.8179667174017424,-1.11213307,0.9630642477185534
-0.830920639,-2.2865875,5.943229333371657
-0.611400087,0.083034454,0.00606315
-1.592855596,-2.312954608,6.0366449341586765
-1.091508073,-1.501277118,2.207533091772958
-0.417488199,3.5201738892729004,-4.587444662
0.9824101706712515,-2.3886285,3.1657694213385867
2.233879947721037,2.7662566283302965,-5.358684641
-0.40886648,2.9593715931625537,-4.956845743
-1.148508622,-2.47470009,5.822626345524343
1.155620396248781,1.6128221197122303,-2.77387473
-1.322083002,-0.443407676,0.847299037
1.338404389608135,3.0174784895106797,-6.627660468
0.34302211545679806,-0.900668287,0.8379678250291014
0.14446250809387892,-2.684970913,3.9057666716990287
-0.323660104,-3.515551811,6.938378266667292
-1.085286569,-2.381310493,8.311462582367538
-2.036105516,-0.578569417,0.4699767254967096
0.716767463,4.1156465446562915,-7.046785451
0.2292461893484706,-0.59011572,-1.317301106
0.29165523332524484,-0.146330821,3.193963043578348
-1.404393307,0.8898684613730916,0.4743241122771349
-1.225467332,-0.97676841,3.888359536
0.8713318179925125,-3.193830769,3.0809622593332007
-1.028766587,-0.270966305,3.641926324237293
1.1357771297391355,-0.915761037,-1.046087275
-0.833547619,0.00379865,1.0187496616636635
0.002529565,1.1474774604723341,-0.684828049
2.026469957489737,1.9477004895623464,-1.233303883
-1.710311271,-0.980291912,2.224374575798058
0.5823741391523206,0.18276926992932901,-1.695938691
0.35578284668837606,0.074335169,2.094886328585849
0.7672366893725422,0.4610317144975695,-1.895387541
1.3504937681824167,0.49558395170777114,0.6165245955050573
2.1405903293504185,0.8963898986322707,-2.920302197
0.847048501,0.6567721428074816,-0.954833041
-0.540377825,-1.390343353,3.260786852593435
0.1423394264987775,-0.24849916,-3.011820623
-0.163122442,1.807449035984443,-0.489523607
0.29330800887476094,0.19119442173574253,-2.320927556
-0.116942538,-2.041486435,1.1548008551834825
0.16501792555587314,0.682102346,-3.430773034
0.3477818526712238,-0.448108961,-1.424473916
0.9780345918944267,-0.090823297,-2.094648471
0.052261953,-0.951497468,-1.270889477
0.5226139069477855,1.788027081906355,-1.500008867
0.8832599187737245,2.272993986565708,-5.135808437
-1.483917988,-0.468450161,0.17870720197874143
-1.52662946,-0.534383261,3.9879153630738595
-1.133003852,-1.277904372,4.233123341470996
-0.300206451,0.054759621,-1.278169848
-0.257680225,0.8777942472047546,-0.586562519
-0.66759447,-0.500730333,1.7421292133889952
0.3543108246019224,0.081117222,1.8943034326831067
-0.952379951,-0.032033434,1.9939789888802968
-0.351210893,0.8546494217630488,-1.323426363
-0.04032574,-1.243967484,1.664304143888304
-0.603825236,-1.114257933,-0.852824083
-1.075191259,-0.726162132,4.797326957095266
-0.769302141,-3.415169409,8.486685975944585
-0.707045174,-0.325157575,-1.324219706
-0.261739242,-1.019658493,0.169166904
-0.800270277,-2.089802713,3.565966025679655
0.3209867561760325,0.1963259354860003,1.326482006600763
-2.376676384,-4.384079237,8.210839906816267
-0.253389692,2.482197349949716,-0.134670788
-0.774952722,-1.635894229,3.2448872243475924
2.1825945484328666,1.831232837650153,-6.137478013
0.8416207345177276,1.8263144973250969,-4.642548086
0.214894425,2.8821751024440783,-4.031913314
-0.289368731,-0.497113397,0.6661030412082654
0.15164897826340984,0.048194327,1.1331086882086474
-0.261985993,0.2733250590022448,1.7703293321761229
-0.287596187,1.9348232055012091,-4.887020116
-0.32484205,-3.532533739,8.410593442137325
0.4111546882805702,-2.055046966,3.7368274291707517
-0.469634823,-1.264115684,7.107515875852542
-2.449895876,-2.968353209,6.108693876878303
1.2050282210447396,0.4020361651077745,-3.435922449
-0.403437323,-1.266650667,2.205127630328596
-0.482743684,-0.916155385,4.025945929307653
-1.304328643,-3.096705309,2.001534175248316
0.2848657304267776,0.912768331,-1.056174519
0.9438135569495839,1.4334583370828295,-2.933629108
0.14191859928495576,0.9261785235106206,0.6778623891538706
0.09163464,-0.640401228,-0.08994249
-0.11772514,0.36838967752728236,-3.945333402
2.6104975953145173,1.2142038734107259,-1.395449734
-0.979740101,-0.778435124,3.319395165266809
-0.45239023,-0.939717591,1.1449303133243898
0.10607182301958036,0.7366987672638121,-1.561322867
-0.119497657,1.475703471856678,-4.373900362
-1.405472521,-1.24153112,3.5449956504145645
-0.18954057,-1.666535006,3.6014560458571907
-0.591181177,-0.294441662,-1.670325512
0.21134749464376326,0.49290978119697626,-1.936603873
1.1937206719293596,-0.105533416,-1.351269451
1.0568243295677742,-0.747662007,-1.277919282
-0.475628526,-3.000147873,7.7451537025635115
2.2242259216364766,1.4969965879838898,-3.243695372
0.2683385173947603,-2.510103321,3.930422694013753
-0.476250921,0.11302038617099809,1.8871211171950897
-0.107389579,2.1208437548595973,-4.390895163
0.48542076744424434,3.4387884944046516,-5.400215424
-0.256669341,-0.247414475,1.7052672071720583
-2.482610023,-1.491445444,4.3557020264616035
0.921584186,-1.258932073,1.4396619800982953
0.3214954200166146,-0.496935285,0.23714186169663798
-0.252014425,0.035178404,0.2187114562067183
0.2736865578710189,-0.08130536,-0.905300448
0.8467361684154667,1.9124125359161477,-2.418709557
1.076799102984062,2.658397843629734,-4.022363837
0.064381918,-0.224556948,1.470150092438289
0.2629984488600764,0.7200015913236724,-2.265787371
-0.668638751,-0.188100621,0.33518750514164886
0.063243368,-0.342612907,0.6448582015856537
-0.1406363,-2.220866738,2.349876609012181
-0.121863111,1.185859815084993,-1.140310115
-0.506100907,-0.019868375,1.1332524262917114
-0.319866705,-2.441167021,3.9502751415743744
1.3160876409077593,3.285016910455388,-7.326756601
-1.097258114,-0.801067955,2.9165175098575715
0.16167310483701733,0.7470333707534926,0.18313510270779465
-0.919507066,-1.36035142,5.2251450033505735
-0.124559738,1.0181625366157672,-2.465482412
-0.06953836,-0.648377275,2.276159923
0.8855941704941622,1.5453010210530433,-2.854100375
-0.29780174,0.2658203517588016,2.7838735577716687
1.8468652495010731,0.7066330264469658,-4.672556397
1.5641383181610884,1.3086297242526288,-2.810269196
1.009295853774361,0.950292442,-1.999577244
0.7156263020088285,-0.065777372,1.1014377862275038
0.37722743259901376,-1.76033774,0.9618810847875312
-1.796139823,-1.508337466,-2.094302142
-0.779890674,-2.089337885,6.518298193963692
1.5120767890224542,2.4880320497112276,-3.449697535
-0.155354759,-0.010151003,-0.695499741
-0.264933361,-1.679199538,1.6026676364918164
0.013705118029196247,-0.240531674,-0.401291055
-2.989670797,-3.152893873,8.816528867502113
-0.133819047,-2.305681981,4.890137156249848
-1.869742593,-0.445704739,2.041005351124925
-0.374400325,-1.340125145,2.5242785361038975
0.082529839,1.4992912229197952,-2.664802961
2.5681808544662528,1.1113432565138175,-1.972042143
1.8524553300233497,1.329132326398415,-4.545128387
1.2938914294545516,1.9729650383516848,-6.007153483
-0.532199886,-2.102289834,6.803068765613684
1.712812314783926,-0.359560467,-1.86829948
0.5021058281140243,-1.166062549,2.645114381533394
0.6084810825620743,2.992436115348923,-2.300857393
0.07366376,-0.876930268,0.48531004409076417
0.5447332587490311,-0.046719852,-2.30015999
0.6118890519274066,-0.241396566,-1.185992411
0.17468062464042552,-1.870136762,5.3266530061015915
-1.741919205,-1.435958082,3.98630717
-0.223412856,-1.596345185,3.600133565187085
-0.956543677,-1.523852287,2.814493263616903
-1.735299892,-2.013409728,4.712374505722776
0.9604269327795054,2.2894070837033236,-6.334369113
0.008673748,0.8892265856815444,-1.746703593
-0.342975161,1.1497979380766872,0.19312572522852345
-0.501891016,0.020279924455077536,-1.556508597
1.1172404423017457,-0.099877383,-2.01836049
-0.223267025,0.5039044380917733,-1.727862422
-1.338630923,-1.381901174,4.614682424729055
-0.374012897,-1.010145027,1.176912530533455
0.856890496,1.9868879048841874,-4.941514303
-0.226675804,-1.418953617,2.1430914852064857
-0.879518258,-0.905912208,0.22260387370844414
-1.201227334,-1.130679219,0.9750403741106424
-0.26828716,-0.751173347,-1.630143216
1.2914173995045655,1.8855033188674948,-1.974127013
1.784847531104992,2.325822934,-4.297528085
-0.699866337,-0.822738831,0.8569695493434748
0.8114732339753319,0.2200037381958908,-2.500244785
0.9873841105287481,1.3186983396996106,-2.389712403
0.5749886942458963,1.3395279426010107,-2.396438886
2.0936000193714994,0.8867459414579797,-6.559521421
0.23152989395055096,1.8434889269305736,-1.229768286
-0.666064425,-1.105196701,2.0080381582126567
0.8346936705147828,0.4342749863457992,-2.566267067
-1.0981653,-3.514524205,4.775059056620669
-1.660747952,0.5977848943847548,-1.138256182
-0.813484846,-1.161160118,0.088545248
0.8825908233450346,2.2028422481045666,-6.004205874
0.8122630961699492,1.4609057557512548,-2.873639629
-1.709379969,-2.633420816,4.375692040322662
-1.701587565,-3.438058435,8.168219387099661
-1.709386117,-0.235925459,2.7608311941313475
0.2067750022502054,0.40115644058756883,-0.341585079
0.3696129133031305,0.7056547646199605,-1.114149208
-0.151720926,-0.526493949,-2.040312381
1.5145462110570178,2.113655023492576,-8.28988888
0.6927289898985863,1.7558889912266753,-3.420513028
-0.634649411,2.060678235568756,-4.772767483
0.3422485909927935,1.7652186532919543,-4.360548612
1.189939787,1.2484007567751894,-1.053496748
0.4062978851537758,-0.111547818,0.9144855525789575
-0.213331515,-2.748571096,4.959067857087476
0.4039731981285336,0.088701244,-1.356584635
-2.963013753,-4.443316567,6.338143683612011
-0.223478846,-0.891965089,-0.338541899
0.4748742484298949,1.1057458538981848,-2.855081066
0.026774683,-0.429681773,2.102926501309316
0.5659420736645322,1.0193334350234615,-2.640985992
0.043138388,-2.187861331,6.097731090341592
1.241518182210591,2.4966896900242475,-2.345246154
0.22512485332301838,-1.782016195,2.9677369830689404
-0.862379459,-1.369075107,3.428428128074981
-0.873476025,-2.531857307,4.279541597
-2.303717822,-3.369661462,7.874550810701301
-0.204195891,1.28497483,0.057586289
0.11596777146855516,-0.63619486,4.236365065001333
0.3413478677152434,-0.27328153,0.037291142569686686
-0.836024661,-1.261302435,5.263869294326475
-0.028422901,-0.693125631,-1.16627159
0.814157687,0.567581232,-2.49584115
0.2901466589496011,0.1849670145887267,-1.122514238
-0.665574138,-0.882918931,-0.777127082
-2.49705399,-1.944732127,9.911181835289094
-0.421424631,-1.527298861,3.435173571257866
-2.114939372,-1.313991417,2.9669559272752837
-0.74317108,-1.125917768,3.0841749071687077
0.1767162876774036,-0.490038422,0.28833682182535225
-0.500835565,0.8119513542341426,1.3951229931844558
-0.861609364,-1.307063951,5.792484643
-0.098939038,2.242046955595433,-1.434000285
-0.078421798,-1.245494844,1.4485596893443238
1.8065859982296795,3.1587415950015925,-9.461283204
0.43931527693623573,-0.164849117,-3.131614692
1.8836126024466575,3.406466328889393,-9.357096968
-2.066388351,-2.162494137,7.209988567757556
0.014863403634065114,0.24818509971480815,-1.886841226
-0.108692999,1.0555179923564373,-1.764649512
-1.172188028,-0.643007831,-0.898837827
0.6122976076332287,-1.584988349,4.062983701827818
-1.990049019,-1.712088167,4.386315322441858
0.7951101855610003,0.5785449332147012,-3.51051638
0.8979031524166773,3.086464030229642,-5.91023461
0.7086499302304041,1.3602272229810075,-5.318940163
0.3665263611711105,1.3786215508972068,-0.189791888
-0.412047693,2.132115641740129,-3.249969055
0.4150179005751652,-2.093500937,1.8444920194426848
0.1205327852168769,1.5357268223255562,-4.987368614
-1.144630318,-2.333642737,5.822058291121637
-0.377399556,-1.210717939,2.3174516049915908
-0.154591996,0.11773986457756258,-3.063388281
1.461650084193151,1.8717405811925452,-3.634456865
0.11797974278852467,2.441670623828613,-4.071892091
-0.870444775,-0.540327951,3.6672329071752694
-1.784254952,-0.451796861,3.204984231596929
-0.125529514,0.13596599736273576,0.6898143542303695
-1.013238104,-1.325561651,0.9918051398815757
0.8010959768622836,1.2775970595822255,-3.373969185
-1.28436248,-0.86535419,2.1245169690932424
-0.856238385,0.6535567298186916,1.5303810565961653
1.6202995811979177,3.051579535044027,-7.653064213
2.058173267638645,2.6520840877610166,-1.81112451
1.119677405168913,3.727043564403575,-7.441738024
0.8278233087874205,1.4784009017698774,-1.649779322
0.20370096681226496,2.0089247056706183,-4.113697531
-1.626410853,-5.031909025,10.030715771716494
-0.010595877,0.912373451,-1.383127743
0.599962771,0.63366231,-4.372495207
-0.0548908,-0.021892726,-1.0819963
0.9906902750757628,2.8132618371599465,-10.0247926
0.804349454,0.027780592034971352,-1.820139873
-0.20327049,-0.427952091,-1.487637342
-0.652679106,-4.330802466,10.350056331589775
0.7982935926070328,1.0610397095431807,-4.150286154
-2.563936685,-2.026517602,4.038478808946739
-0.006639078,-0.271760294,0.7831216572131502
0.9103177896047261,1.5521302435893158,-1.207220642
-2.475142223,-3.706428667,8.963188600466362
-0.644167239,-2.292082326,3.0046369510231106
0.018503038705719194,2.253219455840342,-2.287909942
-0.790342778,-1.495144652,0.12999952672348636
-0.596195834,-0.300406736,0.20697841217499846
0.38755387322943985,0.24731316663425756,-3.319555637
-1.54695537,-1.879788391,2.2540078690777854
1.6659835031996628,2.6183251248823574,-6.907620609
0.750475445,0.613449096,-0.932702066
0.856361435,1.7552110832516552,0.018853944
0.5700889501788655,-0.769625322,3.982351699584886
-2.328818399,-2.274911142,5.499037416228233
-0.160548412,-0.11979106,-0.091912177
1.945276528,1.305866469377852,-5.654595459
1.0344086707870468,-0.440282556,-1.347988283
0.5863388558020078,2.3659041613971095,-5.487152592
1.5667856120279018,4.988553366137918,-8.279516083
1.0805437055409868,0.2129421030942299,-0.606643623
-1.152436186,1.2447803576420433,-2.368501636
-1.210946699,-2.613037035,5.336860221918517
0.080970485,-1.233777079,3.377533310699666
0.8950126873133857,-0.886949778,0.5089719167568069
2.131937071243183,3.5640046766218205,-8.943481265
0.22902885249497668,0.8839973824540722,-1.945895297
0.6152305801480799,2.2838396211372705,-5.845487076
-1.22507462,-2.285806274,2.018753606779346
-3.056234203,-3.063145662,8.132846221815509
-1.153304248,-1.758173033,5.832456680764228
-0.028382877,-0.28075967,3.1816019796276516
1.122458342799821,-0.753839183,-2.418301698
-0.448410299,-1.877314662,4.079927773488108
-0.052231681,-1.906534525,3.422121694057614
-0.106743628,-0.938168679,4.3855563923618135
-1.038347913,-1.642856934,4.223652601922108
2.3793081762533785,2.613853511,-7.990210121
1.9103075233369105,3.959906566178298,-7.139368786
-0.503752156,-0.630505099,1.4647080828748917
0.8724130610901817,0.7218807966817427,-1.20635349
-0.942011655,0.8791417873301791,-0.572992162
0.6070561878108489,1.3656259156420474,-1.925186782
-0.332950957,0.26736758530777727,0.3238516307064906
-0.218884106,-1.565304322,1.2802426687528485
0.8900478086768994,-1.988634454,4.139831129322033
0.1072020960211209,0.7947427429068142,-2.696686785
-0.871624109,-1.037149243,1.1937149811490804
0.7425498988747041,1.3392536115216702,1.2942955217705416
0.7308769273214939,2.191024540490783,-1.974587372
-0.348261689,-0.648998439,5.412322096
-0.184532584,-0.892847406,4.494239157832658
-0.0143348,-2.152796195,3.3405936230482087
2.1420439183824085,1.3575289059461242,-4.7088396
-0.641651864,-1.977582365,5.2128569551707695
-0.615773636,1.7649297503964996,-1.339666492
0.065031803,0.8616765802061458,2.5236880274324776
0.9173657414342018,-0.764336386,-0.301275423
1.6833457325105239,2.2333362590396666,-3.031438482
-1.597993778,-3.079083505,9.023640988
0.34755273563521344,-0.326501706,-2.746027177
0.17079572479555685,0.5649571004616201,-1.049590407
-0.134960443,-1.672750723,5.410706123721307
-0.341794996,-0.131225359,2.897177602949876
-0.94502775,-0.191038318,3.761237207174438
0.32668080592314724,-0.6148624,1.6017217549173133
-1.02812908,-0.032272406,-0.43842956
0.31654688604414843,-1.527057871,2.823679103562428
1.5026379631769662,2.0857345120080693,-3.808147064
-0.996613052,-3.092767511,4.249297059028757
0.7923733476232205,-0.439106173,-2.25476372
-2.076584433,-4.546241772,10.307738709502592
-0.467441617,2.4874387451969366,-1.150610062
0.8765244565235837,2.1694375787031683,-2.589399977
1.0106225963789097,0.6141755956046275,1.3862764392663052
-0.583913229,1.948211669828701,-2.098438316
-0.255536013,-1.118386631,3.6024736988923785
0.3885638425685474,2.236102828730127,-2.518669644
-1.382473466,-1.310339729,0.4993934326771712
2.2288346667445005,1.3580557072992592,-8.172078772
0.15168081340238915,0.533011472,1.035992112835597
1.118995520256226,5.008677505311773,-9.496310207
0.5586605246649834,-0.875782051,-1.99486224
0.8350569780491885,0.7467559551241024,-1.113385169
-0.782549341,-0.58630332,1.775172714149189
0.8106825169431484,1.851989187303375,-6.192299816
0.7126367237492933,2.3865284286909096,-4.227890793
0.5976874303701508,2.022744885690413,-2.958730404
-0.821692297,1.6432007427313002,1.148905366328428
0.5282417309752945,-0.363218179,-1.726158883
2.1812226642222887,1.1695884621211072,-3.356678426
-0.170247901,0.6261632665244768,-2.715660807
0.3307851520312876,1.5122145462215169,-0.177469637
0.7107818259179932,-0.468371777,-0.282579341
0.3019338777551862,1.038037701310912,-1.7040879
0.23976692707795402,1.1042422189520023,-1.17031587
0.6896517291341788,0.9268904378746958,-2.425251784
-0.206230405,1.4154977929872334,-1.3974699
-1.310370958,-1.714402505,1.6821557578226212
0.3409243098143135,-0.827789061,-1.244520378
-0.434902571,0.3812696939066851,-2.287218425
1.6263921746045118,0.22293041556024235,-2.367420178
-1.742589415,-2.536528108,8.875787294709474
0.616492905,0.7560643038976128,-4.229023069
0.240988771,0.6534777021076695,1.1805921852339019
-1.047263448,-1.348339707,5.128673213962628
1.1531510779211254,0.713828767,-0.936723813
-0.268222003,-1.972186093,4.681243719103167
1.2418891367628564,0.4757484515889273,-2.525693598
-0.700199662,-0.880976336,1.487141947341864
1.0048534759423529,-0.524575218,-0.76817428
-0.695453847,0.874621133,-1.73228332
1.2105856892854188,2.1224240717916922,-3.921806749
-1.221220962,0.6937798088077538,3.7415639645763994
1.2092990904357932,1.5570101546322108,-3.801276912
0.7127654225048923,2.713313285546146,-5.226350634
2.0432222661255435,2.9189591715560907,-6.20424012
-0.362722425,-1.579407286,3.668813870427118
0.956686249,0.6035394442350706,-2.331878824
0.5760024875781921,0.8386779338867003,-3.431675483
-0.498899028,0.27622026799078037,-0.918074826
1.4495387634649592,3.905433154035249,-10.19354486
-0.34181953,-3.325110948,5.508016106295578
-0.428050036,1.787022744117093,0.950232159
1.6806280517945202,0.404028821,-3.301306634
1.0381797773524575,1.812913504850405,-5.008987095
-0.22537522,-0.867535353,1.1649270333868929
-0.194786631,-1.533569255,3.4821819050626326
0.5181588281635694,-2.774966071,2.1777891527626734
-2.340475677,-2.504709387,3.660917992629504
0.551394381,0.46524172885175225,-1.110972357
1.699126655727736,2.713467734564214,-5.33244852
-1.590310448,-1.576998352,4.060668580997962
-1.850016123,1.3458121237386607,0.07801063
2.309344505,2.4180478609541884,-6.461328414
-0.432480013,-0.337636108,1.9864921841640641
0.7894232650191721,-0.466341591,-0.924036246
0.048073921,-0.019417729,-1.45933348
0.3594166939836496,-0.29602497,-0.819054334
0.7616457522357707,-0.896480116,2.816989764
0.2161979393079139,0.15246022591696984,0.872908504
-0.718356166,0.660463106,0.5493195871411585
-1.659790831,-0.611391966,4.482536982301997
0.977141855,0.9576931870319361,-2.140720765
0.5364718242822338,1.3975365806580922,1.8004337652961242
-0.621009914,0.094577552,1.1703516149854007
1.3686613525603986,2.2570430050950288,-5.301242586
0.029660254413658136,-0.649107551,1.9801988386071288
-1.413501881,0.3301738259136011,5.666423266332897
-0.558636055,-1.851368937,4.453470883200596
0.2921904139433529,0.44242163819623326,-2.252419083
0.3302832135102354,0.4573062509205387,-1.494897777
0.2883475803385218,-0.165012456,0.16523643847194214
0.7155536592137675,1.2797790686814858,-4.636785891
0.5475903196592864,0.6095196525300751,-1.239900931
-0.090783261,-1.454305539,3.1566667451129966
0.4630903579362816,-0.412518593,-0.394908422
0.2590470578246341,-0.445459835,1.2637811394929555
1.4494699001204625,1.332484219,-5.713857951
2.327017404349363,1.9252666279514898,-3.753427629
-0.703492914,-3.992565205,8.847546385547336
-0.421375097,-0.732696958,4.6033299086087895
1.4360948212670568,1.3949181845369767,-3.508239961
-0.03137452,1.385934833132882,-0.508097313
2.433303848141952,4.030720658434977,-10.01289587
1.3904880623859577,-0.930213476,-0.943457436
0.072834415,1.8177458465594363,0.5550842318621787
1.1797510242052316,1.1733032209638405,-3.657410241
0.46436101050829764,1.7783718628606513,-1.627757943
-0.503080324,2.3423151660084813,-3.945118273
1.2754100376686581,0.3566543888045295,0.20997021142681227
-0.130263916,0.15399309385818688,-0.81766599
0.8333797058755392,3.2551139599552714,-5.112701093
1.1039292919485983,1.8019361544610124,-5.369353339
0.055933182914201615,-0.084947741,1.503331234190127
0.25415850158971237,1.1209494735334518,-4.048480382
0.48033114159687784,0.4966438080806168,0.5658071774024027
0.6977571242950923,-2.417929113,1.351975258891998
-0.884434585,-1.104020187,3.9296115361050132
-1.039553733,-1.326718142,4.535535954014994
0.023462461,-1.630929696,2.160774443071424
0.7759498826662407,-0.694948465,-0.260658256
0.5482225598962164,0.37749342084624793,0.010811345
-0.417261112,-1.128847819,0.092270351
-1.02780892,1.2863384083965252,-0.238885963
-1.533447786,-1.458423425,4.902682998342734
0.22791515960127773,3.0076173710531826,-3.399140719
0.032227435,1.1741552219217526,-1.093604567
-1.399785989,-3.521531911,5.458331954398456
-2.201803593,-4.211658381,9.280817852812662
0.7798905492799298,0.1313598637046698,3.9510168677008632
-0.900558844,-1.512967385,4.091120754650238
-2.137132398,-1.485622818,5.991066382184964
-1.045792058,-0.535035376,3.9196979384169985
-0.27297499,0.6837844825380355,-2.892525676
-0.890511722,-0.421968806,3.2920404495010818
1.287782092341182,-0.440941002,-1.997112144
0.8638952144745733,2.596796779768728,-4.775018948
-1.011051048,-0.370214132,-0.003791365
-1.367950367,-0.560687696,2.5396613406326476
-1.342556484,-1.307604001,1.178509158842464
1.1593345669410822,0.8242676338396245,-3.742022309
-0.290735646,0.31200288323998726,-1.627657435
-0.901079113,-0.324513231,2.7117112964751584
-0.173679713,0.17678243544333655,0.5682446009739289
-1.770306711,-3.562438753,7.650713935361074
1.7883362913606076,2.1985736241279588,-4.910785394
0.22283165351704987,2.7231334083285645,-7.53216225
2.990823890480694,2.4904437834876756,-5.390607955
-2.123172367,-2.780821186,5.325792941682959
0.5327879020504698,0.3208193906650886,-1.004222583
-1.007715204,-0.481984598,-0.258342617
1.644707590064838,2.9452818817762885,-5.315345514
0.6738554459117178,0.8173398295111794,-1.590981062
0.2721936174731043,0.14390534185374626,-1.039436384
1.1685317435021216,0.6070277985156636,-2.043761797
1.3122150021007621,1.5685562828765982,-5.739314458
1.0027838237472053,-0.820334019,-0.214618721
-0.535260285,-3.747314458,5.458652532948234
0.32907844570577893,-0.228252372,0.8968306385605435
-0.371099949,1.2276587283229121,-0.759627438
-0.417783041,-1.056694009,0.996167153
-0.630714419,-0.891469264,2.920787864072966
-0.788351429,-1.136154832,2.9544177348815497
0.065127359,0.8693203334128745,0.19957359328094765
0.656447279,-1.191819596,5.972137629496997
-0.77581969,-0.30901647,0.2889686086832289
-1.057593084,-1.379770017,3.9521301709864316
-1.344575486,-0.093803405,1.2528683756604915
-0.115052782,-1.486257276,2.0990787181731614
1.9667169991411289,-1.4494888,0.527747607
-0.823796389,-1.577096469,3.8624015626826975
0.1854211358497613,2.3762565480439433,-2.012061931
0.6740591992765272,2.226180916405005,-6.577269978
-0.049388355,-2.244213224,4.1741576533095435
1.1405323461910037,1.7316584330033722,-3.807775181
0.9780525795371895,0.603276749,-1.203833349
0.28699482048327973,-0.852948886,1.6006200087527478
-2.31030613,-1.72242202,5.761948667015172
-0.96776835,1.8129275585466649,-0.416049342
0.8689158058795708,1.3054813517143227,-1.659871272
-0.535878458,-3.731972817,5.8184066389341345
0.9785871538785477,1.3853439946362789,-4.037223094
-0.524222732,2.5278751755732287,-2.467994668
-0.205389612,2.191870081028708,-2.227366992
-0.844844212,-1.839678182,4.597807413317315
0.9267637591681054,2.3199786984402007,-5.02997562
0.1734233520663953,-0.678965393,1.0697808749975612
0.3058080830391761,2.1684450672596505,-2.61932036
-0.018746901,-0.036375784,1.346312353695161
-0.756033198,-3.540646296,5.299086878604845
0.5314817995272698,-0.733224786,-1.865723539
-0.007772744,1.499409926216862,-4.232207684
0.024000721646184015,2.1466704249295105,-0.045848426
-0.266919695,2.522223130371999,-4.632092857
0.3364226954749167,1.0945066615007897,-4.188682499
0.8294874143671485,1.214999339071775,-1.406252849
-0.073232929,-0.899598171,1.8863181255203483
-1.144168725,-1.516894516,3.492890668584087
0.20383262684654976,0.833173337,-1.471909589
-0.655655609,-0.440455793,4.101272428671485
0.3708270662335854,1.0380363936199457,0.7086084872710118
-1.606724081,-2.402712944,6.665312181798796
0.072649101,3.7812589032753836,-7.823537152
0.8952634014582711,1.5435878573978752,-3.925421698
0.8156817881244822,-3.353422268,6.506726476
2.3815062353218366,-0.772520563,-2.855529736
0.325121603,-1.052105565,0.6674263610509598
-1.607201799,-3.026032307,6.860357831033703
0.648022523,-0.96968284,2.8083821698073868
0.6021543917533334,2.3287928539108567,-3.858500259
1.0055264995575457,1.592436258302015,-1.8030889
1.546044508412013,2.796921564216068,-5.594943511
0.9703819585866286,1.4113041154011374,-4.01368032
-1.83818254,-2.411088646,6.185064356796976
-0.205229548,3.052753544460934,-5.603781008
-0.590216926,-1.343708084,1.4482744504155005
0.083086693,0.6573142798119194,-0.753360567
-0.064284083,-0.072921605,-0.649942654
1.3065556281161375,1.1793407401792442,-0.216707569
-0.145240084,-0.667533066,1.7304406490230353
-0.127607985,0.9667810173705209,-2.387149741
-2.076736723,1.9040370417985812,-2.227535818
1.0727778555423861,1.9167725714250938,-2.835408321
0.16158903125584978,1.6122626361337384,-3.19518231
-0.238975947,0.30215943628659425,-2.888153029
-0.357560849,-0.083768084,0.9558671429870004
-0.982543578,-1.772898989,4.141575870770682
1.121776329988708,-0.080075615,-0.862096385
0.831246806,0.6243764455992111,-1.433820483
1.5902526828310872,2.0511605848021626,-2.897448447
-1.71157226,-3.495106405,7.703420676286591
-1.426500855,-4.149959042,6.005325966394242
-2.291983149,-1.504367059,7.0187349289223775
-0.088858836,-0.573188478,0.011327015652347084
0.3206317518926533,-0.49442946,-3.736477756
1.3815660961624432,0.20772403659433936,0.7479734832358063
-0.305645786,-2.00899859,3.0815843217137306
0.20871828586952754,1.9133468623043088,-1.511187765
0.18142885947931872,-0.439774139,-0.874804795
0.9431795933339157,1.1323576146075092,-3.791472727
1.3155939527786364,-1.20098906,0.3503898465990891
0.2616468640553083,-0.554530291,-0.269840327
0.6214138887575653,2.616487592885063,-2.937876326
0.507428046,0.485740448,0.6111173507767045
-0.655373093,-2.086195459,5.2304124881627985
-0.075780613,2.1662326113111794,-2.477366954
1.0640230865470723,1.0623833512648986,-1.038996745
-1.242411834,-0.709744498,1.1999864085723648
-0.407905664,-2.747127338,3.309379899556893
-0.014538507,-1.077172296,1.9331066315718959
0.022443509,1.9575824981929097,-6.18383732
0.7266791356988149,2.537038909955438,-1.728251153
-1.382980483,-0.783176717,4.6945741955598645
-1.798889034,0.3600487298357026,2.8904867364472304
0.08176866,-0.388157103,3.356085576405954
-0.615989787,-1.133453633,2.224916143
0.40580567125100175,1.031531641717488,-1.295242004
-0.619556453,0.2405035589142962,1.6115949139929064
1.4584157953802648,1.1747062646860655,-2.954657381
0.6477005965447051,0.7909643096264232,-3.576648465
-1.016924928,-2.625199386,6.277508382857733
1.156358526059301,-1.45500162,2.3054870739095903
0.6111473477389529,1.2335468258949813,-1.589383432
0.2854801425896871,-0.231774438,2.5555628582046905
-0.745161349,1.586866059644716,-0.796463321
0.2646668233483101,-2.22759083,2.573206001155842
-0.247726176,0.2140079462381595,0.7161186091637249
-0.28856271,-1.498875823,3.595299694714683
-0.537217646,-2.159475504,5.307215948582183
0.6716297584107371,-1.956985771,1.6831857200651064
-0.273628125,0.23681886062997487,-1.327260413
0.9782532999536293,3.081147868,-4.516517931
-0.661473807,-1.205414522,4.952889557887459
1.1412870591201092,-0.012034537,-1.726252366
-1.370549238,-3.118481249,7.667379490817423
-0.194044671,-0.84977001,-0.526991411
0.34030837428672317,0.8558997527561848,-1.745945484
1.6755063795421934,0.24893356512996423,-0.073109994
-0.512458071,-1.87508926,3.8190751785846455
0.7246243959762076,2.328209967316451,-4.065990817
-0.148145781,0.42975679348727436,-1.362953044
-0.671136272,-2.061071566,3.6570227724760227
1.6022512673963705,3.8031072742870835,-7.673645513
0.3208082165955667,-1.365285809,3.545910118707888
0.008939485,1.9535967278107795,-1.761656452
-2.214974016,-3.411578783,7.283251565234066
-1.106117076,-1.661842067,4.796444909444975
2.019072907348302,0.6315051987600133,-2.153710696
-0.109294744,-1.101956138,4.256114262
-0.712474649,-0.881054665,0.12345398239788663
-0.786406174,0.4294347474606286,-2.106823089
1.5406160873488082,1.4083980340344986,-6.345464294
-0.499406221,-1.844405497,2.779992110684246
-0.016256411,-1.395827422,5.0253775974409045
1.2817329386910215,2.7007991956689184,-3.380896199
-0.151577412,1.8338146646213715,-3.387669162
-0.640134088,1.7324308773418138,0.31985012829421167
-1.418768376,-2.540904548,6.113814229488888
-1.725141865,0.41892887695132885,-0.129957853
-0.488754332,-0.075830565,3.3672640825264932
0.5670272737948938,-1.056573727,0.22418298286875438
-0.409058099,1.2014917231920763,-1.69002937
0.7219617146565437,0.3065715367876225,0.36947872648365776
-1.435669796,-1.674114619,3.501728725974207
-0.19662617,-1.591060508,1.9532558649262193
0.4666660807173209,-0.664309191,2.3191444513699153
1.582013332179187,2.414196460213745,-5.285269059
1.5350978721661128,1.6066130252543784,-4.033843093
-0.843705341,-1.937008864,0.864481208
1.6646948505477848,1.7131244884299568,-2.907743593
-0.408982912,-0.5326665,4.161407640778844
-1.325709744,-0.013790674,0.31118141616450967
-0.295603326,0.2547399054748827,1.1069145167809498
0.20312379254678342,1.1015519007779555,-0.989310167
1.4128182566559164,1.7766308865036908,-4.700300688
0.23067895666876242,0.48731520729260036,1.0775667178416333
-1.086026321,-0.652843724,4.511719944853206
0.44582458065841823,-0.385029794,0.12142606392684296
-0.231721088,-2.440681522,7.430836555286481
-0.383683554,1.0355962460891663,-3.400366631
-0.92570436,0.6564492591410334,-1.34860094
-1.352263941,-2.616089758,4.5305671087564185
-0.619704703,1.036267231883756,0.076262266
-0.793630674,-2.616817687,7.859157824918788
-0.227577893,-0.273537403,0.081569796
0.7093527757115667,-0.538360735,-0.350727681
-0.356896417,0.8952154234312921,-2.031773019
1.7004514371542863,0.17674946589123713,-3.183750846
0.6654385594714951,2.3589575149696405,-4.085676905
-1.031685968,-3.487601711,5.942211738
0.13305049595701926,0.983622322,-2.880275636
-0.419340901,-1.666633591,5.1128326838794145
0.20545262960036476,0.9430585386307285,-0.524272175
0.269862963,0.030459541950072166,2.2155137932924474
-0.397191527,0.9796531478050132,-2.132740434
-0.779656611,-0.22432784,1.5837634997375787
0.14363461049484402,-0.69244797,-0.474482863
1.4696646971023977,0.26818421077125043,-0.481484121
0.9307258132218341,2.9937771771448207,-6.477599503
0.5444529031704562,-1.362175351,-0.18309221
-1.907727788,-2.418083521,6.917166182237524
-0.088594882,0.13721897679677064,-0.216511451
-0.193028171,0.7173856446323825,0.5273097055440957
-0.134165712,-2.397991947,1.9242624957313164
0.7167973169009769,0.48975009839213235,-0.666682122
-0.175674792,-1.386713735,2.8236182467329503
-0.776091228,-1.074847354,0.7256235604560476
-0.630069971,-0.193930565,3.0340698289218655
0.46468884704688296,2.128668474909289,-3.374574498
1.0911488645655052,0.6278400457573827,-5.681796159
-0.180396307,-0.757723336,3.775599032866547
-0.132882138,-0.440008081,0.32580419383927306
0.10393255118845392,-1.109464284,2.2496350954187356
-0.206548757,0.7277095830354783,-2.088379273
-0.526763056,-1.438866017,2.0955873619642325
-0.550937408,0.6963096498077914,1.1997401454401555
-0.451187061,-3.868237374,7.101927482132332
0.4061610112798176,2.063374214380077,-5.222715313
-0.699877153,-0.505641846,3.716633694101321
1.2870137046685126,1.1750457226521658,-4.39832413
0.8750577365277392,1.3948756895672356,-2.905064816
0.5624326090508793,0.27267050498032597,-0.800993985
0.29871124198306065,1.3107478707365892,-0.595247293
0.035477741,-0.638090856,2.607298888055724
-0.875527613,-0.176905224,0.8587954007877803
0.5091675149882012,-2.062922563,1.5182763130891828
0.6125239815672965,0.8508197414407801,-3.349031097
-0.923513047,-2.187610951,4.712747096298908
0.6147991165812282,0.8608168950335318,-1.039590501
0.8525189240300353,1.0068009018918538,-1.100414288
-0.980216974,1.4175771408921403,-1.013530156
-1.234937811,-1.025009558,6.067989453921213
0.16294678981646016,-0.430118595,0.31630780351085064
-1.424056182,0.041765105823719395,-3.092245934
-0.244680076,-0.04171249,-2.422308412
-0.833588189,-1.329326418,0.710920752
0.9692403299986414,0.9255168058317838,-1.855492689
-1.8476418,-1.707611166,3.4017041388975655
-0.229516744,-1.016269501,1.6446679461395863
-0.151404114,-0.382198847,-1.065351026
-1.394524764,-4.930828147,7.439711274193555
0.779294955,-0.848817114,-0.568711864
0.12900998766391014,-0.121744974,-0.431503578
0.34803971999693745,0.5802046057623441,-0.634594791
0.588865025,2.312211648929519,-3.646321419
-0.988572843,-2.75371076,3.1872369032808514
-1.609535722,-3.698177752,8.167651817968549
-0.986216348,-1.695073629,3.133514905547296
-1.288652657,-2.398445217,9.195022541173197
1.1088331496222483,1.8341156744147407,-5.056596607
-0.875527919,-3.213757695,2.361675279115742
0.026132817186887487,-1.600153737,3.849186963706688
0.24429353681546492,2.575125893355948,-7.205591411
-0.598962906,-3.679528547,5.19938955
-0.46337505,0.6199856426491989,2.658300224788257
1.1985387526975635,3.9168428875732304,-7.419846774
-1.473500236,1.3548622152147438,-0.550376129
0.8509140796862937,-0.252576094,0.1398356815191817
1.371566959141584,2.2676351036987197,-2.767172154
1.7398579206499118,3.439628609717592,-6.914601574
-0.169848373,-1.859250531,3.2667087260649867
-1.132101712,-2.712259047,3.6016780656722727
0.078350957,0.9184760750197867,-5.691639971
-2.30214571,-3.408534866,7.976508883989222
-0.102776,1.3048614313491331,-0.072696106
-0.233847547,0.14927992512957822,3.1810339419274154
-0.128666285,-0.050582821,0.6373429427161876
0.9228898068413615,1.360227472265678,-3.385526077
0.002606844,-1.76530095,3.1511116280332647
0.3076472018988353,0.2507744956918132,0.6547793828147834
0.944947709,0.773998837,-3.095666999
-1.224108774,-1.177397981,4.359144369017926
-0.654125135,-0.909869282,1.737618457022655
0.10772874581698405,-1.772036514,1.1060317995940505
0.1300429381287507,-1.349749746,2.8154483632836294
0.072594989,-0.388791333,-1.209487462
-0.623789735,-0.404232908,-3.526982554
-1.009336626,-0.466686856,2.0688553547046724
0.3304017582246861,3.446909595613242,-1.081118243
0.12977904358474035,0.9867081553132876,-1.660126841
0.48654298953687214,0.045141008773467245,-1.795929135
-2.647722738,-1.156254612,0.2978843176760835
2.055999586613836,0.2533830190205488,-4.369106596
1.2365608894659785,1.305971069160093,0.28585485823137646
-0.45706568,0.42203330570311703,-0.272247084
-1.21887997,-0.528625421,2.117147609
2.181815727406425,1.3403972837087714,-5.797205521
0.5585351132471064,0.20759687641140712,-0.734127174
-1.454472084,-1.376402316,3.7763563354798926
-0.02398972,-2.765001526,1.4520590506731832
0.023511132,-0.1265018,0.6069458217310959
2.3187865600677955,3.622469752,-6.074241162
-0.961412624,-1.744395909,4.316586303264379
-0.898806166,-2.754245065,4.007535478442484
1.5865110217351566,2.416353149128583,-2.99168445
0.5303548571933452,-0.58958387,0.880374672
-0.828555864,-1.144391843,3.144748538
0.15416970905624117,-0.928714467,-3.182558001
-1.88375449,-1.594629299,6.739581437276755
0.6427412105869315,0.14615882017310433,1.9287839854050843
0.40572862605804005,-1.016111999,-0.388390586
2.614024105853238,1.8045762452768894,-7.594296135
0.5198408206209705,-2.800252799,2.8205432060428253
0.6273477433157587,-0.082041381,-2.579537654
0.6303291574019889,1.6806884036545318,-3.695438653
-1.140440273,3.214658542101927,-3.490678084
0.542594773,1.921926952472008,-4.886695957
-0.014618129,-1.84271623,2.079109745389116
-1.42989367,-1.846856778,3.0399670887463164
-0.574109206,-1.374390308,2.164902804
-3.065492966,-3.152079621,8.452016089623433
0.5783477211002296,-0.217808725,0.099670036
0.3839158808645342,-0.940778002,-0.050483207
-0.106181396,1.654541996471832,-2.577910934
0.14395452632812106,-0.257878971,0.16557502658214995
0.7094424610293459,0.1130632205271393,-1.572829474
-0.121344279,-0.516895486,1.4238635101968167
0.3828708851396168,-1.487594417,3.314292172545074
1.0885175384834478,1.9858280344574084,-2.261170701
0.691466541,-0.087991898,1.1000141265825474
-0.589587842,-0.007432019,3.745864417993013
-0.757956237,0.15750944838266734,3.8705676276706527
2.0459323651847234,1.7408858852760645,-4.251529798
-0.678356072,-0.794909784,-0.491538138
-1.727619,-3.249212369,5.165010216293865
-0.650846061,0.4298519648558738,-1.743370024
-1.837500519,-1.969972325,5.259207461419363
0.762791642,1.7973559465422198,-1.843538305
-0.759361632,-1.36053755,-0.469630748
-0.570047096,-0.569742936,-2.954987176
-0.441135869,-1.743763332,5.039740982584313
-0.03366995,-2.894349636,4.776313733101965
-0.568340606,0.5529794360033932,-1.915979622
-0.580316613,-1.01436152,1.1311032315541882
0.25995498043763476,0.5917458286965704,-1.339492657
0.6520077828044669,0.3178608710925657,-0.709846744
-0.351544018,-0.123550705,2.243344387247004
-0.812478789,-0.573024753,3.0237293888556347
0.17594938983549296,1.7477935150064599,-5.168517882
-1.810193518,-0.696392674,2.866128819235815
-2.107159191,-0.449028211,2.165408311351725
-0.350772729,-0.247795618,2.9645718497855076
-0.147885235,-0.781097231,1.7157949094363478
-1.398234915,-1.35455982,4.810549630840863
-0.093620942,0.45929497610308156,-1.185182607
-0.332517691,-0.654641232,-0.798799843
0.9986690856618353,1.5002805464122095,-3.548181288
0.21562361058810484,0.37864042619550564,1.2265479243171424
0.16167885718188388,0.11424859612547936,-0.449404427
1.312214584271309,0.720542218,-4.410022299
-1.465273215,-2.07709577,4.102178845571572
-0.235797045,2.1173864283633166,-3.574025782
-0.2689181,0.46162509964111587,2.0120270924289585
-0.474561982,-0.419713217,1.5963412099093912
0.6229306137743231,-1.502127922,-1.612149804
0.47287204897647434,-0.410332239,1.5892338506075225
0.5954279282908523,2.6856100255650683,-7.442605537
-1.397952658,-0.404806397,1.4931188996795957
0.5835238543586627,-2.340411863,3.7111393857361623
0.33152712253276534,2.182066312969609,-2.728042215
1.1899662766483754,1.089952396329594,-4.035318533
0.071488509,-0.252027517,-0.25120841
1.0004324429926088,1.6682361059048647,-1.794201543
-1.266951523,-1.817465196,3.0596398498648885
0.8302611909144171,1.0836585580844524,-3.354992471
0.32751499532715717,1.3497398978393003,-3.879531835
-0.737573002,-0.16409107,2.691911305
1.1291444207886911,1.5471644765272576,-3.413417663
-2.401422043,-3.681946926,9.182479284326291
-0.751461153,-0.828310362,0.055102756
0.8628076485224901,0.6359388005863248,-1.065531209
0.4811516249517904,-0.296665259,-0.089210454
0.7060055267714397,1.2344476712804908,-5.805438924
-1.166182417,0.5245703754845469,2.8975890447457004
0.020151902,0.1776991942517256,-0.03294516
0.5543906390694451,-0.651770328,-0.936913626
0.8418387902166449,0.39541330544918263,2.275790732733134
-0.29075314,-0.419560348,1.887100907923494
-0.022097336,-0.893040009,3.0704980248718066
1.358485108366404,2.2269599825652193,-4.573520595
-0.020611857,1.0245470298775778,0.063223545
-2.155223061,-1.950176266,5.884134978318884
-1.493169653,-0.338931184,3.805809968278286
-1.420842925,-2.740661058,5.415811881
-1.12044516,-2.52204765,2.7967120642596455
0.6583573970758562,1.322826921,-4.378110224
0.6162796145110263,1.0512253392186717,-2.473619795
0.12567458746696258,-1.980112401,1.7210690644718336
0.6179811856168077,2.731258333469501,-3.494832888
-0.21967976,2.428636542017017,-1.003560414
-1.013143261,-0.29704236,5.124806664
-1.077032964,-0.743087101,-1.709968657
0.010138339,-0.799006883,1.6284850620811027
-0.217262927,-2.578196582,4.529897719065848
-0.590543374,1.2987168031205178,-1.285977224
1.0091731905285846,-0.251393872,1.021381970122094
-0.340941347,1.079380792407005,-4.164455538
1.227874133831853,1.5348477726917538,0.078090143
2.3978966951823106,-0.229000175,-2.518760447
0.6218402923894398,-1.29697668,1.0930697887883383
-0.274859938,-1.219692711,-2.788046485
0.4776897420186019,-1.706543792,2.4888149186467494
1.688635283319573,0.813074346,-5.146060687
-1.795280954,-0.46180544,1.2857908904799102
0.11451451865643386,0.7657734078005802,0.008022222
0.5749040986555761,-0.501551628,2.0768596162340334
0.41829287635278356,1.7540649079393837,-2.143825678
0.3777306165374357,-1.71677356,-0.46470973
0.24876262896470552,0.9654635545147716,-1.803173162
-0.352563298,-1.33822065,3.649732270711193
-0.668563555,-0.93498546,3.641891909308762
-0.025896531,-0.512795746,4.164374242992537
0.925004937,2.4736687026062105,-2.85149363
0.8129037108603249,1.2267978052895054,-1.271613327
0.6085611763710019,2.950701216195334,-4.129458131
-1.298967885,-2.548458942,7.308110690990055
0.6728474521359462,1.7347999113157093,-3.496466357
0.092007649,-1.418407701,1.8636269633545313
0.22910280751176168,0.6131644933212392,-2.879929678
0.14086323568159315,1.2158207557184482,-1.818173342
1.7498170243899411,2.7556797074744463,-2.715016041
1.7659169685442049,2.3954375414102893,-4.795007195
-1.519684034,-1.539975862,6.229766746399668
-1.005521908,-1.492429137,5.116538102455669
1.258065227481023,3.552544765490821,-5.347143264
1.5076752289079824,3.2937284652001915,-8.966038957
0.10298279778715122,0.946465532,-0.463390239
0.1839045814319729,-1.166464238,-0.127006068
-0.567549121,1.8973147507923822,-0.781690181
0.24371021923599004,-2.206677326,2.6301587061698815
-1.102410943,-2.757362478,5.447602159154118
0.9614421808245031,2.2799946138072866,-5.049221145
0.22216945757444825,-1.040808872,1.2265020894299874
0.4763097217479265,1.2174536805205356,-4.450628271
-0.441106191,0.8738306737552282,-0.949160343
-0.116435872,-1.327384471,6.412771072
0.7852764412463178,-0.214266458,-0.881981153
-1.038540046,-2.388445142,3.8813787508571957
-0.344179017,-0.551875042,2.0212547179287794
-1.36575978,0.6694971477511205,0.077842743
0.732172111,-2.825248891,1.839206769284373
-0.932900091,0.6861380317667425,-0.201609915
1.107634047411609,1.1532793293789854,-1.180425212
0.33137699689109756,0.068477127,-4.777866474
0.6992573896911409,0.5350597266776339,-2.95810469
-0.337169951,-3.95970517,6.013992174
-0.546702818,1.3973885748351407,-2.707972624
-0.361618871,-2.239108652,3.6623100092470002
1.775933559973362,0.6761913062767956,-0.776608507
0.3337243115654961,-0.752215412,2.6512286487876557
0.2638458967264883,0.7019306771377004,-4.894974335
-0.908789908,-0.986273452,-0.008950073
1.2455777308389837,3.613463476128159,-6.167850529
-1.356375329,-1.247217295,-0.267261106
1.9406240857159174,3.5477062431758206,-10.36621026
1.0808959783720988,-1.770043503,0.7310382502890314
-0.180152218,-2.106797582,1.0070396052995454
0.2827495181010113,0.8560650910864602,0.3251965991460457
-1.314061216,0.5593707595894044,-1.815269432
1.383585849506332,-1.428103354,0.22027202496727505
-0.69209674,-0.415051878,-1.561506201
-0.198708285,1.4995839141289677,-3.72879989
0.7877000143933099,1.0809919099900576,-1.435531132
0.43148704677727084,0.4448669335029845,-2.42305633
-0.153901855,2.370341783796238,-4.421171458
0.8206960629130056,1.6792424549158467,-0.328877944
0.13242913897770425,-0.586155771,2.0198252798826752
-0.458874697,1.4880785104522198,-2.179979206
-0.115648592,1.7683962946874299,-1.674555351
0.15808096832910962,0.797266386,-0.917935239
-1.071344705,-1.072829688,2.1074460007120877
1.0979430430007158,2.5083286697608536,-4.669063226
-0.377824711,0.2744426393512724,1.3780321431704063
-0.056302921,-0.040095847,-0.999444957
-0.113949254,-2.817735356,4.334117338908315
-0.09619823,-1.475545942,0.7171138513527777
0.5035532275718493,1.2075761531211513,-1.351289206
-1.021733109,0.5205194519082277,0.4938756577001784
-1.379710809,1.8468627696170354,-1.191208727
-1.102391135,0.10603717237808297,2.1543006978983223
0.30783779697248953,0.5708242054612426,-1.321318963
-1.173455668,1.6105970624337356,-3.717962266
1.4400087980390948,0.033512354,-1.839356153
0.5666491241267931,0.15775159508325026,-1.454229732
-1.777324396,-0.937376138,7.430448702032424
0.031699220119037086,-0.823933983,2.847510160294476
0.7319411394073845,-0.191961393,0.080648981
0.42133544166924103,1.8074691950474109,-1.70080678
0.9736186107534393,1.1655776616943627,-2.710450274
-0.762442268,-0.733320834,0.21926595822565753
-0.388434753,0.063198629,-0.278928016
-0.162840465,-0.188035915,3.7086570212405126
1.3002177318604107,3.7124955049431665,-5.448571787
0.5905504698822098,0.5006470821459661,-0.679764508
1.368677207254503,2.4000250957697054,-8.007919157
-0.968352342,1.428611430525517,-1.435536044
-0.26455816,1.2691184999183738,-2.25371356
-1.683965824,-2.980867876,9.223083294
1.3523594353247688,-0.374068459,-2.740156971
-0.486353454,-2.427350079,6.383251112300948
0.5913296314588414,1.9587285010680746,-3.739670958
1.0029413720984202,-0.657958516,-0.750126492
1.3288177381347372,2.0407191472171733,-1.76420256
-0.43357484,0.3075553675807186,-0.127792103
0.7494638256248713,2.407609604927212,-3.387259317
-0.285187479,0.60618781,-3.341539851
1.1787524786491612,2.3683799491215174,-4.288999557
-0.903259199,-1.790616207,1.1824147212097484
-1.191892409,-1.807212113,4.490949976621839
1.0669215698240477,0.5338092967434802,-4.165760612
0.22184862317724605,0.7789131280097404,-2.995953032
1.3088107583400002,3.4938518884730594,-6.376943952
-0.566979978,1.2321332053718603,1.4561541950880679
0.3195618521240191,0.063686286,0.17560872361280966
1.097453130931465,-0.142666442,-1.511252627
1.2659364045149724,0.7680151647962397,-1.495989422
-1.356012364,-0.340665085,2.799822610689888
1.730222263298037,1.4670904021940248,-5.446374483
1.0499742246508252,0.42608165167808404,-2.840380174
0.8476275509314214,3.0666826676709587,-8.662751096
1.6211373147126376,2.403296777968078,-3.675294812
0.2955782284930219,3.1344444763938597,-4.443363308
1.5976058042864811,1.4781121579146403,-1.324182956
0.18809982599324243,-0.004720455,-1.430988258
-1.586184526,-5.094254194,8.87705904
-0.352935648,-2.246716423,3.0093729361239774
0.22252470497385513,-2.93163278,2.858272761845844
1.5834070331427368,-0.682090416,-1.291475905
-1.369529531,0.45469530201229597,4.043157322638931
0.21574148887925967,2.0649682493992416,-1.307135366
-0.826131768,-0.215396963,1.1923454180525397
-0.717269228,0.3101524773952642,-0.803537074
0.6389968675971173,-0.113692245,2.786078467752981
0.9439028247654061,-0.450381383,1.8666260710082603
-0.897461138,0.8670630608591521,0.7536973705965155
0.5831547880530085,-0.39481185,0.7387215338632735
-1.579263436,-1.85543208,6.256809297565517
0.5150848855758939,1.4508445607357303,-3.528545813
-1.102357603,1.0197570354593282,-0.279750643
-0.480459478,0.18278849819749088,2.357623147545091
0.5002630775607001,-0.33162084,-1.262862701
-0.177178692,0.9555213961672897,-3.546608967
1.877386221425653,1.9694621872447104,-4.873303916
1.2971963690810193,-0.202836365,-2.153713142
0.4169012318944073,1.623401518329799,0.4838057971111296
-1.443089697,1.1944344589817188,-0.953271816
-1.593428626,-2.190261581,6.1768504353236215
1.9117546647265655,3.8272989197796896,-8.607621257
0.3608187735700093,-0.07725401,1.7726286758805399
-0.318207447,1.6889390622335654,-2.253530138
-0.028616008,1.4130135523719995,-1.168244235
-0.34554416,-0.347799779,0.069322333
-0.406005086,0.5477079038056532,-0.903396014
-0.928816275,-1.45275091,3.656250999699164
-1.438479126,-2.847904888,3.710670079597823
2.1154953123441267,1.1958755308892846,-3.224529317
1.7656138819230656,3.748231203196596,-6.971851281
-0.246947824,1.4772400175308413,1.2938308197437713
-0.855671916,-1.669023269,3.8082414821420336
-1.079968347,1.5546401871101554,-4.128390495
-0.024008203,-2.004825992,-0.950539087
-1.029329876,-0.197459864,0.17895741346195093
-0.550725283,0.5466055135821317,-0.617300142
-2.748030257,-6.281302858,10.990196919626548
0.045003694665867046,-0.505203539,-1.902489216
0.020009349291535774,0.41199776941829414,0.771449014
1.1299626421519766,3.6638876861540606,-5.141348659
-1.895083533,-0.938586873,8.401706631379298
1.2175234627245535,2.7916053384358226,-6.623273417
-0.210205158,0.050105728,-3.038287132
-0.742700684,-0.304460312,3.986862440315142
1.833882862874719,-0.719294635,-1.07415083
-0.854544806,-1.167529948,1.2548104716341584
-0.308421976,-2.940993947,2.8369921381607095
0.7633289346753652,1.8509904346432626,-5.328345702
0.1491474701604478,1.266919198481677,-1.432576735
-1.21268675,-0.342000981,4.001609056762486
0.8259066959696898,1.4416649067120186,-1.461016444
1.2229951669349053,-0.015421327,-3.58884815
-0.751467158,0.3795585602731209,0.8505559751567797
2.3917522899772377,3.619392697,-5.957636686
0.9266254952565343,-1.059177001,2.2615323924305786
-1.442590259,-2.923277179,7.007220049
-0.596908107,-2.515084634,2.8705264019758077
0.9825011162144649,1.8884364142254397,-6.335500391
0.4140125503995473,0.033079109,0.980971954
-1.726064575,-2.292621486,3.186039378002351
0.7789005421191595,-0.081159621,-0.902855618
-0.22047744,-2.27709584,5.397532870189772
-1.209227607,-2.429144989,3.1169842729097326
0.3642210826579111,0.5369727117677312,-2.500626747
0.5106825072532754,-0.228333429,2.289671129872799
1.2569781276238916,3.0826581813991933,-6.000984986
-0.5519096,-0.961940663,7.106146212321793
-0.221913902,-0.963477909,3.3122858192597953
0.7173630609173276,-0.23443839,0.9410023692913627
-1.000816383,-0.930351659,1.4789655255608696
1.5909819889792893,2.4758395136213145,-5.562904633
-0.103391415,1.4875811054429053,-2.93536339
-1.943222834,0.050488584,4.918702192
0.3375302140378872,-0.711734522,0.6431033025961854
-1.915835503,-4.247767476,5.710137222146738
-0.561639397,-1.359828016,2.5315927602634782
-0.447482569,-0.289431831,-1.097447412
-1.160429449,-0.448047697,0.7658424282524683
-0.034164213,-0.506464861,0.093952646
-0.119606756,0.8822473058923155,-4.363836479
1.1378123979422985,1.5933123209366022,-5.84820809
0.5896341549612141,1.595896059553581,-2.574771216
-0.866149249,1.748200904010871,-1.530348374
1.1143984042477701,-0.03136827,-3.257678252
-1.472446925,-1.036310692,4.630212573704822
0.3972313111832191,0.070040188,-0.341882685
-0.505757047,1.0424823416541962,-1.091855969
0.9941890789789298,1.218677919298001,1.3426736245294515
1.101538773008024,1.8821331855412176,-3.335314279
0.1328899251126303,-2.398607671,4.200115881873824
0.087076447,0.5734474576136762,-4.804000044
1.1409785450479444,1.3068298408649932,-0.425078511
-0.923202082,-0.246914443,-1.140219174
0.8009477239466751,1.2232760592194152,-2.440861212
0.21164038299733218,-0.120428461,1.2777497590804183
-1.267496015,-1.115264252,1.9871427912455202
1.794757373834406,-0.074868307,0.012793234063274372
2.061538220716803,2.2754544918527317,-4.129692613
0.42405514994962595,-0.816444469,-2.038352408
0.077100177,1.7868912278933233,-3.569910972
-0.524434649,0.24132789478754507,2.5883992105659606
0.4368083156475268,0.5986566896061549,-1.019698034
0.090171603,1.1182554563841816,-1.581014452
-0.199610086,1.604959397289041,-3.330860587
-1.786593437,-2.599491627,7.291842285109957
-1.257535,1.0645488651905444,-2.380367373
-0.162929782,-2.206027111,3.392710060470001
-1.345550808,-0.767939377,0.8686129795210793
-1.054041571,0.36342718557803644,-1.672264459
0.7805564319026461,1.351495748146576,-2.848775943
-1.274321064,0.7913248008205956,1.0567662318946642
-0.385313428,0.8117003177526421,0.2811418250470461
1.3723711299893964,0.8568675127855111,-3.482315679
0.20891227427122241,0.8427714175791668,-0.12187962
-0.166054724,-0.312494773,-0.417963518
-1.380896571,-0.816332485,1.3759415325294035
0.8678605508330192,2.8355206756176226,-5.994478355
-0.177797385,2.050106681343891,-4.379425607
1.5937316951175449,-0.455517941,1.958849152358363
0.35156473671615346,1.107801945,-3.459487215
0.3255483249695221,-0.439109931,-1.001071374
-0.231081568,1.2627275848243835,-2.168557044
0.6726702407762715,1.4131991052339687,-5.128287408
-0.06264081,0.4868237051101041,-0.510074474
1.1729975990286632,0.10431070366686912,-0.530928864
-1.497603793,-1.973162369,2.999530010370791
-0.175145384,1.183298456882158,-2.536614274
-0.809265468,0.4740192628520683,2.4653215045633123
0.5767316382426405,0.2817780161753286,-2.084758944
0.5036744231699142,-0.187751218,2.3140120842496876
1.6897654564722042,1.0518224958521398,-4.854050944
-0.916299849,0.6520913038677358,0.012670077933705226
2.26168015,1.609255462931443,-5.738767162
-0.825301584,-0.39843836,-2.179614799
-0.192927709,0.8826775305078037,-0.95621024
0.9324488692032465,1.6448788988637548,-3.631050151
-1.247361949,-0.959996249,0.5601731575974385
-0.304097658,1.8274342196234004,-0.699335461
-0.098008297,-1.741808756,3.009349836040294
-0.707857975,-1.502122166,-1.839071293
0.2219346635684327,2.388114828258958,-3.666528493
0.5076374662366159,-0.068974172,0.2940442028893423
0.8619565581503509,-3.389173053,5.409149076
0.7704415043680376,-1.877646575,0.6277427063225866
-0.489272522,-2.098606526,0.9060857888209459
1.0140487748545848,2.8102431240620067,-2.495337987
1.9499737884428598,1.2843500663969727,-5.482544515
0.29073021786163117,0.3448471626261925,1.091248163656858
0.4656574149707853,0.7174818044555282,-1.234074156
0.29793400813137944,0.1698231038767184,-0.384230766
1.458588443619567,1.6705830129732795,-2.893457497
-0.102557946,1.1343619042750634,-1.755847992
-2.116611836,-0.396193005,0.651194993
-0.277296737,-0.102758884,-0.256164207
-1.110251962,-0.176182368,3.5445871691493873
0.8850041518670948,0.16345097619341442,2.610560570392624
-1.228537895,-0.623838537,1.9307029202021906
-0.042135902,3.434632829073598,-6.589918924
0.6233151518633612,-1.424211985,-2.950699598
0.5037831008093804,-1.712840569,3.484639141635636
0.722567465,-3.260361031,4.3721905410826345
-0.740703255,0.45091952019465276,-0.378075423
-1.062485676,-2.248239411,4.477221001360072
-0.748991527,-2.912296353,6.688234324
-1.008268058,0.09767961,2.2447383232602256
0.8384455054839063,2.1321578835319563,-4.806607022
-1.228098888,-2.595472826,5.118413942594793
-0.787879262,-1.469842714,1.3640895729632003
-0.419984004,-1.903243501,4.696793729527446
0.7412649142835009,-0.005997196,-1.595518731
-0.548453952,-0.421435923,1.086009650653125
0.35112475493290074,-0.468978231,-0.071182969
0.8758189289631614,0.4149161350428342,-1.912697429
0.9095631514702235,0.6256348054657016,-2.353886432
-0.317259899,1.099478524496649,-2.695163126
-0.835654422,-3.085834953,2.7016250068669962
0.758144898,3.0220430607150055,-4.948205053
0.3053162577988536,0.37321251496916763,1.5424348361856945
-0.854259793,-0.018389838,1.6007212756893408
1.2437116734457339,1.4711032594039404,-3.347847135
0.6003904095654986,1.3015265942956882,-3.255746397
-1.599487254,0.11712435226989443,2.858672135415059
-0.803433643,-1.768934819,2.194826056032156
0.3564161473679084,2.258293186200768,-3.833632605
-1.368267524,-2.501568476,5.134765898718311
0.5466830063464163,0.455743515,0.038205011554917956
-0.785842507,-2.271353148,3.174267014237516
-0.934886651,-1.555922515,2.747959232663751
1.4763916195714257,3.5190214317707365,-7.681818693
0.2088689895064888,1.6291762852204692,-0.777185212
-0.981172529,0.5988856567936965,1.7136536861370806
-0.433343759,-1.217058946,3.223860661030105
0.5916194334639328,1.7211528724061362,-5.874593207
0.3012732040015158,1.6813528480850424,-3.877652245
0.2319833893412823,-1.445341894,2.0103210970696637
0.13066142653501833,1.6174563654276786,-4.316382828
0.3189643985169509,-1.579597119,4.200743565050617
-2.075215808,-3.581212394,7.655930133269772
0.448971843,-0.291058563,4.200685483291348
0.071925024,-2.023484116,8.072330827620457
-0.287045342,0.027417949393794272,1.9289133894012056
0.4793788066689064,1.0788320469386634,-1.562588793
1.4060782926891473,-0.941790478,1.1736298923525972
-0.610154428,-1.414428878,4.090415842510979
-2.363186399,-0.9287239,6.514079811488641
2.3612424724308174,4.4356490245806315,-7.583622349
1.9076415826851543,2.0988071845398704,-5.141328204
1.5926027165072947,1.643385691556111,-4.742145254
1.916419642106325,1.1529592268384161,-2.428125655
-0.23908005,-0.239189305,1.742651574646228
1.5574441465081934,1.682445357583252,-3.896941901
-1.43833115,-3.532227046,6.815987196234064
-1.082889781,-0.727598404,0.3503787354455259
1.958623445,-0.53233717,-0.21142882
0.3338247091021983,0.5434012986077021,-0.015349011
0.9180727678861994,-1.058672145,1.545039759406737
0.043708533,0.13113320231816572,-1.995746023
1.0016269306357195,-0.400126557,0.8592624221961624
0.13452040845900348,0.8123205660871848,-0.415855419
-0.786156043,0.35909740433169507,0.3597442462233984
-0.359403803,1.646613396500937,-1.878643628
0.47267271731120325,0.018951912088170708,0.4735211231203733
0.45716811995667805,1.2635914188516713,-0.191452177
0.3289622615094844,-0.893218839,3.2399424859355266
1.7216156920833368,3.534222164665517,-5.108485094
-1.1494386,-3.847013595,4.276764265459381
-1.33713785,-2.389268982,4.000633678897542
-0.046379808,3.1312395683830334,-5.952897379
1.490937752,0.5550532784957125,-0.888055901
1.910341739569577,2.159778848385699,-6.813427118
0.5990391856214103,2.9949067849857505,-6.422032598
-0.163762868,-0.899478417,4.143724505576695
-0.323515041,-1.713920508,1.9793658136953889
-0.985511076,-5.310655766,9.222433784886833
0.14751964805453402,2.2478178823175248,-1.00397294
0.15981626390520437,0.5041840923399632,-0.183625653
-0.63927831,-1.362909602,2.154107973650235
0.7789170815181571,-0.179311048,-1.295416142
-0.91164062,-3.039698423,3.8809348330559104
-0.479627657,-0.29504955,-0.108293893
-1.322824206,-2.59710475,6.348160799393989
-0.599996386,-2.485388396,1.2105188545309933
-0.298858987,0.35858558627586234,-0.861811724
-0.749543318,-1.10978134,3.7260995554863428
-1.096927817,-1.297027322,4.7061283243457845
-0.724076902,1.299676078294321,-3.39569093
0.41937259627016077,1.4326579588973085,-4.112386883
0.010892393725188465,1.3272779162264414,-2.451920996
0.720435566,-1.273220848,-2.917466546
-1.187375217,-1.038639664,2.8619750549000376
-0.28857417,-0.125582516,-3.80958412
2.008602409839098,2.3902929723494646,-4.789969428
-1.180282483,1.0005250290288012,-3.336431753
0.8814796961998943,-2.091290644,1.8253311500821714
-0.878290658,-2.424251879,6.392640065680613
-0.58551978,-0.342723834,3.7175421396259622
1.0081317959961376,2.069718096269122,-5.070334559
-1.731697258,-2.728605883,6.336714755943736
0.7926034244869035,0.23657556012359438,-2.948966841
-0.939832647,-0.723069404,3.465242195602637
-1.216991162,-0.930207936,1.6108977932479698
-0.978310197,0.3467995057434681,-1.876651706
-0.074697683,1.431193292268658,-0.403453772
0.7137574588753198,-1.800850693,0.2108322969200348
0.18052507772222642,-0.249179939,-1.093041249
0.32348738101998015,-1.075481996,0.30053804925779753
0.27714175432361665,-1.109634362,1.484132531972341
-1.233701899,0.009737674,0.065060089
0.5221866186138007,1.6610043037341355,-0.956253811
0.003069758,-1.576247333,3.221821340134844
-1.337968089,-2.706785283,6.2860546717873875
-1.46912423,-2.487989615,5.336781057692814
0.4563387474200949,0.19615640509365947,-1.55989191
-0.037496155,-0.03501287,-1.135320821
0.6005030215058247,0.9304986887320258,-1.065375585
1.7315056983474555,0.081390037,1.6314601442391388
0.8775637756655393,0.49761557912594145,-1.578445825
-0.584315887,-1.136069859,5.637044256213878
-0.524347308,-1.979894726,2.7091192454982007
1.2712385853558177,1.7981496731628068,-3.407006224
-0.319630553,-0.000835354,-1.158160764
0.9849323598874251,1.4002058472586238,-5.258107128
-0.816704287,0.16080168293738925,2.1311066667972094
0.38312272355336563,-0.595033285,0.6942944438723037
-0.213187833,1.3888703683091332,-1.853024654
0.066170405,1.573461065616571,-3.874452282
0.285290272,0.5353904263064035,-2.04747039
-1.457039319,-0.883142248,3.652396772402932
-1.86811218,-1.382975321,3.6631635845745754
-0.477220849,-0.588285224,3.0849294190539442
-0.006525907,0.9463567165073135,-3.008270655
-1.149217979,-1.110698041,0.7631935306868104
0.6050020414838473,0.7298791638807427,-0.472330026
-2.128299861,-0.782421055,4.382354971962732
1.078021652172413,-0.341857002,-2.081913339
1.8574193367949272,1.9253347122672626,-6.743443482
-0.343943524,-2.219557411,1.9212439563423387
0.5875432625592198,1.9238827657607986,-2.094868493
-0.709691182,-2.245989378,4.519452322226779
1.1951350481318055,1.0655963735910134,-3.574963175
-0.711070431,-1.668187915,3.3023618143299407
0.5325581831552884,1.0228849114735228,-3.52818068
0.001849269,-0.69027861,2.251041494
0.8593495143792035,0.5576568428605999,-1.157591371
0.15420426,-0.477387216,2.4063517389357636
0.7039622696764931,0.6357927071942889,-1.911736179
-0.511080828,1.0410013070681776,-4.104462946
-0.552663421,-1.893998022,5.2405053459313375
-0.332539956,2.1555841526351176,-4.481105518
-1.787874126,-0.6506585,5.367982939423935
1.4226683960935016,2.3987054090683926,-5.806535408
0.7851539636539338,-0.189405115,-1.954198687
0.2614988254229997,0.049934635,-0.8260596
1.912813056333662,0.6174484482450933,-4.773814821
1.3615455135901011,-3.688253668,6.337562446229823
-0.433844971,2.3590427560585314,-1.199103219
-0.243121984,0.6569832589406349,-0.37862705
2.0388380286930454,2.821573669526483,-5.359125506
-0.488753923,-0.982568966,3.934702989153614
-1.057937363,-0.292683454,1.6545181035312666
-0.26866541,-1.693552925,4.764675903687077
-0.143906693,1.348271144625934,-2.679214814
-0.045586132,-1.086184311,0.6955375972091129
-0.00933421,-2.133335849,6.020216885030939
-0.464053282,-1.90939977,6.304910477135733
-2.365032341,-4.35517217,9.174577833133416
-0.689238237,-1.663040401,3.6099652135002973
1.162445729942038,1.1954641350248627,-3.601901821
-0.754524307,1.4113424235106753,-4.625618109
0.2382201948733439,-0.074336495,0.10206572226532673
0.445201109,1.5568241841064627,-3.781289297
-1.456096938,-2.662233595,5.94784446
0.00979995,-1.024006697,-0.043996693
0.9704049621281197,3.288122860882832,-3.577431864
0.5823784663703795,1.1571324466466486,-1.864542851
0.31141857628116565,0.9708874033292945,-2.72250272
-1.24460193,-0.214658506,0.8622184268880939
-0.01363792,1.2771628896764644,-2.948843175
-0.36795945,-1.722460534,2.448817366525259
0.23537411649779408,1.2189162681656707,-2.019148358
0.9816069413386479,0.3165256650776674,-4.468065404
-0.478727785,-1.288253489,1.034131980521016
-1.015257152,1.110114276045684,-0.103198305
-0.307744091,-1.538782959,6.143340613511828
0.981834522,2.7041199445404587,-6.467510434
-0.902132503,-1.621719547,3.4670538764267658
0.51692031,1.5475891300952624,-0.917414749
0.47721399300161216,0.44476706371653185,-3.438471579
0.048695426,0.6870794039185683,-0.09409519
-1.082458028,-2.62770325,6.042083945503259
-1.306080676,-1.947510519,6.208496073883731
-1.04978207,-2.695862144,4.153145906746566
0.5736431789768665,3.1490479202228583,-7.659531912
0.046387750755244296,-0.455381577,-0.578831015
-0.306460842,0.5153276871978687,-0.664150546
1.0646642944268383,1.670705597548159,-3.906308535
0.6479121756469218,-0.498819155,-1.06198213
1.0786514685698085,2.2705407280500953,-7.832169587
-0.154518345,2.458596208968684,-6.228552254
-0.744131531,-0.622586814,0.46462040687236206
-1.73409343,-1.792004787,3.814979215206356
-0.960362617,-4.162751345,5.387788386179712
0.6540666789451645,1.5502043370484955,-3.118932097
1.7131966429445737,1.296644851354009,-1.429869747
2.461252647564849,2.635953218083819,-4.261170157
0.14960123898002223,-0.840798884,-1.183591251
-0.200000709,0.7049721865747706,-0.236925722
-1.127730826,-1.976395023,3.401924313
-1.806330797,-2.874968671,4.044955270904672
-0.553255736,-0.743387877,4.297522480650673
-0.596472795,-0.497874667,2.8669548001293523
0.5063247823663055,0.7540944046560941,-0.318062228
-0.254215745,0.2722798928034559,-3.469610015
2.358565046832351,3.1574595940349814,-8.239212368
-0.391542961,-0.154575477,1.2111311467453918
-0.721023523,-1.587285176,1.3605678946631783
-0.632044356,-2.939846458,4.794273423488517
-1.124734166,0.7376251244388264,1.9281615279485678
-0.453905344,0.47167298901541793,2.1949831100360315
-0.918978692,2.629309752653514,-4.206944082
0.5323515985879128,-0.559931027,0.32218954223070906
1.2192042346194598,0.9926364277903483,-1.555890775
-0.536085799,-0.281371418,3.5800010505283684
-0.668796468,-2.115937479,4.7842147829990385
1.6354249785232333,4.159413995478831,-8.757036881
0.7592925743997537,4.820328367,-6.1216441
-0.468817823,-0.987632416,3.655020474214837
0.8691655342904605,-1.196801605,-2.194242387
-1.006169423,-3.144600963,8.877255488
-0.316372579,1.9225684226272384,-2.238626156
-2.256704208,-1.391528473,7.892604671982706
-0.435834572,-1.334662438,2.7673733950141055
-1.258719146,-0.568225749,3.872453412038926
-0.060455988,1.9438969341730807,-3.988621398
0.7518558200065367,0.2323419824903682,-0.379423454
1.415473040710257,1.0741523467612595,-5.326771117
-1.508246388,-3.612019727,2.490493946132476
-0.975172555,0.6402280432007855,1.3444666716770928
-3.157583417,-4.934294826,10.745811848897747
0.6965902410248289,-0.086611922,-0.955055864
0.090766068,-0.715062267,1.2868325448072315
-0.467696307,-2.428165481,5.2928679602279765
-0.715531585,-2.015208104,2.100809857917527
0.6984526168449077,1.5308405732055799,-2.474197748
0.845504032,1.6987306818764196,-3.637935593
0.1197604975461473,2.0597752316121074,-3.874886278
-1.552036023,-0.683459309,3.582017117
0.16378471123333455,0.1997787503474129,-1.768020301
0.060082034406037564,1.0903669797482327,-1.597720876
0.6397082573298513,1.9712973323273122,-2.824469151
0.076764997,2.2760537028911365,-3.099203309
0.16658159063261252,-1.68500122,1.575267946401271
-0.812311894,-1.866812715,3.831809309231694
1.3228035657441186,0.7471695189080911,-3.1020926
-0.45844398,-2.210637554,4.676622475710547
1.1696365749268345,-0.494736155,-2.253913309
1.0120474514127507,0.4665444697927602,-4.916186073
0.30557549498028014,-0.929035637,1.2593453372151808
-0.05261718,0.059008076,1.599454282574857
1.0673494093306664,2.3565732570040945,-4.603944794
0.025193965781845247,0.5228907528479111,-1.257945348
-1.546412918,0.5039141314476141,-1.530852752
-0.823323948,0.2559981669941068,3.129982971228947
0.14950243979364855,0.44897008423923235,-1.218737459
-1.346675983,-1.313692572,3.589189145040752
-1.635108122,-1.734274416,5.815955365833334
0.31615146885869233,-1.781190259,3.0851738362045804
1.3044297669804679,3.230127380339166,-4.946442483
0.18949990411266918,-1.245539443,-1.201468374
0.4409835835167258,0.3134176983374642,-1.661521432
-0.124187963,2.0429501525733196,-4.0009034
1.1639020479574365,-1.291203562,1.851431188277189
-1.67046086,-2.119516101,2.6394925613175206
-0.852309939,0.4338305897132421,0.5301652618826203
1.116435125334358,-0.053417366,-0.608154139
-0.580117833,1.1757763543123687,-1.591638164
0.19848591424974188,1.1888132258427835,-0.361805028
-0.326390889,-1.054874489,2.896534338527336
-0.353490768,-0.337609654,-1.450295341
-0.30935163,-0.962281302,5.024206678707214
0.5223055731581827,0.40312919013930276,-2.519748999
-0.087054086,1.7741586604583601,-1.830524474
0.6868988140294252,0.462335133,-4.200589809
0.30832221050164316,-0.042923722,0.22632510799728123
-0.327421744,0.6157321648595406,-0.394324877
2.502415407556182,1.310039393148064,-5.800167082
1.3834714817978728,-2.618869033,3.419740765660469
-0.802791054,0.5278090572996899,-0.199162241
-1.485904888,0.6176506082518806,1.4035524501575496
-0.278729706,-0.098315017,1.7396287215522552
0.5664452062875098,0.32213964492388175,-0.669826245
-0.131297673,-0.190491954,-0.89752972
-1.471937592,-0.448153731,2.929113080772823
-0.419986089,-1.624917159,2.3877315253378297
0.8704575955035048,0.6022829746851341,0.24366940983179686
-0.373287045,-1.009727316,-0.691267292
0.8455903105087942,1.8802520068518935,-1.03730319
0.8159112101152304,1.8967333823984007,-4.505106179
0.7667038286747586,1.7312780197109552,-3.426115384
0.17819628457543712,1.3706366288913703,-3.782214608
2.0757330119082913,2.480850618057163,-5.522571922
1.182501643365689,-0.214877672,-0.089979162
0.171115119,1.5175596281572306,-2.587468422
1.0011320664595884,2.063569411861323,-3.934061179
0.8586298662582655,0.3039275155390388,-1.476857072
-0.544736968,-0.974317724,2.3154464610224057
-1.413091073,-0.046583076,1.1613894640290667
0.7112235026107594,-0.832359631,-0.087311471
-1.38395875,-0.216911837,0.40855123811777483
0.8830616115273663,1.0852682053867775,-4.46046089
-1.364067975,-3.054903677,5.844119718855802
-0.399778061,0.2652350563761112,-0.190038248
-0.136333183,0.5696604067063897,0.04949244
0.4558191658858575,-0.490756795,2.169857038472511
-0.061387845,-0.026436011,0.1079336067034441
0.8110142029874975,2.438057578119265,-7.639378868
0.2999158096157159,-0.924966189,1.1311123811824637
-0.596707206,-1.34374871,1.0571728544954553
-0.804951725,-2.775952459,8.032745265
0.028349899592690395,-1.18807358,2.5374869307273666
0.6242690323771881,-0.538138559,3.437899742138084
0.32567428903721274,2.232782986409174,-4.814780375
2.048922920487328,0.528167494,-6.98658918
0.2111376022583556,1.1877068776333708,-4.578962337
1.0843755412801035,0.3248817590684806,0.3604989208860292
1.4280667003250633,2.195243050055935,-7.134943169
1.2216724617048884,2.478367858896947,-5.492628233
0.10478942661902847,0.48018493830451536,-0.504083194
0.040562317,-3.502290596,7.943153484424028
0.10631459948509737,-2.096268209,2.4698761020797297
-0.398161731,0.49292732126385896,2.4175186464698335
0.5023863339453666,3.165327301128482,-7.295606296
0.40645809694947715,1.295134538767766,-2.070320103
-0.238737478,0.9366308381125752,-1.20803087
0.723600219,-1.445390936,1.3448493907937213
-0.742873293,1.0096811557441001,2.4975490736293384
-0.615331053,-1.125241508,1.3809158844670675
2.0160351734203648,4.272872317095471,-10.23077812
0.29162952,0.527582248,-1.425520503
1.0785139093149156,0.5278859507646427,-6.452182916
0.27000886059055035,-1.099488548,-0.556288262
-0.728681617,-4.236198083,6.976372222850037
-0.103640955,-0.739570276,5.427073223397542
-0.099080263,1.1987535,-5.658009369
1.3586928952311341,3.177396977322601,-6.086878932
0.4881097424405622,-0.101282979,-0.306084856
0.3236188254168851,0.10493749566156696,0.5644461584876939
-1.182704098,0.011088903691633956,0.9602912309450329
1.1637633311916424,2.4796683964501423,-5.700579434
-0.565369322,-1.002784927,-0.391407994
1.2738350380539631,-0.014738302,-4.619831055
0.6331773813062072,1.5886332369570546,-2.117087643
0.5528777243573938,1.2740733359870973,-3.122363065
0.7172597479850972,1.9401437187661095,-1.732696392
0.3768042149883482,0.6752709067030316,-0.457673193
1.3822182391116749,4.808624422,-6.32445959
-0.670908769,-3.893595195,5.469534708898774
1.0780251711873623,0.6443760706172501,-0.504727074
-0.655833764,-2.29021142,1.9188849741888547
0.7232103160287364,-2.11425166,6.683980218977346
0.5636296416169024,0.29190801512058423,-1.219201699
-0.04925601,1.6928642426443758,-6.137981677
0.2175040678756106,-0.497592902,-0.302726251
-1.104247273,-1.333290151,0.4980280191148756
-1.560610451,-1.274234124,4.030625774678054
1.2988425902330487,3.721551969686552,-5.158935763
1.6641122141098694,1.3186358663699822,-3.331628264
-0.931426914,-2.161389393,5.609154460606037
0.5521545972071848,-1.435229016,1.8998652095268986
0.43418128538104106,2.308719416,-5.445705846
-0.570856523,-1.302616794,2.3450691859072412
1.7598018192339797,-1.616033181,2.7321263723573885
-1.102840561,-1.29230161,2.8236467158360123
0.033298412643012996,-1.812293865,4.905576643848277
-0.612822558,-0.511580487,3.886455076772048
-0.693313662,-1.547565478,1.468671779909418
-1.746589756,-1.208209988,6.201659767853012
1.1845201583814422,3.515319314560772,-7.543134642
1.5205330769662309,-0.083425562,-0.103400997
-0.504315566,-2.334906458,4.177254754998928
-0.757897177,-0.128499201,0.7273876010128235
2.002300469263977,0.9646720193978888,-3.002769425
-0.772717511,-0.08943077,2.394102472076801
0.084904772,0.5026633550372278,-0.313838961
0.46976996203190124,-1.454745646,0.9039335589280413
-1.293690416,-1.581564464,2.7903762833502603
0.016577797330820057,1.332801450719257,-2.215958657
0.9328208077074667,3.1046368668754036,-4.703062733
-1.668496353,-1.816948466,1.8738567013611904
1.195096386468365,-0.659799187,1.2413122788128181
-2.182192353,-1.133375819,3.5485509668168254
0.8322576853047949,2.7211545083214648,-0.734120798
0.2265193758597028,-0.337869345,1.5967292181097394
1.0125473975445562,2.296190523566567,-4.116524492
0.16817750075320648,-0.736278865,3.5589661430246498
-0.771236764,-1.796461329,3.5191107032436957
2.324713424267816,1.5521844419280064,-3.836943658
-0.266594048,-1.510902128,3.9436209978342003
1.4644351961376945,2.0667097025802352,-3.902590743
-2.153356977,-3.944563397,9.820002821445073
1.1162812495054115,2.944740260232747,-5.285890387
-1.100795878,-0.847516752,2.9810398319186295
0.6299394179962016,0.7295109119873324,-0.992920475
0.10096134159531937,-1.293201644,4.423917398943153
1.6205259520579938,2.207217727441805,-5.219635205
1.019536487487479,0.785669812,-3.74237855
1.0583016931382743,1.3384133174094641,-3.475102847
0.8122736300415634,-1.050431588,1.795516330751417
-0.205604208,0.25920160825198785,-2.124759801
-0.050475509,0.13571133982245837,1.185980926598737
-0.936464801,-0.378727714,2.8060911772512096
1.6643048973144514,-0.78988355,-3.222166971
-0.274585472,-0.911632332,2.512196643
0.058184144,0.6933617948205565,-1.55903166
-1.257955121,-1.020745659,2.330637054138008
-0.255745263,-1.353259742,-0.724823829
-0.335260918,-2.716296863,3.728041907792029
-0.970723795,0.10109557885034748,-0.156001247
0.7035212032771899,1.60787325,-2.535653309
-1.024228667,-0.34692435,3.7026427342269628
0.4699377145411422,1.106098830279438,-3.239751025
0.10988762916464141,2.1474382816451962,-2.531352771
0.6092187114894229,-0.51116724,-0.912577034
-0.476988856,-0.472866992,3.2870447337183504
-0.597531518,-2.191859574,4.182167378706797
-1.360593894,0.5689134654834211,-0.406715669
-0.921561765,-1.155480545,2.914465420391485
-0.826725814,0.9694129127985531,3.0526528780834385
-0.398882205,0.10604116272080721,0.9243738205644987
0.9185123945615062,-0.483912231,-0.088995496
-1.163878476,-4.174134124,8.885427451474962
1.0149704419734313,-0.360489387,-1.5339905
0.39031297811223153,2.037659837063921,-2.893946747
-0.778678616,0.3946498234517194,1.0028232738803502
-2.07587842,-2.145787064,7.374748878585824
-1.123235806,0.31646937878339176,1.1510312368282782
2.0572647902457244,1.5387949767425926,-4.529642804
1.6081819795147885,0.5193637072456923,-0.542603043
0.6381167898445191,0.9266504077601058,-5.710362298
-0.580641719,0.4693361279954516,0.8699952470986934
-0.481980516,-1.346680103,0.930320576
-0.093692743,-1.440562772,2.3397290002672264
-2.063959318,-3.354952441,5.021267021584653
-0.041949409,3.8144706525718695,-4.305283009
0.2187588163069917,-0.848096962,1.2767928168520088
-0.214642049,2.9093848315337434,-3.929802892
0.6514990510867413,0.5127491976503367,-2.494433653
0.2795792727844096,-0.460150665,0.8698517531864323
-0.354141359,0.026633585679635363,-2.471464911
-0.940848834,2.310756133944883,-2.449532237
-0.131740954,2.1092363339826186,-2.550820896
0.9214864065318532,0.7131048837459587,-2.921614291
1.3778946302182553,1.4089620831912564,-1.503735765
-0.987779808,-0.894551601,4.884688427204283
-0.248179456,-1.237960853,1.8936167755688995
-1.048971881,-0.907773323,2.7616852689570086
1.318566252733817,2.3662634383520933,-1.844653608
-0.264094468,-2.930015684,5.974110665793971
-0.675707287,-0.945606055,-0.308068194
-0.918306743,0.11879753599734966,0.12671338887434952
-1.313169797,-1.795383144,3.449624876975655
1.5318480620796002,3.654061393925322,-7.658857052
-0.846078724,-3.391625808,4.678786476992204
0.2543187701629927,0.7041507956549717,-3.595051453
0.747320829,-0.019571707,1.5189880354350462
0.30358509768963576,-1.231457151,-0.151006637
1.918939267923125,0.502502107,-4.991016865
-0.272850449,-1.22896068,1.464166841024251
-0.976615024,-2.436202427,3.076995989316142
-0.558991618,-1.791733387,3.9278249622545696
1.121822939824461,-0.213341355,-1.179996642
-0.38664597,0.6620911075853659,1.6494890202947101
-1.352956219,-4.831872731,12.129922064969211
-0.502251349,2.387912197236534,-4.539356226
0.7617731084914341,0.597480166,-3.86404223
-0.172212278,0.4456764011416441,-2.885115833
-0.930847235,-1.194824647,1.2268784969949962
0.7474265503957643,0.3558975676830167,-2.715011257
-0.758717578,-0.900711953,3.9333116400613486
2.255759411278376,0.3689059593922292,-4.715628796
1.1251731551403157,0.7858262908888409,-3.900324025
-0.683632869,0.32919425004945624,1.3153298225278764
-0.771872412,-0.304682568,4.5200788110044385
0.7706517901091562,-0.824712207,3.424651968626659
-0.178482741,0.597343462,-0.697084832
-0.11240049,-1.983525006,3.3252699174494467
-0.819112532,-1.433441479,3.980713760244101
-2.186392529,-2.336044612,3.451884329980031
0.3618907264117899,1.7426054208705504,-3.125931646
0.6588133000529733,2.0881806351280465,-3.242980493
-1.553007082,-1.853743769,2.7352200220416547
0.2933024283297828,0.33281785900716176,-2.044172537
-0.024839624,-1.383285704,2.2297552403824707
0.9361639260348382,1.9868317934152206,-4.182149507
1.6036607519304709,1.0949634764481924,-2.82468391
0.570866998,0.030087772,-1.254068365
-0.923471755,-0.943802934,2.2204835369734797
-1.393666315,-2.179570135,5.001353496
0.26501332757553625,-1.894249777,0.2995547148427544
0.6221657936900812,0.33108536464508687,-0.528846448
-1.094333257,-0.77002036,1.6961731606031223
0.6071349753756056,-0.645867569,0.00595458
0.5341982056327846,0.7995445338748608,-1.54826266
0.1561553889860373,0.5881985403882662,-2.775022916
0.8699426931669103,0.5077524016566893,-3.675687152
0.8149397023660515,3.423948005129787,-5.405830349
0.7743785043982528,1.1713561839490034,-1.929057426
-0.674906779,0.46814075274704725,-0.227008424
0.8143642549747878,-0.440235457,1.809468773703666
1.4561987457866141,1.4163075325424463,-5.460509769
0.6644677400815987,0.6063446121269862,-3.485947301
0.7562032709837183,2.3567658576585933,-2.929176498
-0.369762996,-0.255367095,0.7121356106318864
0.829285805,1.0093745512302315,-3.239450378
0.60367465,1.6399817376593133,-8.417190149
1.260016063427653,1.275758325616058,-4.767620842
1.6389683223285847,-0.893838998,1.8831682751824026
-0.90394532,0.44355457096193446,0.6854098603849681
1.1716720154609255,0.647639049,-2.585094114
-0.103207011,-1.07636906,4.325639609865057
0.630324874,-3.972910073,6.420512490476709
-0.34768948,-0.183461133,1.3459373763756899
0.8814583936505644,-0.064453229,-0.754529543
0.764751605,-0.591764301,-2.068568739
-0.953054878,-1.921678103,2.9032272579375684
-0.033505828,0.081911853,0.8646078484363416
1.1493225769314517,5.518207563063925,-7.553926056
-0.50369171,-0.227522609,2.244048598834942
-0.067918569,1.3988581715274344,-1.02793631
0.2025805726776419,-0.922534146,-0.190229375
0.288595183,-2.912131175,4.698266912021831
1.8334075532698082,0.234354507,-4.44031439
-0.533695097,-0.810067632,0.3066345301358056
-1.939619964,-4.487513624,7.457025074006064
0.8710063844057512,1.0812770387909652,-2.228431083
-0.06382506,-0.765255892,0.091847003
-1.617560009,-1.252481375,0.11251116434570396
0.4067473743777517,1.2588881982976357,-3.094080127
-0.028428131,1.9517377993027427,-2.093216399
-0.618205495,2.0219401397905616,-2.976644049
-1.071135812,-1.856842345,5.320830890498649
0.18763594047447454,-0.133407063,-0.411890159
0.19228327344139357,0.9735590707806347,-1.277930868
-0.148020504,-1.143472652,5.230305764726911
-0.133174607,0.40862013269735276,1.207149274641239
-0.521757878,-0.032846049,-0.428457433
0.5364063273380522,1.5137598036607438,-0.942393553
0.6691029469351244,1.3085942345385517,-3.603978815
-1.287017914,-2.498725363,6.170905771104799
0.4369968476347566,2.871968413077557,-5.051821937
-0.756621977,-0.749665426,-0.836528662
-0.070928349,-3.699004849,5.564958
0.8340151912336147,1.493350972138741,-3.929703279
1.7516726430815708,4.942191766648344,-10.1883327
1.8802290088694413,1.7750578107458646,-1.837896947
-0.335485344,0.9716805154213315,-3.026797467
-0.148752705,-0.688891805,1.1656248174850106
2.8361052301152223,1.5252357155760252,-3.97576439
1.0645979007897373,-0.226796929,-1.861309384
0.4550140370959841,0.7956516714350731,-0.097265047
0.43184300614539395,1.1409479184086868,-0.239461552
-0.941150247,1.4832211702508071,-2.643018419
1.1696562490818567,2.3500219336111314,-4.819859106
-0.222329237,0.2649160117958863,2.9606485724177745
0.8067310846302211,1.3321402365111896,-5.479580425
1.7951093304096872,1.4577427265359406,-5.174318761
0.7193991406969894,0.15362183233803572,-0.229616632
0.2665996411569235,-0.231576031,0.24191713375644047
0.8829040377574188,3.395451122774057,-8.186756092
0.28231170430878333,3.0180540070017168,-4.583909926
0.1283903405856615,0.095404659,2.273622185021112
-2.255385978,-3.69384954,10.80877858673842
0.055133861,1.1248691746034258,-1.557473167
-0.539408493,-0.762156015,0.31908328748871984
1.574103366192893,2.6546590304441513,-6.424800682
-2.410035743,-2.509096149,8.074063783525519
-0.96170306,-1.238764981,2.4075488761965667
-0.860280081,-2.216935202,6.033960962586816
1.5786772403955376,-0.586898299,-2.906124857
-0.34744955,-1.746851098,5.388027944034254
1.9428034803899152,4.224703106735183,-9.377999805
0.096853537,-0.038035585,0.029825885
1.1032707601593439,1.127010977307064,-6.169216428
2.417498174294064,0.8583919537532878,-3.691184395
1.1896935929269392,2.424282499166331,-2.749065757
-0.799942324,1.5987927620208064,-0.412432666
0.9571287602563947,2.603405333559841,-2.140180737
1.8838068343023282,1.2621741001090452,-2.429122353
0.30592235265405643,-0.512949925,2.1583593855565115
1.0483781412106588,3.3303415804340357,-7.339642826
-0.30948089,1.0180100476711451,-0.046914106
-1.481935893,-0.68932738,2.1665778801891737
1.0976203124788753,0.2345839215025045,2.3056799943566446
0.6182955677287618,2.542027193215926,-4.319354468
-0.342589853,0.092371653,1.6706063668289013
0.088064147,-2.38443602,2.6147876105277117
-1.02238371,-1.375203325,-0.648013015
1.005994870158501,0.4077717342159768,-2.161169542
0.7988644165165654,1.0839815684522327,-1.840624513
0.8582590939543754,1.3649562288445252,-2.340760877
-0.758472113,0.2465045923993504,1.4109031516631756
-0.40033605,-0.886135658,3.2710030759345936
-0.155572143,1.3411982593582759,-1.864234755
-1.752363113,-4.345757497,8.418565059108131
-0.325020629,-2.08148618,5.556077975069809
1.3402986843886586,3.170252127403609,-8.219620285
-0.225380665,-2.27360632,7.863690580088533
-1.25985846,0.4142637498824249,-0.979707926
0.6299960391397008,0.22433029277324668,1.168898579361227
1.5524213925533548,-1.06427975,-1.904967199
1.169281170699838,1.7744449782665312,-3.522382814
0.06689185,1.0763049333417591,-4.590549764
0.26349210882703233,-0.30373317,0.6173082955095437
0.7800528994919033,1.3966582521896902,-1.822413063
0.082316468,0.775671708,-3.178928611
1.6555208846625145,1.0783553597460278,-5.051824919
1.0402460464707746,1.4980489434736945,-1.755651979
0.8354857344935608,-0.686208001,-1.530779209
-0.661538793,-1.428138449,4.1964252279607575
0.6389236895950027,0.841828388,-1.045914199
-0.418808306,-1.68802978,2.045018415067077
-0.19204282,-1.532549241,3.012211288128753
-1.745662244,-0.856232989,2.117518157325496
-1.488055364,-0.714640877,1.7820439306003728
-0.053175758,1.1331874059891045,1.5620643265556051
0.3122806935450987,-0.115752879,1.2154669939074945
-0.71902058,-1.971912609,2.4249311927351282
-0.019304294,-1.621555033,3.450569262812616
-0.990654323,-2.062351923,3.9608217793566496
-0.652014445,0.6454836183891756,1.6531732827085077
0.23665122925890908,-0.189254649,-2.866935709
-1.02656706,-2.481772673,2.0613375237088767
-0.151997096,-0.86835087,0.17349018378254663
-1.059037006,-1.836040641,3.6870027819217737
-0.240052432,-0.705831601,0.520770723
-0.602412064,-0.450288327,0.344908596
-0.079802462,0.9316379431219194,-1.472447276
1.6552535491252254,0.1440835260618789,-0.775532233
0.1893838657820031,0.5617684849595164,2.366136742839367
-2.104695145,-3.334767215,7.582852080537119
0.7419931001096113,-0.852299326,-1.987090281
0.035031293027751695,-0.062401226,-0.60455244
-0.039537799,1.3377733938183751,-0.826564962
-2.148408478,-1.715458317,3.531695687850262
1.7368443363221011,1.7762052956047745,-6.700968126
-2.095788143,-1.906344257,2.7356636564177834
1.3928149043681886,-0.509181199,-2.161387479
-2.263547238,-1.196925555,4.041066950974247
-0.419709538,2.967859316109756,-6.949652586
1.4351000300520027,4.527771411,-8.260416433
-1.421789283,-2.332300282,5.286722180043245
-0.447804365,-2.457226102,1.4420826878526016
0.25164113096166324,-2.051009969,4.865052301512609
1.0747322709707587,2.5320482778630438,-3.904360069
-1.201729528,-0.008822588,0.7075838997033157
0.085607292,-1.037798671,3.2743500267515415
0.032894337,-2.81591187,1.2135320476332134
-0.174592916,-2.652347575,5.042042314108114
-1.081693991,-4.441347144,6.393772833890108
-1.224620211,-4.166244318,9.868642818141398
0.8520568519642643,1.784185258996109,-2.629685471
-0.76638708,-1.691419363,3.7662800401624956
-0.239389784,0.19368908802518914,-1.160733075
1.1990592308058674,2.919580421575141,-4.912902934
0.5675012821653929,-0.959667489,2.2302233504756384
-0.015358946,-2.334353295,1.7650060492086297
-0.78430615,-0.396838547,2.9864268764487765
0.9984791266047613,0.5968545457474708,-3.031174748
1.1741066531520947,-2.847318715,2.2280142704689254
-0.600656171,-0.894350258,2.7646182617150084
-1.906561563,-4.703046056,6.829499646529138
-1.773707719,-2.604709885,7.451209570274056
-0.115041983,0.9025812929792385,-2.923639957
-0.380989757,-0.594140627,-2.387034953
-0.965382884,1.1203179827844785,1.2748096681272456
0.037002871,0.1896368896327041,2.055868669050349
0.28457879019321436,1.6770781397350651,-4.839709007
-0.814305996,-0.243583928,0.20940283249703268
-0.189319172,3.5600747164770663,-9.073764553
-0.189808204,-0.128097316,-0.254662079
-0.088790851,2.007585481036287,-5.353507694
-1.447465764,-3.910933193,6.792136928354403
0.7125169964616045,3.8677695977530258,-5.351093661
-0.522509982,0.4528861939487614,-1.887562277
-0.021645499,-0.694220795,-0.320386582
0.5937644985750181,2.321882597451035,-6.592025824
2.2842109200037775,2.1145685751322403,-5.653679088
-0.466222641,-1.834813378,2.158498917168773
-0.459222305,-0.568530589,1.3613961853336525
0.4501398218642136,1.4060856199284122,-2.805816807
-0.985479894,1.0540402963135427,-0.289669616
-0.500349078,0.25712067973879077,-0.297747249
0.710603504,1.3697449387059577,-3.002856836
2.9909114659036016,5.548198690507844,-12.51666166
-1.382036994,0.8017921613669269,1.8225621490663029
0.037233847422460296,-1.38758684,1.8208033475298175
-0.176304819,1.6625150474903043,-5.554349693
-0.314154419,0.064170372,2.0988636508369187
-0.26112742,0.20472031549199654,1.245706943
0.4548242581231129,-1.460401494,2.844278928141961
-0.789417262,0.37991223423606785,1.1760443644315275
-0.132517529,-0.485676536,1.693496620906585
-0.9104272,-2.337062085,4.293468304
0.27393875542187196,-0.187794457,-2.320809101
0.6982564766881385,0.811448014,-2.443174623
-1.539268574,-3.466331448,5.363206455850667
-0.741032361,0.085402478,1.9255509165000269
-0.599163892,0.4514198198896691,-0.899036653
-0.666815616,-0.839788115,2.415434335
-0.33577269,1.2763402862689812,-2.741527192
-1.14847711,-3.753488082,4.484739341807661
-1.424948532,-0.766051765,1.845180240499423
-0.705439352,-0.177689297,0.11729210170788784
0.49554758186169334,-0.614752479,1.6999020584335311
0.006225275,0.3312247019510478,-0.519616509
1.2354979892025215,1.0898956519216145,-2.197630531
-0.320200936,-2.153068323,2.2643005251638115
-0.606305817,0.7930962812625518,0.9009419590902136
1.1663969758056776,0.8255626689806606,-5.076708752
0.4390650893652775,0.3435178192959739,1.2776356169868706
-0.739167674,-0.321000715,-0.176685338
-2.163691608,-1.489407011,5.010356040121129
1.0579548265360963,0.10270429131115744,-1.746710139
-0.383321986,-0.238876358,0.38816981906763803
-0.121377302,-0.719380447,2.6762388019878105
-1.107056427,0.3378606394362895,-0.399467154
0.7546665058925703,0.4099073874295215,1.3484099592049308
1.2898609780907295,-0.454619352,-0.055159453
-0.091412707,-1.931025479,1.3185870875637142
-0.194300097,0.7401634440507774,3.129553275809393
-0.010444806,0.9845987269092292,-3.523665596
-0.09236001,0.342238943,-0.397289977
0.36728423904933694,0.080378239,0.4054970684748591
0.11619767742721035,0.3196623705646095,-1.1132326
0.4810208081896992,1.4772941526592689,-1.684594035
-0.034824387,0.414246208,-1.232870918
-0.819138835,-1.587968668,3.4219364569755792
0.8386550160371257,1.1819363076813767,-1.679069656
-0.048637396,-1.384365856,3.789732488218295
0.6230517379019136,3.881484877280383,-6.636893206
0.010177327368809552,-0.960765119,1.2568405200487662
0.4313832806596025,1.8971786279759204,-3.473017761
0.2986237491037364,2.5374103335096185,-4.902874738
-0.700530755,0.008428937,2.473271765197085
0.8245199057347178,-2.682340562,4.387015604268182
-1.152241563,-0.957796153,-0.460755954
-0.593517564,-1.60043701,4.977269326360261
-0.35262783,-1.039992625,1.8376787369557612
-0.452658446,-1.347183999,2.4394478247102938
-0.054859519,-1.705535476,-1.42582738
-1.415799119,-3.015147895,8.296717018287557
0.6428443870329882,1.6843987089473005,-5.448732118
-1.039041637,0.3379275224252378,-1.368908166
1.4135855808925306,-2.525695547,2.5326249729469517
0.11847913278516571,-1.254047965,1.4411466372452664
-0.327194744,-0.03552584,-0.640696087
-1.075500018,-3.231530026,6.024848848289857
0.3688077252100515,-0.057343809,-2.275725062
-1.290154558,-0.988082467,1.002258299424665
-0.967824967,-2.120883609,9.938215428962968
-1.950075277,-0.387209816,1.0154497634080966
-0.645232819,-2.943893622,3.111674658728838
0.025281084004950348,1.4508773345515844,-1.304285753
-1.097858266,-1.714978344,2.325162529074415
0.038150326716843395,-0.854137353,-0.055253425
0.097763566,-0.816609988,-0.774493448
-0.51374519,-2.058172138,6.908826339462097
-0.067484511,1.8702974054072963,-2.386261553
0.9466404490120885,0.17976161887043318,-0.7907688
-0.463520947,-0.85038886,2.4411236908954304
2.0836520543901074,0.5480455337132915,-5.310777981
-2.393226115,-4.653071262,8.365599232275825
-0.170381106,1.3049609224937657,-5.419570129
0.9357558977671232,1.586797768,-3.336708914
-0.092493138,0.7258285162926841,-3.962089846
-0.066719975,-0.944014848,-1.029317888
-1.308185001,-3.539478659,6.767681574855417
0.4199369865452887,0.33566152093653445,0.9060563558076001
-1.061060413,-0.943960645,4.7695593119994015
2.149405758675042,1.165986351264291,-3.260143848
-0.513177851,1.4766651708092904,0.092426569
-0.307436724,-1.408501013,1.5870016085854999
0.3678230879149809,0.5872350154280073,-3.870802836
-1.841521689,0.2766442763184028,2.335224529057182
0.2901324210205416,0.5304597274554095,1.102806015592407
1.348582457840939,1.4073185124414174,-3.939349922
-0.296550263,-0.562456055,3.3774709589534684
1.5226506776437287,-1.848259485,-1.387155202
1.1314939712319791,1.4918756743634938,-3.000479264
-2.661567953,-2.248948532,7.394648802708584
-0.437116384,-2.030232324,1.0863525333690784
-0.354498313,0.6742999675130219,-0.912389325
-0.810863607,0.34540113056754707,-0.487383973
-0.053950974,-1.55632129,0.8441876258051135
0.4569130326884004,0.7915582880725216,-1.007551287
-0.423957227,0.7196315139607052,-1.991809163
-1.276877527,-0.803369622,1.5762536102241493
-1.199613361,-0.188543218,2.884442952124343
-0.569560072,-0.734294128,1.5403984500859473
-1.532704152,-0.312811309,1.541954083
0.4363405329416803,-1.304280281,1.9826600359585411
0.17381902512925648,0.42149032930346664,-2.911669039
0.16437220123721766,-1.839429207,2.7180603586626337
1.585005858320624,2.4712559669106495,-2.931151152
0.11444851305033829,1.2751549169060292,0.122285813
-0.186722094,-1.205427844,0.48377878584311995
-0.555265865,-2.851598375,5.232860170406206
-0.599383159,-1.996580236,6.351439168387006
-1.853692027,-0.428932654,2.310235343379781
0.3094992835279592,0.22843645684808855,-0.4131693
-0.018657345,-0.313756511,3.0929338119920016
-0.623172456,-1.745763025,2.6918084361135297
-1.316370583,-2.749713596,6.079585809572514
-0.316616033,-0.914366171,-1.47937845
1.3105913681545345,1.8988140677346492,-5.809410575
1.4387829624629347,-2.2062712,-0.223525242
-1.024802902,-0.463796677,0.6267374400117197
-0.027633147,-1.853132794,4.158360966232673
1.1038640668873263,1.808676951594835,-5.14718478
-0.045481218,2.101554050614725,-3.346776803
1.016764102518617,3.7306406830870533,-4.362036643
0.8345029516314085,0.7418627601865455,-3.466916701
-0.088319403,1.6600065996112119,-4.758976218
-1.057939149,1.1844154185959124,-4.364765004
0.19136812125852146,-0.456955287,-1.479469292
0.6213677905519617,1.255351244671131,-2.444482608
-2.786369998,-2.633544901,7.148957854959599
0.3611237290753792,0.08524308,2.040703099256927
1.0807166113012576,2.331232744305577,-5.961606689
0.461056485,-0.779226156,2.201612597818894
-0.063084975,2.3610765836269056,-3.003802481
-0.707027849,-0.98668474,4.688142354428764
-1.025449402,-2.226169411,5.944447361406615
0.29302842133845397,-0.370762272,-1.668388526
0.5371448257374631,1.3193623295569326,-1.942261918
-0.977025082,-0.963614694,1.9085070352287778
-0.348854721,2.343434827198351,-5.449957915
0.6161836569427859,1.2705516957891374,-3.322484559
-0.298433726,0.6454470872113276,0.089444027
1.1981253930969145,-0.575348777,-1.522088377
0.095545972,2.229915172799873,-2.182703054
-0.549122323,-0.665188315,2.6081890776648105
0.350589304,-0.788829854,-1.217911374
0.29210724365489843,1.0426430654997292,-2.602406759
0.22473139863956273,-0.620332283,3.464916557278334
-1.161180686,-0.762984974,3.9119880497970287
1.7261557705627784,3.690379175173028,-5.884149208
-1.095359896,-1.214919923,0.25143023628314554
-0.600821949,0.20933509471094713,1.9805642788436741
0.3960471406221232,3.2744608511246596,-1.374623018
0.8464864487089362,3.506943108,-10.22524188
-2.134057243,-0.452876518,4.210122855772932
2.0964689032192956,3.2514714518597163,-8.935062379
1.472790307535073,0.012750513,-1.249607178
0.5826470760581044,1.0608497815945905,-3.249009666
-0.43514782,0.3065133017289664,0.12716219631496295
0.4098380559572012,2.494852761183061,-1.416577693
-0.881000984,1.5089099342769083,1.1986554575909592
0.24821840793117994,-0.289220766,1.3530355175308406
-0.512049142,-0.78284083,2.844024273211746
-0.799066213,-1.369627825,2.5732735804851057
0.3753638037382198,1.9380673356086167,-3.89689266
0.5301052241586713,-0.377013321,1.5597049495647353
0.5076483146582507,-0.27887492,1.0658730096448779
-0.368604205,1.8223632373783405,-3.067710526
0.30522904712889853,1.6554869339712197,-0.232780482
1.1197125457620463,1.1146753225665735,1.693257327305449
-0.124428536,0.2204313480946608,-1.632263997
1.6995162856327553,3.2843125414871572,-6.216283023
-0.79620875,0.9003052731327421,-1.251316497
-1.309718047,-3.38421785,2.788330944418367
-0.611750689,0.42650735369508036,-0.512120832
-0.444466977,-2.166904655,3.1721319771555216
2.721475738,2.648553148548767,-7.568392925
0.7646945104790863,1.3297692664496936,-5.473613128
-0.609724995,0.030155065,-0.857407482
-0.868175409,-0.928524663,4.023047587932721
-0.612616551,0.1315749287018284,-0.509728393
1.2805143822469467,0.09051435,0.27016849305065654
-1.122559605,-1.470525245,0.594617382
-1.123545806,-2.269190774,3.910146742655311
-0.880235076,-0.313823401,-0.566842027
-0.392428587,-0.050301801,-2.914331891
0.6174538965440507,-0.493377658,-1.142387003
-1.578042976,-0.551488877,4.883906906513183
-0.256253044,0.40360647976786795,0.32044069629705824
-1.268658277,0.12128603313831643,1.6854234748652468
1.138945194,0.9099819946466577,-1.393321765
-0.704084488,-0.156432594,-0.480708686
-1.804673181,0.2266272438203858,3.641074505504564
-0.101539753,-0.223123416,-0.454622092
-1.107716129,-0.117749127,-0.185648451
-0.622972989,-0.782429214,2.6380777544282643
1.3965675759762726,-1.662070311,1.3314922828788376
0.091618138,1.296992390263768,-2.529541677
0.074350714,-0.247964072,1.4495660350982251
0.6489232615202991,1.344017909844652,-4.302261597
-1.445424282,-1.980975537,4.457425614
0.7419592336836268,2.0011964462096308,-1.942889658
-0.730588765,0.5085595955897687,2.205266208593554
-0.369610989,0.41812073475122746,-4.051191072
0.005398224,1.3076163278476733,-5.660875643
1.9852280555776403,2.054921590717813,-6.946806148
1.9963541214243858,5.127276139749141,-8.81364422
-1.312356831,-1.065823833,2.4115217907112796
0.8652579275635175,3.098659155006102,-4.369074667
0.21330571001029555,0.22531344182660903,-0.963752201
0.42862653852590843,-0.917512475,-0.607967729
0.5843462189541705,0.21053928959754728,-0.589003355
0.6198841553834006,0.092433677,-1.137896948
0.30423269129100267,-1.264650602,-1.110485406
0.2519915183076964,-1.818879303,3.8451762952231006
-0.446247054,0.27164439355690884,0.6156913445806049
0.7518692165475082,4.107870256270811,-8.025706015
1.0089927702505075,-0.619895439,-1.851390576
0.1365783776765059,1.7949327230432948,-2.098958062
-0.653160898,-0.530571329,1.6049169003114339
0.959444411,0.9847534049940886,-5.642757172
-0.031964799,1.9145980737584365,-4.831292922
1.1502554199087476,-0.614592626,-3.37018078
0.26091195783151716,0.20004561723533354,-0.768586492
0.6829051342576281,0.36933867103130485,-1.631139008
-0.666423043,2.0277731393195793,-1.099375808
-1.497455297,-1.8735216,6.317185827728491
-1.521983322,-3.677634921,8.350876632
-0.624883453,-0.307675005,-1.169348735
1.5942447550704253,1.8863377578719334,-5.1719511
-1.031150971,-3.06823347,4.407820875916808
1.1944959659378993,2.6447559385773083,-5.264460145
0.7830507457820748,4.4364450049718664,-5.839040666
-0.329314459,-1.529114925,1.7720387520828236
2.799350471341669,4.423522508732824,-6.729331194
0.07667185,3.099222993921419,0.3542588613232329
-2.594556382,-2.32507874,5.039755440406449
-0.766686541,0.005827241,0.6602328868881117
-2.118218317,-3.322823187,6.267827298544599
1.0796702901777748,-0.692085528,2.347288246874959
-0.728533315,-2.729395174,4.557109880612114
-0.884673547,-0.648206505,0.6415878867939908
-1.081238731,-2.05730602,2.958497458627778
1.1029775839189278,1.1258762769417314,-5.835726257
2.317362928244319,4.129760907776141,-8.749536884
-0.588276956,0.15637872880167447,1.610710403949256
0.9186890752454678,-0.618775231,0.6746322908468774
0.1797299766970374,0.8761690054539626,-2.586361958
0.29624912178833995,0.9863374579062428,-0.136102254
-0.678461469,-0.202447023,1.3770625333396855
1.5810668835182609,1.8407907965438604,-3.26063163
1.1955941537767278,0.7522229177098068,-0.332569586
0.6493018512698533,-0.249475506,2.326049611844973
1.667645140565736,1.116792986873198,-5.367049274
-0.511497471,0.25188672419138336,3.7849502825426073
1.395271469955927,0.747022319,0.5554988024267875
1.3329885996559474,1.7065426667545145,-2.090931665
-2.07028432,-1.028607404,3.260188913744535
-1.672743304,-0.649765898,0.5140225715269672
-0.909463803,-1.525693915,0.2576156441051234
-1.458384221,-2.55251565,4.2461499806796725
-0.765571099,-2.073746124,1.625036765571526
-1.632604736,-2.247358701,5.546744054
0.048979711608271595,-1.705039502,-0.380152932
0.2018602946181506,-1.202902681,2.4178352641745136
-0.071924608,-0.225640996,1.4156818261168271
-0.839979076,-0.92361842,0.34554583028052455
-0.615676539,-1.779173882,3.8676230397093914
0.6517075088389234,-3.261445606,2.8945236492609947
-0.189051254,-0.479956078,3.4863163220948907
-0.566572219,-0.683623992,-0.790213383
-1.505750051,-1.271170527,5.480155358664845
0.36564451587512137,-1.603955173,1.8139556105176715
-0.48426159,-0.36822351,1.3624560355120092
-1.317011409,-1.759110454,3.8169470058475876
-0.463553948,-1.082844066,2.8880593912264705
1.2822049691020483,1.2126415936576038,-2.143939777
0.7568898258759785,0.7842211303188915,-3.177556957
-1.914658686,-0.792011683,2.8855780979221883
-0.400030331,-0.614713876,0.5173457835068034
0.8715154160751266,-0.170351723,-2.412355153
0.8897080821617911,0.1217856247310607,-4.448632482
-1.259083877,0.13798106259732182,3.0780462387977563
-1.630408725,-1.244284569,4.693406694433363
0.2398619987306635,-0.682874639,0.8485836230732182
-0.085009093,-0.142106611,1.2503203347480063
-0.887073306,-1.655465734,3.784946022807886
-1.127063673,2.302660715464629,-3.039369037
-0.689962364,0.1369550131543642,0.891871482
-1.77324777,-1.807284014,2.4408183353354977
-1.268552122,0.006278196,2.222811099208289
-0.155091053,-1.124267187,3.8015030092598776
-0.310883792,-0.695772446,0.8503052732488336
-0.743183694,-1.603383386,3.3746473224877493
-1.211358527,-1.093643759,3.771618515135742
-1.082686153,-2.112377213,3.7504699061960216
0.880194821,-0.887336328,-0.423115338
-0.923893616,-1.617360119,1.0831965666930936
1.614845255837537,-1.00615574,-0.89093463
0.35815964348708457,0.8443574164422545,-1.652238302
-0.69330301,-0.653005332,-0.48950433
-0.804890448,1.7331019772819407,-1.912906734
1.7749892439577226,-1.091537956,-0.086249617
-0.568078684,1.0788426394070043,-1.632467481
-1.911188137,-2.001932048,5.326513342462437
0.43084922383010327,0.003878067,-2.320647689
-1.587618799,-2.662223355,5.949796608
0.8476187179855048,1.9437529264175533,-2.187574325
-2.138848094,-1.499896362,7.563952107764621
-0.633792293,-0.342219789,-1.805517439
-1.467494507,-1.305814082,4.707426191509083
-0.177590588,3.611708653709578,-4.037543591
-0.727039333,-0.268088684,0.067791808
1.0322783778265079,1.5921149310834037,-3.105416609
1.0545960033714872,0.9597968772824768,-3.196075109
0.20796627498754572,0.2978195685087486,-1.531901555
0.8390867057084137,-0.160754405,3.4554338637550286
0.40953703309426537,-2.533351223,5.384542230924365
-1.684325435,-0.824680904,3.0387241287588562
-0.601067427,-0.887296582,1.3831973868611813
0.07249623,-0.64394985,2.7719602026797547
0.8796246060352723,0.11740638956384247,0.8828131723171092
-0.985900096,-0.633912171,2.2617535972263414
0.032458894,2.544858345867861,-3.60723048
-0.831545593,-0.651112488,3.879139874756367
0.029781895160373918,0.8794850081114994,-1.755698432
-0.33698892,0.010435649688686155,1.0895007767706189
1.5332748961183855,3.9470976907274844,-8.658592539
-0.588100941,1.8066802293839919,1.4120690938061589
0.639036104,0.2411228664419231,-1.534192063
0.954099813,-1.088558684,-1.339593999
0.6453763882427977,-0.996357077,-2.690697014
-0.131254695,-0.590512526,-0.567578671
-0.288570046,-1.595174632,5.573760532897384
2.193725718778163,1.8654458234217175,-5.717131163
1.5526146888418693,0.054122623,-1.455622277
0.040026083,2.1073483367794266,-2.634160589
0.9453903410757666,0.6468377618655348,-2.856637306
-0.093418381,-1.010951657,4.868343182441778
-0.462234492,0.15861405541641038,-2.035661201
-1.017690063,0.16987635593445272,2.828431795657986
-1.337415198,-3.60274162,5.842091623615304
-0.900671333,1.3115713662223611,3.8971361668564355
0.4427257258184245,2.020617899010892,-5.431888964
0.5960844258113437,0.7549739271252296,-1.261129064
-0.549864869,0.2319188468733715,-1.761759006
0.9248891579443171,0.9309083977281165,-0.551664233
0.8374360214389316,-0.107778644,-2.215253721
-0.097488152,-1.755584075,2.5753001390704524
0.11823048676235623,3.0829046153049147,-7.667348205
-1.315763613,-2.244783897,5.582286802567817
1.2064674066953776,0.061328390524434395,0.6640796659814917
-0.117685352,-0.445364982,3.0153131056892586
0.391720151,-1.40338598,3.7738691287877395
0.6794427804745905,1.6009326058975113,-2.588170844
-0.907983605,1.4111095300137506,0.099890051
0.3502149737923153,-0.087116966,-1.294221117
0.4498280714089136,1.9240744616725856,-2.576320048
1.128078396,0.6103281449056072,-0.868559025
1.708875973666014,4.3695623291217816,-8.904189054
1.399138637657321,2.5983283433536344,-3.353234835
-1.857055073,-1.601014818,5.613312097861812
-0.407977233,-0.426460727,-0.855752467
0.080217806,1.0274861761366614,0.024953473
-0.739384466,-1.140495412,1.7799702147932701
0.6691086063381644,-1.2988696,-0.365966787
-0.879631873,0.026030808,0.6648420698933998
-0.269295288,-4.083168516,6.461466449072714
0.5010410173164667,-0.070173603,0.058209164
-1.449758774,-0.907716565,-0.026732311
1.1905950086846393,3.006585319294981,-6.787614963
-2.658832108,-2.04784048,5.760509777188106
1.9825023155654384,4.572221355195749,-10.87125556
-0.278515333,0.6559478956077378,2.76896677
-1.041210828,-2.585356352,0.6374364239725414
-1.384992883,-1.101077087,3.032085734008197
0.1952397500171625,2.256345976,-4.27644633
-0.354320084,-1.089137695,2.0864316442698705
-1.760653529,-1.520093883,3.541493933
2.6975969515290203,-0.030900036,-1.297489603
-1.30308166,-2.948129311,4.583459306715621
-0.984626987,0.4692605046358457,-0.466179772
1.408052968216895,1.0066795994512585,-3.001679718
-0.054881192,-1.398990236,0.9559378314410464
0.16481715049167917,-0.248058418,-2.338635219
0.15004713438691442,0.49980120199443556,-0.623864444
0.15439816091011885,-0.7639901,1.732030965
-2.109608066,-1.74701452,3.893532548697195
-0.205828366,0.040674527330922694,1.3824645363604815
-0.162084035,-1.925122016,3.2302259078533466
0.10701280066055824,0.06235927,-1.790026972
-1.371561005,0.3389443113688693,2.999791404
2.559214165920878,6.024172958603588,-7.437776054
-0.353704282,0.6588341880406436,2.181960771724553
-1.679244953,-2.76340197,4.601429532384123
-0.734089989,0.066051025,2.627303756687032
1.0713838565715392,0.6085260228912468,-3.64723401
-0.642347551,0.073235833,-0.329082012
0.8253422533064056,1.599860374326696,-3.676071728
0.652770356,-1.203576877,1.365374620889995
0.1498665610585498,0.017068802,1.876835654990015
-1.254025845,-1.362643567,1.5710443743152145
-0.840951403,-2.597002357,5.520521670129267
0.5580750737850686,-0.611324849,1.325744021922449
0.3529303837748073,3.9475712698065912,-6.51555971
0.6240712726934248,-0.267061609,-1.022919906
-0.228370005,-1.117124339,2.0712682110245235
-0.853203429,-2.855856003,4.200753031450031
-0.878080347,-1.794822417,0.751456671
1.5170768306201545,3.3967175294394156,-6.912547251
-0.104226092,-2.368497325,0.5815720589841746
1.098118003,2.8484679232356114,-2.809268669
1.1909856946172528,2.523308490232147,-4.653798299
-2.560802919,-2.539035163,6.291815267937512
-0.274494718,-0.513042932,6.094747512604421
0.19403263859773642,-2.052526932,3.652032626980315
-1.149519804,-1.974828592,5.682671561980066
1.1331577496383003,-0.241955436,-1.667784466
-0.612100164,-3.059505787,7.938894968971966
1.207507487368102,1.7923224737812578,-5.04491592
-1.428888522,0.5250064463421417,-0.606745506
-0.15101417,1.745412712149327,-3.002804523
0.6866992752998361,1.774481608875057,-3.291528553
1.1212732502634613,-0.450491039,-2.597627298
1.197255287491801,2.2627639110885145,-7.75769097
-1.938428199,-0.183084209,5.087833749663442
1.5581183596530002,2.7253033750151188,-9.815951132
-1.50442136,-2.276719348,4.782454408175403
-0.559986674,1.881294489564316,-0.496600628
-2.896601418,-2.437000321,9.281962056740245
0.7886430228690289,-0.847703642,0.9148810644724837
2.5325253850494476,2.823125258536374,-7.728921781
-1.149035871,-1.762927995,2.2227730088339386
-2.362323366,-2.663404361,6.760811967573496
-1.170219631,-1.208676677,2.976704236037526
2.369157601818546,3.407164997486593,-10.01450647
0.6019772551107061,2.485880967504744,-4.056805625
-1.806463185,-3.205359901,5.190036091206513
0.7582436635113192,1.0132518561506314,-0.779039563
0.7884606411343085,2.691653501375612,-3.537266975
-0.419753466,-4.124913657,10.666777596715267
-1.693100136,-1.743665923,5.966491113044674
-0.005748598,0.2951539874055775,-2.881301792
0.4510718923666681,2.710923000119726,-4.021852568
0.18433040296153627,0.5651032585150007,-1.440794447
0.048792442,-2.126682601,3.743562033846641
-0.409262985,1.0194668737048793,-1.312667671
-0.776913654,1.0917957620548724,1.887920560548877
0.9655298951067768,1.2488820878619447,-4.105707209
0.8322755537953709,0.23656639363509235,0.17499100123995626
0.4169015841981819,0.8181434,-0.219658137
0.49272343473645974,2.1334061871530325,-3.378677087
-0.07795058,-0.751147136,0.7773953551775421
0.33599836164534536,-2.342558138,-1.161691806
0.6582705963574494,-0.192171418,-0.470193541
0.9563101515961864,-0.460927947,-1.160173881
1.0557234649519118,4.180202971645176,-7.896607125
1.2873739462075116,0.042669731,-1.486351661
-0.318452174,-1.817250541,2.457749952770805
-1.090388642,-3.235993492,6.540680040716356
-0.053658503,-1.373577999,1.755611734613993
-0.577102811,1.546817914549589,-4.209230893
-0.709455232,-4.071888627,4.739342405648287
1.2525195399986295,-0.894839938,-0.156467467
2.3912583846715543,-0.38647248,-3.782562859
-1.154978972,0.46232540261379157,2.786597502191073
-2.545075517,-2.849453255,5.892215812498562
1.2600544773806543,1.923426390647371,-3.740735373
1.2095326401967403,1.2736713779011593,-1.610133817
0.6727850356807488,1.8003369124126918,-1.745536189
-1.092815787,-2.071156327,3.370393512573404
0.6520764048547419,2.420870696,-2.543013036
0.848268326,-0.051701357,-0.00054478
-0.845814685,-1.827554867,4.679388177827897
0.3320893942693899,3.2598559817038115,-1.31687402
-0.995243463,-5.450937187,8.376375925527425
-1.046332263,-1.240765306,2.539511298791984
0.1835378641244828,0.3913412561905111,2.5306695914074444
-0.282421105,0.21896918830014878,1.0281877018472219
-0.288273479,-1.900739545,0.5180382277871871
-0.794648254,-0.0429999,0.033880139
-0.584583941,0.48367100189849976,0.1748315714950392
0.3643960277343693,-1.293235278,0.12838844786720394
-0.594938675,-2.532995862,4.603477618409587
-1.023329904,-0.880411476,2.5592950605035667
-0.538177521,2.6446305495177773,-2.179133117
-0.085058787,0.7600644934436946,-0.066093431
0.7717858262555984,1.3361889717324213,-1.63614101
-1.135862266,-3.007453895,9.186677709982579
0.9285713468537644,-0.661738964,-0.570311578
-1.073286843,-3.881098269,6.990716037915935
0.5372592438359042,-0.163472904,-2.487311054
-1.808381478,-4.48781679,5.865274620054893
-0.676186766,-0.045183111,-0.134286656
-1.340070676,1.1485296166641268,-1.643053651
-0.287620976,0.019971279,0.6265050403077761
-1.174763127,-0.950032197,1.9849667336406842
-0.820236455,-1.693112291,4.1226986415101035
-0.225448726,1.3976734276510552,-1.438410112
0.8489109717897118,2.340648219874179,-3.603162001
0.19311237076011775,1.5018520698111297,0.14341055117593288
-0.867342948,-1.539547263,5.011483640797464
0.9758693667508752,1.322054196746888,-4.459734865
-0.518945244,-0.107669754,2.9093944244700545
0.38365013746696586,3.195082147,-4.323912764
-0.193067451,-1.146880082,5.554185311552663
-1.360067404,-0.194860938,2.3077490330925086
0.8782922459959436,-1.261998176,2.7767754286613013
-0.410079562,-0.499774636,3.6601674171399607
0.6526638661695917,1.7766463731096676,-4.143150409
-0.773707864,0.6055455188239771,1.1057633391502049
0.643308443,-1.97634726,3.8386657775844784
0.5019364494862805,-0.30605451,1.6089964603793492
-0.122015386,2.3706686862525266,-1.803140069
0.2722372269282604,-0.467321068,-0.767162373
0.16813525273426763,0.7208328925940566,-1.543042171
0.36103339349152597,2.719247201516388,-6.598357238
0.5516486920762097,2.1317757065641136,-5.539832459
-0.543704685,-1.163711378,-3.04220334
-0.795414225,-0.438546502,3.432370693732111
-0.069122291,-2.45468768,1.995503545167855
-1.060842204,-1.136664284,0.48797208358928135
-0.102676924,0.3652387283958173,-2.84089545
0.44070510089787635,3.333706597457824,-4.384206354
-0.026796031,-1.080534224,1.7829233011769892
1.3053424677747343,0.23739053057138826,-1.667283097
-0.587844735,-0.366953058,1.5216958597368915
0.15814449678272036,-1.127204619,2.597676699651928
0.054374705,1.9816362979114879,-3.507152655
1.745468911625042,0.977684982,-2.400328875
-0.121808336,0.22417337225279932,1.7133999440681973
0.9597772879852743,0.8895662324110944,0.28363790852295373
1.4404326031130201,1.0626412006786887,-2.959859343
0.2781377975490622,2.611108308366167,-7.743857892
-0.684939743,-1.361183279,0.8778342077786485
0.35604584380888116,1.3433131911415643,-1.996089904
0.8911595133682365,-0.813105351,2.4962474609750283
0.15934872909623654,3.0216156502183322,-4.798521727
-0.373459557,-1.02928064,3.9196593455267745
2.0426312526530555,2.7943550045908343,-5.010519021
0.5434627120024971,1.3188471216172015,-3.924083723
-0.533624236,-0.457893535,0.2876081521163878
-0.081266428,1.0088821264064576,-2.404003111
0.13473121519252493,0.813302059,0.759573059
-1.100020331,-3.467303326,2.8879559598491875
1.029181129320381,0.6994162434712996,-1.748034438
-2.053550252,-0.897505514,4.0978317934610935
-0.298936737,-1.817256562,3.966449323186228
0.5343624395353802,1.085414916,1.9561694486421568
0.473581379,0.311110621,-0.233074324
0.8005980907392523,1.068787086968871,1.4579230770608373
2.6491994394465443,1.5349321161173282,-0.662414521
1.0169310205128002,0.8597937132914053,-0.79680991
-0.796516527,-3.435665601,6.721559788630753
-1.610647964,0.5670299540875643,2.508201773129298
0.20073034849472063,2.3368912576996035,-4.358374968
-0.803363552,-2.433932489,6.754761331811985
-0.554128397,-1.461701031,4.1707875362781826
-1.033968766,-2.451486399,4.1413061120522405
-0.345445056,2.6247119441906612,-4.120729875
1.4956358586907463,2.917264739324188,-8.073941412
-0.072098033,-0.924245408,4.334441249619682
-0.441875642,0.5864567519788836,-3.060133431
-0.092725211,-0.54518201,3.3870045575534977
-2.35352309,-3.136676154,6.781945006114586
-0.499400403,-2.176478638,3.508092004137689
-1.500271862,-2.158993787,5.078574356979872
-0.232185059,-1.064761309,2.252256664506607
-1.042585022,-1.40536105,4.759009844458944
-0.838054679,0.6740772611042178,-1.829866438
-0.387753166,-0.902986075,2.9949962554158667
0.007597369,-1.131754584,0.26871855317339843
0.023739270868930136,1.1831524286486248,-3.960112529
0.520626911,-0.543329641,-0.85468393
0.5434356649491867,-0.272018949,-1.772698359
-0.804616814,-0.896257333,2.2981908581412003
-0.155914446,-1.480157222,0.772572641
-1.492021999,0.6158109570943883,0.7358247879247782
-1.176348081,-0.438712544,2.109964651647458
0.3667795390976243,4.467146915,-6.012983257
-0.95718009,-0.436322568,2.749149588183969
-0.446015551,-0.351619409,-0.552940515
-3.375224478,-3.633937957,9.130012132
-1.070885221,1.4994844474282572,0.737216797
-0.367346166,-1.875469627,2.9957737639514623
0.3783150091818399,-1.104530228,3.5564843722536748
0.9223121537419876,0.2639845131331784,-1.612318571
2.3526944697604812,2.628238524240985,-6.941228585
0.9923738262038346,0.3073313854493913,-1.140615946
0.089005713,1.377703389362503,-2.628251786
0.5091934720513162,2.925929218,-3.460189969
0.1849533330193206,0.056032458,-0.313041467
0.038708829628874356,2.5620476050668533,-4.386257839
-0.755690255,-0.037282164,0.9762943784299436
1.5926914016921931,2.772859491551448,-6.22342664
0.753799177,0.48367903261214656,-2.372047495
0.8295898435454726,1.767567366633119,-4.990514743
-0.207973862,-0.5222736,0.7894377157986543
-1.050616026,-2.8088498,7.1410864565327445
-0.238090581,-2.1246632,1.6776657991126518
-1.125270357,-5.285224592,9.449162465801372
-0.586089762,-0.768219404,2.234756445
0.2089777641091091,1.344939395706194,-3.51073774
0.21431951604227756,2.0802893650577268,-2.389764655
0.9067846296899164,1.957377164,-6.11601925
1.3181751236496289,3.0402450019402454,-4.573340322
0.16678127946072374,-1.053736383,4.1979925072917466
0.6046737746329219,1.2260609488652034,-2.391865939
0.6730752478810665,-0.624444575,-2.8206646
1.4776852134831773,4.585928736751932,-10.70093125
0.5870588180917176,0.5450294170543717,-0.464112432
0.509085275,-1.611593411,3.289557909486123
0.44505417627357385,0.5962379357726472,-0.081861784
0.5046284542346703,-0.970155186,2.1972027513441432
1.5207028371055433,1.1161282292700117,-5.833730149
0.4281448563428751,-0.267080167,0.7998384383890138
-0.556882757,-0.299847851,-0.904526287
0.3935086898429883,-1.750199579,0.5625243057624734
-0.904734799,-4.087705751,4.480620729275562
-0.879989133,0.37102383844475206,2.8382293064375657
-1.176266879,-1.002362472,3.505337304061621
2.1366964167613385,2.8302611447111903,-6.436481249
-0.407244495,-1.43379891,2.385606463981216
0.2172262903098293,2.2274361831802936,-1.317206698
0.35840941925739694,0.7123380845959553,-0.654099865
0.9022478823019502,-1.149847931,-0.036619739
0.4621898120799061,2.1723418316202814,-5.67910785
-0.027546276,-1.094911865,-0.396129945
0.8819884554473084,1.3977733461501685,-2.338092693
0.836048772,-0.181518559,-0.092637483
2.0716926511340854,3.3437899649631095,-5.810922367
0.5796221125459357,1.6657027547219367,-0.380969176
-0.308578975,-1.150980888,2.4617376478367063
-0.109739645,2.6469460497845803,-6.447506742
-0.109933012,1.106413047387019,-4.022414655
-0.475270113,0.4407951135185436,-0.183650367
0.6553022263206488,1.4820036416075566,-2.704888216
1.3676087629087665,0.5478784598811389,-5.339045425
0.34276327986347543,2.9478541506433484,-8.8230086
0.4673154905849085,0.7867939219518936,-1.905188859
2.0780807879954852,1.078725047264911,-4.954248487
0.030473042517387715,-4.044876541,6.439988338250259
-0.449648911,-1.645313388,1.4169145993945558
-0.195559455,-3.33317431,4.4802763462059945
1.0349958364033258,0.4627732762864572,-2.347720819
-1.54130304,-2.238469386,4.458431907697696
-0.569583144,-1.418405003,0.5768875650115519
-0.614479284,0.15357884625858786,-0.155277562
-2.443373144,0.44762207480675253,1.4760739294993268
-2.022690608,-2.528967626,2.9036169190437455
-0.4900704,0.49559855127824215,-0.158335786
0.974018629,0.3055576568006019,-2.302289791
-0.899147127,-1.464109467,2.5146979157605087
0.31278815737604926,-1.761859052,3.2698816900170447
-0.36348687,0.9636484089853622,-1.687016376
-0.39392799,0.5035028493162557,1.2607905850120176
-0.195477938,-0.796212522,2.120530393666332
-1.070547488,-2.168010711,4.805478044
0.7534031924323747,0.5514128736699093,-1.619492728
-0.804814991,-1.785604346,2.7691991283163144
-1.206331286,-2.504218866,3.6529167588081073
-0.121899295,1.4373458598664213,-1.638320494
0.055342131,0.36013356788116935,2.1615957051379056
-0.43853022,0.3313671768987532,1.9554000583937734
0.8833613775208591,0.7690882689422348,-2.578525391
-0.353486317,1.2545015576358531,-1.202157311
0.6130730519787587,1.2351225533249117,0.7293461457806587
1.165141846356679,2.297471049124989,-5.112419429
-1.216402545,-2.529502826,5.9169246805682505
0.27336749876784255,-1.71614305,2.4334137794803263
0.15228519612447572,1.2711705722468984,1.4843795357725211
-0.117793967,1.0744149844012936,-1.215024644
-0.768281574,-0.730275469,2.0239012439494832
-0.389908797,-1.698459956,6.610934346315741
0.21002148106758922,0.088501454,-0.271823625
1.5933557528644486,1.2977080470563445,-0.243523088
1.817115962868416,-0.360267313,-2.187431688
0.1228795807914015,-0.295748477,1.3933597659329475
-2.537369213,-1.18526008,4.316818668401604
-0.111753225,-1.557187035,4.827861398455369
-0.448872732,-0.718179753,0.3534195986901132
0.806201118,1.4655745905026467,-5.022305362
-0.359837442,-3.771814033,4.9053312237371784
-0.169107607,0.779275138,0.4315958232871263
0.16579092894073547,-0.675824322,-1.510549461
0.3012305152631493,-0.076826922,-2.483711844
-0.451708422,0.8834592065460565,-0.228210195
-1.53474334,-0.570500215,3.075072009304014
0.9832593297173164,1.1751657468967829,-5.545667219
1.4695877375201258,1.8267750526213444,-4.26144826
-0.834719618,1.328418472796254,-0.852641123
0.13562976071702929,4.2554051165918345,-6.277157611
-0.071973348,-1.10446251,0.019547096886889492
-1.074638342,-1.34069424,2.449708724525132
-0.588852983,-0.729180272,1.3409487861557385
0.17607331546588686,3.2381463355862365,-7.145502249
-0.456621012,0.087724131,0.26165897693446355
-1.692089852,-1.169017242,2.9810614410537313
-1.624269468,-1.820570197,3.6957356050493586
-0.369139244,-0.353123292,1.6568033722806452
1.3405922746010017,2.2154428964903397,-4.674243252
-1.342719828,-1.859105829,4.063078766561183
0.4352725954749356,-1.062344788,4.662577160870989
-0.88603145,-1.31390291,4.099027692903112
-0.248027432,-0.395905755,2.627426927496021
1.1781504284179107,3.818535749358637,-6.517884108
0.032484295654971386,1.0866521995123393,-1.977992158
0.898893455,-0.012318099,-2.075140722
0.34113845796268566,1.1063027671402053,-2.286268911
-1.962144939,-3.64051975,6.489528574201398
-0.647930188,0.095605555,0.5442880013701064
-0.536676322,-2.586372996,6.362936225494699
-0.578124952,-1.5954076,0.7190617256676135
0.30951294888675646,0.4312331837647031,1.196375091597763
-0.255276887,1.5676950806335102,-1.96412775
1.0667507165469512,3.004229859328632,-3.700271987
0.9271204032582124,-0.928153504,2.2123933922536034
0.2610628830842873,-0.096862487,0.4869630365506229
0.7036613559696657,0.088842631,-3.04331303
1.924295088,1.559665350120972,-5.519552688
0.6394340891723809,0.672931112,-5.49759103
-0.609190055,-0.736390245,2.606617653188548
-0.699218717,-1.699087326,3.004043146211908
-1.481204829,-1.986842105,2.100630684625401
0.21525804501646514,1.0129873350784933,-3.933416238
0.06243035,-2.328045301,2.663376578275426
-0.742967483,-3.53143338,6.187109507381481
-0.524562971,-0.72728872,0.9924126500955691
0.3769780604299621,0.6303612392712596,-2.631721033
1.0151502630558915,0.868419146,-4.010212527
0.080442806,1.1414842067083073,-1.999771805
1.697780089990547,1.7887689768590984,-4.737945939
0.3225990723592994,2.9248288089977477,-4.837411772
-0.891242352,-1.378280924,2.6195135817610917
-0.326930322,-1.348403981,-0.246439596
-1.357108484,-3.409019756,4.603538968680007
-1.528740183,-1.518961591,3.339921068978753
-0.484872277,2.1124369803144853,-6.15182257
-2.739171057,-1.897808605,5.624987082488059
-0.037217716,-0.241741155,-1.340942002
0.40024161626602084,-0.704593638,-2.535620139
-0.374216405,-0.52548633,-0.579645306
-1.048991839,-0.674192639,1.3691643537095228
-1.345200085,-1.844605938,4.528898413718796
-1.965780589,-1.501304777,5.266608648
-0.67485942,-0.046324051,-1.197910542
2.261967159956104,4.017369226197852,-8.942886655
0.8078748147461535,-0.847056785,-0.276968951
-0.836142002,1.9756371647493616,-2.829983457
-1.156089405,-2.079972482,3.643191141779074
0.8515524409777562,2.554201294978195,-6.577650878
-0.443109784,-0.453265292,1.196675237251645
-0.02326109,-0.876290008,1.6849126461702597
0.3764296408002425,1.2068102281170354,-3.98306763
1.8921989758118993,2.2240760795100414,-5.453956607
0.3118597557940088,0.15706469994731087,-2.151941793
-1.158134169,-1.09376445,4.954775187572773
-1.69419303,-0.481788704,0.47857109107772383
-0.666996368,0.950104352,1.0363389296007413
-0.798615683,0.5582100177085204,1.5936135044484327
-1.106227617,-0.414896296,2.3656366861303724
0.5875147028293582,2.079352935161599,-5.307617145
-0.360217229,-2.715359165,6.610686622
-1.678462131,-0.694500664,1.4339507456688152
1.1156250238502625,1.8960918348141695,-4.878416428
-0.197388591,1.4117137119802703,-1.924984128
-0.610805317,-0.86494738,2.7782547491344873
1.3575412876441448,1.893793710400778,-4.74339512
-1.498548853,-1.031057038,1.3672023076899906
0.5826532528094259,0.31998873291353724,-1.413228145
0.12936771189184196,0.5273092752481842,-3.351133402
1.065448626918346,-0.671767327,0.2155936182526148
-0.217281743,2.309862123459791,-0.963935606
1.9165367846627326,2.5362324129423603,-6.549643479
0.410064681,-0.323308157,-0.168071866
0.24198710138817325,0.2354016703537134,-1.98203105
0.520291149,0.10199924069269287,-1.811061961
0.5500262574800336,-0.737737061,-1.058628773
-1.680237121,-2.910890189,5.446819125072569
0.18328896129776262,0.4004190681725193,-0.444600242
0.14631840703393456,0.228801497,-2.755410952
0.29781987670636056,-0.228421982,2.168855658928425
0.4113106553399098,1.904133393550967,-4.078717409
-2.03271836,0.1713492820857394,2.655965266
-1.247863345,1.3458436070791457,1.9744246561742234
-1.314441239,0.278370712,0.11086026395837403
-1.037075209,-0.206956955,2.756724157668183
0.43465295747439825,-2.159847272,3.8131342755175166
0.054402462,1.5155959332866038,-5.432379776
-2.445861167,-0.397371482,4.918366496945717
0.8099723127663444,0.27821510102795766,-0.749499281
-0.222300726,0.2211327692842785,1.7348506992607882
1.3634053609671835,1.7339573416335807,-6.981680248
-0.73414291,-0.342546412,-0.806044839
0.21885878936789954,1.061799629954422,-2.419431886
0.69279514,-0.578941316,0.069222185
-1.335158361,2.0381982707180013,-1.988243343
0.6867071170497734,0.9876310005438276,-0.1800778
-0.797359092,-0.303265073,-0.982958428
-0.700793055,0.8701844733046142,-1.109488407
0.512941541,0.9860641893650113,-1.764950469
0.3711763321771304,0.4431106047603506,-2.930696881
-1.06613549,-0.592208746,-0.448508815
-0.950714899,-2.192984191,7.409101466552265
0.923103197,1.2999193908215358,-1.967082375
0.6030997079011128,1.5908771219103786,-5.827839175
0.4969645231034368,0.31738268808060544,-5.925277219
0.091012645,1.7433877026690712,-4.631219042
-0.910566429,-0.677721304,2.6400472425906147
1.2577685288525147,4.079652732878275,-6.727705497
1.1753748300834368,-0.556116812,1.4127341217588352
1.9968409339114026,1.469920439261016,-3.767508555
-0.095147449,-0.416126075,-0.179875977
0.4963818991183589,-0.466152691,1.0344783049308222
1.537727037771931,-0.499504446,-0.587309183
-0.395754367,-1.495155489,3.3220080398832432
-0.30470896,-1.251856566,0.7398223954814772
-0.917598094,-2.66805636,8.085864774793668
0.68286696,2.6210416069935705,-4.994063468
0.9792220945770352,1.2102113900972427,-2.475619124
0.3166246135711375,2.793101810135353,-3.277400933
-0.563936862,1.1494082891245903,-3.331094471
-0.487944333,-0.555242663,-0.322666483
-1.214588548,-1.978434754,3.1328723389864583
-0.440529461,-1.255268106,2.0795975761618375
-1.52048492,-2.419494141,5.421645328803699
0.3886645399137408,-2.124719691,3.8156507239172757
0.8758492685558014,1.8708965579039805,-7.076459796
0.29660543445846915,-1.469732014,3.304240933
1.944364199395555,0.18090892522913204,-1.766685321
0.5425234107448166,-0.394934382,1.6414654517540577
0.8519217203037294,1.1463697293203905,-3.123138015
-2.915695071,-7.143156456,12.466337876091385
-1.059502943,-1.290221155,2.4297927737342304
-1.481258373,-5.221162855,10.683631353564717
0.072223836,2.261906890184847,-4.053892744
0.9575161409812646,3.188633688466968,-7.862988
3.4684082477287173,3.056826323194322,-9.656825545
0.3743795198345676,3.5719610154636183,-4.482969721
-1.204691867,-2.619941701,2.9907421188980488
-0.442458232,0.18225779127215774,0.025562019969741945
-1.151363136,-1.54500038,7.251597049496322
1.9074348088878224,3.2276875434473604,-10.99616608
0.9384903671865161,0.9774776822103579,-1.699341795
-0.559127772,-1.148646372,0.5150418983580154
0.16645536729952198,-0.316469543,-0.262082349
-1.452222491,1.023576570442088,-2.016436105
-0.256149103,-1.489059247,0.3043339286753479
-1.657431798,1.056627690483722,0.6729958195908147
2.090662570112035,1.663784846,-5.109812137
-0.668070781,-2.967672152,6.886730985950997
0.16210982364779028,0.5248192277681009,-0.022891142
-1.171125322,-1.67450021,3.798190292493094
0.6275266399862519,-0.139493614,2.9113812368289524
-0.877542637,-0.510109751,2.4529735559890913
0.6421631879181227,-1.595208986,4.729438911583929
0.42898769536266207,0.13519692307276335,-2.696578633
0.5913726974270754,1.0199838792719307,-1.783439427
-0.413346837,1.0789315672092523,1.8442558183077085
-0.744861705,-0.043511622,0.9218875581311664
0.397491921,1.2072128488297271,-5.437045861
-0.423771606,-1.896864624,1.6487083751495484
-1.395937495,-2.42300384,4.436849741
1.986417123961476,3.006660832151594,-4.769931114
-0.647119984,0.2209523493899369,-0.479536316
0.3125502865418527,-0.891708392,1.7921774316901582
-0.017981652,-1.520557821,3.3066099305617134
0.906717622,1.9850508235682212,-3.689978815
0.39123656848184946,-0.075443745,1.5499305995241506
-0.449742081,-2.450134525,2.257163230751853
0.067785778,0.9466898964153887,-2.883646594
0.7916922859065201,-0.673281455,-2.417005835
-0.766731075,1.1558670360953436,-0.685658453
-1.185483783,-1.694669928,0.054014686
0.3098627213440953,-2.227116356,7.615334937279505
-0.266069819,-0.781289706,-1.549367445
-1.286097957,-1.569539138,2.943089155662284
0.9234531691906144,2.9058649920631816,-2.208003427
0.3273419627599544,0.4100980773182684,-3.541686199
-0.65514193,-4.074873552,3.2969779230111476
-0.06831332,1.063437235588597,-4.654786744
-1.693759464,-1.296576423,4.2544196654490145
0.24443041182033917,-0.070516015,-1.533916857
0.8131354751893298,-0.532590264,-0.388978124
-1.137212901,0.22858696704387427,-0.23808492
0.8512718542760978,-0.650084655,-0.710263839
0.7534639525961356,-0.687356402,-1.24147565
0.077433184,2.1047544947757992,-4.162581774
-0.041047435,-1.289752647,2.1429535994635156
-0.596143514,-1.455103947,1.4278795626759622
1.865232314530894,2.1329032757388613,-7.354003468
-1.327470101,-0.905942725,3.264143235
1.3660765041716423,2.168904117521449,-3.735726446
-1.223008348,-2.141336108,4.212827460965191
0.07682807,1.2734559376778258,-2.328909541
-1.500723393,-2.655493497,7.6407825792511765
1.5141566173092857,2.981744776876373,-3.546514777
0.37048112580838033,0.8305823637619134,-3.940123665
-0.345510898,-3.562499411,6.759907423912886
-1.662380478,-3.64720459,7.181189643125343
-3.350506191,-5.19479095,12.507628995873482
0.5023266019781474,1.7098405097697096,-1.489791659
0.7353996078903212,-0.688761392,1.8015861657552281
-0.728785765,-1.153767761,3.5798327327964716
-0.559709242,-0.501359246,4.378421115227089
-0.766040872,-1.980376151,5.417311371439725
1.6385633703202664,4.0186792412231025,-8.136081388
-0.054197028,1.614152839068386,-2.967349045
0.9764086100198776,3.5785753375221168,-7.865706587
0.54964238,-1.359431856,-1.392794184
-0.368295674,0.8695575076443011,2.270426348331841
1.0776267623286813,1.0644737857253808,-4.002950077
-0.205590948,0.5835471748297525,4.046402702390402
0.5294500433022106,0.27762293898463763,-0.812850853
-1.045435872,-3.571143497,4.558187207651673
-0.524631486,-1.120153221,3.900817012800286
1.2198678675488357,1.9569670515743784,-8.328930892
-0.14039271,-0.000766246,1.071960317258193
-1.346675528,-0.711966446,1.9669767053469858
-1.666941201,-1.260038384,1.4218184175266415
0.7657929565779613,-2.656373422,4.781107212285041
-0.870822437,-0.693138973,1.5563029703183664
0.054940761,-0.922884419,0.5011263675258095
0.22261976420400054,-0.59558737,1.3358587314305408
-0.56224533,-0.93825894,3.9649691070051167
-4.043989074,-4.269188129,11.084745362670496
2.167177537840002,-1.003187792,-2.466881245
-0.821583391,-2.502558796,4.948679618141193
0.8457362694108097,1.3866433065756807,-3.249951536
-0.364883141,-0.939508868,-0.632318871
-2.16415598,-0.486410294,4.558429678203832
-0.204652523,1.3326006854228238,-0.273180209
-0.872083548,-2.855257726,3.7003869098663715
0.5318171219284274,0.12369319462111215,-3.342782399
0.24446068075196886,1.5414678327435678,-1.715497214
1.1793618822825622,0.48367945232937926,-2.83878117
-0.395443679,1.5698156063073443,-4.057014952
-1.484994847,-0.701000892,2.6475662755621765
-0.450763439,1.5302932480461833,1.1534618485342878
-1.579368488,-5.111606926,10.137055094046632
0.073617657,-1.401980602,1.190204021687805
1.395589194543436,3.5664704474108477,-7.174463844
0.081822243,-1.243497374,1.0900807372914443
-1.830252338,-0.338968163,2.4936507100511065
-1.171421876,-1.914675588,5.248789805
1.1666956396554535,1.5889265900447695,-2.938830971
0.17523223285439757,-0.638862044,-0.810492559
-0.152126545,-1.308560574,1.8998139572767898
-0.417209204,0.45014389624217543,-2.371194802
0.092366724,1.3105018452076114,-3.476985593
1.1223380073082485,0.091587144,0.7540582739507196
0.7118512970062844,2.170794181986179,-2.685191685
-0.58255321,0.1252173996672704,-1.475248989
0.4815368583645004,-0.528110567,-3.859810998
0.10632555649387428,1.7165694807473164,0.5723523016457698
0.6464105636508592,0.6804926893858072,-0.017108284
0.2477560776035906,-3.194733531,3.767899884311799
0.8495212877892184,3.6889048944975302,-7.687892175
0.7616948595409019,3.234978425582888,-5.466400762
1.5546773031372882,0.7218252303199231,-5.430638601
-0.179519284,2.335581096644852,-3.92201945
-0.741097244,0.5558422789838033,-1.481823074
-0.596074864,-2.206418322,1.8970978604012592
-0.39132639,-2.170952467,0.9070746884431842
-0.513546097,-0.028946184,-1.674886379
-1.042017669,-0.025648145,0.24038977765067338
0.058126871616275146,0.8758259905615127,0.21431941943944244
-1.711911426,-2.280726515,6.1599705721058315
-1.929700412,-0.112209857,2.192601215526969
-2.43649593,-2.353792204,5.163482908196482
0.14708165892879252,-0.404791822,0.4051107951591044
0.44670695234839725,-0.275940562,-2.264650396
0.7683781450512163,1.1854856531778604,-2.725171271
0.20784396390673132,-0.948792351,1.9763507764547397
0.15383642840651565,-0.973559861,1.0141058702518044
-0.464959435,-0.304740976,1.290693542
-0.479572472,0.6583164288474249,0.7168743559089861
-1.580240529,-3.525488217,4.3653683561388785
0.38813504267263144,0.770433597,-2.551527835
0.5724233013641111,0.989427663,-4.489379621
-1.028170992,-0.553870762,2.480753996338139
0.9051423102052428,0.6424308928487974,-2.787068708
0.48458656519345744,0.3608824428274157,-0.783490163
0.073901774,0.7529519997538049,-0.157713886
-0.644836555,-1.916667155,0.901623789
0.45931607189490814,-1.638954441,1.2787772930380856
0.20814824969374895,2.9092010786116407,-6.046288329
1.6122512422806496,2.3664722858152567,-7.705347148
1.468732464028033,1.1470275789405542,-2.817567024
0.7585199724713302,1.181416199189186,-4.043548921
2.0839240908672116,-0.323308411,-0.344192444
-0.795726046,-1.410054324,4.692008803303208
0.22780498,-0.787126236,-0.078623373
1.4828548172399272,1.6829379557549402,-3.559441251
0.2645920126334176,0.7619887455127634,-3.217130237
0.021775820352056486,-0.359833061,1.378178987
-0.535808678,-1.615236872,0.837075929
0.33305915800876146,1.343860001132291,-1.701370679
-0.001203235,0.015486604729356507,-2.346272654
-0.683968895,-1.482345058,5.904381591
0.8201044776148155,0.3242406281955942,-3.849262638
0.7570549970649652,-0.45943735,0.821351009
0.335010287,2.5650688163410096,-2.370130303
0.9128253688452215,1.4091870033480216,-2.222154897
0.036360508,1.2480431198031163,-1.017963761
1.3697710969958508,1.8708345864507723,-2.181078374
0.8575799149341096,1.6357941017680164,-2.517591467
0.6863527548661237,-0.019755602,-2.258922437
0.6022372289744339,0.5915808736936358,-1.686196304
-1.655111024,-1.309107356,4.864595034318212
-1.138925819,-0.666820296,1.4448999479469906
1.0310846647912655,-1.816024588,1.918176602157128
-0.209545543,1.3237192792453347,-2.345423381
0.8456369593284149,1.613978951871165,-3.432798424
0.3662235327951608,1.7667304865976048,-2.344231576
0.11453513378632671,-0.279907523,2.3874883147002395
-0.05509855,-1.958548627,3.711003625087314
0.089833671,-0.3325861,0.7282086768209505
-0.651751795,-1.681019119,4.114155086306196
-0.36947354,-0.30859592,-2.921170717
-0.057680205,0.5331275884044617,0.8139151196981795
-0.27617454,-0.458555941,-1.792013185
-0.094080943,-1.923817336,5.587303495255995
-1.263195109,-0.293625785,2.9863801
-0.565894158,-0.890484878,1.943001610009597
-0.065520704,0.056959358,-2.122137322
0.9684493155407252,3.0140325149308405,-5.751665644
-0.034355228,-0.301965406,-0.034950139
0.029439761944001486,-2.750564082,4.912374357227394
1.3272458730237302,1.052389065020976,-1.230781929
1.0862723316036278,-1.104275461,-0.611463795
0.2494173735678642,1.5887273837121387,-1.951254973
-0.481001747,-0.018197709,1.8765805052897724
-0.991176434,-1.137705162,-0.065093699
1.0368585377040378,-0.288598229,-2.473512841
-0.293777527,-3.373940879,3.9927678471618986
1.0193132272004075,1.4404937668897193,-0.828360977
-0.800760211,-0.668961213,2.7294865455266972
-7.76E-06,0.9481202675481315,-3.327197579
1.1449954693827018,2.046892389015131,-3.235959745
-1.995248506,-1.449574776,2.4349240779019152
0.39656106036100264,2.8725918366624783,-2.696233662
-0.571053717,-4.634777181,6.448043311
0.9764643562082029,2.869023797930776,-5.185461037
-0.484665267,-0.644412189,0.5585566259456238
0.1416891038361102,-0.459514908,1.808491517838065
1.1959882396836163,3.591106622453237,-3.924046905
-1.193744705,0.5911513291060748,-2.024795741
0.4540658745081916,0.9607398709648965,-1.062986993
0.8504176003863609,-0.028427795,0.2681386521337621
1.1444582593378396,-0.380234652,0.075435005
1.6260430629180689,3.6373907025807846,-8.362157001
-0.305579868,0.396184077,1.7761287700734734
-1.042652944,-0.991445462,2.8614441228465903
1.2945662706758994,0.618786568,-1.637892091
0.20652510250451583,-0.053500276,-1.48127192
1.5445074483974293,0.985364193,-3.376560999
0.037876812,-1.07371189,2.8823993838714976
-0.038799733,1.2662465275569397,-0.434898815
-0.034956436,2.0436002264620385,-3.425649487
1.7512301149315566,1.842999237058528,-5.479154317
-0.66976799,-1.6719356,4.201806808641678
1.9493460723662452,2.9599370023350255,-4.728226076
1.9454299253429925,1.4215491497592094,-1.268829603
-1.160092454,-1.310593077,4.4138891595304806
0.5351412783446032,-1.870312427,5.041110083291482
-0.248326096,-3.878487946,8.794670575936127
-0.049242439,0.4814232316739068,0.5789554019687442
0.7096836001569992,1.9451322314772448,-4.942841825
0.91105309,0.000979144,1.6578484971435172
0.30506883158958337,0.5486564382399158,-1.005307226
1.2678282802777974,0.6897869140506997,-4.346070642
-0.797508436,-0.055355761,2.765535322777879
-1.281737831,-2.788839855,7.327212949946812
-0.64045695,1.6617618882610194,-1.260397579
-0.932163155,-1.398559819,4.414556436348863
0.35446387246702465,1.4497620006775018,-6.128768511
0.6623154450365272,0.9845712663109624,-6.658973004
-0.543976243,-0.402553806,-0.926456047
0.3111407507549595,1.362408905996377,-2.333123003
-0.975643958,-1.754558731,4.0367099107431414
-0.221941049,-1.953786782,2.906533874701375
-1.405358635,-2.507508203,3.9161743365421606
-1.176221744,-1.728414626,2.870755246186684
1.2030999846016714,1.7632511414686491,-5.915626947
-1.773431658,-0.171014993,2.5527061959000656
-0.594829664,-0.515929222,1.055377677931799
0.001530026,-3.67278597,3.801925844612062
2.997923603,3.8371045874882377,-6.055581056
-0.397950821,-2.965375083,4.850125871332096
-0.329836661,0.3611882777733366,-3.164354013
0.19675462347862904,-1.121171352,0.8565187634005418
-2.052674959,-3.739100041,8.696413713375156
0.5738223171509311,0.9342202521676575,-1.250332487
0.8472567771739892,1.1205087781331078,1.0776410810168837
0.14689024372896037,0.6993802583604327,-1.798932455
0.5067099818865447,1.8324418015034776,-6.681893349
-0.499666939,-1.961235159,4.414590660484844
0.7679156377097406,1.7436634431210871,-2.392748742
0.43816438161807514,1.9140834609414346,-4.915634074
-0.003983265,-0.090387938,0.12946735080624022
0.4765216749325309,-0.957423569,1.3496568902150132
-0.843603561,1.428082640712709,1.8946430836948485
-1.605923373,-1.914446174,5.073547851887997
-0.520682945,-2.940211867,5.128779220424941
0.07905352,-1.184744961,0.042552455
2.010040377683229,1.703159040745385,-3.197493876
0.9305119213681862,2.011698232090203,-1.596354793
-0.055217148,-1.844722384,4.0476575855122485
-0.080350548,-1.464132413,1.8553260276208319
1.4438111329409928,1.834519199231908,-2.531744753
-1.818459928,-4.507169321,8.338553857
-0.516482482,-0.005632992,1.0079359033414919
0.1232999934885598,0.47570203762713337,-2.95382993
0.4551568452477167,2.7820336456227714,-2.87997642
-0.183504655,-0.09828421,3.032004458776062
-0.700009127,0.033683254705899834,6.920669753832342
0.041885078,1.4026702766546113,-3.098912862
0.33425114438626585,0.2714320985478473,0.47082404073158324
-0.627868291,-0.045019236,-0.350845334
-2.138126193,-0.267437203,2.3168118836312663
1.7892635172117837,1.847138728947018,-4.819993401
-0.322332965,-2.507412869,2.6071700887641516
0.6778049560528152,1.5366833441908496,-3.50582556
-0.406988038,-0.040097606,-1.106143195
1.0561242370129853,1.8696686239084022,-4.618376683
-0.304506729,1.1669995996104303,-2.001296083
-0.935287958,-1.850493676,6.874368493298581
1.6680442413535739,2.733783578717496,-5.347983954
-0.556267334,0.10552805542265964,-2.176044134
0.1792915389293702,1.3680567490450701,-2.351921321
-0.93988945,1.0191014796977833,-1.423308671
-0.793834036,-2.309797331,2.0068470589374736
1.2561546139566082,0.9342850024567027,-2.492381046
-0.492127449,-1.553049577,1.2514353198432007
-0.7213679,-0.021459441,-0.006045409
-0.563507222,-0.037864902,-0.793448068
-0.911370184,0.5135685441508212,3.5123921272771947
-0.948392541,-2.26996216,1.2117953765034506
0.9636189759308987,-0.720447632,-1.003209333
0.7550983334970468,2.1117987382655907,-2.118938053
-3.443124214,-4.307755089,11.050846864542018
-0.343192215,2.003249568218114,-1.773368517
0.013160396,2.2534456962314966,-5.766320631
-1.469067852,-3.58120027,7.132287174339748
1.0281905712030932,1.8420798889713574,-3.012231668
-0.495882171,0.5987509881861386,-2.692472434
0.8120174906809116,1.3992333489413724,-0.986032267
-0.236238096,-0.629455878,0.7708017451738658
-0.616653024,-1.905051934,3.9487599098242363
-1.711679453,-2.931451825,5.314638400875736
2.307552580003191,2.427486919,-3.157710126
-0.497274874,-0.22348207,0.1613803975177856
-0.177200041,-1.510329392,2.806099691748885
1.3399296458352956,1.396839553462404,-2.3493112
-0.974464336,0.044206631,2.419655509314948
-1.090844705,-2.741633661,4.7806742274202785
0.13895606251492884,-1.77005118,5.920837536240436
-0.641238852,-3.371696831,5.1160841735973195
0.3920121433355121,2.108478399170578,-1.106074107
-0.640064351,-0.175540029,0.5833167586067602
-1.641756744,-2.318670138,1.8839925201314967
0.6785237385114269,1.7496418661861979,-0.765909783
0.5861117286297294,0.34257335222274665,-1.155135127
-1.035870259,-1.325148572,2.7799440812623804
2.1127632831323147,3.3443740684696226,-7.209556162
-1.021507783,0.3781140333434292,-0.281298261
-0.02629209,0.6094064050954948,-0.716174827
-1.187507883,-1.396311657,1.7670057383868587
-0.359779381,0.9600712438345715,-4.382335206
-1.71289891,-3.248899953,4.427710169442025
0.1645513017098391,2.038224450638739,-6.166590694
-0.652403437,-1.145414294,5.3065882658334464
-0.648061208,0.3438216805089429,-3.466111746
-1.329857404,0.17513836425495066,0.8247991770658692
0.704077064,0.18631805277835872,-0.615659754
-1.183597958,-2.820685128,9.904343206246566
-0.235021882,-0.994516423,2.326279498856353
0.6750761538420624,0.080841111,1.840070017872541
0.3552233759844045,0.29586331426014256,-1.755481746
-0.614072389,-1.116028906,3.353485406589912
1.3132363144435575,1.2459637054301953,-3.605399674
0.8378060588862243,-0.104987113,2.852443769015003
0.20815448200104403,-1.567721241,4.095664130068526
-0.717234016,1.047880003276093,0.14192876869399784
-0.378568292,1.7471625809678335,-2.258094599
1.237623347052563,4.191111221066523,-6.861859494
-0.878211509,-2.995081369,6.828725316142034
-0.581343526,1.0090997733581575,-0.842553864
-0.887228907,-2.170392949,3.4717219044356264
-1.845054245,-0.722233263,2.9022691538899386
-0.76389246,0.29600372406826525,0.8412715318812136
-0.243260278,0.5286922638943399,-0.936042384
0.7314652739772521,-0.867637825,-0.053141065
0.22287510493006354,2.0893715215349458,-7.389194962
-0.861346551,-2.011143574,3.504171664269239
0.025153909030454287,2.388861320575254,-5.974142674
1.7611195393439987,-1.170217289,0.8304828640788078
1.157798649631395,2.586231129953231,-2.387371541
-0.6256312,-1.343097605,2.1096585669303547
0.12145278616108483,-1.354337327,3.0277636908290306
-0.053651281,1.1562218538268616,-2.066039899
1.0487049098637187,-0.305720839,0.4223991499442295
0.31808834619783394,-0.769790376,-0.814159559
2.4805500711911126,1.9362679659294548,-4.599537085
0.1543254458210252,-2.734273217,6.059449849
-0.285880259,0.36808628409826216,-3.749992595
-0.773667186,-3.690122928,7.076546306865437
-1.063498739,0.22342198169673988,-0.71752519
-0.323152773,-4.027175917,4.104012232
1.6127430111751233,7.075813080541703,-12.50771775
0.7769314408355295,-0.931192824,-1.08121646
0.020274101328364588,-0.271958675,-2.165750613
0.6799973955398049,0.3456160152208167,-1.657909941
0.028855360684227283,-2.058627584,5.038661630135554
0.11500079476419243,-1.17986119,1.5343073249546595
-1.388713566,0.32647199055100895,-0.309940348
-0.513221829,-1.145927586,6.442549948936296
-0.759013887,-1.949232506,3.3798191137196074
-0.687719206,0.2430593609567574,1.4328460929440088
-0.480666055,0.6484623238602731,-0.406651625
-0.691386489,1.0262855179894719,-2.001102163
1.5414636906028178,-0.524534724,0.5176727427696715
-0.106231523,2.338648938480148,-3.988821424
-0.001402284,-0.841148311,2.489641576
1.059018736883034,-0.308765988,0.7745935849385339
1.0302998063321744,-0.989947362,-1.380526279
-1.01862866,-2.001978101,3.626224021645982
0.045276135,-4.741387467,7.617354987463203
-1.246243267,-1.943698862,6.507886488
0.3493706216246669,-2.167139174,3.3857567452846973
1.044304621685857,1.306238568977994,-3.607110023
1.1327984550818215,2.4311733347331437,-4.584724983
-1.293159026,-3.820423057,5.177884976655649
-0.481727029,0.3597085640061539,2.198251132431806
1.3967119181299315,2.6730517560956892,-5.776827796
-0.138522036,1.6360296616754633,-1.03267667
-0.051624292,3.492430503986623,-6.305664177
-0.235881074,-0.390807003,1.6619746203557657
-0.883008508,-0.080187401,-0.425631063
-0.373044508,-2.618583517,3.76165473
-1.045938836,0.013100989936639273,2.631563015470238
-0.097908157,-0.404114698,-1.073323246
-0.764045989,-0.041905488,-0.448175611
0.057285081,1.002240632031145,-3.206145069
0.059809851,0.17071877207957975,2.553857270789927
-1.013695881,-1.891977864,4.8784180585288865
-0.285285797,-1.502478553,5.320156510116343
-0.280237398,-2.105672379,-0.024253791
-1.965030196,-0.230669296,1.193998228240424
-0.747163819,0.056583409,1.7857817688893096
0.5295667350615606,-1.271829842,4.320930549507745
0.32801702278442735,-2.236267699,4.499649694835101
2.3520858903178006,0.7604606761915589,-4.31558466
0.45254503747662406,1.720505470403612,-5.032245617
-1.871360026,0.39421794587043046,1.1795712906606415
0.30359937297988765,0.10003374347169647,-1.694320054
0.7620377454933388,1.5737847031878345,-5.690635617
-1.986046433,-3.342285228,7.346135880021845
-0.73957812,0.6570544450864537,-1.807340203
2.1352794861804982,1.790731251929068,-6.780549161
-0.339050051,0.7820572981628993,-3.482680984
-0.09313575,-2.22424442,2.158813694198744
1.137436541,1.8371732911022687,-4.007156644
-1.108320974,-1.749614328,3.019114255855893
-0.412598724,-0.491650644,1.1745409891579075
0.45665287288560297,-1.665649621,0.3917787669038125
-0.560073672,0.6906619290380335,-0.805452746
-1.152154292,-1.25594028,2.609980037
-0.816170636,-2.849643882,1.4489484822257066
-0.166697746,1.841151644,-1.84067504
0.2991116087272621,-1.531740551,-1.838686719
0.15104918931663472,1.6736111919181176,-3.739249724
0.43114355649694197,-0.599039504,-2.060925418
-1.679251172,1.2827400154898252,-1.281795864
-0.415428648,0.8059921244459313,-2.633654592
-1.095601253,-2.430292797,5.338260384672667
-1.927285686,-1.076042586,4.886007561011491
-0.324068321,1.9889422493102673,-4.581736746
-0.351240167,0.7779562695855792,-1.014571122
-0.223603115,-0.559489869,1.4579445880951072
-1.010436916,-1.414259586,3.3826412245666626
-0.196077458,-0.004356328,2.450888853261922
-0.909653634,-0.510629688,1.7635133536017669
1.2249582757831208,0.9323423787179237,-3.108331949
-0.786792503,-2.149273441,5.830411036837244
0.30181994310800214,-0.427260218,1.0497263728521722
-0.02452145,2.151792359134079,-3.865134013
-0.163006266,-0.584836469,0.5041669918719001
0.9073384536091688,1.1642076136081623,-5.978851337
-1.027419738,-0.387154722,1.2102009573907102
0.7814009239452114,0.4685341366996363,-1.213853453
1.4735195125290244,3.4719746902751396,-4.484496167
-1.565220874,-0.283999904,0.657728913
0.6300518401895526,-2.311706329,5.208528561
-1.38545721,-2.222748891,3.6934261171056564
-0.275277883,1.7099603960947114,-3.59379585
0.5521841396233728,1.8965832840584027,-5.263797792
0.754694177,0.11427193869199637,-0.008128708
-0.539799803,-0.625035975,3.936225162097289
-1.51048808,-0.805704617,2.3482795721143854
1.708026514806236,0.4371739857585635,-2.888576022
0.11477228197620983,0.4667588951894258,-1.889344414
-1.36628417,1.7729122633999626,-0.717082765
0.015360754150683475,1.5999303201931396,-2.938747504
-0.031272267,-0.917367426,0.24577748840468178
-0.689044793,-1.477711241,4.645921985338692
0.5083511358420768,-0.271518365,-3.903877321
0.1693893694693753,0.5799705141608336,-1.982203462
-1.537414402,-2.150797678,3.9032125912184483
0.4106765911181947,0.204810178,-1.841809621
-1.542610633,-2.682745076,7.977813405802547
2.011817274749822,0.002894716,-0.34812722
0.2495391778491034,-0.370916313,-0.128318934
2.0327800807573144,1.5682820369516048,-5.20569172
-0.609560068,-2.251509259,4.357063151658146
0.093061625,1.5735148550778981,-4.748665453
-0.457272755,-0.943444767,4.934462602418126
0.42192199328544855,0.27620900554391004,-0.73837223
-0.864939914,2.1055810587824375,-3.480804646
-0.310972534,0.3766608130514369,-1.667943464
-1.015302894,-0.437768618,0.057494125961867315
-1.801298158,-3.422755635,7.177019043811303
-0.228148316,-1.163284157,-3.918873509
0.5653995071675091,-0.948043244,0.32336393547947895
-0.467368516,2.318896065,-2.395094856
-0.966083298,-1.000494811,2.447152914367674
0.8209884599304961,1.3783539813641599,-5.241638428
0.5757161084588741,0.6958034597621033,-1.361276506
-0.13062575,-1.251376347,0.2047477305292119
0.14678238304340396,-1.924123423,-0.116487695
-0.927004896,-3.276657737,4.150648713113487
-0.887138903,-2.465247135,4.796514310760882
-0.37346001,-1.92946732,2.5359064538882676
0.5275156384419905,1.7240211623873885,-2.415708391
0.12705042699443456,0.42146463684630725,-0.735472726
-0.2422315,-3.421467194,3.9498025331047213
1.2330451471538832,1.9858030852042137,-4.078346914
0.7814626481906752,0.7410452132917289,-2.854790884
-0.293302755,1.1075047383608188,-0.190451584
0.21148326937232942,0.833371933,-1.794588227
-0.604375622,0.8599720322422272,3.9996950947372754
0.7958846096283528,-0.230030727,-0.203345446
1.718494818878367,3.467162922291204,-8.472584937
-0.600908873,-1.340147913,-0.790360766
0.136024117,-1.630345798,4.778656413349482
-1.066134906,-2.401457282,5.357229941826798
-0.656582131,-0.576369555,-0.758248009
0.6571328867412299,2.3500541939368875,-4.753604191
-0.71210909,0.15805116323461654,-1.268409136
1.6320768617779273,3.0221669545845566,-6.659173772
-0.414549572,-1.299314423,3.080904947698373
1.8906831995708444,1.4701356920720081,-5.420570175
0.17201516497990313,-1.888504022,3.8087443062487774
0.9188520400351297,3.820224058,-7.473069892
-0.084730347,0.16878947821885595,1.1783081892902965
1.3760854372307134,0.29417009467744326,-0.324336742
-1.289150754,-0.224856075,2.932010894813992
-0.760284223,0.8885975406882471,-1.928514505
1.7565917191704852,4.885077462666123,-10.02193989
0.9694877207945454,1.2737576556555712,-4.169852934
0.6266195632638092,3.493359391759168,-7.650468789
0.7187508719387612,0.8737337350549184,-1.708116501
0.025523338916821046,-1.820544107,2.0810064805798696
-1.242928027,-0.74849614,5.963753625
-1.437692606,-1.272087891,4.426289852287769
0.801630837,0.6217206393360281,-2.616959437
1.198199576,1.126704956432049,-3.882931957
1.5580484158954595,3.861727275036345,-6.714536927
-0.248870433,-1.75376372,0.6982904256373206
-1.581188135,-0.680864847,5.138977344812875
-1.742480715,-2.435781966,5.727931793422976
1.1512353428995925,0.007240485,0.8143844308353272
0.771114766,-1.914113668,2.469733149
0.4129155859344331,3.561258928,-4.557965198
-0.470616567,-2.327843131,5.518007775368609
0.46574854585052555,-0.497374489,0.20471871596980012
-0.949538963,-1.239548791,3.582866568309306
-0.380945067,-0.762031653,3.2984920156546105
0.7881060824438885,2.2066919672554377,-7.28021582
1.5947989729536192,2.661699637500919,-4.48391776
0.28890768098480857,-1.58853792,2.9367661716111004
-0.180080804,1.4274059675089954,-1.240595666
-1.579278225,-0.976259757,0.5359718182457571
-0.555939696,-3.45203922,6.4254314777990595
0.44410031471025047,-1.260650582,0.8339712574083198
0.6323734828451979,-1.593260562,0.14184121215946588
1.273137128061442,2.672618411819598,-5.440762778
1.3189017227924826,2.2618661556765898,-7.54021552
2.010991188902166,2.2340614780239063,-7.121544508
-1.8256897,-3.018716327,6.65789141
-1.280586459,-1.563316788,0.6607974884850913
0.7160899995646381,-0.280233475,0.7806729347439735
-0.615287142,-0.744376744,2.8985798514451853
0.5920781848428514,1.293649601261216,-3.388250846
-1.011170487,-0.260393216,2.7293362051351546
0.5870464499264072,0.7215602296270291,-1.265104781
0.8049936995138071,2.862047742414436,-8.201412529
-0.797009028,0.7999413231883115,-0.722056177
0.3248202309102963,1.3163058505580743,-5.157799659
-0.128084711,0.8266447403978304,-2.662587767
1.034249192436445,2.1887646225837587,-2.822375627
0.16077218842363777,-0.767593982,1.9083229041873881
-1.232053288,0.15890419916812792,0.14457359040363557
2.0219082849722487,2.039900020372668,-2.151166119
0.5767568091069799,0.737426979,-5.576101841
1.8945051432294002,0.3691986089746333,-0.387635546
-0.299892204,-0.560054264,1.0925086468438971
-0.076555065,0.561493542,1.891111951703478
-0.57692468,-0.127823454,1.2740286232059164
0.9335212339605476,-0.082434127,-2.278323346
1.881252994692223,-0.059347561,-3.32717111
-0.245757344,-1.75622616,-0.144128737
0.49104188125381387,-0.449949904,1.508098222601196
1.3651842798294118,0.6197579279240465,-1.703054261
-0.075010745,0.985854493,-0.931765664
1.7018233461293102,-0.557473201,-2.170130228
0.029708059,-1.928070261,4.626741671
1.048717685159239,2.005975291388289,-3.985009665
0.9089281071079849,2.065000793,-0.334386267
-1.253595129,-0.40767912,3.048250872590551
-0.638688395,1.1408638748937674,-0.479219091
-2.049788763,-3.474861475,5.942292752255147
0.6198965685165768,1.9766579842742524,-1.614203015
1.4667290670747684,1.9151264838687925,-4.897885615
-1.505139996,-0.944321443,1.0291459819475528
-0.160903935,-0.802712083,-1.794916596
-1.929501763,-0.760213694,2.5113228628899344
-0.162605961,1.5886573915349897,-3.163777258
0.7486294407278318,-1.085085582,3.0204142195969848
1.260768784925322,3.2820817303714382,-4.846704092
-0.615245451,-2.67679852,4.238517641344822
0.19387638308340635,-1.031966316,3.8303400470985194
1.644797424468224,0.34511052551568056,-3.902920098
-0.519672872,-4.410346137,7.097886842502788
-0.724773884,-1.770039844,2.5877136816410524
-0.758147822,-1.06570744,1.7962826218699774
0.25953827452967354,0.9317741923440247,-2.527697989
1.329628700005378,0.8663145624613326,-3.18553269
-0.786609672,-2.187762133,5.062130021348326
-1.099082587,-0.628557221,1.3607658792323791
0.8456774884774242,0.3714594583934273,-2.808356209
-0.400573141,0.4744220289044778,-0.790107361
-0.494487979,-0.748995399,-0.299623842
0.6160516844502708,0.7683860720825239,-2.447420317
-1.909686148,-3.423590917,5.724535377880967
1.7362586927739694,2.2712284753093925,-7.958221873
-1.08954973,-0.944882799,1.5611330150807374
0.23885855599687444,0.7546649117674747,0.37336391469171326
0.6920338140345129,1.4091127332927007,-3.685298787
-0.09601518,-0.339584578,-0.27607719
-0.756209193,-3.120035519,6.008480683635401
-0.420711517,1.4132161897314246,-2.533006264
-0.15303861,-1.110667958,0.5347300426104136
1.5875511123533579,1.6517110381102855,-5.546748033
0.5987396467697133,1.581877658,-5.492482646
0.028618962424266443,-2.012676716,4.362078090899412
0.4795481453381132,-0.487434824,-0.042197127
0.7181757182299952,1.1138682452595967,-3.042915174
-0.035757315,-0.331983551,-0.684444594
-0.068814106,-2.145250348,4.894063268511815
-0.670466187,0.10919288182228207,0.3921021223103329
0.8850331575965078,0.23849740667759986,-0.848400128
-0.668545014,2.737892850366195,0.23809417015675383
-1.269696454,-3.747012339,3.5705488930360048
0.8608090067276142,2.9435195135020304,-2.630290799
0.6848779220141801,1.3783399611470784,-5.96099862
-0.694814189,-1.836722307,1.7653229577259053
-0.959018597,0.4544637776305447,-0.225686279
0.654598298,1.2049135027776146,-0.678813855
-0.760550443,-0.9003015,-0.556851398
1.1607213757793626,3.151370287,-6.989413585
-0.011082333,1.335542961896859,-3.639471647
-0.252348057,-0.285967137,-0.001025518
0.432058618,-0.535964028,-1.716982407
-0.667743196,1.3849895584696141,-4.757844885
-0.862532707,-0.597363319,2.7681238911158115
1.8652840657530096,2.501961152304293,-3.836679958
-0.535436843,-0.43800021,0.715548167
-0.084803766,1.0180635136854572,-0.991397618
-2.250038186,-2.398891287,6.585106245721174
0.075092616,-0.43841321,2.047815392
0.6690991721829253,-0.945626032,-1.260171996
0.024044622010584944,-1.342192405,-0.441422282
-1.035475562,-1.22478768,3.0757900974070136
-0.012122098,-1.750322268,1.4375440636496752
1.3803117399761413,2.015513647030314,-3.593135816
-0.969303042,-1.624284911,5.962600276834254
-0.443472533,0.8694719476061538,0.9359392560373307
-1.519877441,-3.561582397,4.800458470569001
-0.596380209,-1.621375537,3.7682753086670715
1.1995159718681534,1.791144578677741,-2.237102563
2.0396584248594993,2.942933034657347,-5.204317096
0.441739324,-0.117329109,-3.966868245
-0.116882655,1.5953072039906104,0.2932315536239618
1.164564882849781,0.7105084120127165,-2.34697341
-1.301598388,0.068920781,1.2297469342892318
-0.004180575,-1.666854415,1.2175192154424053
0.9622952993037434,1.4675825210232736,-0.884658977
1.442253251552038,0.8532672051862265,-4.530474834
1.0811148387499623,0.05661888,-2.000649416
-0.208226929,-0.498869015,-1.474168098
-0.455611756,-0.698827861,4.1957626993281565
0.7402221117913376,-1.602591409,-1.785845859
0.9598817041766596,0.4027714766618463,0.6088274006474379
-0.179559002,-0.172120725,-0.997173834
0.32931546049466487,-0.540816482,0.346979329
0.1722472814981924,0.15053301532286134,1.6837846831075853
0.36724579735812324,0.9721279294406648,-1.867610958
-1.739385077,-1.848575619,5.3464543223739005
-0.802986543,-0.658338138,-0.0685475
0.21893426516145462,0.3099126964536961,-1.057980773
-0.853604509,-1.947790483,3.236615598667271
1.5915790717541054,3.887507545069818,-6.070149223
-0.373418004,-1.033503804,-0.31096884
0.083371089,-0.561806217,2.3975905169335645
0.16727097285368867,0.986139814,-2.005136062
-0.10565631,-0.658765865,1.138890210022278
-0.542063468,-0.956935179,0.5765046667153295
0.18251141486491046,-1.345681268,-0.052777993
-0.626617626,-1.664870743,3.4006913406959125
0.4545737785914261,-0.58219488,1.9703674670195317
0.7576160055899034,-1.066421291,0.7243847941742017
-1.943428248,-2.019773067,5.016493538404283
0.25362976,0.1045132223546788,-0.84546592
0.7946153890498933,1.1479674711320904,-4.36644741
0.4667086293654239,-0.819612297,3.6176920826741332
0.5147261608105197,0.6756928609465707,1.3017023431797266
-0.978704829,-0.243130429,-0.703923921
1.7753346147581877,2.247831972902287,-3.789555058
-0.50869399,0.7422603700518369,-2.891424676
1.2609319734992481,-0.449038317,2.4559805091243656
-1.404478158,-1.941374674,2.407283117147444
-0.079652394,-1.457685714,3.703312573148009
-1.400140943,-2.071564372,4.711084435789674
-0.459119934,-0.070947749,1.2143357998438002
-1.036196781,0.16780006772033207,0.5513557447427859
-0.08901678,-0.690875318,2.229610453723406
-1.140544437,-2.229450274,3.5080174227009455
0.9374756639725725,0.9260788998321412,-0.916847144
0.21807466333651968,-0.418630575,1.875586164360206
-0.400281381,0.040011244,0.8318055939796469
-0.084381859,-0.115104522,-1.019530717
0.30494514146372503,1.3696197482461658,-0.444682217
0.4265595699015619,0.9925505925131259,-1.086330622
-1.968453979,-3.292158302,8.180689363887755
1.074303107686573,-0.435899499,0.14237923694505528
-0.339234778,3.655800211403608,-4.805540633
1.926269690611298,2.7987179169654564,-7.039386199
-2.65879401,-1.836685913,3.3325850223049964
-0.323801386,-1.228840138,3.5954056813635384
0.9275117058535512,2.105237645116712,-1.456603052
-0.19386655,0.6113171363188032,-1.62799187
-1.900205964,-5.727714603,12.825822777472759
-0.597105294,-2.106912761,-0.26599149
0.00821211,-2.613405824,4.4679325015373115
-0.190757991,-1.807267314,3.543044989766316
1.632481506715448,4.5358109760560925,-7.569028368
0.8903815923192214,-0.642232361,0.5169267812938341
-0.412809755,-1.099744782,0.8466136822631032
-0.015030345,2.6617258227701917,-4.713721704
-0.73552002,-1.32216035,2.243860506897359
0.8292519812018625,-0.013888776,-0.937670272
-0.174560628,-2.901875357,5.494408818478448
0.488661982,1.671093812603178,-4.4218677
-0.661520902,2.0461731927894995,-3.709804091
-0.424041722,-1.869740837,3.4805383815610575
0.9673549783504413,0.2831484823220435,-0.858460722
1.0484507966188854,2.3827521717775095,-4.119747892
1.6383800295581383,0.8207530083310021,-3.356761957
-0.146060549,-1.071737966,2.2161942569410424
-1.498140564,-0.321420368,4.583013333681284
-0.926819885,-1.301333083,4.094028612968794
-1.220515402,-2.254324893,4.942172983240343
-0.485634871,-2.21338233,4.836563873998419
-0.452718918,-0.193689707,-0.863701915
0.082972205,-0.114984196,-1.026250898
0.8456715884164002,1.8529047876792117,-5.319822375
-0.346709828,1.2230379805055895,-4.026353039
-0.965343716,-0.166007621,-1.008468208
-0.370674218,-1.035124133,4.660912620145875
-0.793241952,1.4328590815380737,-3.694873565
0.8078044847949338,1.7479387955203851,-7.03962658
1.3408735863590915,-0.995335834,-2.264309932
-0.32698728,-1.24100375,0.14184155096466222
1.0296108044539993,0.075124854,-0.025238746
1.7039506458241032,3.379189151330427,-9.530465971
0.043149518,-0.053574766,0.047920335
-0.404896648,-0.407094168,3.461640256888167
-0.681072385,0.2528484459012471,0.7604694506430837
-1.200060823,0.7971155569582306,0.5302504733886575
1.1830434494157425,1.0764702942794149,-2.418591412
0.08370819,1.0346732322427359,-2.805876986
-1.604943353,-1.965896262,6.115700871360486
0.7065711868866115,2.054955005633463,-3.571669284
-1.10018008,-2.56944091,5.947988672
-1.043383598,-2.417245538,5.725474820839913
-1.668003967,-0.895106968,4.554215771160591
-0.578874631,-0.193037439,-0.588756795
1.0406857375137657,1.2377042218753582,-6.430081578
1.3933781530380105,0.4779009261140076,-2.655181431
-0.634399521,1.1087495345818494,-0.301979669
-0.687069771,-0.784665058,4.4410053581914015
0.30325240403658765,2.692628589694607,-5.958154663
-1.130595306,-1.234163024,2.985140104168621
1.4381138442711543,2.9639351257577458,-3.582594719
0.1365857245810854,-0.47945223,-1.830456005
0.7893234763453016,1.3230028882785112,-2.770912273
-0.415631818,1.6365263714085825,-1.917134261
-1.461405503,-3.723858541,5.907314741711899
0.10877129110241196,1.1050964019475555,-2.78343145
-1.013672476,0.6422495822766912,1.3978773504390183
0.9683395480641822,-2.514361509,1.5153919412585222
-0.839032707,0.20667480422059836,-1.431856096
1.2394730434229029,1.3158868607082403,-0.99750667
0.5733531154713115,-0.139584186,-0.511287195
-0.275309916,1.0731783998031497,-2.737957594
0.36045633037711966,2.217038712159628,-2.562523589
2.0714195765692334,-0.087172422,-2.314308336
0.055500051577653066,-1.441446853,3.5971645312619396
0.4529068740288108,1.9474686145748765,-5.033580786
0.42287125432151146,0.45448096105952457,-2.254301323
-0.17785337,1.0561089120554623,-1.523881089
-0.158490502,-0.721741719,0.9430610053800013
1.6995496530350038,-1.111908788,2.8509393356057897
0.00095878,-1.9598867,2.4249498092653274
1.5213337730577308,-2.031211127,1.1270931193433014
-0.670897034,-4.044318605,5.876479616734166
-0.394984136,0.024911122620252135,0.9815830453371968
1.825054139931456,1.2787102431122432,-4.448062115
-0.894294105,-0.270878754,-3.161590746
-1.198498384,-4.22155187,8.540150255067523
-0.056314783,0.30308438593375847,-0.288269424
0.9577037057634626,0.3185436380079697,-2.991902595
0.9583861356684129,1.2235868460170178,-1.048905162
-1.661249783,-3.036471501,4.880311306553972
0.8362932397049886,0.030466704,-1.815710999
0.5455694564050789,1.8628534333231097,-3.563867397
0.10269805336629569,-0.735707011,0.037809797
0.5547783523892934,3.1339607670364966,-5.425103297
-0.140328325,-2.33167153,4.168194734998539
1.3223606866590412,-0.982179953,-1.6658539
0.040243105,2.2892875390606156,-2.583898932
-0.319349012,0.36723641014481023,-3.574583803
-1.618261415,-2.394184475,6.166070139213937
0.23091711977048873,-1.16313821,-0.142236996
-1.229400701,1.0401662470295836,0.33761217783706643
-0.716744524,-2.65667408,3.425946486917096
-0.051678053,1.0770264496304582,-0.100922322
-0.041315937,-1.484701437,3.7194336807488337
0.5096317554635225,3.4462405391101965,-4.507601949
-0.109655996,-1.031898166,1.1758920306258986
0.9548200251752018,-0.670491628,-1.934107402
-0.517612744,-2.611664458,6.6957859428099304
-0.083972359,-0.682430115,0.9584696161076244
-0.825485807,-3.361267935,2.6665194591095807
-1.0754033,-2.836273447,2.9595661893022385
-0.783704066,-1.261003935,2.6082967644076596
0.4516730345691129,1.027962950639489,-2.438038444
0.6638186601676155,-3.459787267,8.252039835066128
-0.293913775,2.055499617241241,-4.624906199
-1.202998983,-1.154808796,2.1121297074145864
1.73520897,1.7012377763721789,-6.86706853
-0.370985136,1.3391081750577323,-2.160554821
-0.609760748,-1.925514441,1.8505755384416813
0.7423404566950913,0.43166564351304215,-0.075682735
0.3705575660616681,-0.212088007,-0.485168513
-0.381010124,0.7860264544974986,1.0158551303214043
0.8220076056728158,0.31417066987789566,0.9401302041859084
-0.740625432,-1.584435078,3.172284133493481
0.21417853939136824,1.2810044916191294,-0.472467636
0.0608376,-0.341791654,1.0382395723950548
0.026645031014946915,-1.345174186,2.345772584
0.18430794387579488,1.9532903593845727,-2.888421925
0.6381409419358414,-1.610136229,1.3544992183540083
1.5294515088166727,1.2548323038177709,-5.813201049
-0.717377401,0.3696347601537888,-1.58860706
0.44720252636271346,0.3602458702527458,1.617190386
-0.738793749,-0.556993326,0.9935164160007651
-0.026144403,-0.3020117,-1.881859741
-0.554451907,-0.164351624,0.44082417749761754
1.3218350047639427,5.639203922,-8.8404775
0.036731337693699774,-0.232081662,-0.500365149
-0.574350595,0.023590831,2.2509441788003772
-1.314136315,-1.925376156,4.2061738123137715
0.2991932368084724,0.9649598411020379,-0.816101952
-0.332975769,-0.534558558,0.42840018719618644
-1.879860763,-0.842857401,4.187670246038468
1.4992113206609423,2.933054359537535,-5.055158037
-0.268526003,-1.026938671,2.060876679742953
-1.262095556,-2.780395701,5.4939280106433435
1.7448512999922128,3.760942118647799,-8.731575704
0.5266530161085614,-1.584755978,2.508100887735509
-1.497415059,-1.485083583,3.534763489930723
0.8652529159717065,0.15942330633493507,0.5524124271528044
0.3233877104756703,0.5390055114543669,0.4818908307940284
-0.679193841,3.201212968409972,-3.475466858
-0.604704652,0.30341670649877517,0.4900967480107621
0.24695558904810988,-1.722891044,3.7447930989587057
-0.096777702,-0.818158274,0.5128752238161538
0.4136542503563092,-1.342931154,0.806364056
-2.290763872,-4.003637043,8.865501382
-0.017249285,0.8769566193082621,-1.527559803
-1.52850885,-3.424785778,5.443981391324815
0.46063688534935054,-0.069869014,0.9038407962848908
-0.152696556,1.3538577385207273,-4.664792088
0.4598415134017961,-1.022837314,1.0907647050904947
0.020268566442261625,-0.690549789,0.5512255187951866
-0.141410301,-0.012256178,0.1853909590648105
-0.512467366,-1.433352553,1.9544192374543021
0.6235888271993574,0.5929698738989316,-0.353967358
2.2028253987137005,1.0869590131083418,-0.642803897
-0.317673488,-1.772999374,-1.262601963
-0.784101383,-0.012838448,1.152857738160694
-1.379938844,-3.590735807,9.722240040104134
-0.403217382,-1.202877844,-1.044571757
1.4104732701519855,-0.07793224,-1.000458526
0.6092331341114777,1.1077371476974396,-1.388945825
-1.2014912,-1.622245315,4.987370938378366
-1.661415655,0.15731239135368347,3.0869812919696695
0.3280961330489646,-1.680288712,1.1757213512340132
-0.17203786,2.8097904315008106,-4.410718042
0.579217964,1.9249392611310723,-2.549072911
1.215445046455327,4.010122767156785,-7.435694659
2.2877510022768544,2.865405701701521,-9.835027312
-0.958191024,-3.080691105,1.7117638945762639
-0.146953288,1.7704972939299992,-1.945138516
-0.816794531,-0.963629669,3.5312692133920476
-0.304573763,-0.757207223,0.077825324
0.091830902,2.9144586139533537,-4.39941682
0.23984149424089074,3.239636642304717,-4.148529644
1.3419181865425591,-0.599725491,-1.285556772
-0.254223818,-1.262598578,2.5840312715768943
0.5202872928050123,1.4319630396417913,-5.284393063
-0.944284338,-0.998674813,2.927349851535375
0.7144273327950393,-0.139513471,-1.027019952
-1.350352797,-1.322136061,2.8991071574033964
-0.165858017,1.8686846537277124,-3.907086878
0.45338032534430095,0.9692563227128532,-4.153353974
-1.084263376,1.3021305793726572,0.3754328191482629
-1.838936936,-3.007076631,7.111715813
-0.84369763,-1.515112865,2.622873626626612
0.41999297679444003,2.3549427762754735,-2.978851816
-0.010226505,1.502075590267397,-1.439886411
-0.044128226,0.2497883789742314,-0.085923975
0.30932131237137817,-0.848100567,1.1245071866588874
-1.246160437,-2.544309085,3.0499505565767038
0.5169449371300666,2.8054393834187143,-7.229221985
1.3010768819894818,0.7672841218400999,-1.46280871
0.17470988335522755,0.5277748399561462,1.2168737725910077
-0.168669681,-1.437146392,2.1783514072681456
2.2372628977917537,7.029591090442552,-12.19560029
0.17938117780357526,1.689050386835406,0.7044912639352163
-1.770609304,-1.433177306,4.625956793622657
-0.375804039,-2.425526958,4.979141525677442
1.365054326819699,0.5974170993172765,-4.564256475
1.7135117101160513,1.4940281473129904,-0.82628716
0.030422821,-1.746100534,3.0878470743727626
2.3173527244476197,4.172237348442842,-6.808453798
0.5160670663050886,0.7540101327308162,-0.271253038
-0.263703264,-0.547461168,1.3169204882201297
1.3552196228292903,0.43119988047178437,-3.425394225
-0.162968831,-1.614722474,3.5489492841824166
0.615567589,-0.297579303,1.1730420538431336
0.9399725118708446,-0.911802837,1.788067389266792
0.5762134749494371,-0.607847925,1.2656193534003906
0.093375762,1.7758732975486162,-3.143078528
-0.293355784,-0.573818201,0.4253546643626811
0.2881173608660543,-0.16434582,-0.978119382
-1.357695272,0.20298948130038208,1.961292631688694
-0.378838172,-1.558313081,2.617154647525217
0.9595686356903723,1.4277878913188082,-4.255218603
0.220963709,1.1022970258993787,-2.640183688
1.7762445521672152,1.4142564245011466,-3.73540824
-1.307042162,-1.769373157,4.359094046847467
-0.189713122,-1.014039774,2.1071727423101967
0.12380061062351375,0.7426491920121261,-4.252763492
-0.302795088,0.7527896605611981,-0.587106925
1.9745664310128335,0.12311174291801236,-5.525291995
0.680225239,2.8974365272111946,-4.732316018
1.4513200098129277,0.9581232739498661,-3.114368896
-0.326641854,-0.65690374,0.6467681307597769
0.6785197155913766,2.347840421612118,-4.547409427
1.8642360799685462,2.918502467560181,-6.62383907
0.8467077599513358,-0.60165401,1.432034565834486
-1.049981879,0.36991140697491554,-2.151056978
0.06136088,1.2547979207933126,-4.405524564
0.10431773278568447,-0.548793677,1.8739282004004905
0.6526148963307341,1.427032785,-1.72966532
-0.47941428,0.7719812393557131,-0.192993421
2.2850293672476596,3.2631425334722057,-5.792518315
0.8138655034747696,3.7424958086772637,-4.031049605
0.098302122,0.5077334129480348,0.32675632897121026
-0.267061319,1.1033323783788533,-0.014264546
-1.134623228,-0.039140939,1.9597140542289888
-0.378429843,0.3848132373529477,-0.517405115
0.022793136,-0.357270808,-0.62099438
-0.66276242,0.9496049588360951,2.733384235413975
-0.18661366,-2.169698397,1.9082186258227265
0.5076664529580737,1.445477127290681,-5.733951944
-0.756358134,1.2596728678869977,-2.247395487
1.6296731767975219,2.0140137890210266,-6.806566242
1.7628786513607126,-0.100351582,0.090967249
-0.994566739,-3.380429054,4.357810004951839
0.004728877,0.003200679,-0.607033686
-0.234615986,-0.141039446,-0.922719179
0.856490192,1.3609084463445429,-0.441039468
0.7109206437554592,0.7089869446072755,-1.179271767
0.2187290028010128,1.248237476540921,-0.082929416
0.6961881844897763,1.935052590939136,-1.523492678
-0.182653438,1.973995461208171,-1.525688903
-1.403226666,0.9656733444485108,-2.419341426
-1.36520803,0.18201756027652405,1.3222510919057349
0.032596432,0.7516060728507825,-4.306064663
-1.078570507,1.3633670103889213,-1.515873459
0.040337704,-0.940151931,-0.281695677
1.5351706769098143,1.8069194642632103,-4.021154789
-0.553879634,-1.636967253,4.4257643645007425
0.003470099,-1.141064267,1.8271520419505107
0.6420652242463558,0.622967822,0.8646514682194804
0.12782423107431642,2.013646115639066,-2.517069712
0.8425211617242622,1.9357562921802591,-3.449932298
0.8758749969301196,1.7387081639185502,-0.693538047
0.8741504881111355,0.7138302680528489,-2.55221657
-1.553955708,0.24625966714514724,1.966116890503338
0.9110615299353334,0.39885738098835266,-0.434788718
-1.800148548,-0.962828612,3.5503264726933366
-0.23483703,-0.406454207,3.131464672234266
1.169454739467021,1.0122918566261325,1.1470859918090348
-1.505494545,1.2662745495758099,-1.816898191
-0.658212139,-0.810318944,3.606062339194704
0.6761480931724804,1.0713916698003685,-0.660556213
-0.531186785,1.7302527164445438,2.367749569661372
-0.271776792,-1.251960231,4.887537882
0.5986931043552582,0.22152084538493222,-1.225278024
0.30682592099807715,2.13055427,-4.665585451
-1.045609452,-2.679406106,5.521465482678822
-0.32688177,-1.76271974,2.6794869797827414
-0.554213265,-1.088832212,4.846016251594357
-0.088951066,-0.146005894,-0.797257299
-0.989489287,0.023323295,-1.438799266
0.478591918,-0.041017889,0.18128366368897197
-1.491294272,-4.46720754,6.356337776467389
-0.448583894,-1.66221151,-1.320758293
-0.431261624,-0.54034915,0.5055299851949266
1.213678282811993,-0.930332748,-2.824178986
-0.276184505,0.3250278864183255,3.5917997753604345
1.0152403123319953,-0.396222412,-1.940915407
1.1602762442233778,0.9315549810235977,-0.306394212
-0.634717445,-0.100942305,0.4288344331925458
-0.604118703,-3.295333129,4.778905082968917
1.4434174618604025,2.450934397538377,-6.800569164
-1.74478544,-3.022925748,3.1152158911495302
0.3898714673871671,0.9876977120811152,-2.516752371
-0.072382755,-0.185154812,0.8184599669164763
0.5886645798035265,0.7186928234285606,-1.533921612
0.4492324747495089,0.2543052171409351,-1.103887357
-0.704715889,0.5306988312983865,0.18402317997675988
1.7881205613238391,2.5956336579474506,-5.085715719
0.026061628749234855,-0.694646358,-1.121984614
1.720438596057376,5.1282286393837015,-11.85311316
-2.164672077,-0.164188846,2.281356980482775
-0.517138034,-0.60346915,2.225761086753425
0.19063438794974902,-0.905930615,3.996080455026165
-2.263678537,-2.331785103,8.298291903983856
1.5518417825210449,1.2801373141561327,-2.321928629
1.7508980717567388,0.2671964050731086,-0.174098954
-0.627304644,-0.629889103,0.36582078733418966
-1.470247522,-3.906129221,6.785144530709781
-2.221865338,-0.587164309,1.2731562291619232
-1.138441902,-1.704008119,0.9600931790892018
-1.090120029,-0.423584891,2.8885163094308304
-2.893145965,-2.357522719,8.168301380836366
0.583119879,1.3397017530284319,-2.016499405
0.004394747,0.4491924877301683,-0.973762815
0.4256854166226214,-2.707526205,5.032527671674343
-0.019070456,-0.003878489,0.8639664505478923
0.16215751370306078,0.7254069124329219,-2.444941186
-0.23097481,1.834837005053548,-2.745578474
0.6255086823584454,-1.7162037,2.894035752732716
-0.921095153,0.024631806163454506,-2.913515076
-0.737065149,-0.957518062,5.753243956550355
-1.74815967,-1.365266561,4.598965769561924
-0.700565761,0.9248518731759408,2.014097145571967
0.5478165214291131,0.22864809927288032,2.032879177562502
-0.447251626,0.35481019067767927,0.23356631032939257
-0.065603067,-0.537439597,0.809820541
0.8741881001324564,0.9671004320696269,0.2985746361102334
1.305605494683428,-0.371986892,-1.761630051
-0.29721826,1.3719770438034813,0.3533304400141657
2.3818687136877497,4.8009807349774825,-7.34944501
0.3602834888582423,0.3898518918559302,0.8190231083561809
-0.888801598,0.7507904481463248,1.554825059214757
0.12067124548155271,-1.292575462,0.24930660857571618
1.3120322871117527,1.5880821390179474,-3.270624715
0.8091582093473648,1.186377059111615,-3.47936044
-0.309361391,-0.993739823,0.8754828103098486
-0.336419772,-1.71514872,6.0262218443359385
1.3309221203750543,-2.050102535,2.072424677158079
0.3271641012796177,2.4973909612993936,-1.469219562
-0.046554076,1.2189606670249797,-3.322040694
0.031393976,-1.346373345,-1.990143369
2.4879545977143245,1.2129078642385722,-3.994713155
1.6563034883739631,0.5837175670984842,-0.703018961
0.3431640124520098,0.37727738264448174,0.4573589603851863
-1.101871228,-0.807487491,1.7854208611945923
-0.083001374,-0.905988367,-1.024423602
-1.7375325,-1.647373212,3.326125719123289
0.072584667,-1.175388943,2.087684593098579
0.025249699,1.075411156384944,-1.50347459
1.126242904308396,1.191151852990746,-6.061847245
0.3634987696795218,-0.905531475,1.6977358229511736
-0.934345605,-0.42897171,2.166902958079238
1.2119734170429204,-0.123589007,-1.027918693
0.7056695154414095,1.4447756589026497,-4.072379489
-0.177771926,1.242423680508022,-0.779271621
0.31962853821633097,-2.968941057,2.4680256586622606
0.2717329182277251,1.7922941905380125,-2.343449414
0.140281515,-1.386763363,1.941361385968526
-0.378999462,0.2733415987908244,-0.90851899
-0.479503049,-2.513675488,5.017878685464823
-0.286089064,-1.633621566,4.76775006
1.073790842490857,0.2782996267917951,0.3234897727072237
-0.032112536,1.8336835623285948,-2.8130033
0.3485864257260974,-1.353747165,0.980037278
1.9498334097232044,-0.184596627,1.7477422609857154
-0.01107674,2.445292891413027,-5.976257204
-0.139303827,0.879473818,1.5318555476465623
1.258633789519043,-1.787840778,1.0973911773392295
0.6686258244936222,0.30332901576114357,-2.711011719
-0.26130604,-1.435154693,1.820443068818035
0.060412503,0.4403147023369517,-2.667680185
0.48903086914060034,1.3260727503278837,-3.011690013
0.6542846262444952,2.6155387501011047,-4.450968657
-0.325155799,-1.092581507,2.7935203623161518
-0.35438164,0.3450203706952091,-0.343441924
-1.075324612,0.7045978081362596,0.3208092167644432
0.5386314574345729,-1.274321161,0.9440622599322168
0.061060499634938196,0.8803411219699024,-2.509739705
-0.46505145,0.28918018297695514,2.2994681206128407
0.15509562728039583,-0.016925686,1.1354137391488064
0.4299903403511327,-0.033205891,-1.006348122
-0.376356411,-1.772490153,2.138762844671836
-0.409896479,-1.273810591,1.9356709981851385
1.4087555497712283,0.1879868491241492,-0.570999626
0.9901415358128258,0.2642782853204251,-1.544874827
0.18613825423616448,2.043408775409999,-4.392481336
-2.695238525,-1.587419124,6.065611232
0.25838866479491795,-0.381738403,0.2389434638904221
1.8600721786039083,3.670398407946529,-10.08843175
-0.171295148,0.2919258001357375,-0.700191557
1.8224448240628786,-0.214537094,0.356740126
-0.007379301,-2.83725877,0.7745711097140062
-0.459525004,-3.480778559,5.189528011298078
1.6661511566614646,1.5973780506716577,-2.090370302
-2.109743557,-2.441180966,7.287846705343206
-0.258327452,-1.981225381,6.513062134
0.7328363968280466,-0.99862995,-2.123565211
-0.769726789,-1.575240311,0.9899525269921847
-0.654263633,-0.07502262,1.319075556416843
-1.043388455,-0.510188328,2.6843264656210346
-1.295599757,-1.837317091,4.644721015266019
0.047359703,-1.12731703,0.4677933282379598
-0.522438385,-1.589578869,3.7764880353283052
-0.799189092,1.3704019742993865,1.0322475659087966
0.4608220096739616,1.506404099284292,-2.8825886
-0.170823513,-1.343946273,3.5036746598324706
0.7228141248993644,2.7545337496151583,-6.551909877
-0.554220754,1.1715472022319702,0.5948561046276128
-0.612942861,-1.650213368,1.276412343508418
-0.228437724,-0.461371101,1.2379031384726844
-0.896875483,0.5371570603895096,0.5277791308787598
1.3589985747858428,2.580049068608849,-6.001685357
0.23430693308899844,0.008699622,2.0650778823295726
0.48194803772413003,-0.0160289,0.4895926318080544
-1.856304364,-1.35779927,6.904304637151703
0.695965491,-0.015946138,-2.716003458
-0.782181089,-1.538894072,1.846765165497034
-1.158073621,-1.147787458,1.7443539069751637
1.0781972190036744,2.20453868,-1.140766952
-0.093413901,0.043715648,-0.285132021
-0.035705035,-0.905760204,1.2382951907579072
0.8481976442240652,0.7617378342921917,-2.203459116
0.9203219587224438,1.6872718646870797,0.082684435
-1.634737462,-1.145538496,4.455614080679726
-0.350316262,0.7585301241559889,-2.106080118
0.026740228,-0.282192363,0.6849934471893891
0.36765262591461173,0.3217828643580946,0.6268249299397411
0.8214220682789608,2.3013950457549104,-4.057124719
-0.445165409,-2.551338564,5.861542325203166
-0.16902968,1.4341056785015922,-3.651459455
-0.079286746,-0.989568742,2.115684695355771
1.086207538,0.661200448,-2.249466511
0.3735732158921654,-1.052299093,2.275596737214974
-1.032069431,-1.382106121,0.9520703362738008
1.276728094126435,1.257958375785783,-2.713103284
0.6249554058996815,4.542860484562796,-8.13614859
-0.802675114,-1.637689894,2.2399586954891433
0.7682002475283752,1.4102286074405177,-4.179669748
-0.567554835,0.9943602133680263,-0.55520671
-0.316009816,-1.274613013,2.068319674098725
0.2833532281476606,1.2690733115467001,-2.074831881
-0.997901233,-0.215270188,-0.439269351
-1.533808976,-3.393221112,8.204794443717887
1.5340811273533606,2.7101302224758372,-4.830001503
0.15755009901700445,-0.223985187,-1.337198841
-0.020934004,-2.332574257,3.9917989089091455
-0.504496172,-1.855316452,4.89337596
-0.315406199,-0.346815743,1.6654770512137456
0.4139937245023129,0.894291455,0.9487707521296685
-1.391505122,-4.233585918,8.039653815261435
-1.400687189,-2.599251125,3.149591906605766
0.35696291165627364,0.8183719911560463,1.0489817057583561
-0.463698344,-3.578464857,8.260380448
-2.028099934,-1.097404466,2.759975626187673
0.9190644888246702,1.119464565518307,-5.196392649
-0.239803764,0.35965560546582165,-0.198877392
-0.985291732,1.6677630160654213,-3.506992458
-1.248693532,-4.020529505,7.184471275435879
-1.459577657,-1.102140619,4.207282550389292
-0.728421978,-0.663803902,5.036516136622882
0.36003919823385866,2.7649537559781945,-5.439311498
0.090989605,-0.771461896,1.5385658680093144
2.9318975830609006,0.49337393521913286,-6.621731561
-1.399515158,1.234695770123752,-1.123810806
-0.042475239,-1.507902238,1.3950851778560238
0.9556836425974712,2.0107489377205208,-5.297122012
0.8690451501680421,2.031773732055075,-1.431983634
0.8229138,2.928546162961524,-6.239915298
-0.047419545,2.358604871,-2.881951577
0.9007116390227448,1.3505272438361005,-5.465009587
0.4791220960566895,0.8646985238659535,0.9761698019451996
-0.702595436,2.6485674810174387,-3.71591315
-0.17965742,-0.864784483,0.4626440104600593
1.4222599219318082,1.756626835475567,-4.349135783
0.21777366852969735,1.1161472784140518,-1.134385477
0.7644358304682902,-1.285698935,2.5977490646423567
0.275440351,1.8623268866003428,-1.957627024
-0.016974417,1.3555590587016169,-2.035435613
-1.530993782,-0.507069042,3.401551762290636
0.6421642502362144,1.511658079642785,-2.391518455
0.19209971366398224,0.6719155251976617,-1.87875073
-0.75790988,-1.374918395,1.9033336053916428
0.47425031189687794,1.582815618499004,-4.902874416
0.7554951522839836,0.8416736144172859,-7.459306504
0.4351272744358266,0.8319720410200185,-0.219606474
-0.157885386,0.19547023069082492,1.3618523651635173
0.8909915151671551,-1.086399266,1.6544953138042566
-2.353660309,-5.666748567,8.951985795337155
-1.592003199,-0.606238694,2.900212266285666
0.35682795463779754,-0.511340795,0.8320519302489048
0.0077699,2.5569276711093036,-5.950535454
1.5347510536750688,0.6560727249290192,-3.101131749
-0.454368412,2.103500672222347,-4.417606035
1.0329696052329385,1.9678067722162065,-5.16703292
-0.797677964,-2.471203193,3.393712733115275
0.4411255978031374,0.6669582853093219,0.031629949826744386
-0.746868806,-0.59423221,2.480921142417105
0.18905013547604863,-0.578206818,-1.019561524
-0.180465073,-1.610041704,1.9421890393949526
-0.005776597,0.28540969692765805,-2.230562395
-1.339820065,-0.963622544,5.270268892810555
-0.326123146,-2.236591009,4.122438323930375
-0.224741628,-1.380382373,1.3484020613704633
0.7124224285991185,-0.027570002,-0.879362867
0.6837577743073713,1.6673241804492571,-3.329965397
-0.86782148,0.071250798,1.2740173124645284
-1.376062446,-0.417837067,1.795128174957977
-0.923508728,-2.545391867,2.9920394417983447
0.7121079015264992,3.1730205353949157,-1.852216528
-1.096364604,-0.806941941,1.2105990358794412
0.048119231,-0.778674669,-1.99964387
-0.435354542,1.8605063943367246,-4.70759234
-2.007501839,-0.818970448,2.910371334854168
-1.968875763,-0.652054007,2.9606858870346175
0.2750052196246905,-1.257432626,0.37251110543160904
0.8849298592736072,2.7287799,-6.462893959
-0.859954999,-0.705493866,2.2498787546997625
0.4873791963417273,2.4554767641311632,-4.116550395
0.4920525537727789,-1.240957773,1.4908107680160434
0.28283662187650677,-0.000912485,-3.721763123
0.41349699493889713,0.39947518117258707,0.4197838659816665
-1.280019077,-3.389623777,5.448265320120732
-1.000859971,-0.069595064,-2.159590481
-0.209964467,0.33547903219354136,-4.193740609
-0.075748282,-0.874435669,2.3053492958100197
-0.386402092,-2.711773262,5.851354211377487
0.5554093031919853,-0.733828749,2.477221123346578
0.6573901369126312,0.5375624047875203,-4.115725619
1.588805762,2.279639637762957,-3.141936236
0.6847778177096404,1.0761859541286272,-1.438926719
-1.073379168,-0.989610238,0.9432010837570206
0.4158435767575346,1.4371900388829082,-1.996085556
0.2038633280455595,-2.124101536,2.5536062646459703
1.4150496170691542,-0.267334663,-1.094914554
-1.548381716,-1.982821557,5.9386392683977824
-1.427005476,0.3072858298851048,1.704854865592743
-0.712595491,0.6026414815755222,1.412037172274701
1.5631162876975475,3.805050507904293,-8.795171638
0.8805424850312302,-0.458757055,-2.921028607
-0.502726671,-2.389965771,2.259984360282492
0.4335024534558204,0.9770490184760816,-3.369202137
1.404320431555915,1.8464531508522724,-2.68442038
0.6271914606020788,-0.823583978,-0.972727479
0.35261014294884274,-0.688198829,1.6432656645562247
-0.215150749,-0.692983846,1.511409981126838
1.3953858092446785,2.7578222013789104,-4.141224042
0.39955044548686525,0.3648016261473155,1.3108803683631147
-0.50088271,0.3823743226415621,1.0674455158942813
-1.031698168,1.9834390979682812,-2.353971491
1.4682033591307972,3.429469801224115,-6.929072778
-0.017245599,0.9501040717673142,-0.408073844
-0.033335457,0.6928091836865369,0.1767224115362146
0.12354013401322449,-0.561059088,1.5201184525376634
-0.077287574,-0.715232185,-1.480171134
0.8375973017877266,-1.428689625,0.4251216928107209
-0.049741927,-2.429935397,3.076026065782406
0.5172597035790105,-1.299689767,2.2773878749100795
1.2544860023582558,2.904130400375645,-8.667465402
0.9585596301215542,6.031382106321204,-9.27305542
-1.502881239,1.2641635077251019,-3.572435378
-0.304379039,0.45838010764654813,-1.667585276
-0.04409729,0.6668036228403906,-0.174552045
-0.573790029,-3.197522044,4.016607106443496
-1.667372988,-1.611927759,8.062808878157071
-0.395524741,-1.381315708,1.4553814513807375
-0.239208049,0.32925243972886187,-3.735934294
0.091061937,-2.352485997,3.3744235011055683
0.2108414830331958,0.8011571801435171,-1.178981987
-0.937752668,0.38752268505595183,0.7227612682373968
1.3320612967574996,1.3578549940411673,-2.250905314
-0.413513161,0.2551307476064666,-3.99911413
-0.914583648,-1.590648823,4.685454296271056
-0.04505205,-0.739992938,2.0689810238960566
0.580405546,-0.599723936,-1.486583011
0.17844010810205801,-0.200652285,1.3828930031228581
-0.50133102,1.7036232514312246,-0.646749859
0.41511658372483456,3.3979410585429646,-6.09110125
1.1945761591701292,2.2545888470940936,-3.184563842
-1.525403584,-1.878599069,3.9080379220554113
-0.379247008,0.5028094180583312,0.071198275
0.533669087,-0.395792468,1.0886712625618733
0.13508988222255514,0.10290491348688366,0.041810121
-1.975926402,-2.421166407,5.4615706864061355
1.1436065091398953,-2.977845023,4.929147012462171
-0.137676613,0.9587469990776811,-2.040089312
0.9379294419691601,0.5270899908409148,-2.128016259
0.17618515318627986,-0.281196708,0.40844889320677424
0.11084514291051516,0.4248763019395612,-0.475425416
-1.223190992,-2.927800977,4.380115377661288
1.3636207082732659,0.014660359368899534,-0.002756195
-1.757412203,-1.38268132,4.235795346542525
-0.332831671,-0.980425175,2.004750052381413
0.8880685231461313,-4.096650617,2.2843129318450246
0.6309610148680482,-0.405094651,1.1620720482811613
1.3857751542783483,3.950472046051936,-7.476060033
-3.035293001,-1.531030022,3.133996880564738
0.436814641,2.9337258001234003,-5.225104813
-1.381771351,-1.850219808,4.239358371257991
-0.923344649,-4.185818209,7.642864118192146
0.9810238337448967,-0.468382129,-0.454954319
1.2034704343852387,3.2994875022897183,-4.973013187
0.5329612706493282,2.148787410627887,-4.920295665
-0.746064504,-0.774980922,1.0378679355655571
1.4596768380784217,3.796085040179923,-5.704412904
-0.804484773,0.29913583464334836,-1.93040132
-0.772179784,-0.385049763,0.9907328872758447
2.5287148010665037,5.268571414231048,-8.656122429
-0.208339403,-0.481674595,0.9318817408901414
0.7444940946397771,0.52885456,-2.2016792
0.49191177827272725,-1.611957018,3.519584389580231
0.5196948451887294,1.4175766538061465,0.06675869
1.2679215739948195,2.1103604087593584,-3.594601299
0.3808762075591722,1.4632539112388685,-0.585783275
-1.39489907,-2.309894808,4.350398301491596
0.6655893398537842,2.977849494599191,-7.114790671
0.8206408350675365,-3.085414453,3.577415767234824
-0.690188986,-1.477691377,1.5759171498533022
-1.185106621,-2.024329265,4.181114515686292
-0.169833215,-1.663996996,5.170763299402671
-1.607702352,-3.554371594,7.241087810300855
-2.829977732,-1.335743113,6.253376315106387
0.6799112050513862,-0.29809719,1.4026220978756603
0.7006974034214691,-0.116531958,2.826692031222552
-0.820555809,-0.302784195,2.624490894935043
0.1531495290031863,2.7383996493270737,-5.383493144
-0.513688377,-0.839584543,0.022587368650478057
0.4816238911422273,0.5598687755000449,-1.967850529
1.623279631592598,1.6016725732048873,-5.35748713
1.550660193147651,1.0279372695469373,-4.777102183
-1.792623647,-2.324076672,6.859251332584374
0.023623850631910612,-0.792553451,3.060988940375279
-0.515817788,0.41937537672215813,2.3085811039486277
0.4793002717608721,2.2548199912490996,-4.842391476
1.2028074740018049,1.1454083003570887,-2.925894605
-0.313184956,0.7900113650884133,-1.260700442
-0.931282883,0.46821533830899753,-1.704127972
0.2877812976980067,1.9746778626207044,-1.946546785
0.618552544,1.9362094506349206,-2.909456643
0.8306920553364129,-2.793421731,2.3526809489910017
0.9085159092131405,0.7533113796790015,-0.758088232
0.23817467390810793,-0.93343345,0.8184284625280318
0.1213207622823649,-1.736423352,3.505917739942328
-1.77758249,-3.083331894,7.237312778299734
-0.41386863,0.5718371312179907,-0.081493895
0.9710812849894866,0.9424895511830593,-2.912896756
-0.314086429,0.088409912,1.2522511147357158
-0.190641969,-0.775309641,4.650369298621982
-0.708973094,-0.905180129,1.6244840532666993
0.5035559679288937,-1.144333703,-0.636848019
-1.245377981,-0.103012228,0.19791729573917793
2.533826288607424,2.2270300622327377,-7.745108352
0.34008708899770124,-1.429486035,0.4234518474648212
0.4572192749800795,-0.211228314,-1.272276844
-1.018479644,-4.518437184,9.730568596218909
0.31943956620350844,-0.576900933,2.4569144132541236
0.3917261341345045,-0.788920698,-0.301520495
1.0940617941124429,2.5866239939939883,-4.929128498
0.16458134929245555,1.452845859995987,-0.513651126
-2.08242395,-0.991825156,1.7042584669145575
0.13850305366771667,-1.917943111,1.7876493167112752
0.27851153861503086,1.773831279334531,-3.185860864
0.6477824661269015,2.5387897592425723,-5.65333684
-1.280765532,-1.34326145,3.7999107204834637
1.134675734537028,-0.793166267,-3.240743402
0.3736373553432067,-0.194018325,1.2065083034730182
-2.456156273,0.1348426781941352,0.9188332352073213
-0.406984731,0.8326124442039806,-1.417492321
-0.249757903,-1.436098026,3.157060753453899
0.36212683753702013,-0.305655193,1.7579695066437528
1.0162402148745044,-1.485239822,-0.993105413
-1.963664727,-3.462504955,5.424345426351985
-1.123557625,-1.728126889,5.5919270125447005
1.0258784851625007,1.0989362811075267,-5.403555495
0.12464267946335883,-0.509359171,1.0797895391492183
-0.798811817,-0.635672088,3.681897309421466
0.9231397539589845,0.8683715419805063,0.3013263235961374
1.0270716099089665,1.5989230141303055,-3.016421665
0.23034666528284803,1.6468367557917984,-1.601747788
0.6024709197452398,-1.027847084,1.6757531825343623
-1.149478473,0.919851833,-0.87266686
0.76550741,1.1827547287646112,-4.728003314
-0.822057174,1.8484092089866344,-3.183041978
0.3408207527382347,-1.820658224,1.466208443972228
-0.621765813,-0.896935259,5.136367526587396
-0.906610983,0.2255266174482593,-0.184623179
1.2896693705341218,2.3844662307123836,-6.024082946
-1.34695934,-3.044344096,6.719146448424165
-0.937959407,0.37923899643525694,-1.4018838
-0.551838362,0.4615337552629957,-0.322080487
0.6116814667320489,2.0171587606953993,-3.265359804
0.5455736566280497,-1.46320383,2.523218478297112
-0.1021744,-0.902973472,1.4193804132376888
-0.912546805,-1.81148173,3.925684591615976
1.448460366005792,3.108025335085954,-6.575574785
-0.926175835,1.864813243243755,-0.613967798
0.008323003,-0.50687103,-0.259392931
-1.005395916,-0.22702907,4.364457315218225
-0.51756324,-1.205092902,2.257667790919825
-0.039938463,0.22201809135504505,0.16995754000497204
-0.895906558,0.21039715049651475,-1.776457569
0.5201063256788587,-0.061469739,-2.740814339
-0.676861206,-0.587577582,1.2462815761401167
1.6346550073424446,5.053975715,-7.150085501
-0.888394014,0.045829416,0.4158854378376007
0.2026138750970485,0.39246849710795606,2.4014053088960035
-0.981772624,-1.635904554,1.8039170416106136
1.3564995103419337,0.6295404139804637,-1.039537396
-0.781907143,0.2999667880408945,-1.700921776
-1.620420097,-4.144741811,4.992862267992411
1.055945681200203,1.7433006783872593,-3.133555411
0.8514992951679555,1.591497643313589,-3.868310408
-2.097613315,-3.648773597,6.8825659124393335
-0.641256509,-0.316431308,1.0288297629503145
1.6335977803169697,2.8794603829793566,-7.890302465
0.9279900566670004,0.9369237050441614,-1.565313261
-1.046529972,0.26031623115338975,-2.265170759
0.5158153608987999,-0.344162195,-1.742009136
-0.692484401,-2.289312639,5.535911454489335
0.17923354486665333,-0.579210375,-0.019260728
0.5717233571125547,0.22195012733440728,-2.469186907
-1.225120981,-3.615934731,7.213736481104097
0.001690829,0.8212373964871281,-3.405365523
-0.790859452,-1.6298222,5.7970832445186415
0.9256860724389785,2.115408994561472,-3.222274834
0.30041984411068495,0.8534362613519821,-1.225749703
1.4564675368121918,0.4189577781311073,-1.766258842
0.7469655467205066,-0.717727271,1.3062871777937257
-0.173611767,-2.526534025,2.721849854786337
1.227239538469298,3.399509797489517,-5.411666733
-0.434776534,0.90242465,-0.737583919
-1.179024005,-0.777443824,1.7992051089318162
-0.871103957,-2.012040629,1.782456653179401
-0.315421064,-1.629639665,0.7920746318803218
0.5739853575430645,2.602873063739514,-5.598515358
1.8930205228242332,0.7887543808716546,-4.51020574
-0.35736183,-1.872357765,3.86212902
0.075566016,-0.131223314,-5.525981039
0.251333707,-1.531637779,2.1486645968948888
2.1631882362912087,0.9316260367028767,-4.864579839
-1.315889079,-2.106482005,4.702650547103203
-1.023395041,-0.027093063,0.093027218
0.559671981,1.4173075527797003,-2.788869054
-1.432935354,-1.391922218,5.626815899246768
-0.254412769,-1.348851896,6.288547666732256
-0.704170942,1.6336907684956072,-0.931811114
-0.547000126,-0.347282995,-0.035762488
-0.379307779,-1.299651676,1.6770335998345292
-0.058567337,-1.14871523,4.945822714061968
0.6188287107201362,0.3042011059170201,0.32971323435340283
1.529209740491594,-2.244893076,2.0216325001215054
0.636728223,-0.207877843,-0.388762773
1.2384830790446382,2.6053939803147714,-3.163784729
0.8008299827459203,2.5807899444645646,-5.091390182
2.000283597778287,-0.34110516,-0.47153728
1.6775794189337552,1.9093664911832477,-2.199347198
0.7843620317068531,0.003480451,0.013757977827463908
-0.160156575,1.3187151332930864,-4.904476202
1.4649322450712936,1.1385957203144228,-4.734857196
-0.492375765,0.08435147,-3.679371927
0.063494745,-2.171126035,4.721670537360477
-0.790396485,1.5641653003721825,-1.574224322
-0.208940375,-0.557154711,2.112605357510141
-1.495057333,-1.689593435,3.9024968104947044
0.079707949,1.709283954248419,-1.533154095
0.6183428424124953,-2.644406034,3.8774639195258964
0.7607599781561074,-0.469903795,-0.776587762
-0.004976696,1.6628846504921284,-1.313955953
0.23284516413144665,-1.037737552,1.9142435784275198
-0.621143735,-0.71525829,1.3512738248789669
0.35891056706078406,-1.209002591,4.111515937109325
0.35568324965058973,-1.520748589,0.5003028511186863
-0.808562407,-0.634251694,3.5067326966676955
-0.927541099,-1.318145841,4.152992837919404
-0.790048474,0.10534172644842865,5.349774066689589
1.0619283663207717,5.291529547163163,-12.73539337
1.3899509875208365,1.7419882012535093,-6.708556333
-0.695231621,-0.632702334,3.350099729514706
-0.584929025,0.5315523995702884,0.4155656869822977
0.5529406658529024,2.0213771547813018,-3.632859478
-0.078032166,0.5219482053398177,-2.123900799
1.7026142403138624,2.5233222263668926,-8.779235846
-0.026726687,2.4676796151206033,-1.052685578
-0.62035287,-0.361158883,1.667262072261015
1.6696917896212689,1.8649065290082243,-0.44652247
0.079230946,-1.566278103,2.8459679285291983
0.6124541795515533,-0.533615379,0.3479908574101487
0.7892372628853105,1.4010977669937068,-5.783520967
-1.606594809,-0.519171213,3.806812405370139
-0.895334688,-1.074212232,4.039746214627915
0.21924466990618513,3.492591692231956,-4.126959869
-0.426840124,2.4726549580882717,-5.818925851
-0.334964941,1.5304532743714754,-2.306282107
-0.803940786,0.094283991,2.8925990027980686
-1.062642799,-2.640808724,3.9921489199278866
1.359682681879206,-0.692400925,0.27554474114794836
-0.281229599,0.5864798311900074,-0.681150342
-0.42756147,-1.248758497,2.8413998651980363
-0.042917875,-3.40117853,6.109531149541965
0.3626743219308907,-1.456670962,2.021736892367519
1.032908555867321,0.7577537349174591,-0.471597306
0.5771175513285933,-0.782413959,-1.980172308
-0.541883249,1.8465825407740453,-2.253650925
-2.007230924,-1.371376262,3.6447606440506464
-0.201496324,1.2293737416768051,-1.972093136
1.4745931861103831,-0.055984005,-2.246105416
2.8697998864147594,1.5124068869284528,-9.01629794
-1.589307454,-2.407231076,5.5779483938722505
-0.553858827,-0.002458608,0.1414392969842671
-0.290805176,0.781652278,-1.220218688
-0.672652303,2.7123787640126733,-6.483277772
1.3162257404928301,2.8766363391705347,-5.979486426
0.1000932952082196,-0.936663617,-0.216474491
-0.418989878,0.17211376870279782,2.538393502756337
-1.355110294,-1.662192442,3.7662803814049717
0.9024414134486168,2.136835081379086,-4.678012835
-0.226307134,1.1395801486865262,-2.356546323
-2.037371822,0.0695702,2.482615311
0.11904222229188077,1.4319812756481065,-2.601568638
-0.168628773,-2.59282359,2.6596759353117214
0.3500522866320866,1.1516125015409997,1.3957403168498017
-0.003952694,0.7638767998782865,-1.957829805
0.14276864481959095,-3.431861507,5.842162311415238
-0.386950818,2.112857547397276,-4.61975667
-0.714145654,0.7087180457264166,0.20162902444493563
1.2216283240990333,0.8277988938148617,-3.688608792
-1.093401013,-1.713195071,5.431127015920795
0.2681570742032867,-0.756893808,-0.950007902
-0.667453892,-1.51667848,4.509909535368793
-0.084155838,4.204687725086531,-8.780080273
-1.992069816,-1.66565277,2.464323687
-0.150965222,1.2178691911953297,-4.240844672
-0.803546474,-2.551752109,6.156548008146029
0.5866995511524423,-1.08208932,-1.129564527
-0.6524426,2.395720057862839,0.8600003286159786
1.2679188341363887,2.5154160348505963,-4.843216908
-0.723229467,0.6423745789069382,-0.102397359
1.5262655022770508,1.4790212889439682,-3.803578714
-2.468451361,-1.432191509,4.600046971526281
-0.850031857,-1.265775432,1.9921400952761175
-0.945221905,-0.830531705,1.103354370965604
-1.864755952,-3.133385153,6.329893760789503
0.46592830972147425,-0.436222021,1.438060855180463
-0.516836914,3.2876421029725806,-5.389798286
-0.047096159,0.24788387121912403,-1.137545955
2.0531282292417643,0.27528820066726345,0.3544924983264157
0.8962633200947188,2.1882561460884027,-3.322357595
1.354826518886315,1.7413800339955767,-2.40328639
0.5245949022766393,0.9505597549062856,-2.56484911
-0.421615286,1.0881259978544486,-0.778195796
1.0504686173602444,0.5797415942123736,-1.808442995
1.5290369743692036,0.6426464447120301,-2.470583518
-0.824267635,3.6048078219081776,-1.720899904
1.1882874167672315,2.195247845980324,-5.224189925
-0.161488889,1.4870854541830971,-0.576167131
0.5153198551003505,1.0798764930683094,-1.302841138
-0.004358046,1.1597392424997897,-4.858820915
-0.177822485,-1.541958892,2.2992130375425908
1.2374141549360773,1.2988511606315272,-1.176942581
0.3680021638525144,-0.146999719,3.744923725628129
-0.48648545,0.19314069986893648,-0.20785701
0.23542402581704872,1.6688922241632587,-3.568517107
0.3432930906235677,-0.921945897,1.284671792115647
0.2750875311471967,0.42968505410818747,0.5925300466115259
0.007426999,0.4193970445304305,3.8889875529972535
0.3087739028364858,0.7639742011142361,-3.422098688
-2.107647642,-2.892447332,5.704141148394112
1.2904271397659766,4.187353950387054,-8.072847003
1.4123512928565445,0.999185101,-5.165074565
-2.292228055,-0.335339319,4.033266122837151
-0.480295388,-1.685961049,4.149510733246428
1.3552594204688038,1.920173030905819,-1.603486859
0.5469649780238983,-0.654809554,1.293150205
-2.940252213,-2.111951342,5.839173676504139
-1.23829949,-1.37210964,0.2971415979212386
0.6478091596057973,1.587027593381019,-3.923109251
1.2674847681860888,1.7547581585210446,-2.235428902
-0.234904706,-0.861267481,-0.219598996
-0.896894841,-1.334090204,1.9440804364875028
-0.368370448,-2.264625305,4.252742567093313
0.000423365,0.3349407971202625,-4.664879607
-0.561935167,-2.015034346,4.9804569488849655
1.2274979413384122,-0.83762716,-2.879569954
0.4487464112895618,2.4590244860044486,-2.680532535
0.957395921,-0.933279673,0.42516658143629993
-0.027901317,0.8386143475192686,0.44846600720830454
-0.029271853,-0.68180304,2.4074546856066874
1.2305226212588356,3.2283525433007596,-6.960220772
-1.020266983,-2.426110986,6.729791506771982
-0.306844319,-1.758050145,2.7819108234148775
-0.883492769,-2.394746583,7.911066844659369
-0.789202081,-1.507448376,1.6329669534347242
0.8828649004188466,-0.413627541,-1.748750584
-0.700202796,-0.717492873,4.540593809861458
-0.515260424,0.1964517965794288,0.31785032351146736
-0.020602769,1.8385691900655972,-4.273054484
-0.438663031,0.4624449543746511,1.3348558870236562
-0.881792233,-2.972024529,8.527336200176308
-3.154878582,-2.6051383,8.842207509995333
-0.951426783,-1.407902433,4.998815637401394
-0.65402036,0.5403940400567513,0.093997686
-0.804554128,-3.54967407,6.2144862763046715
-1.019752731,-1.62644458,4.057034632316775
-0.640843791,0.9342694437786091,-2.048872822
0.5087123467800674,2.033133863131652,-3.32966733
-1.34564266,-0.9587985,1.2787735835381018
-0.855017986,-0.938907217,2.1325505013955746
1.281561604671756,-0.732592543,-3.024099862
-1.34082529,1.2907482881753551,-2.850284388
0.8608661645281137,2.7452267001752735,-4.320313945
0.5888972686213156,-2.164460777,5.265798800093117
0.13767331565826024,1.1632596546335958,-3.80352352
-0.972205284,1.4231217785407368,-1.859359603
-0.168779077,0.848485498,0.9621473179133299
-1.512264449,-0.770401753,0.3606203484650652
0.9053362678985306,0.002644642,-2.711984431
0.3782673748152625,2.550367456730765,-3.250646194
1.2096197721742876,3.1253565912099894,-5.965472123
1.627011992637903,1.6210354210025228,-5.553925899
-1.225760186,-3.024607667,7.023657420666013
-0.774975744,-1.137432448,3.4268547424155207
2.2095529691947293,2.6270940600605033,-6.380437254
0.14774467272103706,0.2797548790869243,-1.806741573
-1.691603734,-3.627967191,7.9977639569736425
-1.537153795,-2.520972861,5.776018766113392
-0.015828253,2.065737660136818,-4.09460661
-0.863337822,-0.367168247,1.3812420232961653
0.39046939772938766,-0.135990674,4.614715271882719
-0.092886984,0.648261402,-2.094609933
0.7490095199118935,0.077607033,-1.169743731
0.6780383607253306,0.40833246267034107,-3.439848667
2.084893896318264,2.2889340573041723,-3.825170809
-0.638044854,-1.046090647,5.022591307054556
1.5894493029282115,-0.434825952,-1.092159831
-0.589317408,-0.16542019,1.8402560706678404
0.42888804101326916,1.9734683126133936,-4.049202033
0.8208176904154177,-0.270331801,-1.457662028
-0.406414329,-1.354649916,3.6419607804342053
0.7871810584994053,-0.584358818,1.0747565671919643
-0.685162355,-2.28264659,4.468706947726334
0.8998952054132994,2.877894619192192,-3.386071819
-2.252854113,-2.47919443,10.79991313395676
0.13520656313986534,0.933008489,0.7913178569485106
-0.891988837,-2.41806082,5.467514575953373
-0.5766037,-1.321164565,1.9878498043824493
-0.916072556,-1.97504277,3.5281006276210802
-0.588392684,-2.148088774,2.118935280574685
1.8886102338805675,1.8052844591913122,-6.203120524
-1.279488175,-0.735899973,-1.030752152
0.15459736814248876,2.162615363796199,-3.483208107
-0.653039237,0.5779527568001269,0.40921358915479666
-1.1634608,-0.214823555,2.684356881770521
2.1264210702145596,2.3549895765340447,-2.796704955
-0.063058549,0.9497911401734447,0.4849283737403578
0.32896438809428746,0.9079036188904397,-3.638717024
0.19647369207443294,-0.400096522,0.14084557794762975
-0.481589666,-2.38794018,3.9354398880639594
-1.193753997,-0.365631975,4.339111621271446
0.020692621,-1.584878023,0.33416667424898483
-0.184923627,-0.673450772,-0.176910657
1.346175250431615,1.1037028060825476,-5.026633027
0.6162624050146861,2.801270922,-8.652803875
1.1130747920008228,0.9244083689656133,-3.585579854
0.1256541289942459,-1.311653188,7.0487591280684345
0.9551625911096471,1.0692387975001836,-4.454099529
-0.607741002,-1.233086415,5.2749803001762325
0.075928888,1.2239814499909019,-3.012110281
-1.097545834,-1.942955511,4.777879070794386
-0.260830575,-2.552401387,7.008784247122257
-0.129614359,-0.476843402,0.1543009330730949
-0.83756832,-0.892088432,0.027749644924738748
-0.015649799,0.7668220280386328,-1.923085975
-0.719326835,-2.235216757,2.1506782394163984
1.018851915787294,-0.357986884,0.54185569
-0.997320865,-0.016261269,1.1396212828499515
2.426355526396394,2.2714543221017536,-7.757796415
-0.362600727,1.719471276608111,-2.743937418
-0.307806529,0.12677425418495836,3.9089182799074735
0.002996382,-0.484873063,2.973446674493778
-0.766694743,-0.670601539,1.5363408481826748
1.4688413880395417,0.16741068382275798,-1.538148831
0.5562856481991485,-0.383399626,0.15925552647857336
0.6915947919155468,0.32726435404595267,-1.840141525
1.4135827164564307,1.1562544749739536,-1.14017385
1.7850258876974832,1.9683250879564382,-7.12710322
-0.390748961,0.46416735856914015,-0.213119832
-1.175474274,-4.586964527,10.605667046042461
-0.711147749,-1.37325996,2.1681355370669233
-1.73268843,-3.237845517,9.054927470686042
-1.356006429,-1.411206276,4.703434408629784
0.7477564510663094,1.2411464364942255,0.8987067208057423
0.3646243726251047,0.6507307146427481,-3.851765764
-0.76404203,-1.375971488,-0.309143916
-0.752690265,2.045121798892395,-1.157802502
-0.454747654,-1.282135677,1.0215096902200025
-0.62027993,-1.657798931,2.7777307833306306
0.415536428,-0.298507643,-2.432036047
0.5899128322216419,0.5375479048168804,-5.138693462
0.12642599846691516,-1.262673286,-1.315821399
-0.814004595,-0.103210461,1.1468345782503335
-0.998668689,-1.932900871,2.8271033729988497
-2.801759962,-4.724338327,10.059800452394457
-0.997737839,-0.696617317,4.376014136
-0.960186034,-2.000931989,3.610536938731111
-0.754410154,-0.558912645,2.2130750319873953
-0.536223092,1.490192104253375,-4.034710639
0.3042102300900874,1.0251387315289668,-0.956319453
1.9140461609006494,-1.530844343,1.4401769053966524
0.9478603086404642,1.8841786360320245,-4.922104146
0.5230644089166889,2.057913449281775,-4.827531452
0.37451385386730274,-1.404071186,2.812005837
-1.246936906,1.702089843947427,-2.331009654
0.3790511687842924,-0.548241771,3.1652510517954413
-1.477545491,-3.031748622,4.345639316155752
0.3700905878456996,1.1711108786696625,-4.691224578
0.26655785346182653,-0.475430207,1.1295079270208843
-0.580673802,-1.812996156,5.416423339672411
0.9374302373888487,0.4318725783859133,-0.036485925
0.4465117178842664,-1.077072696,0.7224540503348198
0.3358622010116427,1.041798759,-2.265935027
-0.136604977,-0.810193026,4.392080992521936
0.028683558875400174,1.674802242730993,-6.221813762
1.240290353039235,1.3392128095894504,-5.981820703
0.7180853478526463,1.2775545233714654,-5.953255385
0.003950963,-1.076819082,2.7825742524689585
-0.864788331,-3.247895085,3.007555895417353
0.32914249982507904,1.1769329345191224,-0.153739233
-1.225668368,-2.238883099,6.903622880489199
0.5911749222762009,0.23944127625212502,-1.702719274
-0.754332055,-0.896169979,0.7621865595595776
-0.605976448,2.7456130641441585,-4.140998505
0.37840729465513867,0.19428348693888764,-0.560306861
-2.276425227,-2.693027612,0.42554382566148385
1.3544095776941882,-0.955717321,1.2596896272744416
-0.824561218,-0.054918781,0.049145871
-1.906363931,0.11151071987385963,1.1456864277326926
-0.647678044,0.18072745164884252,0.6123236047134384
1.9455666802516653,2.684114756396344,-9.464601328
-1.281161699,-0.665406917,3.5939764271425156
1.3062420247715179,1.1966579386279341,-2.673999391
1.1149617972957606,5.769707584402132,-10.37171706
0.8040288664164393,2.314551647242355,-6.627980545
2.7727084754015334,2.8966152342060267,-10.37408794
0.8515952641535914,1.9606672403352567,-3.797961417
0.6822882432284644,2.1200492184986266,-2.011674111
0.047041873,1.0144418499128727,0.3230977342653071
-0.074980509,-0.054450667,0.9560652947512207
2.2399642527929653,3.7795484106006265,-6.740686385
-1.592824051,-2.31006799,4.062621753207958
-1.291826124,-2.415664251,3.1343120289937563
1.5169326846929425,2.052937162339464,-3.812263173
0.1214274479396156,0.9434155935320426,-2.399361463
-1.314648815,-1.925198876,2.792517830849725
-0.199263355,0.3299115873136085,-0.468161718
-0.003311838,0.5219700492202027,-4.09469759
-1.071974292,-0.592726466,2.378570361288938
0.007283383,0.22773575439064736,0.7621203106695367
0.5931996023665981,3.495721673658871,-6.555611521
0.4731463441950106,-0.181670691,2.7670905972950033
0.4687026393213169,1.045050416845212,0.025193571
-0.150819346,-1.357409076,-0.222753563
0.3415150139656695,-0.682491319,-1.977153445
-1.046254739,-1.177504478,4.623489616393206
-1.861102022,-1.487780798,3.5682437692276947
-0.410458933,-1.577121375,2.8666254146336625
0.26790688631896314,-0.212345967,-0.117944289
0.2596196620189245,-0.01407819,0.7976974092801286
1.317183242,1.608210577865472,-5.500180999
0.2118222732943784,-0.18791608,-5.456647403
1.5378791224376795,1.8734607540392112,-4.218234868
0.9922101353096463,0.7920393167411464,-1.089464371
0.33840138233568257,-1.766748156,0.20855155887694965
0.4782176976867944,1.443231282858271,-1.740824278
0.043296276,0.9233919122591423,-2.486426314
0.075486663,0.46610192067489103,-2.690653436
0.5889728195320955,0.13446243402110625,-6.06600649
0.7317319773565619,1.438719533910704,-5.787439298
-0.113027891,-1.216392366,5.427395079817572
-0.422442517,-1.241675804,5.873454490945725
-0.652385287,-0.983580992,2.665277635630142
0.9696090383945556,2.991847923893307,-5.471031203
-1.881518063,0.633406724,1.6745245143713279
-0.930754253,-1.615223363,4.900158487600704
-0.853502091,0.38093778277671764,3.2209890213039136
-0.27285424,-0.756127504,2.059491348234085
-0.807056536,0.30519108437664005,0.9070188905206729
-0.239747684,-1.751769047,2.1145672888640608
-1.217440118,-2.505457534,4.807337938395247
0.3454043832464887,-1.729291791,5.030378451009482
-1.312864839,2.1439817307152316,-5.693360465
1.2486305017104329,2.4791378321509443,-4.849847605
-0.039809562,-1.65867552,3.422504498287712
-0.293643356,0.018877579,0.5987258554713515
-1.520292911,-2.543650377,4.066113410584243
-0.653252767,1.2596231135578395,-2.150908601
-0.491278727,-0.864563461,-0.610916302
-0.847282746,-0.999796916,1.8509244144426606
0.30051155571666155,-1.311916462,-0.341581459
-1.961954395,0.23993896586453278,-1.779360151
1.1546791615029868,0.8621811271153736,-2.804860646
-1.309521279,-0.194837232,2.935431859688382
-0.084313107,0.7490515647236604,-1.595999315
-0.748844821,0.3665825044535606,1.8341704204892713
0.9085406570172304,0.031696658300510716,-1.988791891
0.003196288,0.37661869173887286,2.6423066545040355
0.5040353682079506,0.19972671128924535,-0.174247872
-0.414535564,-1.465634446,2.9900687677707816
0.5957225914933885,2.222418374218689,-5.282993779
-2.496563488,0.057022013,4.833753349018213
0.7373003371404278,0.1053132200964888,-2.63728869
-0.320376599,-0.488755142,1.4007431519061406
-1.902937716,0.9552704432139754,1.5898895916234907
-0.669888695,-0.245842497,-1.400277811
-1.331651381,0.2138380532818014,1.8028409980536082
-0.498218262,0.9251232243751626,2.1350696825312867
1.158658041,0.9680789189493175,-2.120033841
0.094687725,-0.298384352,0.6879593249477611
1.2534836194649694,-0.461233556,-2.199936552
-0.109317271,-1.663055439,2.7749844359705866
1.0173157594746358,1.5117069154739529,-1.286711467
-0.141263972,-0.802363515,-0.539122863
-0.312021641,-0.226431148,-1.173093691
0.3901632745497296,0.3131391389680908,-2.070642109
-0.423133036,-0.484556518,2.318039268120844
-0.337945684,0.3938166870886318,-0.317734169
-1.059397789,-1.315155166,2.591915589620875
-0.155650672,2.523913068583174,-2.170604929
-1.19099371,-1.723601218,2.5493920765920444
-0.575207534,-1.546196278,-0.445302338
0.21818596668207688,0.8148602720865112,-5.411674604
1.0439669367354307,2.036183451641338,-4.351795545
1.0491204498664026,0.39309156729887895,-2.76517515
-0.292473535,1.525701010194048,-3.572163787
-0.506584679,1.0453450756602687,1.1076173149570143
-0.685006407,-2.149956409,4.174598881686579
-0.069022721,2.191018087758112,0.6205112149350942
-0.352569136,-0.323031114,0.9009306317433714
-0.112925865,-1.844541461,4.235180288101908
1.4464375310245043,-0.647276108,0.4652841859196688
0.35822708925499763,-1.571921879,1.3115077567717823
-1.747983852,-1.25824559,1.6373473129919718
-1.948250973,-2.37771007,8.055240526
-0.491891182,1.145928667,-3.425318514
1.3739500910272515,-0.43190312,-1.382125165
-0.133539826,-0.848561414,0.7961284981985113
-1.080552554,-2.596185455,2.5819550987100115
-0.186214127,-2.971079844,5.092598578567083
1.1777921673837755,2.149811650765521,0.1501998565096775
0.1827087870934715,-0.757564373,3.6934470652653095
-0.815788043,-0.584728425,0.3614900013975958
1.337510738596087,2.6505363655534575,-6.205183139
-0.839773642,0.5404613191016776,-0.227607846
0.9581749206511861,1.878855677929344,-3.19356531
0.5805828899822675,1.2435450196997957,-2.190482204
-0.06860151,-2.349151201,3.4997447557987686
0.2762784869685926,-2.010744295,-2.237901658
0.37596800532011826,2.396748197881986,-2.08630856
-0.752488323,-3.31503748,5.664903515547457
1.7988057804797475,3.407703218,-5.361576378
1.3612281194291904,2.8136040031614784,-6.944862929
1.1211593036373309,1.8832717346982553,-2.198719884
0.18982582828040534,-0.276008104,-2.34870935
-1.102449776,-0.467952299,0.6675827551678835
0.11077970771685464,0.048598397,2.332054885290611
0.1656852266761225,0.23708693247651735,-2.505062034
0.5614197191205478,0.18591208774215648,-0.375412548
-2.429991496,-2.041822338,8.896448782037012
-0.380414029,1.9875424223767575,-3.522469672
-0.018084665,1.1330273047184642,-0.645936043
-1.533257125,-5.101426334,7.705677227618208
-0.199172608,-0.135747889,1.2156912684950427
0.3457406892145777,0.7349281421838905,-2.843505803
0.1947621755296706,-0.80875187,0.540620307
1.1885417437849566,1.8910828878112917,-1.94779038
1.8541885431884955,1.7157273954996732,-4.946319377
0.7828511559498105,0.2717890485079365,0.6350821064959793
-1.962487148,-2.859498356,5.8504014721853395
-0.661434272,0.8281900616619193,2.2879195961288437
-0.632988887,-1.796234256,3.5989176277849255
0.6845687225852182,-0.05145094,1.3283393918131832
0.10564436785910615,-0.513715637,-1.815630561
0.8918922298969646,-0.560233602,0.6407472768538764
1.862357939,4.287330812651023,-9.809970051
0.8233174305525485,-0.212862749,1.3307743153428309
-0.236917679,-2.515416971,3.239172243386747
-0.5725407,0.2692566060337472,1.612203098
-0.403818643,-0.569689642,1.9213332803361238
-0.66146719,1.1320190524486415,-2.418982907
0.6629754941329116,0.1358785854976684,-2.621835311
0.5058670894075789,0.8518452095719311,-3.055508201
-1.352386678,-1.512862756,0.8329973281410337
0.27864839303713396,-2.51581487,2.6768827236507966
0.6899680199422769,1.302023982,-4.278410808
0.9810580208138071,-0.77914147,1.9400805581019367
1.1851610881408838,-0.828477885,1.039897627487219
1.4323861725343794,1.3241094211175708,-5.606240151
-1.177176334,0.19156983271438488,0.092796472
0.5505026806691571,-1.486979592,1.7952159521322566
1.0310465440828198,0.7430681112225529,-1.897590185
-0.222255287,-0.830531078,0.8028946745103449
-0.500015785,-5.48570592,8.362725505
0.058521003,1.0373033053217529,0.7579929433286972
0.15703896361265346,0.2970200607131004,-2.927678745
1.4121463345986733,1.9939042579248314,-2.272754998
0.17248466205733318,-1.064284629,0.763300805
0.5715628799165883,0.3404880139675064,0.6706615341971115
-1.923819551,-1.919147412,4.661082004
1.1789179657280768,-2.177975986,0.772145275
-0.050198807,-0.132764976,-2.517936817
-0.263125856,-0.838759596,2.035428372
2.175998935,2.3874191630910273,-3.6435257
0.15098985474492135,1.044477793,-0.632138274
0.22967803370739223,3.004615079946926,-4.686934463
0.33912414964702803,0.2730628217293973,-0.050277864
0.6872590551283217,1.8929102827418933,-1.878342075
-0.878719403,1.5272686247895515,-2.47328395
0.7329022436927161,2.914392990238136,-4.895596693
-0.996633673,-1.369191911,2.350339504532681
-0.578660651,-4.792616435,8.492078396088706
-0.334634558,-1.008503452,2.5232329399479085
1.7007341529457745,1.8925583384886877,-5.644960533
1.072888994920971,0.10134780932512355,-2.4701739
0.14160673420819836,-1.954272213,4.684420841924735
0.4607715067427717,-1.701300936,-1.134760698
-0.259320015,-1.777238236,5.520560263490193
0.15998157713198038,0.8256652403329435,-0.348711407
0.8775395049646243,-0.317164306,-1.914027312
3.0106978183637505,6.567540480687216,-14.26567056
-1.299892464,-0.2191185,3.176648694166793
-1.107834501,0.056966288,1.5112613324800637
-0.409429325,-1.218677689,1.3564131428452444
-0.420921636,0.6897973793685447,0.1444077851039096
-1.86816889,-1.877618507,2.3564903581255416
0.001201441,3.370743705701286,-3.565488707
-0.57543536,-3.528367565,6.411584434103633
-0.516643008,1.280024641471036,-1.640983141
1.1566555992933412,1.3173618817378387,-1.138849336
-0.897426549,-0.38600362,-1.827309928
-0.405014228,-0.721269242,0.12228731481264588
1.4282325800226858,-0.083520457,-1.767009003
0.571651689,4.225570314178224,-6.273904716
0.5991782849617837,1.2585851811119237,-2.571416222
-0.554178571,-2.774269099,3.1131291068964213
0.4091548329329961,-0.032135215,0.2996318405063033
-1.325019961,-1.495088689,0.5052300403831937
0.6342488759932413,2.812394833,-4.762875607
-1.302629394,-3.473654115,5.8229532801290445
-1.369227566,-2.660213042,6.981163621294735
-0.145124763,1.3706591471275023,-0.546958917
0.11541230380414955,-3.230812483,1.165610600890744
0.157500076,-0.603380056,-4.78768691
-0.65607243,-1.442133022,3.0613736116165917
-0.413214645,0.15460883080920984,1.549568653994333
0.17217574999146795,1.5883248753548656,0.055199258628619186
-0.316302591,-2.755041737,5.986897538
-0.780703577,-1.4243859,1.386781899094818
0.4363973037381025,-0.685156351,-0.165484189
0.9660275040457268,3.5094059604523453,-3.73393117
4.473739893686255e-05,1.0553793819977964,-2.635129734
0.32471240255184236,-0.376402643,-0.907829531
0.03880843,3.4212240478840426,-5.02851867
-1.098660736,-1.225741919,3.7904546279837685
-1.194084442,-1.197615356,3.433991529172698
-1.399502637,-0.76345582,3.1209237239593817
-1.370681704,-1.05291351,5.242789258243215
1.1540537566585864,0.4185878432220528,-2.061046195
0.5378490502871687,-0.112532522,-2.589084599
0.17350307972727666,0.14989771523166476,-0.26689602
-0.044810911,-1.315315031,-0.371629052
0.14345914401411763,0.5125033106642102,-4.584969771
0.9062632291165365,3.414543749657129,-6.523292794
-0.926124189,0.037854946,1.738493417419264
0.12347034432553185,-1.057172384,2.345771147419041
0.8386928166113107,3.549931577762565,-6.871904431
0.34060571522746114,1.8159798057583245,-3.112783751
-1.221311536,-2.929498376,6.021401148784749
0.21030141587798504,-1.077361406,1.2125326957983045
-1.697549178,-2.796406181,9.199763893063306
-0.141105596,1.3858991374781449,-1.119410972
-1.07140635,-2.217699215,2.547800334279413
1.5432608065333853,0.11641245661491201,-2.124015783
1.8143871213473366,3.2396058265772787,-7.745791009
-0.71942988,1.3440871440913644,-0.053199544
1.5317031997885961,0.10471220069953935,1.7044318453845193
-0.362068749,-1.000390279,-0.592404119
1.3740172827037147,4.6243050709975275,-9.722914077
-0.160547627,2.0494457893663327,-0.54160001
-0.904755627,-0.096633983,1.5329048947128194
0.5444137815024018,2.4227737552572366,-5.684107411
-0.450191308,0.09349451,-2.143561428
-0.879474656,-4.267532224,8.799274710141702
-0.394503345,2.572478355985394,-5.628286564
-1.758330218,-1.983764699,7.733901979725095
-1.156354073,-1.481990996,4.024694407102201
0.580335662,-1.244258557,-0.906445761
0.475236877,-2.587769212,2.899447689098842
1.050387588576785,1.2007288234359623,-1.322137345
-0.447215534,0.6571921036956677,-2.205787228
-1.463126662,-2.251589172,5.225182900608673
-0.901791258,1.4002082861003493,-1.239359569
-0.425645906,-2.503953204,4.740397443348566
-0.308964294,-0.579347908,1.7639517907031095
0.4190766230509365,-1.307158102,3.286845086271944
-0.10995005,-1.365916362,1.995770560436743
-0.492601783,-1.211990122,3.9895370804568517
0.1604627763194253,0.8311258139306745,0.6078391906273433
-1.108789591,-1.527337939,3.5553209637439624
-0.96228916,-0.69177372,2.7612129162984296
-0.680228386,-3.127007666,6.302102041058761
0.8477954374967568,-0.625434412,-2.785023064
0.073869082,1.8740886954731015,-4.586070718
0.34973714704565095,0.2589428095612697,0.2618961258358723
-0.283786367,-0.328835076,2.541231265
0.9921709330679662,-0.007328091,1.4891502574632351
-0.204302603,-0.402936686,1.6998861608180549
-0.898400239,-2.433876192,5.700965452687728
-0.312628201,0.5749560722453674,1.330204960666792
-0.543248728,-0.38510339,0.8881612592431094
-1.770491594,-1.572566132,2.8830564286074596
-1.24891051,-2.186969408,5.970199930909754
-0.619788926,2.0965684282957255,-4.730565357
0.4066494215275046,-1.360347895,2.4545651553670185
1.1578046709956895,2.1288569489330795,-4.702636313
0.44200802083911767,-0.494457187,-0.860370835
-0.443712236,-3.798800193,2.7817158016656403
0.2862222571815015,1.4875860442094317,-3.599477282
1.5824439491037885,1.0626707141454912,-3.955545671
-1.789348692,-2.648125675,7.396080298772492
-0.715425359,-2.107289006,1.4674685378412398
-1.271627835,-1.851045928,5.428221650073173
-1.174488797,-2.912978075,6.0044072353113505
0.8618626390139794,-0.799749751,-0.321313198
0.7628461268668719,-1.62823142,-0.922338187
2.231380921574546,1.3109249011297939,-7.452298817
1.8809716081490646,1.6726381393754381,-2.500111035
0.6415477014365416,1.1336856750827207,-1.096329215
-1.227067489,-1.094860503,2.2771014305618786
-1.412405875,-1.228007341,3.1550808202439553
1.074233155084803,-2.413099368,3.7607505943107933
0.4264465323856049,-2.054950934,4.4099984549150735
2.6297344648380503,3.6277974115169656,-9.53200344
0.8366323666934392,1.089935455117867,-2.417038649
0.2881555770865443,1.7667049164905437,-3.065638283
-0.038146383,0.44759417371529886,-0.660071411
-2.399321383,-1.998834308,2.088468330042162
1.0401691258357293,2.674491296402153,-6.239705856
-0.175443257,0.735756308,1.348529703905642
-0.589584154,-0.61475698,6.010472245848492
0.6805858356762061,-2.154244497,5.363917988386007
0.7436852514087088,1.6496820993746235,-2.486896873
-1.305654355,1.7853903612895148,-4.575516815
-0.012728192,0.2218174638789156,-0.977985088
0.9540144961257446,-0.005545219,0.008282299
-0.276112963,1.048518649527242,-0.08047308
-1.298660502,1.6339485326437402,0.48306756134145123
-0.64531015,-0.638297732,2.5645928635429818
-1.491497768,-0.072805315,0.2890526311837496
-0.73658202,0.6463603844240907,0.7272309895317812
-0.90613455,-1.44004105,0.4688522192815142
0.2787953498159984,-0.474468121,4.954242129488389
-0.051569707,0.18779099139147198,-0.174862802
-0.065488263,0.41724610439938803,0.1490555244268678
-1.454809755,-2.001968984,3.6006236820458186
0.002149176,-0.18417372,-2.783899947
-1.23050316,-0.860530013,4.144280223971458
1.1494907302562438,2.5571333487772603,-6.638085987
0.22336151371546079,-0.202951297,-2.493779643
-1.947291619,-0.783059155,6.507605357312043
0.6420934455667833,-0.656051226,0.8244866747185257
-0.044242984,-1.941220332,4.748672528467319
-0.045318872,3.3501238279781087,-3.224177192
1.6314069832835598,1.7022899720465148,-3.872410542
-0.089816581,-0.108470401,-0.49853287
0.15108257258014277,0.49293331412138786,1.0658377539185226
1.1550523921933418,3.5524650933085757,-6.861153799
1.6837793359324404,-0.272477256,0.17662980095086267
-1.326338273,-2.483165438,3.9039329420114917
-1.01676511,-1.669637722,3.8960124346021905
-0.670300672,2.301865901243684,-0.523456969
-0.551537743,2.5564695880439716,-2.932467275
-1.74285152,-3.635912076,7.445237800184182
-0.8487235,0.3862726790543677,1.5774081890262792
-0.054699056,0.12274179453653619,0.8968009718972876
0.10927983084905914,2.0417744842546237,-1.213840728
-1.395524168,-3.371491526,6.608121809
-0.869248193,-1.438725197,2.7688453376249273
-0.222817661,1.0460638187479208,-1.913225302
-1.238765278,1.444759439288094,-1.594935789
0.21506175305946695,-2.211774239,5.064526813871051
-1.142858724,0.6440704801226103,0.17246518201598393
0.39971086740001716,1.2053708044173543,-0.912831665
1.0845752373374384,2.4637528650433853,-4.532056005
-0.580613274,-0.102968195,0.2295558532687595
-0.002687781,-0.965951005,6.774609520840859
1.8545716687814922,1.1335063325405434,-1.709063731
0.018978348588795314,-0.374888132,0.035473294
1.458044986135995,2.407806034359706,-4.162367213
0.2961318719207831,-0.393354696,0.6588013680725202
0.7329323872604251,1.042965287117536,-5.033522387
0.19431143263692915,0.12139663990340299,-1.246515811
1.0351833643371622,0.6870395998856358,-4.22487762
-0.568094534,2.3520730751710897,-2.590693912
0.063457833,0.32263181808080954,1.8900490864839103
0.5820942590508994,0.979016005,-2.000946737
0.40371850086348887,0.396743233,-0.286878715
-0.86923363,-0.192615834,0.19616192425255563
-1.069103197,-1.010480402,1.3501935612962053
0.11700151525045482,1.2285152339653092,-2.678807569
1.2734809041248305,1.1391933482244359,-2.340255099
-1.001552121,-0.321786829,0.3712478344612659
-0.376917233,-1.461959136,0.7977993090995411
-0.168673937,0.3551227949614121,-3.118623337
0.6011137882003809,3.317117570640952,-5.099173731
2.511614450364228,0.8886027795251483,-4.237217902
0.027956105267924976,-1.048307455,0.946538303
-0.237844385,-1.666440572,2.8328070478973135
-1.1764392,-2.609639229,7.093885396844262
0.10587910668922144,0.46453651386875094,-1.307345155
0.6745868111556264,1.0360250589693099,-4.275480252
0.3833094530070113,-0.107243144,-0.799917467
-0.279697676,-1.214681886,3.3275265338334714
-0.007364068,0.3026539415234505,2.1658999253011486
-0.688512218,0.3074383845804638,1.258958783433262
0.3253564421367303,-0.151331227,1.4031772628439294
-0.972356405,0.667718852,0.45363139730792934
-1.019893198,-1.600097143,3.4792589082801415
-1.322936376,-1.725299263,1.4876733757888922
1.0973521551650225,1.3638696451444166,-5.620398576
0.6271368689619612,2.8702504813908014,-5.925216382
0.20477546326239607,-2.018104306,3.977688686461274
1.7087343531909391,0.11837844861697511,-0.917717384
-2.35465663,-0.965345446,2.3562471779997534
-1.019840824,-1.569833016,4.597051339840909
0.39821299698287105,0.49259129791604606,0.090924559
0.7072331612283993,-1.241979258,3.500039618248736
1.4401291624702008,3.056363317999452,-6.315471537
1.3331750168970962,-0.850541224,-2.183022134
-0.66852086,-3.052731171,5.699216812
0.21405900251852053,1.4487346151165654,-4.245880482
-0.261093978,0.920909524,-0.489318436
1.0661268691548262,-0.248551854,0.2796686701064046
1.4849814427785994,3.577038106223049,-6.115286799
-0.014672866,-0.482420904,0.8057025479236644
0.3869848056126346,-0.499898576,-2.302198596
-0.065572849,-2.158998547,3.0668085093241086
-0.206812144,-1.664209271,2.541882768366492
-1.474244423,-0.810275729,5.669221436172655
-0.300974913,0.4180646677700762,-1.209123556
0.6297663417586952,0.9124419337720904,-4.082320672
-0.127544193,-2.049014243,2.644092880485805
-0.096443961,1.5501210809784132,-2.547073126
-0.590997402,0.5158989601196002,0.7200234813049425
1.0922967753303383,1.9894924157531255,-4.789050934
0.7114390122521512,1.3337349845392026,-1.547513018
-0.760952478,-0.697408668,3.047101211950533
0.042577595,-2.483918018,8.108196470065087
-1.409208282,-2.538344557,7.118230253
-0.34332631,-2.737750206,7.391469960997907
0.5615401782136697,3.755515835,-6.266470534
-0.415716035,-1.812512353,1.5551976191630876
0.34792782511633485,1.809369602383804,-4.250561649
0.075413095,-0.574255459,1.6905190624712239
0.6377265009709885,-0.303089572,-0.653877729
-0.368768729,0.38398660983321603,-0.20123178
-0.882418397,1.7262508174643716,-3.649990668
-0.113131329,-1.710679375,-0.262311366
-1.577964409,-2.386035314,8.380387890868795
0.3824838631244617,2.051456536407512,-2.508022967
-0.378868055,1.2146811798016366,-2.454098458
-0.102573605,1.547935217669337,-2.8645292
-0.137886709,-3.983098569,5.828876391283023
1.9592196195694755,2.6923427306962333,-5.594650726
-0.816640987,1.5265301687598338,-2.798555938
0.14078296343276595,-1.496754207,3.026799837600655
0.2356949903203674,1.836223375065369,-3.663346056
0.4956997024219909,2.499868452331328,-9.0730935
-2.941509784,-3.095844404,8.543736479356818
0.2588180063627284,1.1050147519420441,-0.446793768
-0.087941279,1.139566697988728,-3.358095537
0.39656497702501087,-0.497690085,-1.11017281
-1.269007473,-1.739905675,3.2030038105281466
1.216610850866661,2.8813113080044173,-4.631894437
-1.22380525,-2.618502932,2.906301813
2.033603931648771,2.506214627839281,-5.236705976
0.7295333613291134,0.8378213510779571,-1.190711946
0.4134213730201781,-0.335262382,-1.293333865
0.29205561450202755,-0.272751579,-0.901854334
0.8948493383358347,0.20049109765181683,-1.711466269
-0.403304451,-1.522524764,1.887250808215727
0.8171940636336521,1.4970525175430347,-0.365901885
-0.164290156,0.4130671900545694,-0.180185358
-0.350911177,-1.082023268,4.4303289261501435
0.6315651431307181,0.35096217977438837,-0.197343784
-0.16169727,1.4396270257840231,-1.178367534
1.2737052257419037,0.28778479894154313,-4.00197602
0.5311093496556761,-1.427291435,1.5964866579114687
0.23403133017078828,0.5419503940699777,0.19883923943604112
0.6937203601706262,1.7682518178690017,-5.572523366
0.4879918838568635,1.0207462855105758,-0.460521752
-1.681645705,0.9360050774280715,-0.699490481
-0.217322646,-0.494644891,-0.480929692
0.2984506656765616,1.6696830106684315,-4.70169282
0.45271711330941355,0.29853756445167456,-2.006293713
-0.442232736,-0.275092664,1.6852227750859632
-0.329880467,-0.272749528,-1.994822772
0.39648719042193203,0.24591269267625993,1.3094020987701485
-0.691412797,-0.497144679,-0.469414464
-1.937505039,-1.634052506,3.0672088318120547
1.5598023280687905,-0.017901751,-4.55811612
0.699455753,0.9350536942587795,-3.8582841
1.4886806522631697,0.778659277,-1.281376086
-1.109522917,1.220011165065917,0.6796303077836392
-1.272358208,0.45791322377371957,-2.347117539
1.216055547199701,3.006154001758548,-3.138225243
-0.991796057,-2.822641349,3.850307639643131
-1.061265732,-0.742138942,0.3064637387692996
-0.841069751,0.5043595243652341,0.5179038948796191
0.2988636570855617,1.6167929704586514,-1.569492366
-0.173516181,-0.305752858,1.0272975065679235
-0.435510942,-0.458807576,3.7395723446634888
0.2189911009023149,-1.334880839,-0.310670607
0.8341996753072837,2.8039201680434624,-6.774805759
1.251538666547836,1.0178678267721621,-1.363345123
1.079886048703078,1.9092320142867247,-6.227698495
0.952260422,0.044832166,-3.335798019
0.20320889949775178,0.6624492278196774,-1.521318704
-0.575758668,0.4618896754671148,-1.706414155
0.8258219366305526,2.034025218343001,-4.261382684
0.063420565,1.292207323193309,-4.743598814
-0.682911491,-1.767959644,3.5675928740900753
0.16326691264203796,1.9230714106106155,-4.73782851
0.2792950633236999,0.9861301340732883,-3.065335136
0.2118225031476357,-2.140070604,-0.657698759
-0.944168649,-2.53520829,6.704118077049293
1.4172908457118816,0.5934640949524717,-0.072638589
-0.897049634,-2.933024255,3.773018975805404
0.5527130529204849,-0.170340399,0.24293346316631445
-0.548787561,0.6055596292328151,2.0730928831497044
-0.123889828,-2.558627957,3.8865949039233216
0.6440524801401002,-0.46616076,3.6507913662847415
0.31198155412475703,0.385420944,0.037103437
-0.831553402,1.1162331253267228,-0.365317747
2.1210507334771145,1.992123262607281,-5.419390296
-0.274290732,-1.906897155,2.8238390250743395
0.4856599854184368,2.720120533511036,-7.891016408
1.113149695415039,0.23487933980665643,-1.256363577
0.15524613377943652,0.9052212476370124,-3.312027555
-0.480354819,-0.066633667,-1.313016244
0.9859762663547521,2.427276370088359,-3.136855169
0.317424956,2.890715122814134,-4.977414259
-1.074150662,0.44644633163127107,2.070186983161457
0.2973319103294301,0.6111260987708433,-1.556797011
-0.594010527,-0.777759755,3.319297519
-0.760271841,0.6708651483149888,-1.242486488
2.129240943,1.9938940199854769,-4.692553956
-0.801572161,-3.118590486,7.008384136657978
0.7206528240289789,0.7004622421423836,-2.979758104
0.8718716980610135,1.5563346787928594,-6.686259338
0.1111644753931095,0.971999205,-2.061996671
-1.689533076,-1.268234984,3.844185629910008
-0.894532752,0.9489313842713749,-2.881357584
0.36129234391468673,-1.39002508,0.6872158582164198
-0.806118165,-2.572208365,3.437045861406123
1.199138230377328,1.979398848574556,-6.334456013
1.2910445987812114,1.7435256231700298,-3.855136153
-0.326032991,0.18705399129768482,2.001337796063532
1.013298879039344,-1.063875725,1.8580619466946504
-1.113650954,-0.393964219,2.145170493410747
-1.110676249,-2.686884196,3.522364228400113
0.6739276338582092,0.7347356890737222,-2.135531011
0.9336826430937281,1.5927789886972696,-2.915304917
0.0545835,2.2970260270104275,-7.667075697
0.28159543850384755,-0.652812567,-0.326593417
-0.80354194,-2.113362643,3.305663921523004
-0.366600675,-1.931530467,4.2568584782939265
-1.632173357,-0.333017034,4.674810974431478
0.5853543382332764,0.7596654490194484,-4.643855713
-0.242116493,-2.100609029,2.765237958575325
-1.275595083,-2.081643874,8.832623303699746
-2.083951397,-1.40441321,2.3224115650899515
-0.359634523,-1.359287757,3.516491066
-2.083626608,-0.743612526,3.3376539205739513
1.746003182412835,1.2245360522278086,-2.676734762
0.8638759875703586,1.2668674966420452,-2.163580817
-0.239062981,-0.156894327,1.5232685672209765
-1.279285225,-1.5283796,1.7121907760027724
-0.410925197,-0.110170405,-1.279473754
-0.084116879,-0.568143769,-1.354950051
-1.518206785,-0.6855297,6.555401598853602
-0.917636506,-4.721228409,6.821117494597296
-0.488061848,-1.930639853,1.191238525182075
0.8958077003974457,2.3523879870528135,-4.003037488
0.2731196802896351,-1.307102686,3.7871962798107046
1.6190678028554832,-1.298828742,2.136706773012731
-0.207206479,-0.768050824,4.566800026204231
0.656118748,-0.089793928,1.0066319711644898
-0.727443328,-4.153962496,3.8038642647124696
-0.788056838,2.2372880086162272,-0.714394026
-1.230518967,-2.590297414,5.7634576290538515
0.22623575366659002,-1.232732397,0.32439676397166717
1.5933159002734785,-0.078119553,-0.91698174
-1.594424614,-1.987658433,7.583913471944734
1.696908154453071,0.9630071382255592,-0.444347821
0.2996292419067816,0.2551509472624941,1.877508010581102
0.510774352,0.5584925505700928,-1.102783107
-1.501109278,-3.512971639,4.256168512321453
0.3273472588867478,0.5089243391339058,2.4076367220259223
-0.207872837,-1.124945793,5.917617447037513
-1.562231526,-1.007455126,2.0974074144913155
-0.77939563,-1.592635875,3.4035434893348757
-0.311927759,-0.173282171,-0.578008117
0.7126581874597837,0.4765440764806754,-5.647406236
1.4386608127904348,2.5284669587270603,-5.819198413
-0.313079562,-0.501890604,3.7835018278954355
0.17566152781574645,-0.314849702,5.049088829052463
0.4182225973854291,0.8996327470991073,-3.377759675
1.2776079610928568,-1.676012714,-0.015174885
0.13991179041418383,-0.64290834,1.3999883724515063
-0.940637565,-2.246718738,6.394455235005282
-0.149390918,-3.2283274,6.689898314928826
1.114798293833843,3.2765400604124797,-7.731057192
-0.387660669,0.6077730574616758,-3.648226691
-0.568789869,-1.505659498,3.2309960196893743
0.16295242505656116,-0.326219876,1.8084220582529227
-0.745939678,2.9218763565998964,-6.81886305
-0.766265153,0.7282971526949239,-0.784600828
1.635160762234447,1.2133219544208829,-4.859353002
-0.436905035,1.6510546480231574,-2.046346843
-0.358006085,-3.905157825,6.535221816290321
0.3946915833159382,0.18533619201394397,-0.576105071
-1.64654211,-2.572467003,4.695142810510926
-0.570918858,-1.318965862,1.6921533677278284
0.098469371,-1.202301734,0.25710241809549483
1.061095073952514,1.7016190852437059,-4.277650575
0.16892343977951757,-2.529131043,4.013495608428533
0.6440547830928725,0.9506657511515513,-1.097350816
0.6553419475996647,-0.818648269,1.494304695241697
0.12562264456691274,-2.571558639,4.541533156934627
-0.099079103,-2.973386888,5.1862977433356665
-1.245240974,-4.875394427,4.6040096980930985
-1.527730221,0.18005027995872663,3.597911285758887
-0.33999173,-0.105336266,3.5158080709828403
0.2018849572133448,-1.847895756,3.392120099257309
-2.801204785,-2.504054478,7.257282993834582
0.9834599055415199,2.3652844097639663,-4.165694349
1.1272774539884372,1.816569721,-5.651879951
-0.298780104,-0.452899439,-0.233070761
0.2003010008010291,2.138456188009685,-4.328483196
0.9429106879354021,3.019072664707596,-4.397096341
1.2540812153016139,-0.059500192,-1.185008805
-0.808183098,-1.381838355,4.299090503503055
1.5001717396829486,3.2055102129050743,-5.515991132
1.0689658670953202,0.841164004,-1.9084927
-0.531154293,0.2107250793027725,-0.978621389
1.6568393132698738,1.5057850665091657,-7.086950279
0.7864199291030006,-0.185051522,1.123050287017031
1.2479672179302035,2.3935364628897418,-3.984208936
0.38526798163927656,-1.753305371,4.759573956994213
0.2680982049437641,-0.080516671,1.6672831489484534
2.6884643916367494,3.754308991714773,-8.862494688
1.746541803859392,1.2029294411023688,-3.810380233
1.3917452809928816,-0.149474875,0.3066612394134551
-1.493150846,-1.218578922,2.529002387
0.2555969486686021,-0.752794916,0.3648061124692238
1.5005593229053775,0.9503811029720262,-1.250939415
-0.202351332,-1.744341416,4.161115495
-2.059843244,-0.501694588,0.029286776320488674
-0.281408703,0.7192069684011659,-2.323892852
-0.755858101,-2.04094453,3.611639724
1.2349778289029418,0.8429197680547886,-1.27903327
-0.064726036,-1.033317428,1.5606028611082676
0.175434315,1.7878318923433845,-4.580254288
-0.916830833,-0.58474878,2.304376738256998
-1.311950934,-2.068440848,5.671527314644888
0.6191131646300653,0.002302468,-0.992007307
-1.75536261,-1.955073275,3.483689435848714
-0.066117136,0.5317137185916313,-2.640664937
-0.410025515,-0.020806973,-1.095098029
-0.117783228,-1.524042444,2.644730361
2.051940890931031,-0.126940006,-3.915990443
-0.853388008,-1.872604912,4.9375801927151635
0.9705817890877104,2.9321326645594064,-5.244100781
-0.538182865,0.1409413576394528,-0.415875724
-2.066264251,-1.564248172,3.799459156465446
-1.444537594,-2.33487924,2.608511157436218
0.24091754575242316,1.0269621700797507,-0.594970452
-0.727785435,0.9266172698379272,-0.849040223
-0.085214718,-3.332386581,4.1428074492089255
0.051780937,-0.209823622,-1.949200568
1.5884300788700012,1.65187723,-6.276067459
2.789189655047492,3.867624591834454,-8.337937594
-1.729996024,-1.942841105,3.905974107272951
0.5193404030861062,0.6681966188293471,-2.052742392
0.7264549995439935,0.057308296554298144,0.10077667036785287
-1.123424696,-5.412508733,11.276611698077948
0.083582117,-0.60393701,-0.552210247
0.035154697,-0.124377675,0.7402954441958113
2.373982914671324,0.8407332003124788,-3.619407649
-1.631628406,-3.320797878,4.297285180742754
-0.041081442,2.6185454123225362,-4.735809772
-0.67935511,1.463506956553402,0.6615367488852749
-0.184506931,1.3964734059521926,-0.853290675
-1.449763825,-2.783936338,6.003379031074723
-1.330234858,-1.221502176,3.2512468442412557
-0.850994093,-0.321798559,2.611679443
-0.029199643,1.8076550915193013,-1.343063324
0.39916346824886856,0.029043066511399096,-2.2664887
-0.133057506,-1.364466037,0.068116783
-0.246049957,0.2808729781108471,-0.889118952
-0.06444072,2.0396418727721457,-3.923664322
-0.380867715,0.15475429225902593,-0.370916777
1.9151835039425211,0.8062458653405367,-0.521521623
-0.005634146,1.8789907268190913,-4.703936859
0.15760013905601233,-1.48330288,0.7795776878150785
-0.412736954,-0.20844557,-1.129986557
-0.80676362,1.197586581537235,-0.551443046
-1.40094261,-0.850311007,5.2987714791794716
-1.734589933,-2.382307252,4.873317642381854
-0.220855174,-0.363062024,1.1738072664181987
0.20885093837013785,1.930799970065424,-2.882020902
-0.210398298,-0.679093371,-0.124227855
-0.043313674,0.37303377261036386,-1.326309396
1.420365477734235,2.186022246929791,-6.003456458
0.7312689960978501,2.151219883635987,-2.817308306
0.874909316,0.6380452244804877,-4.769719157
-1.16430543,-1.011736703,2.1104461016025864
-0.829032119,-1.644779275,3.373199508824744
-0.268201745,1.1813637980273173,-0.006439347
0.7443954126586281,-0.93128851,1.5137139448898222
-0.652147023,-1.189640192,3.5195294555485455
-1.669624967,3.007574030170935,0.056630488
-0.651266983,0.5013432505154284,1.6568072619131835
-2.097447167,-0.854201539,-1.679089558
-1.088526811,1.1658573613486465,-1.635928003
0.12867084450792104,0.30488954991765216,-3.016578916
0.42707887198847394,1.1380611320893421,-3.516209992
-0.549172866,-1.641229744,1.495452850830905
-1.567853037,-2.505522562,3.7119338184582578
-1.222933559,0.079194086,2.8151015208722923
-0.547617439,-0.646711041,-4.28580288
-1.37350417,0.3459836664850318,2.701156678958239
0.8265782308337671,-2.374813075,3.878150428243156
-0.605396247,-1.512808844,3.252684658849871
-0.161272141,-0.646432731,-1.563024093
0.2288321641728402,2.0522749081981426,-4.863858367
0.2560430598871143,-0.157268228,1.0835107116530798
-1.498569373,0.5701969090829437,1.654197182171343
0.6373296833639398,1.2972739957166188,-0.837680575
0.024955841343167192,-0.668138472,2.5991717755423527
-1.426520414,-2.402459475,6.045081914367996
1.9108239386687376,0.4703128611571251,-4.5975053
-1.399624121,-0.519938456,3.317393603877438
0.3150232100028161,0.5234171528475339,-3.04634735
0.6675695058862976,1.6115311205367768,-3.691135132
1.4731153111656243,2.6644401865918668,-4.206988991
-0.856484471,-0.562109593,0.1306327309455895
-0.120174029,0.1129494943709013,0.9659825148334529
-1.034143195,-1.584084939,3.4352453031022465
-1.264808323,-1.21197914,3.9366071666860156
-0.52776893,-0.171018366,-0.047128461
0.8504217601175929,0.34116376348291594,-0.919562987
0.86698639,2.4170716292353855,-5.655345248
-0.036263945,0.666124934,0.12805620406884455
1.2793286161694861,1.1798349505939598,-1.425210525
0.088748247,0.1549204538122408,-1.136139185
-0.004907844,2.2260833585641944,-4.427915593
0.058638724175992404,-1.385776831,3.0390016374300473
0.24623360000418917,1.8072600966552292,-3.637712168
0.6216668796820736,0.041611166,1.6156743245203449
-0.90320493,-1.589830683,0.7778358900835209
0.7256420984829404,1.272663735606885,-5.045123306
0.345968725,1.2336901792071044,1.1267231119899397
1.3188506509102453,-0.866696946,-4.680727738
0.17559278199649375,-2.572153713,1.7320918504437437
-0.195164045,0.8721367468181331,-4.696277187
-0.774066413,-1.47110202,6.1540864297269735
1.592080788584838,0.3559101934894966,0.5482694393704871
0.974587577,3.144773501496788,-4.546456993
0.10827549213331424,-0.400650224,2.610717504661975
-1.315033971,-2.717971006,7.965813471679727
0.1688651662834401,0.4886542014888181,1.1810042031099142
-1.232521344,-0.522124989,1.8152702431145709
0.8551249972584564,-1.194136811,1.3290723054986946
1.4468901099944806,2.5874246078480274,-3.040440403
-0.972596964,-1.37342386,2.9254190877995288
2.1333579080186005,3.015775250433112,-6.556197662
1.0001264812548607,0.3428152051690161,0.2513663685384142
-0.528032665,1.8983288515936672,0.48182024773624077
-0.937045635,-0.029281067,1.214822284485542
0.9755876598030613,0.25531307817956994,-1.378067388
1.0784690573296805,2.9583028207484054,-4.7133296
0.074739213,2.245105535301832,-3.239783725
-0.770341177,-0.290888323,1.5825612939082285
1.108500765387098,-0.554801991,2.1030785751925327
0.21301696885911922,-2.870797795,5.517701594816788
-0.710651772,-2.265332871,4.853750345299006
-0.047086905,-1.395453154,2.2574369795808606
0.16353214950677433,-2.027017765,2.9595045936520994
0.5357798861309192,0.24691336070015202,-0.427894874
0.6537506125224918,1.161115293462622,-3.918995866
0.092527075,0.4264354796827705,-2.241591869
2.5913562784679045,1.8329681065736392,-6.282835936
-0.164591008,-1.955096291,3.0970714676791826
0.5254873301315207,0.5074521421116844,-0.709150876
-1.238946294,-0.289056144,2.570310166705604
-0.387597512,-0.378827358,3.7452611892575263
-0.103920775,0.6038161692345623,-1.957342206
1.1199618806290284,-1.26088034,2.053796129047128
-0.834469939,-0.48130726,2.057935681669302
1.1408322241145055,-0.587015376,-1.639983244
0.7862553553746382,1.7617767839060283,-3.673392821
1.0876876535321878,-2.414004632,2.240702080712941
0.3850840790739163,2.4573267883658074,-4.543198898
-1.212060075,-0.836370866,3.605524081642917
-0.608975268,-0.596365636,-1.633069567
-0.156895619,1.0366101330421713,-1.775838327
-0.756593573,1.5575958685950186,-2.627215834
-0.069269489,0.988327206,0.22561582441943873
-0.789308467,-3.193115907,6.734036875365535
-0.689517919,-0.977291723,4.510153447253793
0.7981917420477005,-0.683926445,-0.631796223
0.7724935560749836,-0.677847646,2.9778413089279567
0.4756011975350756,-0.156181221,0.6101103140620137
-0.161880468,-0.936934091,-0.128665039
0.3891587141694016,0.8350391695562984,-3.487082499
1.519410345382537,1.9742691364075198,-3.347556393
1.9457938346155168,1.2527303242893182,-2.116029653
0.7940163119881999,-0.699333741,1.6160164399735175
-0.153156552,0.062781497,-2.488319029
0.45482883468449914,0.48684624551596584,-2.217597699
-0.635225109,-2.052133599,3.788004320219835
0.28140327151924177,-2.031701977,-0.152562848
-0.277830974,-0.090305111,1.1785713340033355
-0.854044495,-2.376522005,2.390520269739147
-1.177662831,1.1051300290173307,-2.190101694
-0.983412568,-0.906268334,3.3504819985208205
-1.193189278,-0.730587803,6.958376276780576
0.8952069418740893,-0.382550566,1.1857038590492741
1.0396587524140715,2.712784778640116,-6.316683698
-0.505981805,-1.043251864,1.4300399306918599
2.4862937860993433,3.4513061958183666,-7.533954131
-1.155764816,-2.385108421,5.5618908532468625
0.8998915484850818,2.2194168905330707,-2.47537102
0.057178481,-1.71341803,0.8245800429561568
0.026240442,-0.867185256,0.4150567079235177
-1.587951932,0.22999978040454327,0.38746326167719103
0.9331912076454015,3.8974791950557552,-5.484994087
-1.038416963,0.8794813476088706,-1.721538427
1.2299164015781048,3.8766322877935693,-11.13530597
-0.208053153,2.0242550259122942,-1.339376169
0.5839468297478644,-2.382792848,5.861739806
0.5532250860631307,0.048551179,-1.62146277
-0.709255033,0.29922102147062585,0.8139246710630633
-1.752025438,-4.607836563,9.811475375556732
-0.421001293,2.6925576478326816,-3.811738829
0.24291130556717733,-0.655999277,-1.36961552
-0.773575817,-1.551240552,2.8571442671027363
-1.479286185,-1.57431861,2.5733435288363973
1.0490001589317146,1.4767255407678712,-3.035807768
-0.504395993,1.2739270304578327,-2.251634375
-0.632298115,-1.820884565,5.864755946154373
1.3530202218905019,1.4983353422464334,-1.710280575
0.6633028813605675,-0.098972012,-2.036490458
1.639158098580337,2.064684764007843,-4.001719592
0.4206983917228998,2.443585277738038,-7.966227434
0.15800262899727632,-0.486850825,-0.119626368
-0.463512866,0.7362434892403696,0.33973640112826226
0.17272781192207465,2.155678886406777,-1.01872311
-0.567372293,-0.213707269,-0.252899788
1.1692035306265771,-0.120967806,-1.651471687
1.3530812481579049,4.225833239458497,-6.66259758
0.093393451,-2.127092269,3.736245724585493
1.6664855971441437,1.4599960123996207,-3.547055414
0.35373903260089884,0.8007158922813291,-2.397193095
-0.073681853,0.12265752506895822,-0.005366953
0.5725257392629615,1.0721078345718704,0.25408648162167935
-0.43671009,-0.930333195,0.9130243212616977
0.264695324,2.371660985327104,-2.96316897
0.49806682818146064,-0.102491461,0.5786085862428206
-0.780595182,-0.340341732,2.596374268061067
-0.279624698,-1.431979351,3.367696548035745
2.415559837112597,0.036327623290740685,-4.762130075
0.018573237694396755,1.190973579,-1.353815894
1.128255317257047,-0.238287073,0.7991831643236877
-1.428566063,-1.644058634,1.627890211064676
-1.097759117,-1.095178827,4.502745570894111
-0.078066245,2.6610921845182673,-3.19681463
0.6486913362981241,-1.119566914,1.077250844747527
-0.736595458,-0.491970187,1.1216050872262653
0.7318317176441202,0.6279096244270683,-1.341313796
0.90281856,0.9307579439357209,-5.108016477
-0.499942353,0.9006906073491083,-1.495124944
-0.970863489,-1.170861673,5.833678023446805
-1.773578171,-1.883241419,4.011854745959448
0.8492759637349104,-0.318908397,-2.297670572
0.7946274831513156,1.357554107621101,-4.744215806
3.159869888738084,3.0658940531920003,-5.117841401
-0.455564301,-1.924427475,0.8138980173034631
-0.758094377,1.3657538728330918,-4.849897843
0.10536348074090515,2.4918430261856654,-5.763998735
0.22713789343806068,-0.317942434,1.3412147741782348
-0.540140801,-2.423816831,1.492203885270434
-1.207126807,-1.556736368,5.325897149515749
-0.039368728,0.7999442355010316,-4.232792009
1.7799571700017913,5.498750641825854,-7.995608825
0.027362322,-0.2738584,2.4699354636031363
1.6423011175045354,1.4497778882836136,-4.698236894
-0.774143436,-2.059021215,2.513226247885029
-0.59359389,1.3317479549945026,-0.760154389
0.8202188793724082,0.45148785952878034,1.0626368300024183
0.17266651323438342,-1.29569527,2.666192689148841
0.9853784230754082,-3.847422833,3.3769258018566752
-0.818645659,-0.177112174,1.5480586397751401
0.4696207647413961,-2.243034746,4.852858057564435
0.5880946056983034,1.2806041037872415,-2.162520168
0.046378730017630335,0.6310368812222616,-1.17921474
-0.120428805,0.31548441900107016,2.1015127444261816
-2.891611484,-5.167906323,8.087950355
1.1223326206027213,0.8037395563052654,-4.758421216
-0.139882338,-0.733519669,3.684041097
-0.490518528,0.43733573095055345,0.11477916110776043
-0.430539224,-2.367606722,3.5229691934520697
1.2395421219603775,1.2164547811429178,-5.95729098
1.3416933374889581,-0.28585422,-3.887860609
-0.03770351,0.24007893426974572,-1.23308862
0.5803906103621241,0.23018810300056608,0.057533844
1.6384305444337925,1.4477356874480392,-2.499525958
-1.016515349,0.47678016868685386,0.7221432122347056
-1.52585215,-3.536638635,8.232870306
1.1240445076050514,-1.662746039,1.4381512664413694
0.5058702525474239,2.4101912258142995,-3.313739052
1.0753930873674435,2.370882705917322,-5.624745669
-0.415435434,-1.405059532,4.405901991856567
1.3272077681448609,3.5200857195337996,-5.237400938
0.9681650942918942,1.7641226431687804,-6.420719426
0.2723741323063829,1.5252193150114568,-2.993250705
0.9578244078665024,-0.319747862,1.7213399966759027
0.5076526494504137,2.091205126474967,-6.217755228
1.5828634446117829,2.1837374640444516,-3.016427921
-1.522482305,-2.263258659,4.153166327943061
-0.191963025,-0.327285838,0.6139559651110165
-0.761448302,-3.901529757,2.543495174
-0.275985917,-0.896113322,2.837641574149175
2.2736914886616946,1.3414530268401084,-4.61994212
-0.178160289,0.061997699,-2.472691607
-0.531544447,-0.434176147,0.700144328
1.173346906245687,1.625422497246955,-4.462784055
-2.913271407,-2.475778923,4.291660326999527
0.6034955743374332,-0.322040747,0.6413213473533511
-0.748669021,-0.23206838,1.4987404509116202
0.031815071,-2.831759141,0.17962008738632973
-0.460212912,-1.035387494,2.8720178137709516
-0.390133267,-0.178862792,2.859154931338672
0.8952320191343119,-0.316212121,-0.880186703
-1.18559417,1.1626229489260427,-2.268111833
1.4690164275887936,1.1712102352901717,-0.386525739
-0.992506941,-1.239698085,2.3105672182372596
2.8346472978941004,3.180699234566203,-8.721535834
0.6311062199153742,0.099517957,-0.798474848
-0.552522919,1.2948516682117095,-0.412455344
-0.535996222,-1.188741448,3.722353264386653
-0.632772568,-3.142278472,4.351677685790747
0.7406002672049352,0.088643433,2.6479758293149356
1.127284153,1.467321522,-3.293768121
-0.39719243,-3.442197535,4.875767049232203
-1.418914803,1.116223384543861,-0.828777341
0.8459606928376434,2.7304354222579055,-4.336436834
0.24285768884976286,0.7535530762919519,-1.152310388
1.3031035791628842,-2.143259021,2.452344277122546
-0.429167902,-0.401385881,3.727951749821721
0.12484832245605726,1.5280993248746055,-4.017718753
-0.487684825,-0.13726009,2.1208774512462973
-0.835859584,-2.725432849,5.299542050692058
0.5239651053616604,-1.050946864,0.817638594
1.1671365627755137,1.4360007585226835,-4.744033118
0.2189924004394174,1.2274250590723477,1.0282418897457541
-0.232588362,-0.65522178,2.5567608033290496
0.060270211,0.6236880927585955,-0.994026385
0.041077911424152756,-1.296875472,3.7957895623919025
-2.141489792,-2.504072655,4.619674085201009
-0.979737082,-4.071382948,8.130665978
1.795433842499934,1.2764772153432555,-4.771545502
0.28048036399360815,1.0230187673804199,-1.381361163
0.4989779609391032,1.6083977519798922,-5.438125691
-0.648439317,-0.964894372,1.9431743667562915
0.22410599004002923,1.358328181304942,-0.250487293
-0.041157467,0.8968052105237925,-2.524517108
1.2966504489429422,1.5140509658109005,-0.676223811
-2.079739326,-2.917070178,4.746499640308447
-0.406557024,1.6739170611838587,-0.21337068
-1.224671826,-2.318078538,5.439215403182091
0.7542040796956669,1.608640137,-5.655002558
0.18289855451390447,-1.679228014,0.8854814028494773
0.6993409932689203,-2.262736796,3.3236465480396213
-0.378088633,-0.24112284,1.7746440010113878
-1.204017433,-1.018369541,2.900900185403848
0.1572859105164768,-2.10610645,2.1628033499114507
-0.38030103,-0.540004592,2.787949327388805
-2.488577614,-1.093133623,4.656304072265634
-0.087766013,2.6244867342414233,-3.651226124
-0.78918711,-3.040306266,7.426474580956789
-1.026953433,-0.96236599,1.1808824567304081
1.1003481779938313,-0.2475969,2.0587086012764693
0.9637967368182988,1.839563913308152,-4.503060928
0.7600750461397209,-0.384630176,-1.922993817
-0.228307252,0.7170415425994334,-0.562023214
-0.069473221,1.1206410195076626,-3.994238186
-1.588483638,-0.905010034,4.210128975340537
0.2049362451436148,0.8972707954907226,-0.935199704
1.753699044998397,2.174900617898165,0.7483449927526684
-0.266116662,3.766580047861056,-3.475674312
-0.775481879,-1.431092526,4.7792266639379415
0.063100452,-0.208525207,-0.473767423
-0.148990445,-2.318967365,4.776415325223076
-0.321906047,0.1653298200259112,0.019981891775728733
-0.106917271,-0.709879425,-0.568200615
0.43603413739472136,0.086232082,-2.182304354
-0.774047966,-0.99769294,6.378215162097385
-0.888305616,-2.562332929,2.6472950875227443
1.2054577523624834,1.5502205894307712,-0.949508592
0.6898131110966341,2.178182538436662,-3.58324393
-0.540453461,-1.043102751,2.590811477474324
0.7527952925106504,-0.351102409,-2.593909674
-0.467902815,-1.183230817,4.150442179979465
-0.912096965,0.5566360001754849,0.7869780759618865
1.119896184,1.9416662865966323,-2.324623566
0.888565759,1.352084454,-1.323612487
-1.220253401,-2.618090563,6.030397017968738
-0.315669668,1.019921033935373,-1.834679618
-1.476739639,-2.096435829,5.540882009197844
0.6636502776696165,0.45205396267544706,-2.817484276
-0.206594907,0.30517692368356575,-3.276928931
0.22956778916251971,-0.518546821,1.4901066509808238
-0.491018741,-1.910861211,2.126747026086066
0.40574298500511474,0.22911244832117728,-2.883077955
-0.157163113,-2.395262404,5.134164519440696
0.3607256489050488,0.026019814,-0.49308136
1.1226680191119696,5.172625324908772,-9.134207577
1.1227468865810746,1.9557938470779779,-4.185397379
-0.954275186,-1.806825974,2.559446603542442
-1.364224644,-1.228550162,5.3431471913903215
0.10474495564258277,-2.236614259,1.9404267740071406
-1.274646915,-1.50984545,2.836459086068461
0.5531140332005506,1.2724571623648573,-3.726864964
-0.407645846,0.036308020096007546,0.22328247688299258
0.24275029594817057,-2.249848412,5.839029198
0.6113849665411665,2.500203665563536,-4.567377369
0.5402840367128777,4.076647745976477,-5.591764844
0.5524447694768668,-0.101094392,-1.818857078
-0.008192966,-1.947452009,6.085238051
1.3164147535900919,1.319833278050399,-0.291317398
-0.174444809,-0.960578844,2.6401054106517514
0.7740534673339636,0.5221492619758517,-2.812782387
0.5674769277650904,-0.927480551,2.404794782377983
-0.279403893,0.29744027906550574,3.747538236
-1.991986152,-3.50637116,7.755460918624408
0.6417721052073047,0.1638907438128634,1.1021053858984682
-0.900444132,0.41860552947875673,-3.73924785
1.1110892326458828,5.298627453,-11.74714133
-1.229854673,1.165826047262259,-4.06639589
1.3622050497109257,0.7313200069203456,-0.369882846
0.7587588766417032,0.5656415548758202,-2.217978677
0.4169344957413112,0.5106969513401625,-1.921607169
-2.048577871,-2.582669418,5.140742651237145
0.5760093115089036,1.9291358213986771,-2.390757235
0.7129124141361745,1.5503827231350649,-2.621774912
-0.406105685,0.19102964073079504,0.091513158
-0.190161956,0.7196174012710954,2.3966983517059886
1.0920436331732084,0.9215192816724498,-5.265199617
0.126059561,-0.366063649,-0.308813772
0.6284279779220366,-0.678478894,1.5342365436026997
-0.003779097,-2.434064514,0.9302140254049808
-0.158222444,0.41154008580250145,0.1159545717865787
-1.074269582,0.25738344255354917,3.878814833644695
-1.464223756,-2.420208972,4.569657877047315
-0.444070397,-0.410116019,0.035000867083461396
-0.817811663,-2.305576965,7.8447327330517265
-0.854674307,-2.01279847,3.410497188845688
-0.230693021,0.48680084303525606,0.8262100146015934
-0.566787491,1.539971664987264,-5.318523293
1.6113264706172303,2.780004141439026,-6.204775177
-0.685005362,0.328379786,-1.372147713
1.1814403352938385,1.1776181673074444,-0.940806641
-0.702312622,-0.606534194,2.5416064345164484
1.0740840794442514,0.5330397868281527,-0.643000409
1.7598529416730904,2.202936091412206,-6.066921387
-0.764657003,-1.043009329,1.1746962649050317
-0.888415497,0.9343642617265915,-0.723106796
-0.606264717,-0.733535938,2.0509426838999607
0.6569189118516817,0.5800774694044317,-0.531755339
0.332429566,1.3913308436286163,-2.013752118
0.4299597747016592,-1.555445156,4.601509025580779
-0.696616903,-0.411057497,-0.700119639
-0.412223594,-0.177639796,2.736690382690373
-0.10110963,-2.376294373,6.031452983141256
0.2543849082616046,-0.284934551,2.9188710526614874
-0.374653845,-1.554236144,5.555715509393833
0.029302628660073417,-2.24785016,4.205994809971776
0.46681688636186014,0.5816687940196338,-3.145604989
-0.984066997,-0.054804409,1.2058310143010313
-0.28952318,-0.649990254,3.6336691402293857
-0.85505628,-0.684487886,0.020283471
-1.205610895,-1.678855548,4.035541717065295
-0.361787345,-1.346615282,3.1113928435215383
-0.668615981,1.2332110187211882,-4.618183437
-0.380739102,-4.009201711,4.520682084287665
1.550309968881071,1.0603788416304443,-2.551014301
0.2636840077123408,-0.521224215,1.696418684382175
-0.657042231,0.794275824,0.3346273271301703
-1.353284601,-3.408554762,5.935971035670343
2.810322029348333,3.8689051075178558,-6.410005934
-0.550418896,-0.273919747,-1.277573913
1.1856353013083185,1.9325813226561015,-5.443511754
-0.920123198,1.054502727811924,1.7262149432301366
0.6737293333692428,-0.746471094,4.631087970157207
-1.295292123,-0.810220903,1.3507494871263677
0.9574629471569072,-0.139027267,-0.953938196
0.9705598796700304,1.1500944540772036,-4.746079651
-0.50097508,-0.749270584,3.3419136447035878
-0.611635144,-2.030182333,2.224532645389872
-0.432025399,-0.75127525,4.335346695489184
0.8777695936491849,-1.386138258,-0.542118246
-0.34724833,1.2875118192198953,-3.486810101
-0.381866984,0.2553814117811195,0.7574871278889596
-1.390095867,-1.306140465,3.954392306971102
0.13052937918917487,-0.882681778,0.18049729677013376
0.094484947,-2.208400276,5.479428550284597
0.7820781622220881,-0.380463467,-0.192157306
0.7462274962027454,1.9987172839500458,-5.855068832
0.050894642709901475,0.072370068,2.630971863130547
-0.346249445,-1.465631801,4.2619311651850165
0.6844554756253597,-0.045162379,0.772646344
1.4921469874764879,-0.66844407,2.642222592462734
-0.590977524,-2.636734188,3.704827092
-0.171848746,-1.250179392,4.149534902629968
1.4783308848000505,2.233973845,-4.077308294
1.2055984239202153,1.8954788341728355,-3.467869404
-1.965050318,0.7600569458440161,1.1558059109884522
-0.067437476,1.1785819571153553,-2.188750212
-0.513959606,0.46943674880271063,-2.361432165
0.6662824449739854,-0.032445372,1.8219332513682005
-1.377795773,0.2506754417784081,0.9954943581709522
1.0537667038461935,1.2432292160723852,-3.506520331
-1.232454558,-0.49796795,3.509769899072303
-1.816431273,0.610135296,1.5135254050512195
0.5810552166647263,2.9913891284754706,-5.892265273
-0.30035276,1.1286310054770186,-1.292505397
-0.900238447,-0.636891598,3.9768127339602675
1.3922169607196575,3.638014672325892,-2.896872394
0.3181609089235733,-0.329867292,1.059953215
-0.929939415,-0.643385177,0.4402534181210484
1.1688330121730848,0.8025760019636561,-1.97473839
-0.006219268,-1.935083034,3.3670936924374497
-2.055839861,-0.882149269,3.676569571267854
1.0878048958466664,4.4533857980628255,-8.767272104
0.5333389532203284,-1.026365463,3.307227083000088
0.064211604,-1.615795044,1.1218202468001335
-0.769552716,-0.974028063,-0.121413311
0.01312204,-0.381479454,0.35988291134780664
0.8787902025159402,2.2223992636852996,-5.110006928
0.087576282,-0.223305882,-2.869682389
-1.345862508,-1.117611914,2.9401222076447118
0.41790460518772543,1.170049286893809,-1.151413094
-0.808137533,-1.869417951,3.8071444759489976
-0.903386403,-0.603932099,2.205145183825482
1.347472112940852,1.816437593038366,-0.855831601
0.5196326188764184,-1.909350446,1.6130350754637548
-0.853318241,-1.476823688,2.173719889905283
-0.43017822,0.098781119,3.4782502112037035
-0.436863044,1.326802792127939,-0.452066042
-1.178104965,0.7773972523232432,2.295599838813782
0.6189035795135581,1.0643070672705714,-3.685311774
1.4956310405216395,4.922256961036695,-10.98671981
0.000980279,0.9783778351209657,-4.144882851
0.8810839605030473,1.9803716903872455,-2.750381556
-0.0363019,3.109425314880945,-4.424742642
1.0527000233249217,0.4995161831414993,-2.848491158
1.3097630760888672,-0.427440399,-2.621239435
-0.117343253,2.6798789454631575,-3.908413966
-0.453012066,-3.114753104,4.1213980929083895
1.1077462342051412,-2.585051478,0.2455295211896058
0.5034322582911991,0.6947750517144354,-0.113449464
-0.511512284,-2.983938056,1.7886283393847489
-0.383046997,-1.789028739,4.994814633303225
-0.246297928,-0.817927198,1.910317233113407
-0.65788105,-3.317184635,2.0456063253319288
-0.627542199,0.6746414357877741,0.2306698553867017
-0.783978716,-2.706498006,6.277968164930761
1.548497468279115,1.2661338755536702,-3.412961555
0.34106786542924833,-0.578295065,-1.168454071
-0.480285442,1.3607817441937577,-2.524688793
1.3996435394393514,-0.957671625,-0.302451651
-1.064281117,1.4074245803931609,-2.683322646
-0.251567278,-3.583779193,7.725623203146131
0.11630941900376929,1.1138350491569486,-1.552232442
0.5199543268263879,-0.132772886,-1.930025213
-0.855485331,1.388134837842663,-0.899208428
-0.546583769,0.7498595154309298,-2.106857457
0.4154331149807215,-2.075420594,1.419533414709983
0.20614931762218466,-0.741788911,3.142578342366892
-0.384265944,0.46061544547960487,-0.855547697
0.6068527148385574,2.373112097693333,-6.074637315
0.8607249770571522,1.3340619857396052,-2.059736637
0.16520639142616372,-2.107923139,2.046102771397224
-1.168608244,-0.83901265,2.373279535127433
-0.848806214,-2.530112963,4.089745107185889
2.0230506704942584,0.6589460162081415,-2.777348483
0.6526369685528753,2.8424525404139622,-6.978940532
0.164489797,-2.003752735,3.1717783738760743
-0.732724041,-0.019149539,0.9432186257714297
0.9095414239661332,-1.371954603,2.6618278140400906
-1.557066218,-3.139982878,3.7745352528122638
-0.913790118,1.0556012361192164,-1.60163071
0.23984015422650828,-1.123967057,1.0939258702225858
0.5485907787992674,0.099912019,-1.190178169
-0.81023186,-2.143722026,4.3088520006955155
0.5531792415714094,0.13233975742405535,-1.155484144
-0.888963357,-1.041588778,4.210211531851276
-0.490636446,-1.615820334,0.35930352443854885
-1.457003514,-3.611628692,9.573651280810399
-0.32748252,-0.074155357,-1.741056389
-0.376865996,-0.767886715,2.4332967883608334
0.16239653176345914,2.5293775317863427,-5.994743469
1.3605528616426315,0.5753609629908972,-3.563880035
-0.183501314,0.081712452,1.4077311089242657
-0.861138911,-0.482083192,-1.618227089
-0.565770664,0.017512472,-1.077244282
-1.049328245,0.39949493255816393,2.0237385386594244
0.8062951411619226,-2.276584278,3.7998618589478483
-0.648447262,0.075821791,-2.367720586
0.17429733720109025,2.2254060064565055,-2.824295729
0.7501320725736321,2.2527707832741193,-5.078915107
0.20938138156149683,1.1109893941104323,-1.3362251
1.1160353301764867,1.8989221076022613,-1.950250603
-0.200781999,0.8999786415072244,-0.942665498
0.091789426,1.9740697923357158,-2.989254104
0.622289165,-0.558063896,1.2176525194837622
0.285078619,-0.821160006,-0.625529402
0.2815844421761744,2.8275299630852135,-1.936343868
-0.551333106,-1.241972279,1.9843022313727707
-0.63566899,1.519273689075541,-3.153355022
0.8857004809292924,1.652363371,-6.111193231
-0.070812069,0.039198007,-0.088707864
0.081432205,-0.442176127,2.1169848456877176
-0.452627187,-0.660007622,3.0232455594671883
0.8812580680230295,2.0101989459078244,-2.346028256
0.39340315147717536,-0.23335241,2.0616717249069816
-0.551407691,2.1459238494441246,-5.900181863
-0.907965517,-1.540282125,3.1341034989130794
0.7101497571935853,1.753783762,-2.87063365
1.4160516016358018,0.9174798027797657,-0.922416287
-0.474754444,0.21472642723063437,3.469303005666018
0.5492658768549066,-0.475864251,-0.155021234
-0.382584932,-1.279092822,-0.387416747
-0.349896806,0.5543369108041769,-2.275455044
0.14962702067786132,1.8420936371099048,-3.660660016
-0.312537119,-1.227213121,2.194437953093006
0.6061934070161613,0.6836305734278536,-1.803811679
-1.554480519,-1.693009899,4.668507434076061
-3.160859354,-1.979949436,9.492220891166323
-0.100939916,2.0094002475098125,-5.685837462
-1.707388668,-3.061960126,8.811420988
-1.38007749,-2.383472517,4.495379391794538
1.610675325628488,2.474664156951666,-6.394336402
0.6335530953468229,-0.19682554,-0.651142983
1.5529676023828611,2.028837868761464,-5.080767906
0.6920136300332909,3.0729179981918784,-3.168396871
-0.454879804,0.23014744600068882,0.5475903601824857
0.4937576395053765,-1.052273588,2.207936887357671
0.5219522091167397,-0.054766118,0.99764128
-0.21428602,-1.304076014,1.9836019428089036
0.5385026049617552,1.296087423979627,-6.06262299
0.012716416993962861,0.8246467226492742,-3.920093856
2.378093926738546,2.390652079621931,-4.662075816
0.6247636312621324,0.29086302576748824,-1.54183361
0.005489876,-1.496168276,3.556340114725462
-0.017077826,-1.243452634,-1.74015044
-1.498958897,-3.318283568,8.067489367776906
0.032483176,0.7995467174030442,-0.278986773
1.3122689379229096,-0.278982745,-1.078877931
-0.912979286,-0.030313153,4.683367604687565
-0.015125635,0.7131020581381633,-1.019333437
-0.411133353,-0.129196158,0.1400181060500778
1.1027794440533811,1.5656597060811348,-4.527533281
-1.872984272,0.3439491049589486,0.8717431062786312
-0.231863271,-2.082914072,4.542013620769857
0.8591198729361939,1.766336778770866,-3.841990373
0.49027360417711247,1.6506120591194477,-3.612077869
-0.893369557,0.18771357745103534,2.079460343932599
1.1677462280897162,2.542724382726381,-4.740852527
1.2839196547487004,0.22916457253787792,-1.713070282
1.0354356921869219,-0.791148652,0.658561719
-1.103031379,-0.55755456,3.2621757073355915
-2.460768732,-2.444633071,2.4322855829613004
-0.531998239,-2.208574501,4.423882560699738
0.47524924091295007,2.311628429525648,-6.015072729
0.6960101563454381,2.8377778503072655,-5.632428418
0.00019447,0.7139068763903058,-3.24951405
-0.700215691,0.5818434071365282,-1.759589301
-1.192105557,-0.776117779,3.9117398335770606
-0.072808521,0.9949769810578953,-0.318296448
0.5601990023032639,6.070304768852904,-9.083732906
-0.474646893,-2.123191812,3.616337113782044
-0.1200374,1.1401491193946922,-1.425875534
0.20814474282666337,1.7540930104242585,-3.182729433
-0.690841549,1.2360026031224203,-0.081078421
-1.639025534,-2.217174992,3.8913019086914975
-0.203217919,0.3507955780902614,-0.775369759
-0.011316144,-2.882530971,4.618814400791149
0.4563655231711314,1.9788051593551024,-4.346974831
-0.66165515,-1.807649301,5.024022013569056
-0.651451873,-1.080237683,2.928515307821515
0.7368170594248669,1.8478714213842062,-2.906916536
-1.527548266,-3.455397316,7.473469607484538
1.8449350722564788,4.912704235031114,-12.86455343
1.096031295176595,-0.755351022,-5.51945216
0.6010158129298964,-0.773424226,0.4190174040666679
0.41309531977241587,-0.724990007,-0.218497519
-0.209475939,2.056815770431328,-2.979830982
0.098952751,2.2512370001259585,-2.964776867
1.350400224794799,1.618059815375108,-6.210316873
-0.585170085,1.413292500138919,-2.066708226
-0.68476212,-1.488593483,1.6804610500405543
1.686817628550263,-0.342756757,-0.810413115
0.7263086813950512,2.1251463774027317,-4.907556203
-0.944784611,-1.197087617,3.3925009716040666
0.9086973455971518,-0.722145694,-2.366474958
2.9221400188262514,0.15305956337456816,-3.815081654
-1.128030562,0.10828049987749366,1.1300674709739054
0.8558097488783972,0.066405979,-2.666079189
0.1086126452391672,0.8217369727358745,-0.272887104
1.4000263619033624,2.0030979902732216,-6.264871731
1.0877350163219706,0.7829550123035975,0.5642376731355001
-0.792697366,-0.747659802,3.804572376041047
1.017684030006918,1.9344104228841759,-5.12191427
0.44041115429628047,1.5468888568741557,-3.972710808
-0.006513412,2.0623464408349026,-2.225209845
-0.977642758,-3.864127061,5.665404268776854
1.2776875462352562,1.429623971946782,-4.515921797
-1.288910798,-1.791362409,2.6958353237938644
1.6556947285934642,0.2986529689659454,-4.81112273
0.4448630183362275,1.8913803422957371,-2.688705165
0.9891144089109783,3.1855075064663705,-4.925973193
0.1336387474008327,0.097535201,0.003905724
0.014976280659133031,-0.625460486,1.938561116123967
-0.864709538,-0.199869804,1.200024676010353
0.2120862713554995,0.9338681782921201,0.609399829
0.5336599473179743,3.4294408053404988,-4.393606445
-0.84678004,-3.320792379,8.949788740154524
-0.635936423,-0.228543992,0.16329673597295957
0.7460168535487558,2.1206418093678394,-3.095839929
1.272612513210213,-1.127509964,-1.257597222
0.9091458742752033,2.3005132215691555,-4.821835187
-0.860240301,0.42734447607165554,0.5330121491955617
-2.190563591,-0.895111525,1.1114483830782693
0.026626317255691926,-0.316383551,1.8743602755302833
-0.729316694,-0.127796145,-0.511999467
0.7570795188239623,1.3882344799883704,-3.690942267
0.8037457815366555,0.038504959801227145,-1.709491413
0.53259912,0.8890717514010456,0.16034115260598084
0.5824220668206646,1.118857970733641,-0.875850651
0.14678287618453684,1.9596664580560816,-6.560029466
-1.456880389,-2.017535305,5.159751910471216
0.071740198,0.3504501146696599,1.4083377699976487
0.6368258696045472,-0.598206334,0.079124086
0.5722628998393477,0.871608112,0.6491965403827198
-0.141473244,0.6106879339981485,-0.977226795
0.5102756398984004,1.5789890743728465,-4.424913315
-0.799559779,-1.604675041,4.7437978281562945
0.8307967672150982,1.5590802842827713,-1.464372949
-0.635447214,-1.620581507,3.4982066837589043
0.6934695649773707,0.630143306,-1.840822172
-2.243430867,-0.255572659,3.846979180509339
0.16110623722914344,-1.19467329,0.0931291
0.4459680139646025,1.3095668228588635,-3.114014169
0.5997269726798518,-1.704920008,3.4271645974153806
-0.170662677,1.964211260238384,-1.122617098
0.8355108585895069,-1.257131259,4.059529387124194
-1.406327959,-1.595568733,6.1037831348705645
0.982388394,2.801232140071051,-4.79952918
0.6529164197843202,-0.061103967,-2.355761888
-1.542288254,-2.76604654,8.878698716
-1.482760739,-1.593040716,4.679352146
-2.02997591,-2.499106024,6.142271581715072
-0.757535403,0.8449896599570479,0.745532773
1.8555328819211498,1.5145804464832224,-3.952232397
-1.307422728,-0.717756645,1.5886172164607795
-0.33148811,-0.891719857,1.2513409807582447
1.4207800171984017,0.1353541644111242,-3.419504206
0.7046226897662429,0.11696485629758563,-2.086147307
-0.116037123,0.9263326622202895,1.6756378729683903
0.834394187,4.710497450619992,-8.464641874
-0.281018517,1.542544071974845,-3.410141562
-0.533586149,0.583821338,-0.594619722
-0.538288085,-0.852697953,1.741875336704985
0.13835250731053014,0.44021098951589305,0.7420680700015687
0.8814844563805041,0.6764308545727852,-6.194132108
-1.210311156,-0.348619193,2.7242665994679265
1.5911010487103667,0.7048252168991211,-4.416300857
-0.672291291,-2.495184784,2.486627200235875
1.112543234326599,-2.081763718,3.3227148239298314
-1.505609304,-1.811752767,6.686220529045201
-0.763838927,-0.797203043,1.366171573731307
2.3476709436388177,1.7203345581823584,-5.529472751
0.7311939038628077,0.5011443145399557,-2.646135546
0.11602647867387501,-0.181118046,-2.253288389
-1.660032949,-1.760936119,4.041707706244137
-0.331980618,-0.33010163,1.394363211016598
-2.290903216,-3.059815538,6.081090574937676
1.4154156736629158,3.7803195678112735,-6.842116481
2.7225169083561975,3.155855395026545,-6.284997102
2.282902700649711,1.2788714738425075,-4.526469866
0.004527837,1.5041671820855438,-3.869057243
-0.593364862,0.5571137911018635,0.16318052493624302
-0.456089302,-1.937324664,2.2134882232867596
-2.36744014,-0.688567042,3.4266473652532405
-0.089583663,0.23563423401679365,-0.044371149
-0.180306975,1.1958697779099563,-2.898036833
-0.451225007,1.4279947371211128,-1.620611352
-1.135368902,-1.691315622,2.005078822068371
-0.762474546,-2.007806868,0.8633771922941307
0.473445558,0.41955496675646603,-0.55811483
-0.300965658,1.788713115888203,-2.273440418
0.6439154252638312,0.9806375369788651,-3.901874429
-0.221503868,1.0120892570388516,-3.355762711
-0.157314387,-2.179524543,1.1744188985480326
-0.407546657,-0.624944894,0.8640495146869233
-0.500375623,0.14767667071483953,2.267413813
0.35083149458522217,1.7314916416593076,-1.267096768
0.2601056270724833,-0.657670342,-0.584957357
-0.603307728,0.26717551543997686,1.716934108851353
1.102008822174127,1.521294278953692,-3.669799879
1.6123689961309349,0.9784180479254808,-3.107894805
-0.610800923,-0.536907655,1.9597820705868263
1.2615137057753414,0.6697205118379457,-4.938943901
0.17440408243400451,-0.417995198,2.9428271114770634
1.4095686289484748,5.516995637182411,-8.368438023
2.742782461043395,7.088690530501619,-12.29616082
-0.513633846,-1.489969213,0.8319622545218779
0.8897471672245176,-1.353994023,3.992033152382823
0.12117990688172003,-1.114505428,-0.169007573
0.5764636472714206,-1.821369208,1.996820678217332
0.5760076661669843,-0.312549147,-1.803018129
0.2913270221096271,0.5959655395487569,0.3617701047934849
1.7970460714971777,1.8863960275294605,-2.808980688
0.4559274342357811,0.098026913,1.8978357248360433
1.6963097114222399,1.817781209213806,-4.349230259
0.8728384515828164,0.16767702575946633,-0.434547968
-2.08760813,-1.567585908,4.670624277480222
0.8675808202612433,3.3284066840214157,-9.039871352
0.3490980532316261,1.295654744858723,-0.006649746
-2.186169903,-0.833293258,5.0853653518584805
0.7656504196340534,2.131596246757355,-0.660073883
-0.47008219,0.3971942635940384,0.3460808038005252
-1.180799766,-0.026991379,-2.054199728
1.2549824195208141,-1.361860802,0.7475888624543352
0.13671872331202556,0.049025764,-3.015956263
-0.57408376,1.895564496106145,-3.568987237
-2.19878122,-0.899677917,4.663561593630849
-0.182633759,-1.085188423,2.3968248625341806
0.3635036719182593,-2.181585113,5.424798436985205
-0.635664802,0.068093475,-0.500273314
0.7415875188380598,2.1687144726414225,-4.938208616
-0.699212433,-2.260361415,6.293103478115568
0.6089786142910291,-0.395951604,-0.741452203
-0.150438847,-2.53477001,3.8002870357225276
1.0839022996624137,3.4029527052349366,-5.762781757
-0.172899452,-2.368453465,4.381784155516352
0.9886810540925421,1.1082792305576525,-0.24591528
-2.420520881,-2.071032729,6.369486303
-0.262685942,0.4382831076434558,0.22098147586304373
0.30354685518880725,1.3554976778310772,-5.886360636
-0.877499881,-2.234454933,4.3123436519294644
-0.211727674,4.157336756737338,-5.840969986
1.0597869695113633,1.400313503191986,-1.712324225
1.469709345194694,0.3909091747134631,-0.810092668
-0.274433303,-2.84015598,4.836731050970027
-0.513628031,-0.255464742,0.8373752969602051
-0.6056133,0.9807487638828065,-1.562496619
0.6905491081272322,1.6364840144672632,-2.812738095
-0.863800757,1.4944532342482786,-0.869982403
-1.019890263,-2.77333159,3.6062203271736104
0.030956950108534515,-0.518817244,-0.500964608
0.33048528737250965,-0.292328094,-1.399260763
-0.312754456,-1.385419881,3.5095656391022816
-1.352113323,0.24447892077969102,2.5715652616860947
0.7600434925130074,3.7974251824282117,-5.828377287
-0.088236909,0.5007983821963888,-0.857719161
-0.725319553,0.5620667604353053,-0.910673198
-0.00691022,-0.372260136,-1.304076435
1.0112837921977116,1.2884131654724973,-4.107680807
1.129736276903427,2.2118164946122145,-4.968773406
-0.306934457,-0.500074026,-0.047958743
0.32950148001546786,0.025947808103454623,-2.532697977
0.4784894344297265,-0.217274125,3.113260279032593
-0.746390239,-0.755585583,1.0477253850034982
0.46374344416970853,-3.087794664,5.989359423013559
-0.227523865,-1.583557035,1.459464375279775
0.6755126620953184,0.03190767,0.073938558
-0.507050068,4.156007578,-6.258604464
-1.471592645,-1.796356251,5.730338177594577
0.4496082371177602,0.39260961214002843,2.113156262110459
-1.018988586,-2.317198717,4.692694679154732
0.21325782618594008,0.5370074295263505,-0.380569187
-1.459618807,-2.980094948,6.527222732803678
-1.89790213,-2.242322945,2.600651669
-1.064419637,1.3295328622241271,-2.943671724
-1.911902678,-1.343076119,5.209174805451967
-0.032870696,-1.811979054,2.978626075121128
0.034757818,-0.000805504,-0.150725854
-1.700227893,-3.537457421,8.179403088693496
-0.519095299,0.6514874403529018,1.429458740766306
-1.277451066,-2.088843704,3.0622586485571164
0.09629969,0.14964877961964645,-1.549417731
0.6870769107618037,-1.037016069,2.0287779930388767
-1.285686963,-0.751500572,2.580916935375882
-1.754222888,-4.578885841,5.930873952895474
0.3495007901546489,-1.420841965,1.3592594345415951
-0.852166,-2.146896493,4.001797894672172
-0.507750562,0.621372103,-1.79074188
-0.703739559,-2.528783023,5.408172116615282
1.039783418430952,3.3639688536227643,-7.865057717
-0.677760696,-0.309131797,1.2275335736140314
0.063849774,2.907358434680979,-6.032198227
0.9466630285303875,1.1289023237166063,-2.15225184
-0.075652773,-2.326305704,4.431310787671655
0.5783649961145058,2.0680966024867025,-4.307621223
0.6333115114059249,5.981078479335039,-9.622348766
1.5475511915458502,2.04316841,-4.063331528
-1.480647583,-1.315754976,2.3220358269365677
0.6471468118850501,0.24574670669170862,-0.40088802
0.1307073040839797,-1.442648083,2.907712432773875
-2.257294383,-3.285326723,6.275003342953901
-0.895967743,0.071653123,3.348558225479531
0.2205323303751254,1.5010365033304134,-2.274666724
0.705828459,-0.160814774,-1.530350883
-0.95440811,-1.627967401,1.460769706009408
0.6922907515923115,0.4768086392892539,-3.328693251
-1.217952652,-1.083710713,1.6840397108573772
-0.375532313,-1.680747115,-1.051308886
-0.810633697,-1.863569275,4.250731295632586
-0.049055293,-0.321617007,2.563936600035027
-1.098357177,1.3855514240399653,-1.410306548
1.196093491754844,-2.382405976,3.8254085849296438
-0.459865127,1.2504650236294053,-3.37554806
-0.037571486,-1.163107959,1.3287919063785392
0.7894585538604202,-0.343847609,-1.769002813
0.4276168655519527,0.8247616624062928,1.5417302489645415
-0.642609266,-1.894780457,1.0215266472998905
0.4963160110823546,-0.840968013,-0.810489343
0.4859363904136402,2.8370082456221866,-3.928771462
-0.173812222,-2.891854332,5.182449683411354
0.6725740743082887,1.5991914613854308,-0.547376279
-0.94754466,1.4738394009977314,-0.082304271
-0.304683751,-2.0190705,1.8620501056714258
-0.530498888,-0.244637004,-1.702265994
0.16407236531587144,0.16024657128924366,0.19642427082878733
0.1562647681268901,3.1305994337225838,-5.059272375
-0.042370192,-0.163989014,2.061306265
-0.965415558,-0.255847248,-0.007748442
-0.16959041,-0.324618497,3.7860728358769213
-0.477766422,2.717242412201818,-4.763249308
0.812830706,-1.155814617,3.1234680250752844
0.3132086281996303,-0.135571316,2.553666657632469
1.7934845415740925,-0.526848368,-2.373245739
-1.22592148,-3.728059474,7.593235955912688
-0.201744758,-1.479997744,2.5576731561975783
1.7466527377921142,2.991154971315707,-4.244101823
1.228378438,2.4613152420218887,-5.280983995
-1.132760347,-1.677608437,6.885639065070526
-0.827583952,0.39250570200917434,4.542535330841319
-2.368161424,-0.898858467,5.748237588926771
-0.300371524,0.38560317239677866,-0.836526323
-1.828993525,-3.819342367,8.49526024
0.9658972443505189,2.075442931212092,-4.66009014
-1.311514058,-2.87293205,3.2702150001016554
1.4424473420889992,2.6014468661909533,-4.091655343
0.5196218087571767,-0.72366016,-0.323709259
1.125879948093863,1.5265317533188802,-2.446127475
0.9574096102715172,0.5618825959339264,-3.065286289
1.2232756798056197,2.9618240755326743,-7.932022296
0.4269418898904635,-0.678928132,1.9157652845831865
-0.306881621,-2.223669093,4.279470829255368
-0.984891565,2.2946103158062243,-4.509182929
-0.792408598,1.8864111414788618,-5.198296382
1.942472391919396,1.5784852702549859,-5.520265482
0.12878655924696772,1.7227753353440403,-0.886125033
0.062682985,0.9418122524334342,-5.091955688
-0.924936598,-0.184762533,0.23636473307046968
-0.489671868,-2.065746031,3.2229838616166138
0.3224648176477688,-1.006570278,-1.518801879
1.3481557983989683,0.8175123477377055,-2.429811683
0.9823658480266665,0.6800500362169732,-0.471284743
-0.232938851,-1.510640232,1.4479181207611203
0.005574487,3.3593824198267774,-5.813128575
0.9895597696279339,1.044058538744004,-3.529189747
1.4499798881614272,1.4725609960835584,-1.456703888
0.2814720053846646,0.3227157819422143,-1.108076261
1.128856140948185,1.2397641343336114,-4.32896308
-0.022208948,-0.639136714,1.439012381098713
1.100352655719076,1.9499278872203671,-3.210578658
-0.80253351,-0.599235523,4.174730773669631
0.082443281,0.17592194127963215,-0.17517683
-0.005259724,-1.568657527,1.9413513471218755
0.8620188966109548,1.5694378038556287,-2.339809784
0.14850249847261748,-0.70887985,2.245985550474622
-1.389981054,-1.063351548,1.9751269542811922
-1.839175919,-1.862398717,5.574708995573277
1.2465821,1.0038207723141832,-1.828157945
-0.022674877,-1.700553105,5.625237660181082
1.0641050086263486,1.8023400256253244,-5.105917549
1.807036713703404,0.8712259784033295,-2.363898373
-0.077136038,-1.524350672,1.253097176446918
0.2010608716159613,-2.081137411,5.225050996921068
1.2718835952875764,0.37608560885877385,-0.45260834
1.3069750434935874,3.022660886886628,-5.727433775
1.4356266232762547,1.9493798905225763,-3.380787344
0.2944754159817374,-0.679531904,0.49244551979566964
0.7249915423846397,0.22080183076409354,-3.998432229
1.0074470093813948,-0.252941008,-0.230572327
-0.866261132,-0.809354835,2.7190946107590332
-0.119872264,0.6724753588010766,-0.626331884
-1.137099035,-2.256211249,3.9426670545587017
0.7125639194806341,0.76765064,-5.764865957
-1.554524658,0.3369290928874797,0.7531838652666503
-0.478622037,0.47859513103977347,1.6470060629798597
-1.298502356,-1.310144376,4.098224203
-1.731093534,1.7987913898503993,-2.05352444
0.3668014953390176,1.0307140552108396,-3.506492608
-1.290741197,0.047365943,-2.650596852
-0.708026975,-2.094211767,5.255696251025131
1.7279820936047425,2.2647561769703035,-2.801569564
2.4535703649731326,1.6175395343143997,-6.22086408
1.0713108208831217,0.2437858196676063,-1.838118488
-0.699653895,-2.174152243,2.0321938262669526
-1.027044177,0.9493276442171829,2.790495971230422
0.34691125070550843,2.260122111544734,-4.457340543
1.3701659739940706,0.9366911678850951,-2.020005215
-1.119164185,-1.478374358,2.937759076187466
-0.385424289,-0.882823274,1.4721919232150513
1.6146710430556726,3.705800516730257,-4.287256834
1.405400673226252,0.42734247247454227,0.5884896664996923
-0.854065035,-0.50669078,0.6160122549029814
-0.352386052,-3.999720995,7.183248236546955
-1.068163595,0.10509668181810727,2.5667701341406843
-0.449324599,-1.578299015,3.3579436014383104
0.3582921158997138,0.22175120914654362,-2.796636752
-0.609419958,-0.983496199,1.3275696167369557
-0.88950407,-0.999848246,2.709248529229544
-0.062209905,-1.72524619,5.545270765807446
0.097232609,0.6746631775651347,-3.73051019
-1.347652396,-0.353311485,2.2122104388537336
0.2121153593067206,0.2288270658468723,-2.884519116
-0.188546075,-1.508368508,1.854134430327634
-0.333769594,-2.708131379,5.646677500953232
-0.627457793,2.1730857845005342,-0.546417421
-0.206119228,-1.367148373,3.5308790651980826
-0.935801503,0.32703034187013474,1.8525717021221786
1.076251344952056,0.6823893352079833,-0.878603388
0.5760195370890677,1.069652763015697,0.8362782404165554
0.49709554192862915,-1.113629523,4.6497989443808185
0.1845194866902223,0.5579858127482029,-1.228611424
-1.227003671,-3.441468314,5.8626270025409974
-0.605907357,1.0823594681687743,-0.763210017
0.3602601566343527,0.3545892059777307,-1.271440464
1.109288538,-0.156696783,-0.92958326
-0.078435933,-0.683615749,-0.523017778
1.8733584757907384,3.109264003463532,-8.675371001
2.2531379878049256,1.554263268374961,-5.838719348
0.39286284033438074,1.7426237078482472,-4.242276292
0.4598741854862169,2.742741752449985,-4.877909391
-0.856294152,-2.664629704,5.281603618184465
0.2605718155982854,0.8122851478469946,-3.659693587
0.5199631389423955,0.9560833398796401,-2.098408148
0.19513808824608053,0.18416209935113897,-1.958024661
-1.311341636,-0.260697367,1.7302380105060897
0.31333967152430964,0.31293873,-0.675562829
0.8921348089513021,1.0112671740915078,-3.98318053
0.23490822991034815,-0.809021059,0.6362231559186557
0.093641348,-0.544821542,0.49504514427221813
1.562723806663305,2.6997031529895326,-5.766095102
-0.740093802,-0.812064842,1.5151250305690094
-0.11622132,0.936545111,-2.67587757
-0.943899617,1.2784592467219231,-1.209086061
0.19577923175180106,-0.378425212,1.3903802656401416
0.5033211621737517,0.4905180856287614,-4.494268096
0.47921810258766995,1.2500387911890782,-4.033643835
0.555767673,-0.661150682,2.59330305
-1.188279758,-0.254649102,4.175602439118843
2.57141123,2.3312077621782823,-7.038646609
-0.65736644,-1.354080728,1.050639157840569
0.739892398,0.47181287400091476,-0.134076755
0.6089783692738291,3.3743742266380927,-5.691185322
-0.139561027,0.046187519,2.0489322653646225
-1.375223815,-2.472362797,2.7319034560389333
-0.035410585,-0.332266453,0.8951776033391037
1.982003333409893,4.0573878723639885,-7.258563915
0.957777177,-1.038602794,-3.67557304
0.2400674971509414,-1.295332381,6.226694583742212
2.799046979140255,3.8349015617621216,-7.03657947
1.235934364020461,0.3769071625665197,-0.150742643
-1.196010775,1.0512083023258896,1.895125010999995
0.94915184,-0.139394446,-1.024716597
0.44741124746247546,1.552138478397486,-2.081974725
1.2889258908491066,2.1047388093058053,-2.678178919
-0.673790971,-3.619037595,6.085821730018765
-0.356465505,0.4739317588008307,0.21698006576643203
0.9317309471541733,-0.583857579,-1.713772344
0.10988608441397003,-3.469216241,8.450409888596889
1.1875477634101663,1.4990616270288921,-1.699758472
3.144150732521555,5.178212673368515,-11.76563993
-0.222639838,0.5792413018386786,1.0147229479425273
1.133244457544597,1.1989954873866195,1.1436757443358851
-1.432208352,-1.383810573,4.635169208528427
-1.221854976,-1.741818312,5.861069384523183
0.8560202453189502,4.371777784920543,-3.949780623
-1.130680219,-0.611113804,-2.942697213
0.7984070627811112,1.0147556894574543,1.1473549140490766
0.6599662835451614,1.2961028865485493,-5.027542114
0.6445114134035318,1.2192431695224242,2.865661964212621
2.2013080287967046,3.2336956801741232,-5.132671992
-0.47578633,-2.361261806,4.436159663592182
-1.265210026,-0.839979341,-0.595312713
0.4230812716442849,-0.826549256,2.4733698505091044
-0.742174859,-0.241559413,2.569703385908697
0.22511063604950843,0.7012750822037662,-4.170496998
-0.996111483,-0.421521609,2.321861383450078
-0.249936669,-0.199560717,0.872846632
2.5878950580829683,2.9141069610507495,-10.67761631
-0.500226822,-2.267970762,4.269103313656774
-0.102729162,-0.997989915,2.9221921769095744
-0.845045505,-0.703940065,2.1110362038935278
0.8737348345855477,0.6684221722731364,-4.037813488
0.531772087,1.803169334147312,-3.244577103
1.4045940227888052,1.1680029511923933,-1.757979701
-1.395602372,-1.094337242,1.4280500197351176
0.6256580806031075,0.4118173021074102,-3.174291814
-0.614663229,0.2116183687851732,1.654465845410153
-0.755214109,1.1624248833597937,-1.856536319
0.5268517173634077,0.013888605479713823,2.000477160910795
-0.840878082,0.8159007639547248,-0.52446771
1.6343751109985374,1.9069102754841325,-5.352241127
0.8765475720434037,1.9673467496792996,-5.717125207
-1.107474329,-1.18698367,5.958917751848729
0.7340540020834281,-1.386322836,-0.203242442
0.8185064307951199,1.3075407180517997,-9.924891995
0.2765948161249304,-1.513281068,-1.865664072
-0.104799083,0.46224344290887287,0.001757139
0.3886677963381911,1.879403568332907,-2.602635252
-1.173530657,-3.85460908,6.6023441221221315
-0.381779393,0.3523769183377446,-0.493678699
-0.775676769,0.7222450012952377,0.3719385703602174
-1.005449072,-2.323403355,3.431047412912437
-0.344391425,-0.228704859,1.6503876956994197
2.1146960590865493,4.7045642724907255,-7.684534914
-0.089632905,-3.383761767,7.8485253642274335
-1.78586663,-4.654258962,6.843499999205935
-0.550110515,1.6483119874203536,-3.255787112
0.2620658474402018,-1.080006666,3.3466235533183344
-0.544694969,-0.49333912,-0.700648844
0.6547537690031033,-0.251740832,1.148506122267772
-0.245585785,-3.067466679,3.090681889606508
0.9355104559857768,3.6901284474982634,-7.637595541
-0.602975301,1.2688435367171662,2.9024625615902915
-0.76010241,-1.743255303,0.3787612132406035
1.377448816140692,0.6172167291638337,-0.212319183
0.4241946507586124,0.8420775342082619,-4.569375509
2.288993170012907,2.9453855909993525,-9.805684705
1.1352947134658538,0.46967226001104256,-1.629293765
0.9212151068377831,2.1089643501733026,-4.102948512
0.7042595403836986,2.2974276632318436,-2.475655637
0.9284245588512765,0.501724264,-4.12652835
1.218554746730251,1.052179513304936,-5.096708233
-0.251926344,1.4589404204987129,-2.076653539
0.29171701386694865,-1.597845305,1.992300120275878
1.1180697744666737,0.8161179268767575,-3.779707741
0.6870039711599086,-0.415983573,-0.150931061
1.0219160975976684,0.6465693984772192,-2.839910233
0.022111328,-0.958044915,2.553101067639062
0.2127165045703599,0.43557632258355017,-2.657194772
-0.777383959,-1.669751175,2.8340344440230334
0.5325936896280007,1.7456673353094532,-2.433238206
-0.334015614,-2.258903688,5.342930080378781
-0.308789383,-1.250389344,2.203301365939708
-0.120706439,1.9789636169907698,-3.39398202
-1.623716119,0.012158141318807214,-0.581347602
-1.755265176,-0.812219216,4.916895694601219
0.062334406,2.0226687550011477,-2.469550405
1.0289991197868409,1.7544255136046343,-5.7918912
-0.056261098,0.081055327,1.5181637389296925
0.8228158876183317,-1.744908994,1.257944927016544
1.6189490367110138,1.7197461390878412,-5.151498632
0.6709238757350742,-1.708936676,2.243430782683335
-1.727064428,-1.509636102,5.877722894338559
0.045713428,0.8392771860723653,-3.14075346
1.1494207190861467,1.1854042657923896,-5.972623981
-2.202852069,-1.173848075,5.085999579736885
0.7597680587034714,0.8134971044857794,-1.043402212
0.064001851,-1.821766533,2.662382939276515
0.2861401572272096,-0.741826545,1.8696612433759503
0.10629053173399816,1.2887784285926507,-0.599073304
0.49049063488788136,2.1944641893912302,-6.321777052
0.2723398270134153,-1.221287555,0.5928378448444526
0.3146929301767235,-0.578109749,1.6348569900835666
1.869029389007662,2.244094092231979,-5.725083315
-1.144822437,-1.70066381,2.615425438916044
0.4745569059917002,-0.639711386,0.6380047359154362
1.206183363,2.7593100560568526,-4.610545624
-1.321923242,-2.147867266,5.0371496605591695
1.1054075286179317,0.7520539299082765,0.10980512386762287
-0.504321088,0.2326821835330815,1.5783866871839158
-1.102442115,-0.470259054,2.615243623176728
-0.735416805,-1.6536674,6.913824486852659
0.3274741017723587,0.084215539,-0.363056552
0.26687923237364874,1.4174076164083123,-2.934057595
-0.742091849,0.7240019662387203,-1.945866892
1.8815889680679427,1.6520753069827963,-8.755805269
-0.156944764,-0.024913044,-1.902543416
-1.413507696,-1.91810089,3.0570984404429593
0.49429877575906683,-0.382617647,-1.541751571
-0.190020232,-0.089111759,1.8009481365977464
-0.172082558,0.8499039661542558,-0.493196706
-0.364384944,0.2586558089349895,0.2443477594146538
-0.387632601,1.514562375848434,0.49695721814922966
0.31617425750764494,0.8794684400124773,-3.39987775
1.1994381552007736,0.8970896126461473,-2.377620686
0.30710835340850146,0.30312747419561015,-1.554163425
-0.309264197,-0.976962142,1.9005952783770077
0.7458704044721156,1.941517151454991,-3.204908324
1.4374120166070312,3.0067263152401327,-5.277377005
0.021117843568064464,-1.843918751,3.462795606858214
-0.778215115,-0.64709228,1.7634795892266446
-0.096989007,2.3410488605035384,-1.12467888
0.5953852509802269,2.0221125999731666,-3.591368439
-0.189781046,-1.535363262,-0.149650163
0.07154963,-2.577095717,3.360697622884674
-0.382163352,-1.488068904,-1.840977618
0.2838682034046914,0.3420963427063594,-1.156218109
-0.132544213,-1.368738202,-0.452891318
-0.150138887,-0.155223174,2.5178665239465103
-0.306779175,1.898719198142508,-3.09319665
1.3275379691236777,3.102438239291338,-7.54120136
-0.917046185,-1.805482932,6.976940877
-1.122115968,-2.607126832,5.452524343035675
-0.544723451,-0.005136166,-0.425722739
0.045186615,-0.087802369,-1.665067709
1.5752523610034772,2.0099363007415922,-2.672772221
0.07093717,0.22214607952199256,0.19410441397436512
0.45069372245776795,0.4717234115262559,-1.540109184
1.8622573999444005,2.222894343580683,-9.241181045
0.31121510248560996,-1.391630268,2.249876785672348
0.9304057071459206,-0.705091816,1.4013074441162556
0.8426933582734125,1.285368681,-3.895978746
1.2997552460302597,-2.213155641,0.44166577452003564
0.7443268037853674,1.2007155068880073,-5.548547196
1.2077748553783882,0.8918413549488928,-2.053915941
1.3423367300708806,3.4556929728294197,-6.352062096
1.5868321206665237,2.4429811499402643,-4.243879081
-0.52897513,1.1540346769090117,-1.591783784
-1.52653267,-2.759003467,2.6765336397586115
-1.60840633,-3.47263185,3.5678572293238595
0.42060744061656535,0.6813362038846487,-2.824748965
0.4555400521514332,1.934739643931199,-2.643587294
-0.915092591,-2.791236086,6.044372064
0.17588608530766248,3.723078120984521,-5.045812483
0.6733895533505969,1.3983086049565174,-0.589787052
0.058059249314077674,-0.4405271,0.30629072392011325
0.5745000651613792,-1.156590407,4.797384063932398
-0.335988466,-0.163350532,-2.223248068
1.9965967131066975,1.1389011581551254,-1.921248982
0.13019021392060004,-0.677052871,-2.399929547
-0.539158178,-2.510193769,7.305199584
-0.247617,0.569518783,-3.854848999
0.10888955683314248,1.0904784366009417,-2.000216845
-0.32008371,-2.329638356,6.326858469019301
-0.022947165,-0.63728356,1.9728737421290838
-0.113018327,-0.461729935,1.2978602481906825
-0.182368022,-2.318861471,2.5747279732815724
-0.920545829,0.6227594526257988,1.1923279187550657
0.6393674830283903,-1.338373381,1.5139784860658163
-0.324831437,-0.4511586,4.282055295527088
-0.394260984,0.051682189,1.616538032674663
-0.78062372,-1.717644609,1.360233281830836
0.6335829861812456,-0.135696361,-2.603772132
-0.248315284,-0.494551036,-1.867593014
-0.992046374,0.3231056281267547,1.1730977443062396
0.27923100086407493,1.0891247651878821,-2.970253585
1.6412575821364566,1.472659985483588,-6.12811049
0.2881506538306336,3.013594838411204,-6.44005898
1.5785869407701671,0.7592165842565723,-2.256344811
1.150665057555717,2.056937578,-6.632682224
-1.232658033,-3.724376746,8.703195462089521
0.2420546730385106,-0.423270649,-1.017068433
-0.154248403,1.7368838887895457,-1.324582609
0.39356184728549626,0.4271589985250247,0.5798645203433894
-0.308580058,-0.681240367,1.160115279505084
-0.455863767,-0.486530042,1.8300511149900296
1.8039744851371156,2.091288626472705,-4.056953968
0.5583646441343297,-0.633790856,1.7905376581135366
0.7944573990549892,-1.105592443,0.23719421276742592
-0.411025472,0.12341746138182147,0.8537316698223996
0.4830359776074545,0.2951677744272651,-3.039513677
0.6143507814419853,0.9624226569574883,-2.041354254
-0.10308093,-2.287333359,5.860174482316346
-0.294931801,0.9228119217968225,-0.959345244
0.29370436530889144,-0.826609384,1.0858153863737283
0.041841908497197544,0.5776587579067282,-1.795098954
-0.173949094,1.449560826331639,-2.251759282
1.5433020672710924,0.6726601251841547,-2.713125652
-0.00364055,-0.712772947,-1.234498548
-1.792773174,-0.799531813,2.257075732
0.3099010724389199,0.015844857,3.0379306029135065
1.8620723742896337,-0.249388809,-3.109307969
0.040320244,0.2722906377952311,0.4093069678528759
0.24016932724256185,-0.47562172,-0.155755324
-0.625821336,-1.475846302,3.655399399590771
-0.438045255,0.013884351887548219,-2.089205445
-0.268759332,-1.466164627,2.573076225545927
-0.927375816,-0.568504346,3.3296425596545833
0.4569384953142953,0.9694604122888939,-1.747169317
-2.109513722,-2.428298807,7.391081910120246
-0.305226587,0.7465653412622297,-3.639665
-1.988921445,-1.598418304,5.580341739336555
-0.226550077,-1.636889406,1.6427636742223173
-1.690292813,-3.852219434,7.185526677555934
0.9194561990488416,0.9347048176192605,-3.167791193
-0.381392358,0.11429424432610091,0.32005863026919357
1.4138532756506197,1.9410827147982617,-5.194517768
1.0499291718757735,-0.122406376,1.9169156037296045
-0.928142499,-0.227175663,3.6539529055371816
0.9804766586803872,-0.729076363,0.000221748
0.4300717589651104,1.2060764332666136,-3.394018658
0.088339351,0.4110235700620153,0.28270535607187464
-0.032499025,0.15435315006472416,4.5852822543807426
-0.588703504,0.6270849755818451,1.813052076013488
-0.242338238,-0.970464995,1.9673982645028296
0.7607780922403433,0.1329661952357324,2.8754850128056106
-1.644817626,-0.565115618,1.8902906336793577
-0.154676978,-2.707952785,3.809984316316744
0.11931924207438253,0.962443994,-0.514056282
1.1038800194200933,0.5801499246247905,-1.168389764
-0.714431518,-0.44195221,-0.870615618
0.011436612021111393,-1.202582869,1.8608164616745688
1.6746234975649648,1.129706330221601,-4.446966298
0.7255766878401368,0.7429357817558816,-0.427093059
0.5421155062088804,2.259696028081244,-8.365001231
-0.177378032,1.7589927208667335,-4.567805628
-0.122528396,0.6893721094592264,-0.553734409
-0.223306405,-1.293639733,3.2925446327247374
0.9224347846615198,2.1901075679394952,-0.807167997
0.13135429023068723,1.1951790488172715,-3.02662531
0.878713562,1.4983759735770976,-3.561593762
-1.559700666,-1.77851222,6.514633902015385
0.26539977366249046,1.900528231,-3.330576266
1.2165739189031453,-1.569585448,3.1493816095251503
-0.421961471,2.9050792605719087,-7.090675079
1.0719718784449117,-0.396705361,-0.562211237
-0.254210022,2.116703890948655,-3.410535471
-0.600319745,1.0290678803256568,-1.351128111
0.1386724987734274,0.8127298304047934,-1.315312874
-0.816732574,-1.250948817,0.6956069572427716
0.7617748241419019,1.3949146673747823,-2.33106177
0.17675135996532387,1.6430463829724389,-3.54801515
-1.46511396,-2.100856417,5.189793558
-0.800753531,-0.918581352,0.7791977189306241
-1.042244214,-1.091650315,0.16176278656161208
-0.664529256,0.8964522856025003,-0.640241526
0.8040878415502081,1.4654276854041972,0.20900162331631122
-1.14587131,-3.391087837,6.040316991445664
0.7951585478767191,0.6428596713678433,-0.555015425
-1.260501281,-1.104295133,3.641510968479225
0.9541440615252453,1.8123201271639644,-3.210898339
-0.932108102,-0.597402069,1.9536341434329716
-1.180723127,-0.980872441,3.1523777880704458
1.3303071310471821,3.407516687449072,-4.819224534
-2.178471538,-3.996413707,9.801108651055197
-1.949232931,-2.194570509,4.7201035642807065
0.11774462934498597,0.36411552019582194,0.23862685464255706
0.9614024376971566,0.2729819234308175,-1.51883754
1.0643247613557227,-0.071681997,1.2166912834617478
0.2907562747168278,0.5057750602073297,1.1056991969338117
0.7865021802976737,2.962205176831297,-2.805536206
0.034319057,-1.287808886,1.5725178940283675
0.5763603529958232,0.540256479,-3.619076581
-0.130745007,-0.022201466,2.0050626074979636
0.47853615752034573,-1.706095608,2.756688571103377
-1.228279497,-2.173316467,5.189712679651342
-0.981660882,-2.225420339,6.547469251989357
-1.153695805,0.043712816830218104,0.23275374256172943
-0.465750656,-0.814990589,2.121025435795878
0.9020215708280592,1.1129874805735411,-3.571318435
0.6806186826288624,-0.258487023,0.4096817480104561
0.23448373423831137,2.371373550617527,-5.046366512
-0.054599626,-1.870255189,3.0582914437769797
-0.746603986,-1.623388392,4.28016792
0.051341559604877796,0.651104387,-0.696387522
1.6540310282043844,4.651324948,-8.607073585
-1.028266545,-0.245340968,0.27372909832315245
1.8523459153608208,0.9612687091850447,-3.685441466
1.415294664393512,1.5163849773193048,-1.959317628
0.6496811499921794,-0.651839833,-0.56132441
0.2113824699722387,1.3399473114937002,-1.095936579
-1.204929717,-0.095917945,3.199647802958842
-0.759349879,0.17412980138929363,2.436839744127702
-0.622394086,-3.036263629,5.231982365375215
-0.669196887,-1.838415242,1.620579558191484
-1.107327894,-1.577987596,4.0715447668623055
1.5082997678396144,4.096229516,-6.487294069
-0.049762777,3.077638809269592,-5.872921688
-0.302181893,0.30608403965001807,0.9489338097106772
0.2297686139416593,0.41000398467887045,0.2684877050707251
0.10029647188362104,-0.511941611,-0.363603491
0.21838481277681948,-1.578657882,2.5743346928988804
0.029184276,-1.994997558,3.6225957711304746
0.047613473,-0.205615113,3.540508075903246
0.4023883606823572,2.049013974052106,-3.378075737
0.13607762553617317,2.3639130464984395,-3.014973461
1.3223731820879996,1.0830176709153847,-1.8542835
1.2264350028984943,-1.095838347,-1.018941311
0.080954803,-0.527627057,1.073241887819033
0.794990632,0.22473816506044098,-1.664818669
0.4423074316505725,-3.596605754,2.701121132263755
1.2861422221765157,0.4259061120819427,-1.598089759
1.6925116819617398,4.838423334497903,-6.322851584
2.051107258279226,1.902678043864728,-5.153795362
-0.25177151,-1.174064737,2.606379314568432
1.118310012431449,2.4963027757428735,-5.628077847
-1.666697547,-2.784366133,8.397481687544012
-0.645779151,-0.001007388,-3.064825512
-1.456727548,0.6544443452173656,-0.296249622
-0.753696458,-2.837265879,5.029557450047423
2.438606957287073,2.695835654129022,-9.234400067
0.9912386094940522,2.135685512921919,-5.135202551
0.3056896124197216,1.153019229239645,-2.30640723
0.7792167826381884,0.959106165,-3.074063886
0.7378207012353898,1.8786173304320037,-1.216256105
1.0365922840240258,2.2381450848645934,-3.334182034
-0.342168856,-3.169499078,6.990507302598016
-0.414452644,-0.351121158,0.21442879364914785
-0.449963051,-0.769883232,-0.201863133
-0.964171168,-1.111995999,0.3836856850902064
-1.227905925,-2.599988845,7.632740376815416
0.5339594724214366,0.22378806526709705,1.2679604935579691
1.070675952773334,3.5137382153509082,-6.884904119
-0.121927966,-0.451000133,2.1057277297563233
0.044632521,1.3835461796612007,-2.396810406
1.1789613388337026,2.625363322114073,-4.857833448
-1.973556806,-1.636407821,6.344257247283413
0.046358435955488844,-0.481031154,0.7635598835306174
-0.312127885,-0.622845378,1.6355396370955404
0.1589890266195184,1.4878733284651129,-5.057802115
-0.628270571,-3.199483253,2.6944283104422757
-1.16504054,-1.178509737,5.197389933194359
0.6203745687498604,2.7709014631735083,-3.44822706
-0.898991954,-0.827852502,2.206719410424429
2.118109474739737,2.524562712,-7.878993297
-1.215975343,-3.069171285,6.311169582999871
-0.713204234,-1.42061462,1.8721474742696311
0.5153735525923279,0.42493746782367314,1.5016236827202405
0.013800606144436874,1.0950381642489446,-1.365844716
-0.478578227,-0.960685338,4.092264091123678
0.6774723645173045,-0.757052145,-0.183532089
0.10606193763651224,0.037361461272115135,-0.935821037
0.35376309736051476,-0.341283259,2.5829885250401254
-0.38442143,-1.818204393,0.025234312
0.4203299542185164,0.5382140696237546,-0.157919007
0.37482416424487314,2.632293753381634,-9.172750056
0.5428999519616803,2.6689535937299667,-4.72114075
-1.733430181,-1.244548836,3.8798951589733974
1.203822984656964,0.6739121081711693,-0.278354852
0.2550932870855225,-0.067388775,1.3761262903670062
-0.940561723,-0.571888376,1.367550244140603
-0.523902837,-1.645657311,2.2733275235643218
0.053784671532716564,0.903849256,-2.065669949
-0.129766834,-0.554673371,0.6898777184105891
0.9612729707384441,1.432733075,-0.76651786
0.5694711367390196,2.0326425336986134,-2.698341778
-0.886571355,1.4739790679553455,-3.040672681
-0.181174247,-0.008297785,0.7385985935421411
0.5667311514564363,2.990585403695795,-4.975334046
-0.297330602,-0.32188925,0.049422711
-0.487734464,1.3263050529937255,0.9226219098853072
-1.500040735,-0.979622295,2.187108993315718
-0.042344097,-1.458662835,3.0997701724607603
0.1290272061489354,-1.029018545,4.052034803381945
0.022989467,0.16212592472225126,-0.605164501
-0.558375003,0.865250735,2.5102104404689563
-0.536427582,-0.200625829,-1.49882853
-0.2731082,-0.861292313,2.493180712833407
-0.645124299,-0.980885268,3.049171299377356
0.3801461579625126,1.0259528348343778,1.6531906149474105
-0.437551609,-1.153736643,-0.002091295
-0.038355441,-1.362472143,2.752654993348032
0.4380209372008835,0.3634326544966976,-2.375398742
-0.291144589,0.7609512338920374,0.2645842302133197
-0.645001147,0.34689195957332863,0.2514541713579331
-1.197470844,-2.081741016,4.475979575769086
-0.179673446,-1.038953033,2.1002403431429775
0.008576835,-0.904164739,-1.690734164
-0.529214385,-2.360430773,6.413989841
-0.672586746,1.0600508301377398,1.383131074
-0.862358549,-2.706289704,4.248018126108431
-0.205794257,-1.07874493,0.4329190820770308
0.575587844,2.5261821017544577,-5.953751961
0.13268722386644682,2.3146460102346307,-4.793796573
0.43147614152927893,2.180827533,-1.785961942
-0.106935407,-1.920917559,1.2121812079906746
0.040350266,-1.390933198,3.6572664566732733
0.855090686,0.015445259632942188,-5.463744136
-1.050226579,0.089944646,0.5728962726588027
-0.267380684,-0.222490262,-1.472725495
-0.32777362,0.38905170042248194,-0.233037019
0.35148374711173724,0.2150438046942893,1.0838939250926785
0.8772089626261768,0.5090159647365349,-3.711784749
-0.999521101,-1.015323779,2.198571861744322
-0.920327781,0.41551541996279406,-0.90971563
-0.510814209,-1.149514152,2.279798286179256
1.8179744644523566,0.033976585,-1.992011849
-0.427024546,-1.209727294,1.2509138210810584
-0.282289879,0.5339295514055715,-0.232438317
-0.944297965,-0.766636696,0.36308023859661587
-1.569467662,-2.349231646,1.2751960788729917
-1.305968119,-1.799061398,3.325784044884319
-1.164777664,-2.303745356,3.440293074736776
0.12662444223591923,1.5851267353580913,-2.855514979
-0.713237694,2.3181502573867325,-4.297248296
0.7006182264896771,0.12047672585167668,-0.47081723
0.7154537448995113,1.807199113757251,-2.745933229
1.0504371381601165,0.23412696521579912,-4.113586651
0.4881892979381602,1.7668298556877815,-5.395850284
0.047195748,3.174233981069527,-9.489841049
2.2340194588692697,0.8325499296954831,-3.633860629
0.550352991,1.0839673201247142,-1.061024477
1.4214607178630876,0.2619099492685333,-3.151117614
-0.288300268,-0.722556275,-1.245287825
1.1571805167313163,0.7694797054808251,-0.648387382
-0.209929599,0.6908108354717699,-3.05880144
0.4799230325355506,0.3153272472370412,-0.926354265
0.7331118188452443,-0.988744997,-1.666019818
1.1450229613237013,1.8841287570294578,-3.819219707
0.7897617713460966,0.5552264402000953,-2.86353362
0.8099152280699868,2.1452659156908616,-1.726440298
-2.94996935,-2.485020423,7.283819596
-2.044168081,-1.405892899,4.632725251
-0.089580811,-0.72222169,3.0723638699983717
-1.602524545,-0.906307339,3.6856926281352322
-0.382070407,-2.543634449,5.815182377613776
0.5738893872477091,2.0515882126902647,-3.772245232
-0.097191488,1.2908030567759132,-3.367764402
0.36977795061801344,-0.855349366,-1.830427323
0.22594001663708949,-0.392188953,-0.123048588
0.7330135283965685,1.0102907269514696,-3.053401724
0.576311365,3.231653695821484,-8.010073703
-0.14228841,0.14970854278108228,-1.496350639
-1.32207756,-2.194856658,5.256520918624947
-0.049059945,-1.536930246,4.212168058727511
1.3607006235903536,-0.56426236,1.5791434060794518
-0.89680028,-1.990605672,1.398707423792228
0.044342444,-0.177569182,-0.704772469
-0.530239861,1.5498534911563389,-4.943452661
-0.656401149,-1.043010664,2.645095491269488
-0.171148959,1.483708437231726,-3.672344068
0.13315936276539586,-0.781181813,-0.223188616
0.5567425649015162,2.019802836895289,-4.028140355
-0.5014132,-1.23577128,1.6385141001917918
0.7045435554921395,2.157348494916869,-1.720103825
0.4807496981666096,-2.562675501,3.709402549260811
-1.820664251,-1.221203624,1.8560527279796846
-0.253433547,0.24316933232284269,-0.253369541
-0.148758463,1.5037653331980558,-1.09050648
-0.71271201,-0.908443294,0.6834553593079706
0.2822801479972843,3.460464270180129,-4.323364982
0.021267720738377183,-0.238357914,-2.14813353
0.8929156998815421,-1.036317377,-0.96991114
2.003143003373923,3.3119990140977102,-4.954207207
0.5793331734698218,0.8139044044014834,-2.246127562
-0.066496897,2.1845018991243914,-1.205763544
1.0111551896481097,1.8437870151076725,-5.002331822
0.091114936,-1.640530002,2.739578910685053
-1.003663896,-1.049756725,2.9475846510097425
-1.118684895,-0.075652681,-0.972758565
-0.337472929,0.7328309139738978,-2.41051958
-0.240587969,-1.371870716,1.2149591211356137
-0.402781302,-0.219776037,0.6745509343767628
-1.838202259,-3.510440514,3.6439035272194236
0.5709298185471088,0.6257094653297894,-3.596512956
1.106978927603749,1.9773101116486027,-2.092554906
-0.168611647,1.9596985151366193,-1.689272466
-0.411880994,0.212454197,1.0708446632594983
-1.75893898,-1.090479419,2.8258600487586882
-0.46423422,1.2110646804591978,-2.214295432
-0.832469622,2.6799451945825243,-0.988951677
-0.228552189,-2.41105867,6.705205771411998
-0.631570741,0.24750888229008008,0.4129769167665093
0.5410835757013273,1.709222399559314,-5.1229408
0.7298817305575761,3.5644820933466055,-6.154496609
-0.257370333,0.6358380687082135,-3.329164934
0.5715535532378411,1.8492491936982223,-1.210880875
1.9426360579848618,0.13906840265484044,-1.771635175
0.5311690407333707,1.0493076917681512,-0.918031263
-2.049687566,-2.13109502,6.117634350095373
1.0669308390296455,0.9353034199456565,-1.293488306
0.5329651050790171,-1.631890755,0.7057110861348606
-1.710744322,-2.843533986,8.410654107775057
-0.492384641,-2.477699306,5.153755379
-0.869814682,-1.637718977,0.8758517482129001
0.3561478328513802,1.640038907384458,-2.237719391
-0.234630551,-0.627120271,1.5410375452207705
1.324406221953429,2.4944687859310672,-4.039405437
-0.1145044,-0.945264318,-0.575547466
0.094200315,-0.738684116,2.740408383492842
-1.42083131,-1.691989163,3.776745698283282
1.617635453060372,3.6292308693935773,-6.058756264
-1.509151752,-0.095706765,-0.271927099
-1.255958313,1.101364588176636,0.13452845580985762
0.11037052918415058,2.2100169148033126,-5.921175752
0.9011593648513564,0.9762455231176116,-2.880828196
-0.058741642,-1.845140132,1.695427485449406
-0.74645033,-0.532299931,0.6405547274053334
-0.061803726,1.5625646986908013,0.034313881
-0.323049839,-0.760885819,-2.276318188
-1.583357349,-4.500694493,11.61402998973414
-0.477757233,2.1857002594555257,-1.048158848
0.5799273653104984,1.2210639691745486,-1.632606356
-0.807131613,-3.539607572,7.373261136767955
-0.13636852,-1.032741786,1.2539982045118205
-2.278921053,-3.155486761,9.287292581050416
-0.25173785,-1.508116455,2.7481440091010443
0.824752378,0.9898381367638599,-1.242450446
-0.666130676,-0.132376479,2.136976871379888
0.6775058326801358,3.4015835932989757,-7.128362833
-0.124806388,-0.597904707,1.9316161470087272
0.4487537811861114,0.9879169913268606,-1.805513194
-0.554163936,-2.175985426,3.008218539811839
-0.229044029,1.8885599961615178,-2.23665928
-0.962187486,-2.679246932,3.254046533921898
0.9069432054431016,3.373417294099464,-6.813047031
-0.564492734,0.8426856774388654,0.7988079765755836
0.444036842,2.159221682626505,-4.778847609
0.8876266332528722,2.329007980460238,-4.82304462
0.086454218,0.12163647659368021,-0.498992349
0.40281507130201033,0.7390221715463632,-1.151069008
0.365948364,-0.44298101,2.6481040379859957
-0.907879675,-1.43656053,3.5364138497177926
0.096618306,0.99678588,-2.644848796
-0.128614127,-0.683923807,1.5969786658886675
-1.535970269,-2.105195275,4.4978688264601745
-1.007740795,0.016193131065530775,-0.360580816
0.072545708,2.4711859720083837,0.43945278658435516
0.8105954158387477,2.1800432989324676,-1.374057692
0.10374068313384277,-0.967434393,1.0546772381765446
-1.003008556,-3.122168405,5.485135201927322
-0.794932302,3.350171697691949,-6.284103497
0.4146184365486006,0.3080095881784952,-0.238503053
0.007003858,0.10206655455321309,0.5392843493454842
-0.352465374,2.977432160581124,-5.257294253
-0.742282213,-1.226803488,2.013947071021019
-0.207315776,0.021368544668046274,1.8017289459802255
-0.186448589,-2.052284501,3.452612168748654
-0.233564992,-1.008630127,1.8369912972684461
-0.996767989,-0.892957824,0.5676457920203691
0.5833083277990755,1.041121008677015,-1.165756964
0.18805238717669612,-1.563932762,1.0006112131180531
1.3855927904218572,3.3808205287568236,-5.41252099
0.47340650835285997,0.7989996040790952,-2.76740758
-0.428291278,-0.349819995,1.551804759422464
-0.983443278,1.7130505294424276,0.40573713903259434
-0.00550945,-1.241410268,0.4681407859402278
0.7840298410624204,-0.437824852,-1.615741072
0.5946764170287675,0.30317225032301454,-6.199054449
1.1692977970120013,-1.494953572,-0.233906866
0.37885432391394797,3.1204433216007903,-5.780161146
-0.385159763,1.8121931968483997,-3.344256305
0.295773653,1.9067708714162508,-4.092379198
-0.228386614,-2.04429707,4.329120939352038
-0.306781926,-0.21706838,0.5294331415989892
0.2949158676042219,-1.948270098,5.180069861
0.6479225445308581,-0.459949361,1.045677246449682
-0.074245724,0.7620919457493935,1.0664185336136216
0.20493655919453388,1.0081766863365451,-1.69717975
-0.53526303,-0.568449859,1.5866418366329258
-0.922880112,-1.196005768,4.870768706544032
-0.284406733,-0.77285138,0.16719345307405936
-0.325301999,-1.558533814,3.8352130343706086
-0.802757647,0.822643295,0.8432703350166104
0.5330278490400856,0.8664001816618594,-0.615246201
0.3954682556568542,-0.51379399,-0.394967561
0.6971788621365093,0.4056939931040263,-1.49891921
1.6988612556781582,1.125479446978325,-1.868341312
0.22354781550033542,0.843680064,-2.312946299
0.7053290000942855,1.9341216150133778,0.050403804317818324
-0.268981589,-4.996319413,6.680088440555412
-2.154116949,-4.72206314,10.034485355720918
-1.659767341,-1.319775283,1.9892278241607435
0.10897940124608586,-2.083397956,3.973802137708838
-1.071946594,-1.193832905,3.3847299446513914
-0.265153487,-0.568887388,-0.551311458
-0.157994434,0.009899189,-1.044418082
-1.095434208,0.085430206,0.2634585987498068
-0.124565956,-1.385129649,3.475346940046701
1.1943199174945527,1.4303987699483187,-6.42922688
1.590648812206873,2.168229149029572,-4.067755753
1.309069271502585,-0.553595804,-0.33011707
0.035555022179722444,-2.240449294,0.837071432
-0.700366996,-1.155003764,5.143536265160986
1.9213887240741825,2.1495390030193606,-5.682127187
-0.260202824,-1.013291599,0.6809342476709279
0.47024204732326524,1.4854371577271313,-4.308937651
-0.182434672,-2.458697016,5.5985584635507655
0.42775287913682564,0.8705397749386894,-0.091332475
1.0035331436329382,2.168288246531871,-4.25259419
0.7629401185903719,1.7644418711070553,-4.5663157
0.030892207768133062,-1.574864544,2.4676579093838735
0.20747661210733212,1.5355585475009947,-3.643298068
-0.888792969,-2.371469378,2.1414966115724887
0.3767363706589651,0.6008703593868467,-2.891309415
0.9151429560134167,-0.957642128,1.7589501596182098
0.9081675510473584,-0.253049768,-3.657211665
0.2658815938114724,-0.452427017,2.1474898971147773
-0.59356123,-1.935495214,3.632195218034288
0.1911949904449606,0.48826705826599975,0.3515752842053468
-0.744603469,-2.760070517,6.479360911113503
0.3817314838883463,-0.604241415,4.882993209043857
0.5660144008596664,0.4420397241150758,-0.030981468
1.1226448462309928,0.5468930367790648,-2.442333388
-0.288941242,1.6826855686305526,-3.209297174
0.3127063550261891,-0.144392958,-1.448218466
-1.176023624,-5.088733082,7.235168278689224
-0.102988243,-0.02806557,-2.176904404
0.009933793,0.7447862994419361,2.8796450588418807
-0.501728168,-0.888265139,-0.497107509
-0.661622764,0.18806275549038554,0.8664611282987271
0.22119816762387018,1.0981757556427099,-1.838268267
-0.078573014,-1.477544173,3.0904833498086566
-0.515166234,0.440206087,1.3041537207780083
-1.09995982,-3.189151679,5.074560322321672
0.3332209324851665,-2.080987596,3.5873866558399365
-0.170025589,-1.263176745,0.9990361721567926
0.2802509384488969,-0.777376341,-0.917264699
0.05825366,-0.860873086,-1.633604314
-0.483783889,0.05994076,0.23020888052799054
-1.347227838,-2.388557824,4.544774800687275
-0.465132292,-1.010706484,-1.630384178
-0.883625211,1.200053046,2.0033278112466686
-0.208060559,-0.567359058,-0.448618928
-0.974696303,-1.940772466,4.1114224248850695
-0.790429096,3.9041553022108064,-4.43384397
-0.380900719,-0.931644387,1.4022444506725056
-0.433596333,-2.64900708,1.8774128737106603
-1.683319037,-0.638228125,2.4217949806083765
0.8650239373571582,-1.190759023,-1.626615793
-1.099635615,-2.949863732,4.201464607710854
-0.244106006,0.2416635537656081,-0.337644159
2.337415723765196,0.8715695851836922,-7.119671705
0.5617855868535729,2.208861579437438,-1.684673229
-1.231025521,-0.517770293,2.480487476203133
0.10548445496577213,1.6480962929801763,-1.383831274
-1.13303106,1.6530339853567015,0.8280449016496956
-0.563957749,2.0464275436900494,-0.096016638
-2.157425448,-1.135857495,3.9256390139295574
0.4797555537778832,1.2040556450728648,-1.398659326
0.857994236,2.0427465520311765,-4.057589424
1.2242752932384764,-0.180906224,-0.920836752
-0.655646987,-1.446148316,4.169165059747613
0.2699158745447227,0.6767678527297635,-1.206126521
1.2819555421656363,1.7645172656873365,0.38214685238525825
-0.85917998,0.063835556,3.087306034200852
0.4405946214666799,1.6611764159121656,-3.336460223
0.6370517257599344,-0.053222316,0.40521294240121164
1.608132598961954,3.6943292972616337,-8.76196261
0.068286438,1.9219442489442868,-5.590687561
0.23804666902116714,0.4895739538069064,-4.026108159
-0.125066631,1.2132998145651521,0.9063285178179084
-0.758002315,-2.241991077,5.881114890884364
0.4399566685886284,-0.299533017,-0.119679061
-0.021828017,-1.040840847,2.628064861223321
0.051583868182583176,0.064082732,-0.560719115
1.1886017108713895,1.7345484199261572,-2.541955065
-0.984659796,-1.057557208,1.638302762731458
1.555724834931939,0.600037758,-0.341962316
-0.980993109,-0.529967102,2.087221205557841
-0.688377714,-0.177080373,-2.30622011
-0.950399465,-0.432975317,-1.929925574
-2.138136391,0.13583886685158864,2.9695655227550546
0.9343700576250779,0.35831333685065847,-1.396758734
0.4195135,3.1251919922581273,-5.07131659
0.40403133086597043,0.6140061972086631,-3.349501077
0.7121419374309578,-1.138363134,0.9843503361396169
-1.21356586,-0.228248037,2.6208884920090005
0.18616577635279719,-0.614038332,3.527921131711296
-0.268269555,1.6440681330900022,0.7783322522570046
-1.42240247,-0.272093806,2.6175956870659314
0.4242686529466224,1.050904599,-1.544055714
-0.176797147,0.7981343250942464,-1.062979073
-0.152839202,1.0541883160603986,-2.70303252
0.8170983375177947,1.3190967488783627,-1.109907305
-0.384636259,-0.781670381,1.443991691654222
-1.293290166,-4.732129889,8.046069419672435
-1.471462035,-1.333212614,3.0948975537888064
1.038779902,2.4176909071097823,-5.170588137
-0.37440182,0.16480324411275937,-1.962052574
-0.682702862,-1.831452908,2.8980686554471835
-0.831226651,-0.188928027,3.589280636409128
-0.703424069,0.8743061172847701,-1.328183632
-1.965726845,-0.838750558,0.3940561353244081
-0.021621772,0.41278670566075865,-1.370357809
0.009268333,0.7958668406335838,-2.74348457
0.13536257154352097,-1.135248871,0.6804314345308862
-2.530371733,-2.243840919,5.7907926760763075
0.7404797949336857,0.5837063291688005,-0.633586299
-0.006259845,-0.191655594,-1.356751203
-0.544985604,1.192998988650305,-1.917669494
0.9147267770958104,3.783734006302777,-5.414428638
-0.25193785,-0.32735818,1.4994202103900824
-0.384967983,-0.375975991,0.029472644628933065
-1.039736802,-2.306855322,6.519397901319422
-0.127872658,0.6469901831941726,-2.340675796
-1.016184551,-1.466269555,7.636606960901359
-0.427462706,-0.587985819,-0.660822791
-1.781396788,-1.333685872,4.125320014345263
-0.746483765,1.0273817254304463,1.0007990630324648
-0.767258217,-2.333236507,4.694300545330721
-0.666545846,-0.6655044,0.172642369
1.1507918627435725,2.299358690009886,-6.604295826
0.071810227,1.4209018409227905,-0.757264042
0.5187100845362809,-1.556004162,0.7563572917868165
1.4491581500068356,0.1852801307810495,-3.216206579
0.6062640859726053,-0.802564722,0.4641190912768163
0.8940638236603103,1.7699861988375243,-5.832332544
-1.785901615,-2.367500096,5.686394944618959
0.5255338522583242,0.9909564003253988,-2.538211189
-0.58200395,-0.586505106,0.7212986454358614
-0.435345286,0.073756115,1.7365063095303443
0.7359194852154574,2.0435888964446005,-4.044095256
-0.896057766,1.187761626981842,-0.973701539
-0.696264394,-0.439335141,2.150873591724804
-0.659560354,-3.53648034,6.520913246146929
-0.73906525,1.3066042670430922,1.550298164155584
-0.90407313,-1.6021192,3.214424172270916
0.2698075478410207,-2.489762895,2.220404476130321
0.4129041028680614,0.1703495688788642,0.6145859619686425
1.1363477011430085,-1.326654012,-0.290887104
-0.231101784,-2.881715675,5.382807992408806
0.30663457001571925,-1.059080621,-1.256328098
-0.039436034,-0.185292252,1.111349309188685
1.2599869076486547,2.084851256874655,-8.050983686
-0.481366234,1.187841676885935,1.7449799072545744
1.5491777008710468,1.3490595361005462,-5.296525175
0.14368119257561032,-0.731963619,2.988372255559917
-0.673277358,-3.945589903,4.720216167806896
-0.392450844,-0.854834558,0.7555541434000328
-1.19448184,-2.598348882,4.654097495792242
1.0812683880955485,1.385650785,-6.483332921
-0.57816091,-2.662862659,5.992899751
0.9082979672771688,-0.823538143,0.086591839
-1.28055212,-0.946849783,1.369332795135205
-0.920411054,2.5218337403040847,-3.148515045
1.1179695374899272,0.7537255079188097,-2.991701867
0.6436528906541931,0.7849287525149644,-1.996100835
1.1497835366381768,-1.162240834,0.9396315679507361
-0.958926779,-1.695317589,1.8371478766868004
-0.249394217,0.7827853989385392,-1.473190481
-1.139612392,-1.50849662,2.000049461572721
0.7947771974600858,1.0911316659914423,-3.01349019
0.6996816893754547,0.5274842510623895,-1.161419366
-0.043742857,-0.488734857,2.274115776800996
-0.168523723,-0.679031904,3.5474969362666555
2.6559092228906453,3.1221087302583994,-8.267803824
0.6194588900743779,-0.964701245,-0.469161451
-1.1997234,-3.659613974,6.059829923513029
0.4617347796713533,0.4778297727190639,-1.430598045
0.10461027697142616,-2.550416472,2.9219954532507018
-0.650482641,-3.307576998,5.501812192196611
0.7469386242247446,1.0559159874064967,1.6040286058372792
1.342182525150178,2.227054298549794,-4.326360884
-0.224858357,0.3340367620408856,-0.29227269
-1.282329732,-1.498001241,4.427466921
0.5147357653543982,0.03875066,-0.268872301
0.057295886792285505,-2.127080608,5.597636535
-0.111208769,-1.756745847,-0.506258884
-1.054285332,-3.297152334,8.506944349499927
-1.098156372,-1.8977081,6.018699371600845
0.625091151,-1.494065866,1.1648966446879907
-0.877189309,-1.184596736,6.526689224325249
-0.169197056,0.3627687538165121,-1.348666128
-0.521187303,-0.550802816,3.985546252639822
-2.320857956,-2.644589708,6.495024905622202
-0.353988615,0.5766626040919902,-0.58410313
0.641249396,1.2644361865645073,-0.499439618
1.3991724646794241,-0.491012588,-1.659210391
1.663960970790457,0.5403041674296732,-1.306604624
-0.077242972,-1.131564552,-0.621229158
0.6921796903445558,0.4316526163059593,-0.895200155
-0.314952019,-1.875466864,4.589646917368295
-0.326670529,-1.107212458,3.449980957745426
1.1814503703012387,-1.697029224,0.18864571227616111
-1.27008999,-3.203300426,7.373766074521313
-1.240292103,-1.926475601,2.006294902575119
1.8746084614521177,3.4966306178130493,-6.59594915
0.4358525369390798,-0.205678944,-2.844157326
0.22125070800958788,1.1964095360168066,-4.284264894
-1.583781336,-2.644796734,5.405648388724148
0.049800973,-0.404918463,-0.632522261
-0.51815593,0.32186703504706504,-1.134038471
0.6179492173452856,0.8526154090631828,-1.838631027
-0.618851625,1.1388929826838277,-0.617604856
-0.462602784,-1.195921862,-0.306690169
1.091919149365891,1.510385630960983,-3.453317202
0.6926566122966796,-0.447180049,-1.914192274
-0.233384504,-1.086610054,3.5032462107505564
0.090920687,0.9353486673727901,-2.065328575
-2.930228187,0.047956962781663504,4.426694609338775
0.8072824055421562,0.086388052,2.2357141970872987
0.6185544848833435,1.0322856170201116,1.524711882994143
-1.125872154,-4.537648564,5.511554987657419
-0.054068056,1.6819926802293788,0.023940598666986224
0.5080087416125587,-1.105947275,2.098926328435515
-0.130279845,-0.457279858,-1.783544525
0.8508793248976116,0.6152605517792137,-3.091583663
-0.340068295,0.3473609673404449,1.1014410603891274
1.7432364181032907,1.098354656600468,-1.17383339
-0.455455507,0.10117630520457721,4.545721537938584
0.35650627178249517,0.041465062900643224,1.8210792420015172
-0.981980578,0.073040108,2.841164845765358
0.6964181801130083,0.279453848,-0.927200925
0.47095103694057583,-1.578177087,1.2570923960089655
-1.935963277,-3.03807891,6.686621806834117
-0.341754586,3.8046341037123246,-4.062883822
-0.840264983,0.813422089,-1.451312327
0.6894069137281904,1.5930013600619497,-5.165289071
0.8972598897340477,4.2921388452036435,-6.118254949
0.3569056692153122,-0.398500505,4.111038125540581
0.7621556184199881,1.116902499322252,-1.877280386
-1.320237445,-3.708226748,6.911979635452576
1.0377076805232475,2.341752145282457,-3.248187943
-0.033830464,-0.944909337,1.0492685998952225
0.14743484726715186,-1.067722695,2.3582286082263746
0.3072585206546712,0.2939689068177005,-0.416866526
-0.199762538,-0.033242675,1.230864292181073
0.3626259887828428,0.7429755946518779,-2.952095734
1.3987745592077596,4.179711564375005,-7.060234658
0.3476365539319596,0.7944149662400634,-1.790802445
-1.247136241,-3.783713795,6.902365813862965
1.0197609861969381,2.5883043587574956,-6.409077074
0.12403797850884365,3.025887835,-6.455287004
-2.03990222,-1.389198937,5.998283947334109
2.089382743432844,3.2004234860601875,-8.150612457
-1.502766578,2.0480391291439073,-0.795552333
0.9391417860550528,-0.312984121,-2.447757325
0.7190517468173627,-1.228679686,-0.715701983
-1.882630151,-0.644959779,0.32875219655447674
-1.101936105,-1.678783121,7.389298034
-1.101546874,1.0911442075778897,-0.148547292
-0.714274336,-0.331033332,3.290145303779088
-1.616109762,-1.215019783,2.0276934210764535
0.2969887473617354,-1.069303359,1.1728796303079387
0.5844900995687268,-1.624333528,0.48042233556462344
-1.1439286,-3.075687468,4.826002967628425
-1.12581815,-1.535457767,3.0027816174400055
0.011367867,0.21519340842343176,-1.529797717
0.12486907036859181,1.2907175343450874,0.9980600315238004
0.7673026945797007,-1.203127255,1.6820714777247385
0.5226348745805506,0.6771083827460516,2.0039932282596817
-1.033896719,-1.150430039,-0.691154471
1.2997978255045102,1.9322353524365652,-6.103347382
0.3731874767018316,1.2120343166991918,-4.074739768
1.1630105587376225,1.6193419882028788,-2.297872854
1.3015906167379374,-0.859743945,-0.287951849
0.17350164039813193,-1.181412425,-1.238227682
-0.278321308,-2.45811937,4.495973590518771
0.5806058923003558,0.5641892839788114,-2.047869615
-0.218225636,3.256352750370577,-3.182947112
-0.829362093,-2.089982696,8.228359563
-1.075151917,-0.185493139,3.6512277882279363
-0.189482753,0.086680257,0.7126143554540658
1.116933283155263,1.0934512954905116,-1.635137071
-0.156107628,0.4063268332081924,-1.206334654
-1.201169866,3.046907821518514,-5.659285491
0.24358032396797563,-0.012278576,-0.681043907
0.20212471446507327,1.991528300894545,-3.753936195
0.7463881621750451,0.12099398755113777,-0.705040601
-1.684558406,-1.088839789,2.221306346269214
-0.231920537,-0.595503939,0.19786780170591334
0.6251144920016024,0.019912905811575454,-2.837374986
0.19126761506413614,-0.699250938,2.7144336814408327
-1.927690663,-2.820275393,7.731813786946533
-0.83034898,-0.82982785,-0.988473315
0.498748697,1.6922531944129051,-0.432076498
1.0152324041182468,1.783016734374291,-4.018351358
-0.049039538,1.3173450630466725,-3.925308862
0.8330592288270374,0.11859037538126888,-1.985762616
-0.026201295,0.5379368853413903,-3.320208573
-1.411181106,-1.904161367,7.9635121933026936
0.8201814469050964,-0.637976949,0.9181332551593613
-0.805916877,-1.700158791,1.4372700483271006
0.8694260206490895,1.408660850001088,-1.990232924
0.5584313096411045,-0.793289571,3.9944468795778194
-1.103099688,-2.328020041,3.1144496343830186
-1.936338269,-0.384240195,5.871417704697091
-0.482490397,1.0926841935276483,2.930075599074877
-0.14383995,-1.264800763,3.787700942921957
0.47621228784899083,-0.487847908,0.2824450549396218
0.6883224496576772,1.003568922451834,-2.659429661
-0.989768775,-1.217371841,1.6643435309741847
-1.261183428,-2.606448025,5.430127763862304
-1.878572873,-1.436655725,4.144439674344089
0.38813324570195123,-1.835196385,0.34188377131048775
-0.393290293,1.1923748160063439,-2.259089044
-0.93507271,0.851381785,2.3339647271513666
0.6384233354414995,0.9680458188735799,-2.512386858
1.4086156845080469,1.4915690038299871,-7.110729463
-0.108883065,-1.738715383,1.8095392360542153
-1.506368175,-1.58902916,6.295429968750842
-1.780876064,-4.391980441,8.982009191260218
0.4011223928628377,-1.30158544,1.4736747797065108
0.19875425055110407,-0.866181065,-1.306152658
0.19756267169667732,-2.755536184,5.397343942407033
0.4038457869619271,1.1224922187295605,-5.181632575
-0.007481175,-1.266939569,1.4012020568823718
0.23442552823979007,0.15974242875359707,0.7950347702504854
-0.786021059,0.8020108816726961,2.576532105553034
-0.730541557,-2.771048267,3.729666193571579
-0.484623661,-0.621807932,-0.305644605
-0.175013967,0.11903119016764963,-0.781139076
-1.532799741,-1.39292303,4.096395645411988
-1.914227931,-4.95551827,6.058798719
1.1167815271642436,1.769121545955517,-4.797439229
-0.881923832,0.6204568951310339,-1.543073167
-0.871619904,-2.183835653,2.2363275126675575
0.45022247991370107,3.295280192847706,-6.702241129
1.9796777105762853,2.409552164607563,-2.238434271
1.3364535116024254,-0.863652973,-0.828008431
0.023590916,0.914588027,-2.162024863
-0.564273876,-0.596239291,0.33756766383821707
1.412345067348282,3.340121657838007,-4.587925311
-0.900605875,-2.506995291,2.7416830483684054
-0.19053599,3.0114076158520473,-4.198551292
-0.325562908,-0.579878036,2.808542970660807
-0.848742212,-2.830539706,5.661767575
0.8618424935815752,0.770703433,-3.077881499
0.7982759784279668,-0.83145464,-3.811000802
-0.076765186,-2.386845248,2.301485179
-0.943127041,-3.058559899,7.919902035273304
-0.862266403,-0.604475749,0.9451676639246449
-0.960696093,0.9599455867481419,1.336305887622023
-0.824232931,-0.498156227,-2.116021184
1.7967114242246223,2.2006474048499642,-5.230187551
-1.318941291,2.1742157134574893,-0.288903702
-0.091464592,2.058093133188291,-3.729208171
-0.606243835,-0.106867712,1.4169684433117562
-1.182950403,-0.570464616,1.1274979013632727
0.758583905,2.3968038031591328,-5.026533808
-1.691604608,-3.429215523,9.570660343031978
-1.178364378,-0.461236265,0.9582515899689286
-0.912098792,-1.50428829,3.6077521444521583
0.5599361836050679,2.9272737820539545,-8.813737138
-0.500887356,0.16617492817188761,-0.737771397
-1.731155505,-3.148622696,6.694467260588397
-0.527556822,-1.935055543,3.735807812583851
1.2965782584458394,-1.476012631,1.9614943806852927
1.0415036271501117,0.4320067053354541,-2.933269854
-0.561009756,-0.97831173,2.865460637752533
-1.115943491,-1.04147668,3.4943763146861095
1.3725458434067923,2.520022581130429,-1.597207615
1.2816811845741263,2.739421588468139,-7.031966432
-0.804511527,0.24499748302119406,1.39547747
0.8831060020542433,1.1861979982922457,-0.879280685
-0.099291277,0.19998259849208494,0.5557700776707095
0.7955923507160438,1.2427026124844833,-1.06803302
-1.780662205,-3.131358321,6.096318564445525
-0.422533527,-0.805445622,-1.917737187
-0.040049419,-1.150960542,0.5804687918780704
-1.018682336,0.26916003952969103,1.2265824439155066
-0.050292854,3.332219361713383,-6.505789078
-0.523653288,0.018470976004093642,1.1002236107159928
1.3940706081510152,-1.072268956,1.903806810260666
-1.23888889,-2.744095996,6.978159638460715
0.5107726736411232,-0.877137476,2.398736681635857
-0.587176467,-0.252528876,0.5481451727979443
-0.22821995,-2.532208544,4.251778184630743
2.590679547266468,3.8906314286012638,-10.80371502
-0.65345646,1.0496016445925207,-0.142718712
0.3843337806070158,2.3521122723190326,-2.370593726
1.4149838467742821,1.5532996410502589,-1.487337612
-1.095940971,-2.030331167,4.039585646383341
-0.288188035,-0.317561155,2.708936383613964
-0.87046291,0.19595396929334719,-2.804750686
0.9759544370188041,1.1881722926310907,-0.180187997
1.5052506217573025,0.7409889416721418,-1.12336447
-0.144281308,-0.136219121,2.549988168972836
0.2519613633484973,2.5645144393633665,-1.225523158
1.4578382057830075,0.49976431400769816,-0.236943021
-0.481512182,-1.87919451,6.325139724545739
0.8720901688976227,1.8041524291712714,-2.76265096
1.8085740967273363,0.5666121152654631,-2.427523956
0.6015475992513747,1.7073984937872975,-5.342341251
-0.414553461,-1.189402529,1.612345955644125
1.2048041866439239,0.7131136761274572,-1.412854879
-0.526463492,1.2360796239111154,0.5548710440784594
-1.136803119,-0.378494105,2.063684487617429
1.494280731168261,2.6907011990592045,-4.203608712
-0.457967405,2.0824611180970773,-1.502335473
-1.379831569,-0.83522704,1.9048266013836597
-0.785779499,-3.2532884,6.0274331943665915
0.9763759030570384,0.6692032057780662,-2.733450733
-0.292522653,-1.284535813,3.9662328079514095
-1.134256506,1.3008569534942265,-1.941954266
0.046233499,-0.580040877,5.570109534
-0.688111042,0.7931004894336386,-1.220528891
-1.29087877,0.035214819,0.2641817230661991
1.0177934767144152,-1.384227151,-0.250573112
-0.627425603,-0.711980698,-0.354240558
1.4388694537572464,-0.218814579,-0.635125278
0.5708792916510139,1.5426347908033722,-2.642491444
-1.993218619,-1.693856661,5.491174442
0.7175770817373442,0.8373180406817488,-1.389468554
-0.819654503,-1.576951921,5.437060036215698
-0.731176928,-1.369998895,-0.484683668
0.37437009688807854,-0.555073002,4.951099870924421
-1.014527373,-2.255228949,5.067524544783319
-0.512158884,0.1377391107963381,-1.196371991
-0.352568267,0.7102246525163959,-1.833090061
-1.661831317,-4.092309682,6.014152587504426
-0.926579399,0.19836548312554525,0.3544761268862917
-1.365322532,-3.2157724,6.719022575078442
-1.630014353,-3.314799514,6.5440530920678945
0.13621242785610596,-3.076712161,5.183014615130393
-1.130989297,-0.676488012,1.2447008655688143
0.8884674712689759,2.1610224800155677,-4.802435525
0.094270205,1.9091435635430485,-3.945143474
0.5914757541801602,1.476758667,-3.701524278
-1.162395765,-0.070144742,0.7835568478739818
0.097187098,1.5444105195552362,-3.470735607
-0.035226424,1.5996931314379712,-2.514579666
0.8786277738484125,0.9863995839194852,-2.872641762
-3.111137858,-2.160434831,6.994696943608551
1.4295551459986335,-0.36490591,0.28245243009503007
0.034706456,-1.046583214,3.654208695722959
-0.669531229,-1.309390502,1.212024524
1.4677340179457923,2.593019217823311,-4.198457849
1.4224088514713518,0.051874288,-0.603775544
-1.178841426,-1.580452564,0.9843113035685982
-4.089570172,-5.628856583,11.972612567373579
0.3455372397839222,0.9922823480297451,-2.013810551
